Village_ID,Village_Name,District,State,Year,MGNREGA_Workers,Skill_Dev_Participants,Avg_Daily_Wage_INR,Unemployment_Rate_Pct
10001,Varanasi_Village_1,Varanasi,Uttar Pradesh,2022,152,30,216,6.1
10001,Varanasi_Village_1,Varanasi,Uttar Pradesh,2023,229,37,354,13.7
10001,Varanasi_Village_1,Varanasi,Uttar Pradesh,2024,142,17,251,11.8
10001,Varanasi_Village_1,Varanasi,Uttar Pradesh,2025,64,29,334,3.4
10002,Varanasi_Village_2,Varanasi,Uttar Pradesh,2022,156,8,277,12.2
10002,Varanasi_Village_2,Varanasi,Uttar Pradesh,2023,121,23,354,11.8
10002,Varanasi_Village_2,Varanasi,Uttar Pradesh,2024,238,22,343,8.9
10002,Varanasi_Village_2,Varanasi,Uttar Pradesh,2025,70,34,312,3.8
10003,Varanasi_Village_3,Varanasi,Uttar Pradesh,2022,152,23,309,10.6
10003,Varanasi_Village_3,Varanasi,Uttar Pradesh,2023,171,27,339,12.1
10003,Varanasi_Village_3,Varanasi,Uttar Pradesh,2024,260,20,370,6.5
10003,Varanasi_Village_3,Varanasi,Uttar Pradesh,2025,264,5,301,10.3
10004,Varanasi_Village_4,Varanasi,Uttar Pradesh,2022,124,16,254,8.2
10004,Varanasi_Village_4,Varanasi,Uttar Pradesh,2023,252,28,296,10.1
10004,Varanasi_Village_4,Varanasi,Uttar Pradesh,2024,137,38,336,7.7
10004,Varanasi_Village_4,Varanasi,Uttar Pradesh,2025,166,12,346,6.5
10005,Varanasi_Village_5,Varanasi,Uttar Pradesh,2022,149,22,346,13.5
10005,Varanasi_Village_5,Varanasi,Uttar Pradesh,2023,153,9,325,12.0
10005,Varanasi_Village_5,Varanasi,Uttar Pradesh,2024,201,30,336,7.3
10005,Varanasi_Village_5,Varanasi,Uttar Pradesh,2025,180,34,346,7.9
10006,Varanasi_Village_6,Varanasi,Uttar Pradesh,2022,199,17,202,11.8
10006,Varanasi_Village_6,Varanasi,Uttar Pradesh,2023,102,23,362,12.6
10006,Varanasi_Village_6,Varanasi,Uttar Pradesh,2024,51,33,254,10.9
10006,Varanasi_Village_6,Varanasi,Uttar Pradesh,2025,137,7,319,9.0
10007,Varanasi_Village_7,Varanasi,Uttar Pradesh,2022,285,30,260,14.5
10007,Varanasi_Village_7,Varanasi,Uttar Pradesh,2023,207,16,337,12.2
10007,Varanasi_Village_7,Varanasi,Uttar Pradesh,2024,87,6,284,4.9
10007,Varanasi_Village_7,Varanasi,Uttar Pradesh,2025,179,15,283,9.2
10008,Varanasi_Village_8,Varanasi,Uttar Pradesh,2022,241,32,282,8.8
10008,Varanasi_Village_8,Varanasi,Uttar Pradesh,2023,237,22,248,12.4
10008,Varanasi_Village_8,Varanasi,Uttar Pradesh,2024,70,17,342,4.2
10008,Varanasi_Village_8,Varanasi,Uttar Pradesh,2025,210,26,394,7.6
10009,Varanasi_Village_9,Varanasi,Uttar Pradesh,2022,253,16,226,7.8
10009,Varanasi_Village_9,Varanasi,Uttar Pradesh,2023,107,6,363,5.6
10009,Varanasi_Village_9,Varanasi,Uttar Pradesh,2024,71,11,260,7.7
10009,Varanasi_Village_9,Varanasi,Uttar Pradesh,2025,285,30,381,10.4
10010,Varanasi_Village_10,Varanasi,Uttar Pradesh,2022,138,30,282,8.3
10010,Varanasi_Village_10,Varanasi,Uttar Pradesh,2023,98,28,224,10.2
10010,Varanasi_Village_10,Varanasi,Uttar Pradesh,2024,268,16,269,9.9
10010,Varanasi_Village_10,Varanasi,Uttar Pradesh,2025,108,20,298,9.5
10011,Varanasi_Village_11,Varanasi,Uttar Pradesh,2022,219,27,334,10.1
10011,Varanasi_Village_11,Varanasi,Uttar Pradesh,2023,269,13,218,5.3
10011,Varanasi_Village_11,Varanasi,Uttar Pradesh,2024,237,36,372,6.0
10011,Varanasi_Village_11,Varanasi,Uttar Pradesh,2025,257,19,250,11.7
10012,Varanasi_Village_12,Varanasi,Uttar Pradesh,2022,64,17,272,9.8
10012,Varanasi_Village_12,Varanasi,Uttar Pradesh,2023,239,9,272,11.5
10012,Varanasi_Village_12,Varanasi,Uttar Pradesh,2024,239,15,306,9.7
10012,Varanasi_Village_12,Varanasi,Uttar Pradesh,2025,224,14,263,3.7
10013,Varanasi_Village_13,Varanasi,Uttar Pradesh,2022,239,17,261,12.9
10013,Varanasi_Village_13,Varanasi,Uttar Pradesh,2023,100,19,285,4.8
10013,Varanasi_Village_13,Varanasi,Uttar Pradesh,2024,157,11,367,13.6
10013,Varanasi_Village_13,Varanasi,Uttar Pradesh,2025,104,32,269,5.6
10014,Varanasi_Village_14,Varanasi,Uttar Pradesh,2022,293,36,326,9.9
10014,Varanasi_Village_14,Varanasi,Uttar Pradesh,2023,113,39,272,4.8
10014,Varanasi_Village_14,Varanasi,Uttar Pradesh,2024,298,19,349,13.1
10014,Varanasi_Village_14,Varanasi,Uttar Pradesh,2025,180,25,355,13.6
10015,Varanasi_Village_15,Varanasi,Uttar Pradesh,2022,278,10,275,6.0
10015,Varanasi_Village_15,Varanasi,Uttar Pradesh,2023,100,5,284,7.2
10015,Varanasi_Village_15,Varanasi,Uttar Pradesh,2024,184,8,367,3.9
10015,Varanasi_Village_15,Varanasi,Uttar Pradesh,2025,70,15,310,11.6
10016,Varanasi_Village_16,Varanasi,Uttar Pradesh,2022,122,30,319,7.8
10016,Varanasi_Village_16,Varanasi,Uttar Pradesh,2023,216,27,301,10.3
10016,Varanasi_Village_16,Varanasi,Uttar Pradesh,2024,67,33,368,4.1
10016,Varanasi_Village_16,Varanasi,Uttar Pradesh,2025,181,25,366,10.8
10017,Varanasi_Village_17,Varanasi,Uttar Pradesh,2022,138,31,248,10.1
10017,Varanasi_Village_17,Varanasi,Uttar Pradesh,2023,109,17,262,11.7
10017,Varanasi_Village_17,Varanasi,Uttar Pradesh,2024,63,27,344,12.0
10017,Varanasi_Village_17,Varanasi,Uttar Pradesh,2025,291,20,331,4.2
10018,Varanasi_Village_18,Varanasi,Uttar Pradesh,2022,299,34,206,10.6
10018,Varanasi_Village_18,Varanasi,Uttar Pradesh,2023,58,8,291,10.9
10018,Varanasi_Village_18,Varanasi,Uttar Pradesh,2024,139,20,374,9.1
10018,Varanasi_Village_18,Varanasi,Uttar Pradesh,2025,102,35,365,5.2
10019,Varanasi_Village_19,Varanasi,Uttar Pradesh,2022,179,29,323,12.9
10019,Varanasi_Village_19,Varanasi,Uttar Pradesh,2023,133,16,364,14.6
10019,Varanasi_Village_19,Varanasi,Uttar Pradesh,2024,141,30,370,13.9
10019,Varanasi_Village_19,Varanasi,Uttar Pradesh,2025,160,37,369,11.5
10020,Varanasi_Village_20,Varanasi,Uttar Pradesh,2022,237,32,211,8.9
10020,Varanasi_Village_20,Varanasi,Uttar Pradesh,2023,248,13,285,7.6
10020,Varanasi_Village_20,Varanasi,Uttar Pradesh,2024,221,16,230,4.4
10020,Varanasi_Village_20,Varanasi,Uttar Pradesh,2025,57,9,363,7.7
10021,Varanasi_Village_21,Varanasi,Uttar Pradesh,2022,224,32,341,6.1
10021,Varanasi_Village_21,Varanasi,Uttar Pradesh,2023,84,39,325,6.8
10021,Varanasi_Village_21,Varanasi,Uttar Pradesh,2024,255,9,293,13.1
10021,Varanasi_Village_21,Varanasi,Uttar Pradesh,2025,130,38,287,13.5
10022,Varanasi_Village_22,Varanasi,Uttar Pradesh,2022,213,38,240,14.5
10022,Varanasi_Village_22,Varanasi,Uttar Pradesh,2023,99,17,329,6.1
10022,Varanasi_Village_22,Varanasi,Uttar Pradesh,2024,153,18,268,13.2
10022,Varanasi_Village_22,Varanasi,Uttar Pradesh,2025,181,15,245,4.8
10023,Varanasi_Village_23,Varanasi,Uttar Pradesh,2022,51,8,240,9.8
10023,Varanasi_Village_23,Varanasi,Uttar Pradesh,2023,183,37,302,10.9
10023,Varanasi_Village_23,Varanasi,Uttar Pradesh,2024,103,11,327,8.6
10023,Varanasi_Village_23,Varanasi,Uttar Pradesh,2025,155,12,332,13.3
10024,Varanasi_Village_24,Varanasi,Uttar Pradesh,2022,53,14,278,8.0
10024,Varanasi_Village_24,Varanasi,Uttar Pradesh,2023,103,19,355,9.6
10024,Varanasi_Village_24,Varanasi,Uttar Pradesh,2024,270,19,300,4.5
10024,Varanasi_Village_24,Varanasi,Uttar Pradesh,2025,240,9,381,12.2
10025,Varanasi_Village_25,Varanasi,Uttar Pradesh,2022,195,33,298,8.8
10025,Varanasi_Village_25,Varanasi,Uttar Pradesh,2023,267,23,301,11.5
10025,Varanasi_Village_25,Varanasi,Uttar Pradesh,2024,93,14,230,10.9
10025,Varanasi_Village_25,Varanasi,Uttar Pradesh,2025,211,16,386,10.4
10026,Varanasi_Village_26,Varanasi,Uttar Pradesh,2022,251,8,311,9.8
10026,Varanasi_Village_26,Varanasi,Uttar Pradesh,2023,239,35,288,7.0
10026,Varanasi_Village_26,Varanasi,Uttar Pradesh,2024,277,22,294,10.3
10026,Varanasi_Village_26,Varanasi,Uttar Pradesh,2025,63,20,313,13.4
10027,Varanasi_Village_27,Varanasi,Uttar Pradesh,2022,144,29,266,13.3
10027,Varanasi_Village_27,Varanasi,Uttar Pradesh,2023,97,27,264,5.2
10027,Varanasi_Village_27,Varanasi,Uttar Pradesh,2024,64,16,287,3.9
10027,Varanasi_Village_27,Varanasi,Uttar Pradesh,2025,249,38,297,8.5
10028,Varanasi_Village_28,Varanasi,Uttar Pradesh,2022,255,7,290,12.6
10028,Varanasi_Village_28,Varanasi,Uttar Pradesh,2023,264,13,329,7.4
10028,Varanasi_Village_28,Varanasi,Uttar Pradesh,2024,298,22,347,11.1
10028,Varanasi_Village_28,Varanasi,Uttar Pradesh,2025,239,39,301,13.1
10029,Varanasi_Village_29,Varanasi,Uttar Pradesh,2022,89,38,285,9.3
10029,Varanasi_Village_29,Varanasi,Uttar Pradesh,2023,262,18,232,6.7
10029,Varanasi_Village_29,Varanasi,Uttar Pradesh,2024,257,8,245,13.3
10029,Varanasi_Village_29,Varanasi,Uttar Pradesh,2025,286,33,374,8.3
10030,Varanasi_Village_30,Varanasi,Uttar Pradesh,2022,131,19,212,8.8
10030,Varanasi_Village_30,Varanasi,Uttar Pradesh,2023,160,32,294,7.8
10030,Varanasi_Village_30,Varanasi,Uttar Pradesh,2024,102,20,272,8.1
10030,Varanasi_Village_30,Varanasi,Uttar Pradesh,2025,73,16,298,10.4
10031,Varanasi_Village_31,Varanasi,Uttar Pradesh,2022,203,9,336,9.1
10031,Varanasi_Village_31,Varanasi,Uttar Pradesh,2023,266,38,287,7.5
10031,Varanasi_Village_31,Varanasi,Uttar Pradesh,2024,237,5,277,11.5
10031,Varanasi_Village_31,Varanasi,Uttar Pradesh,2025,173,36,262,5.4
10032,Varanasi_Village_32,Varanasi,Uttar Pradesh,2022,286,30,210,6.6
10032,Varanasi_Village_32,Varanasi,Uttar Pradesh,2023,90,21,298,11.4
10032,Varanasi_Village_32,Varanasi,Uttar Pradesh,2024,206,31,248,12.8
10032,Varanasi_Village_32,Varanasi,Uttar Pradesh,2025,64,28,344,5.8
10033,Varanasi_Village_33,Varanasi,Uttar Pradesh,2022,94,39,315,6.5
10033,Varanasi_Village_33,Varanasi,Uttar Pradesh,2023,114,30,304,11.1
10033,Varanasi_Village_33,Varanasi,Uttar Pradesh,2024,138,27,303,10.2
10033,Varanasi_Village_33,Varanasi,Uttar Pradesh,2025,120,26,268,8.0
10034,Varanasi_Village_34,Varanasi,Uttar Pradesh,2022,58,8,212,5.5
10034,Varanasi_Village_34,Varanasi,Uttar Pradesh,2023,137,13,339,5.1
10034,Varanasi_Village_34,Varanasi,Uttar Pradesh,2024,178,8,345,11.9
10034,Varanasi_Village_34,Varanasi,Uttar Pradesh,2025,285,11,315,8.0
10035,Varanasi_Village_35,Varanasi,Uttar Pradesh,2022,185,27,325,13.5
10035,Varanasi_Village_35,Varanasi,Uttar Pradesh,2023,265,6,359,10.1
10035,Varanasi_Village_35,Varanasi,Uttar Pradesh,2024,112,28,348,10.2
10035,Varanasi_Village_35,Varanasi,Uttar Pradesh,2025,188,35,335,13.1
10036,Varanasi_Village_36,Varanasi,Uttar Pradesh,2022,292,35,284,6.2
10036,Varanasi_Village_36,Varanasi,Uttar Pradesh,2023,130,38,322,9.8
10036,Varanasi_Village_36,Varanasi,Uttar Pradesh,2024,185,28,356,4.3
10036,Varanasi_Village_36,Varanasi,Uttar Pradesh,2025,212,30,365,7.1
10037,Varanasi_Village_37,Varanasi,Uttar Pradesh,2022,212,20,328,6.1
10037,Varanasi_Village_37,Varanasi,Uttar Pradesh,2023,82,17,220,6.1
10037,Varanasi_Village_37,Varanasi,Uttar Pradesh,2024,172,19,307,13.5
10037,Varanasi_Village_37,Varanasi,Uttar Pradesh,2025,54,31,282,9.7
10038,Varanasi_Village_38,Varanasi,Uttar Pradesh,2022,283,8,315,13.9
10038,Varanasi_Village_38,Varanasi,Uttar Pradesh,2023,280,20,316,8.8
10038,Varanasi_Village_38,Varanasi,Uttar Pradesh,2024,299,34,237,10.0
10038,Varanasi_Village_38,Varanasi,Uttar Pradesh,2025,90,34,322,3.6
10039,Varanasi_Village_39,Varanasi,Uttar Pradesh,2022,77,7,311,9.4
10039,Varanasi_Village_39,Varanasi,Uttar Pradesh,2023,184,26,362,10.0
10039,Varanasi_Village_39,Varanasi,Uttar Pradesh,2024,250,26,284,3.9
10039,Varanasi_Village_39,Varanasi,Uttar Pradesh,2025,121,16,292,11.6
10040,Varanasi_Village_40,Varanasi,Uttar Pradesh,2022,61,25,287,7.6
10040,Varanasi_Village_40,Varanasi,Uttar Pradesh,2023,211,8,224,8.9
10040,Varanasi_Village_40,Varanasi,Uttar Pradesh,2024,82,35,281,9.3
10040,Varanasi_Village_40,Varanasi,Uttar Pradesh,2025,97,35,278,13.7
10041,Varanasi_Village_41,Varanasi,Uttar Pradesh,2022,296,27,260,5.5
10041,Varanasi_Village_41,Varanasi,Uttar Pradesh,2023,200,24,358,9.9
10041,Varanasi_Village_41,Varanasi,Uttar Pradesh,2024,111,19,308,9.3
10041,Varanasi_Village_41,Varanasi,Uttar Pradesh,2025,265,27,262,4.0
10042,Varanasi_Village_42,Varanasi,Uttar Pradesh,2022,86,32,270,11.2
10042,Varanasi_Village_42,Varanasi,Uttar Pradesh,2023,148,20,300,7.1
10042,Varanasi_Village_42,Varanasi,Uttar Pradesh,2024,221,25,261,4.8
10042,Varanasi_Village_42,Varanasi,Uttar Pradesh,2025,153,19,287,5.2
10043,Varanasi_Village_43,Varanasi,Uttar Pradesh,2022,263,21,282,13.1
10043,Varanasi_Village_43,Varanasi,Uttar Pradesh,2023,268,17,283,5.2
10043,Varanasi_Village_43,Varanasi,Uttar Pradesh,2024,84,23,279,8.6
10043,Varanasi_Village_43,Varanasi,Uttar Pradesh,2025,242,34,256,5.4
10044,Varanasi_Village_44,Varanasi,Uttar Pradesh,2022,276,22,284,6.2
10044,Varanasi_Village_44,Varanasi,Uttar Pradesh,2023,150,18,337,6.3
10044,Varanasi_Village_44,Varanasi,Uttar Pradesh,2024,224,24,287,8.9
10044,Varanasi_Village_44,Varanasi,Uttar Pradesh,2025,255,23,327,5.8
10045,Varanasi_Village_45,Varanasi,Uttar Pradesh,2022,180,11,311,5.5
10045,Varanasi_Village_45,Varanasi,Uttar Pradesh,2023,50,8,342,12.5
10045,Varanasi_Village_45,Varanasi,Uttar Pradesh,2024,54,38,265,9.4
10045,Varanasi_Village_45,Varanasi,Uttar Pradesh,2025,267,6,298,4.9
10046,Varanasi_Village_46,Varanasi,Uttar Pradesh,2022,296,9,246,9.5
10046,Varanasi_Village_46,Varanasi,Uttar Pradesh,2023,191,14,329,4.8
10046,Varanasi_Village_46,Varanasi,Uttar Pradesh,2024,152,36,353,9.8
10046,Varanasi_Village_46,Varanasi,Uttar Pradesh,2025,76,17,340,6.9
10047,Varanasi_Village_47,Varanasi,Uttar Pradesh,2022,186,9,306,5.6
10047,Varanasi_Village_47,Varanasi,Uttar Pradesh,2023,256,14,334,6.0
10047,Varanasi_Village_47,Varanasi,Uttar Pradesh,2024,64,14,330,7.3
10047,Varanasi_Village_47,Varanasi,Uttar Pradesh,2025,139,31,347,11.8
10048,Varanasi_Village_48,Varanasi,Uttar Pradesh,2022,91,25,231,6.3
10048,Varanasi_Village_48,Varanasi,Uttar Pradesh,2023,173,12,280,5.3
10048,Varanasi_Village_48,Varanasi,Uttar Pradesh,2024,254,5,240,9.1
10048,Varanasi_Village_48,Varanasi,Uttar Pradesh,2025,228,32,392,9.2
10049,Varanasi_Village_49,Varanasi,Uttar Pradesh,2022,112,18,236,5.4
10049,Varanasi_Village_49,Varanasi,Uttar Pradesh,2023,145,25,316,7.1
10049,Varanasi_Village_49,Varanasi,Uttar Pradesh,2024,280,34,278,6.5
10049,Varanasi_Village_49,Varanasi,Uttar Pradesh,2025,290,25,263,5.3
10050,Varanasi_Village_50,Varanasi,Uttar Pradesh,2022,101,13,206,7.8
10050,Varanasi_Village_50,Varanasi,Uttar Pradesh,2023,145,21,347,4.5
10050,Varanasi_Village_50,Varanasi,Uttar Pradesh,2024,181,9,271,10.5
10050,Varanasi_Village_50,Varanasi,Uttar Pradesh,2025,271,35,332,13.7
10051,Varanasi_Village_51,Varanasi,Uttar Pradesh,2022,278,23,334,11.2
10051,Varanasi_Village_51,Varanasi,Uttar Pradesh,2023,200,37,225,7.9
10051,Varanasi_Village_51,Varanasi,Uttar Pradesh,2024,280,17,270,10.7
10051,Varanasi_Village_51,Varanasi,Uttar Pradesh,2025,286,18,247,9.3
10052,Varanasi_Village_52,Varanasi,Uttar Pradesh,2022,192,37,239,13.4
10052,Varanasi_Village_52,Varanasi,Uttar Pradesh,2023,220,33,265,10.6
10052,Varanasi_Village_52,Varanasi,Uttar Pradesh,2024,78,14,261,10.4
10052,Varanasi_Village_52,Varanasi,Uttar Pradesh,2025,85,35,292,5.6
10053,Varanasi_Village_53,Varanasi,Uttar Pradesh,2022,62,10,270,8.9
10053,Varanasi_Village_53,Varanasi,Uttar Pradesh,2023,209,5,362,7.7
10053,Varanasi_Village_53,Varanasi,Uttar Pradesh,2024,120,11,318,3.8
10053,Varanasi_Village_53,Varanasi,Uttar Pradesh,2025,236,31,353,6.6
10054,Varanasi_Village_54,Varanasi,Uttar Pradesh,2022,292,25,234,9.6
10054,Varanasi_Village_54,Varanasi,Uttar Pradesh,2023,135,32,322,10.4
10054,Varanasi_Village_54,Varanasi,Uttar Pradesh,2024,77,20,269,13.5
10054,Varanasi_Village_54,Varanasi,Uttar Pradesh,2025,115,27,296,5.8
10055,Varanasi_Village_55,Varanasi,Uttar Pradesh,2022,219,24,311,6.1
10055,Varanasi_Village_55,Varanasi,Uttar Pradesh,2023,94,29,253,13.2
10055,Varanasi_Village_55,Varanasi,Uttar Pradesh,2024,111,32,297,13.6
10055,Varanasi_Village_55,Varanasi,Uttar Pradesh,2025,234,9,320,8.4
10056,Varanasi_Village_56,Varanasi,Uttar Pradesh,2022,294,25,264,5.7
10056,Varanasi_Village_56,Varanasi,Uttar Pradesh,2023,183,22,276,9.2
10056,Varanasi_Village_56,Varanasi,Uttar Pradesh,2024,77,10,231,4.8
10056,Varanasi_Village_56,Varanasi,Uttar Pradesh,2025,77,33,378,12.6
10057,Varanasi_Village_57,Varanasi,Uttar Pradesh,2022,157,23,321,11.9
10057,Varanasi_Village_57,Varanasi,Uttar Pradesh,2023,93,37,289,6.6
10057,Varanasi_Village_57,Varanasi,Uttar Pradesh,2024,133,5,269,13.0
10057,Varanasi_Village_57,Varanasi,Uttar Pradesh,2025,79,7,333,10.0
10058,Varanasi_Village_58,Varanasi,Uttar Pradesh,2022,239,25,227,14.5
10058,Varanasi_Village_58,Varanasi,Uttar Pradesh,2023,124,39,294,14.4
10058,Varanasi_Village_58,Varanasi,Uttar Pradesh,2024,177,7,292,3.7
10058,Varanasi_Village_58,Varanasi,Uttar Pradesh,2025,299,29,384,4.6
10059,Varanasi_Village_59,Varanasi,Uttar Pradesh,2022,296,24,240,10.2
10059,Varanasi_Village_59,Varanasi,Uttar Pradesh,2023,141,38,243,14.1
10059,Varanasi_Village_59,Varanasi,Uttar Pradesh,2024,266,25,252,14.1
10059,Varanasi_Village_59,Varanasi,Uttar Pradesh,2025,280,27,324,9.3
10060,Varanasi_Village_60,Varanasi,Uttar Pradesh,2022,239,10,250,6.3
10060,Varanasi_Village_60,Varanasi,Uttar Pradesh,2023,274,17,326,5.8
10060,Varanasi_Village_60,Varanasi,Uttar Pradesh,2024,178,27,334,11.7
10060,Varanasi_Village_60,Varanasi,Uttar Pradesh,2025,170,13,289,9.5
10061,Varanasi_Village_61,Varanasi,Uttar Pradesh,2022,76,21,289,10.3
10061,Varanasi_Village_61,Varanasi,Uttar Pradesh,2023,239,6,364,9.0
10061,Varanasi_Village_61,Varanasi,Uttar Pradesh,2024,170,23,367,11.3
10061,Varanasi_Village_61,Varanasi,Uttar Pradesh,2025,165,23,379,12.3
10062,Varanasi_Village_62,Varanasi,Uttar Pradesh,2022,254,11,288,7.7
10062,Varanasi_Village_62,Varanasi,Uttar Pradesh,2023,282,24,229,6.4
10062,Varanasi_Village_62,Varanasi,Uttar Pradesh,2024,52,13,306,10.7
10062,Varanasi_Village_62,Varanasi,Uttar Pradesh,2025,152,21,350,12.9
10063,Varanasi_Village_63,Varanasi,Uttar Pradesh,2022,247,31,289,8.2
10063,Varanasi_Village_63,Varanasi,Uttar Pradesh,2023,249,6,301,7.0
10063,Varanasi_Village_63,Varanasi,Uttar Pradesh,2024,204,23,290,6.1
10063,Varanasi_Village_63,Varanasi,Uttar Pradesh,2025,186,21,352,6.0
10064,Varanasi_Village_64,Varanasi,Uttar Pradesh,2022,111,9,260,5.9
10064,Varanasi_Village_64,Varanasi,Uttar Pradesh,2023,214,22,265,10.4
10064,Varanasi_Village_64,Varanasi,Uttar Pradesh,2024,274,11,241,6.6
10064,Varanasi_Village_64,Varanasi,Uttar Pradesh,2025,100,21,321,9.8
10065,Varanasi_Village_65,Varanasi,Uttar Pradesh,2022,283,8,311,5.4
10065,Varanasi_Village_65,Varanasi,Uttar Pradesh,2023,221,29,280,5.3
10065,Varanasi_Village_65,Varanasi,Uttar Pradesh,2024,201,9,344,9.3
10065,Varanasi_Village_65,Varanasi,Uttar Pradesh,2025,256,34,274,8.7
10066,Varanasi_Village_66,Varanasi,Uttar Pradesh,2022,108,16,304,7.4
10066,Varanasi_Village_66,Varanasi,Uttar Pradesh,2023,167,8,245,12.8
10066,Varanasi_Village_66,Varanasi,Uttar Pradesh,2024,209,28,242,5.7
10066,Varanasi_Village_66,Varanasi,Uttar Pradesh,2025,145,33,372,7.1
10067,Varanasi_Village_67,Varanasi,Uttar Pradesh,2022,265,13,300,10.3
10067,Varanasi_Village_67,Varanasi,Uttar Pradesh,2023,282,8,281,13.2
10067,Varanasi_Village_67,Varanasi,Uttar Pradesh,2024,229,28,309,8.1
10067,Varanasi_Village_67,Varanasi,Uttar Pradesh,2025,162,18,347,7.5
10068,Varanasi_Village_68,Varanasi,Uttar Pradesh,2022,111,9,218,10.6
10068,Varanasi_Village_68,Varanasi,Uttar Pradesh,2023,290,22,357,7.4
10068,Varanasi_Village_68,Varanasi,Uttar Pradesh,2024,235,23,261,11.1
10068,Varanasi_Village_68,Varanasi,Uttar Pradesh,2025,101,16,393,5.9
10069,Varanasi_Village_69,Varanasi,Uttar Pradesh,2022,61,22,264,13.1
10069,Varanasi_Village_69,Varanasi,Uttar Pradesh,2023,88,21,241,7.0
10069,Varanasi_Village_69,Varanasi,Uttar Pradesh,2024,179,34,276,14.1
10069,Varanasi_Village_69,Varanasi,Uttar Pradesh,2025,180,28,256,6.6
10070,Varanasi_Village_70,Varanasi,Uttar Pradesh,2022,162,15,284,13.7
10070,Varanasi_Village_70,Varanasi,Uttar Pradesh,2023,150,39,280,8.3
10070,Varanasi_Village_70,Varanasi,Uttar Pradesh,2024,162,27,362,6.3
10070,Varanasi_Village_70,Varanasi,Uttar Pradesh,2025,233,21,381,5.7
10071,Varanasi_Village_71,Varanasi,Uttar Pradesh,2022,130,5,347,13.4
10071,Varanasi_Village_71,Varanasi,Uttar Pradesh,2023,236,19,324,7.3
10071,Varanasi_Village_71,Varanasi,Uttar Pradesh,2024,162,36,311,7.3
10071,Varanasi_Village_71,Varanasi,Uttar Pradesh,2025,51,13,369,5.4
10072,Varanasi_Village_72,Varanasi,Uttar Pradesh,2022,179,19,262,14.6
10072,Varanasi_Village_72,Varanasi,Uttar Pradesh,2023,269,32,286,6.7
10072,Varanasi_Village_72,Varanasi,Uttar Pradesh,2024,103,28,327,6.3
10072,Varanasi_Village_72,Varanasi,Uttar Pradesh,2025,136,39,317,13.2
10073,Varanasi_Village_73,Varanasi,Uttar Pradesh,2022,278,26,270,14.0
10073,Varanasi_Village_73,Varanasi,Uttar Pradesh,2023,273,31,244,6.7
10073,Varanasi_Village_73,Varanasi,Uttar Pradesh,2024,274,23,354,12.8
10073,Varanasi_Village_73,Varanasi,Uttar Pradesh,2025,178,16,260,5.9
10074,Varanasi_Village_74,Varanasi,Uttar Pradesh,2022,196,24,332,5.4
10074,Varanasi_Village_74,Varanasi,Uttar Pradesh,2023,175,5,261,12.7
10074,Varanasi_Village_74,Varanasi,Uttar Pradesh,2024,179,25,330,11.8
10074,Varanasi_Village_74,Varanasi,Uttar Pradesh,2025,102,5,351,6.4
10075,Varanasi_Village_75,Varanasi,Uttar Pradesh,2022,221,14,325,5.4
10075,Varanasi_Village_75,Varanasi,Uttar Pradesh,2023,267,36,236,6.3
10075,Varanasi_Village_75,Varanasi,Uttar Pradesh,2024,209,26,312,11.8
10075,Varanasi_Village_75,Varanasi,Uttar Pradesh,2025,247,22,304,13.4
10076,Varanasi_Village_76,Varanasi,Uttar Pradesh,2022,209,36,257,7.2
10076,Varanasi_Village_76,Varanasi,Uttar Pradesh,2023,296,31,217,12.7
10076,Varanasi_Village_76,Varanasi,Uttar Pradesh,2024,117,32,274,6.1
10076,Varanasi_Village_76,Varanasi,Uttar Pradesh,2025,232,22,294,10.4
10077,Varanasi_Village_77,Varanasi,Uttar Pradesh,2022,252,33,201,5.4
10077,Varanasi_Village_77,Varanasi,Uttar Pradesh,2023,233,22,229,10.2
10077,Varanasi_Village_77,Varanasi,Uttar Pradesh,2024,172,12,372,6.5
10077,Varanasi_Village_77,Varanasi,Uttar Pradesh,2025,194,35,340,13.0
10078,Varanasi_Village_78,Varanasi,Uttar Pradesh,2022,87,38,284,7.5
10078,Varanasi_Village_78,Varanasi,Uttar Pradesh,2023,73,11,325,8.3
10078,Varanasi_Village_78,Varanasi,Uttar Pradesh,2024,118,22,252,12.5
10078,Varanasi_Village_78,Varanasi,Uttar Pradesh,2025,165,13,343,7.9
10079,Varanasi_Village_79,Varanasi,Uttar Pradesh,2022,147,13,236,7.0
10079,Varanasi_Village_79,Varanasi,Uttar Pradesh,2023,247,12,321,9.8
10079,Varanasi_Village_79,Varanasi,Uttar Pradesh,2024,263,39,270,12.5
10079,Varanasi_Village_79,Varanasi,Uttar Pradesh,2025,188,22,301,7.8
10080,Varanasi_Village_80,Varanasi,Uttar Pradesh,2022,289,9,296,5.9
10080,Varanasi_Village_80,Varanasi,Uttar Pradesh,2023,193,18,239,8.1
10080,Varanasi_Village_80,Varanasi,Uttar Pradesh,2024,146,32,339,13.7
10080,Varanasi_Village_80,Varanasi,Uttar Pradesh,2025,250,34,281,4.1
10081,Varanasi_Village_81,Varanasi,Uttar Pradesh,2022,173,8,239,8.8
10081,Varanasi_Village_81,Varanasi,Uttar Pradesh,2023,236,24,299,10.9
10081,Varanasi_Village_81,Varanasi,Uttar Pradesh,2024,119,29,275,4.5
10081,Varanasi_Village_81,Varanasi,Uttar Pradesh,2025,257,32,346,6.9
10082,Varanasi_Village_82,Varanasi,Uttar Pradesh,2022,142,16,297,14.4
10082,Varanasi_Village_82,Varanasi,Uttar Pradesh,2023,52,6,233,4.4
10082,Varanasi_Village_82,Varanasi,Uttar Pradesh,2024,197,18,320,11.6
10082,Varanasi_Village_82,Varanasi,Uttar Pradesh,2025,236,26,381,12.1
10083,Varanasi_Village_83,Varanasi,Uttar Pradesh,2022,213,35,268,7.4
10083,Varanasi_Village_83,Varanasi,Uttar Pradesh,2023,196,27,219,6.4
10083,Varanasi_Village_83,Varanasi,Uttar Pradesh,2024,139,24,376,13.3
10083,Varanasi_Village_83,Varanasi,Uttar Pradesh,2025,244,8,292,11.3
10084,Varanasi_Village_84,Varanasi,Uttar Pradesh,2022,196,19,311,5.7
10084,Varanasi_Village_84,Varanasi,Uttar Pradesh,2023,197,28,358,6.3
10084,Varanasi_Village_84,Varanasi,Uttar Pradesh,2024,145,29,247,10.2
10084,Varanasi_Village_84,Varanasi,Uttar Pradesh,2025,248,5,393,7.7
10085,Varanasi_Village_85,Varanasi,Uttar Pradesh,2022,101,11,230,9.8
10085,Varanasi_Village_85,Varanasi,Uttar Pradesh,2023,282,35,343,14.1
10085,Varanasi_Village_85,Varanasi,Uttar Pradesh,2024,210,16,360,8.1
10085,Varanasi_Village_85,Varanasi,Uttar Pradesh,2025,217,9,269,12.6
10086,Varanasi_Village_86,Varanasi,Uttar Pradesh,2022,177,16,207,11.4
10086,Varanasi_Village_86,Varanasi,Uttar Pradesh,2023,88,22,276,5.4
10086,Varanasi_Village_86,Varanasi,Uttar Pradesh,2024,131,6,364,11.5
10086,Varanasi_Village_86,Varanasi,Uttar Pradesh,2025,153,14,251,8.8
10087,Varanasi_Village_87,Varanasi,Uttar Pradesh,2022,178,19,335,6.9
10087,Varanasi_Village_87,Varanasi,Uttar Pradesh,2023,60,34,233,7.1
10087,Varanasi_Village_87,Varanasi,Uttar Pradesh,2024,269,21,374,9.6
10087,Varanasi_Village_87,Varanasi,Uttar Pradesh,2025,234,8,383,9.6
10088,Varanasi_Village_88,Varanasi,Uttar Pradesh,2022,266,11,310,14.7
10088,Varanasi_Village_88,Varanasi,Uttar Pradesh,2023,227,35,225,13.1
10088,Varanasi_Village_88,Varanasi,Uttar Pradesh,2024,200,38,270,5.9
10088,Varanasi_Village_88,Varanasi,Uttar Pradesh,2025,208,10,358,11.4
10089,Varanasi_Village_89,Varanasi,Uttar Pradesh,2022,271,38,291,4.6
10089,Varanasi_Village_89,Varanasi,Uttar Pradesh,2023,91,19,289,5.5
10089,Varanasi_Village_89,Varanasi,Uttar Pradesh,2024,148,18,296,5.8
10089,Varanasi_Village_89,Varanasi,Uttar Pradesh,2025,56,10,249,9.6
10090,Varanasi_Village_90,Varanasi,Uttar Pradesh,2022,193,36,315,6.5
10090,Varanasi_Village_90,Varanasi,Uttar Pradesh,2023,139,7,364,7.9
10090,Varanasi_Village_90,Varanasi,Uttar Pradesh,2024,161,7,347,6.2
10090,Varanasi_Village_90,Varanasi,Uttar Pradesh,2025,298,26,255,6.8
10091,Varanasi_Village_91,Varanasi,Uttar Pradesh,2022,293,26,243,14.4
10091,Varanasi_Village_91,Varanasi,Uttar Pradesh,2023,109,14,291,14.6
10091,Varanasi_Village_91,Varanasi,Uttar Pradesh,2024,162,7,347,10.9
10091,Varanasi_Village_91,Varanasi,Uttar Pradesh,2025,51,16,360,9.3
10092,Varanasi_Village_92,Varanasi,Uttar Pradesh,2022,178,33,266,11.9
10092,Varanasi_Village_92,Varanasi,Uttar Pradesh,2023,97,21,227,12.2
10092,Varanasi_Village_92,Varanasi,Uttar Pradesh,2024,189,11,321,11.5
10092,Varanasi_Village_92,Varanasi,Uttar Pradesh,2025,246,17,255,4.2
10093,Varanasi_Village_93,Varanasi,Uttar Pradesh,2022,86,6,338,7.8
10093,Varanasi_Village_93,Varanasi,Uttar Pradesh,2023,209,8,299,7.7
10093,Varanasi_Village_93,Varanasi,Uttar Pradesh,2024,296,14,314,7.6
10093,Varanasi_Village_93,Varanasi,Uttar Pradesh,2025,58,28,379,6.9
10094,Varanasi_Village_94,Varanasi,Uttar Pradesh,2022,282,21,216,12.8
10094,Varanasi_Village_94,Varanasi,Uttar Pradesh,2023,148,10,262,11.9
10094,Varanasi_Village_94,Varanasi,Uttar Pradesh,2024,196,23,371,3.7
10094,Varanasi_Village_94,Varanasi,Uttar Pradesh,2025,97,9,341,6.4
10095,Varanasi_Village_95,Varanasi,Uttar Pradesh,2022,257,36,274,11.0
10095,Varanasi_Village_95,Varanasi,Uttar Pradesh,2023,180,14,351,5.4
10095,Varanasi_Village_95,Varanasi,Uttar Pradesh,2024,197,13,306,4.4
10095,Varanasi_Village_95,Varanasi,Uttar Pradesh,2025,201,31,372,12.0
10096,Varanasi_Village_96,Varanasi,Uttar Pradesh,2022,103,17,236,9.3
10096,Varanasi_Village_96,Varanasi,Uttar Pradesh,2023,169,23,244,13.1
10096,Varanasi_Village_96,Varanasi,Uttar Pradesh,2024,210,25,276,12.3
10096,Varanasi_Village_96,Varanasi,Uttar Pradesh,2025,201,28,379,12.7
10097,Varanasi_Village_97,Varanasi,Uttar Pradesh,2022,165,8,341,5.0
10097,Varanasi_Village_97,Varanasi,Uttar Pradesh,2023,124,28,262,6.1
10097,Varanasi_Village_97,Varanasi,Uttar Pradesh,2024,162,39,363,6.8
10097,Varanasi_Village_97,Varanasi,Uttar Pradesh,2025,249,7,278,4.7
10098,Varanasi_Village_98,Varanasi,Uttar Pradesh,2022,213,8,300,9.6
10098,Varanasi_Village_98,Varanasi,Uttar Pradesh,2023,215,39,260,12.5
10098,Varanasi_Village_98,Varanasi,Uttar Pradesh,2024,153,35,299,13.7
10098,Varanasi_Village_98,Varanasi,Uttar Pradesh,2025,133,29,380,12.6
10099,Varanasi_Village_99,Varanasi,Uttar Pradesh,2022,276,17,223,9.3
10099,Varanasi_Village_99,Varanasi,Uttar Pradesh,2023,161,8,281,10.8
10099,Varanasi_Village_99,Varanasi,Uttar Pradesh,2024,266,18,233,6.1
10099,Varanasi_Village_99,Varanasi,Uttar Pradesh,2025,148,17,245,7.5
10100,Varanasi_Village_100,Varanasi,Uttar Pradesh,2022,202,31,233,13.6
10100,Varanasi_Village_100,Varanasi,Uttar Pradesh,2023,142,10,323,4.4
10100,Varanasi_Village_100,Varanasi,Uttar Pradesh,2024,195,21,238,9.3
10100,Varanasi_Village_100,Varanasi,Uttar Pradesh,2025,177,39,307,12.5
10101,Varanasi_Village_101,Varanasi,Uttar Pradesh,2022,159,21,209,5.8
10101,Varanasi_Village_101,Varanasi,Uttar Pradesh,2023,131,6,352,14.4
10101,Varanasi_Village_101,Varanasi,Uttar Pradesh,2024,243,17,273,3.8
10101,Varanasi_Village_101,Varanasi,Uttar Pradesh,2025,103,6,362,12.6
10102,Varanasi_Village_102,Varanasi,Uttar Pradesh,2022,212,32,205,8.2
10102,Varanasi_Village_102,Varanasi,Uttar Pradesh,2023,257,30,335,5.5
10102,Varanasi_Village_102,Varanasi,Uttar Pradesh,2024,238,26,324,5.4
10102,Varanasi_Village_102,Varanasi,Uttar Pradesh,2025,218,7,355,10.7
10103,Varanasi_Village_103,Varanasi,Uttar Pradesh,2022,277,39,304,13.6
10103,Varanasi_Village_103,Varanasi,Uttar Pradesh,2023,210,16,278,10.8
10103,Varanasi_Village_103,Varanasi,Uttar Pradesh,2024,117,28,369,13.5
10103,Varanasi_Village_103,Varanasi,Uttar Pradesh,2025,82,9,315,12.1
10104,Varanasi_Village_104,Varanasi,Uttar Pradesh,2022,191,24,303,4.6
10104,Varanasi_Village_104,Varanasi,Uttar Pradesh,2023,70,17,303,11.1
10104,Varanasi_Village_104,Varanasi,Uttar Pradesh,2024,97,16,235,6.9
10104,Varanasi_Village_104,Varanasi,Uttar Pradesh,2025,197,17,354,8.1
10105,Varanasi_Village_105,Varanasi,Uttar Pradesh,2022,297,14,311,5.5
10105,Varanasi_Village_105,Varanasi,Uttar Pradesh,2023,177,37,364,7.1
10105,Varanasi_Village_105,Varanasi,Uttar Pradesh,2024,185,20,356,10.3
10105,Varanasi_Village_105,Varanasi,Uttar Pradesh,2025,184,39,380,5.6
10106,Varanasi_Village_106,Varanasi,Uttar Pradesh,2022,244,7,262,11.3
10106,Varanasi_Village_106,Varanasi,Uttar Pradesh,2023,194,9,355,13.8
10106,Varanasi_Village_106,Varanasi,Uttar Pradesh,2024,177,30,375,3.8
10106,Varanasi_Village_106,Varanasi,Uttar Pradesh,2025,82,15,262,11.6
10107,Varanasi_Village_107,Varanasi,Uttar Pradesh,2022,225,11,276,11.2
10107,Varanasi_Village_107,Varanasi,Uttar Pradesh,2023,253,14,356,4.6
10107,Varanasi_Village_107,Varanasi,Uttar Pradesh,2024,236,38,368,12.0
10107,Varanasi_Village_107,Varanasi,Uttar Pradesh,2025,164,7,347,5.7
10108,Varanasi_Village_108,Varanasi,Uttar Pradesh,2022,263,12,316,7.3
10108,Varanasi_Village_108,Varanasi,Uttar Pradesh,2023,168,35,231,5.1
10108,Varanasi_Village_108,Varanasi,Uttar Pradesh,2024,71,15,243,9.3
10108,Varanasi_Village_108,Varanasi,Uttar Pradesh,2025,287,11,301,8.5
10109,Varanasi_Village_109,Varanasi,Uttar Pradesh,2022,207,6,292,8.1
10109,Varanasi_Village_109,Varanasi,Uttar Pradesh,2023,87,10,348,5.9
10109,Varanasi_Village_109,Varanasi,Uttar Pradesh,2024,279,36,343,12.5
10109,Varanasi_Village_109,Varanasi,Uttar Pradesh,2025,158,24,376,12.5
10110,Varanasi_Village_110,Varanasi,Uttar Pradesh,2022,100,38,338,10.2
10110,Varanasi_Village_110,Varanasi,Uttar Pradesh,2023,231,20,323,6.7
10110,Varanasi_Village_110,Varanasi,Uttar Pradesh,2024,57,29,348,4.7
10110,Varanasi_Village_110,Varanasi,Uttar Pradesh,2025,76,16,336,12.4
10111,Varanasi_Village_111,Varanasi,Uttar Pradesh,2022,76,11,210,5.5
10111,Varanasi_Village_111,Varanasi,Uttar Pradesh,2023,275,21,313,4.2
10111,Varanasi_Village_111,Varanasi,Uttar Pradesh,2024,70,15,237,8.6
10111,Varanasi_Village_111,Varanasi,Uttar Pradesh,2025,79,10,358,11.0
10112,Varanasi_Village_112,Varanasi,Uttar Pradesh,2022,146,27,348,9.3
10112,Varanasi_Village_112,Varanasi,Uttar Pradesh,2023,77,31,279,4.6
10112,Varanasi_Village_112,Varanasi,Uttar Pradesh,2024,160,10,322,10.9
10112,Varanasi_Village_112,Varanasi,Uttar Pradesh,2025,241,6,348,10.0
10113,Varanasi_Village_113,Varanasi,Uttar Pradesh,2022,274,26,298,11.7
10113,Varanasi_Village_113,Varanasi,Uttar Pradesh,2023,246,24,298,6.3
10113,Varanasi_Village_113,Varanasi,Uttar Pradesh,2024,110,29,302,12.1
10113,Varanasi_Village_113,Varanasi,Uttar Pradesh,2025,97,19,389,8.3
10114,Varanasi_Village_114,Varanasi,Uttar Pradesh,2022,196,33,258,10.1
10114,Varanasi_Village_114,Varanasi,Uttar Pradesh,2023,53,12,245,9.8
10114,Varanasi_Village_114,Varanasi,Uttar Pradesh,2024,84,37,293,6.7
10114,Varanasi_Village_114,Varanasi,Uttar Pradesh,2025,241,26,292,5.9
10115,Varanasi_Village_115,Varanasi,Uttar Pradesh,2022,98,9,222,4.6
10115,Varanasi_Village_115,Varanasi,Uttar Pradesh,2023,66,22,269,8.3
10115,Varanasi_Village_115,Varanasi,Uttar Pradesh,2024,221,34,236,8.8
10115,Varanasi_Village_115,Varanasi,Uttar Pradesh,2025,269,35,356,11.1
10116,Varanasi_Village_116,Varanasi,Uttar Pradesh,2022,207,14,305,5.2
10116,Varanasi_Village_116,Varanasi,Uttar Pradesh,2023,270,19,312,13.8
10116,Varanasi_Village_116,Varanasi,Uttar Pradesh,2024,95,22,241,6.5
10116,Varanasi_Village_116,Varanasi,Uttar Pradesh,2025,166,27,304,7.2
10117,Varanasi_Village_117,Varanasi,Uttar Pradesh,2022,55,37,251,5.0
10117,Varanasi_Village_117,Varanasi,Uttar Pradesh,2023,148,20,354,11.0
10117,Varanasi_Village_117,Varanasi,Uttar Pradesh,2024,173,39,370,11.1
10117,Varanasi_Village_117,Varanasi,Uttar Pradesh,2025,282,38,316,13.1
10118,Varanasi_Village_118,Varanasi,Uttar Pradesh,2022,86,32,324,8.0
10118,Varanasi_Village_118,Varanasi,Uttar Pradesh,2023,73,6,274,6.8
10118,Varanasi_Village_118,Varanasi,Uttar Pradesh,2024,142,34,260,11.3
10118,Varanasi_Village_118,Varanasi,Uttar Pradesh,2025,290,17,321,10.7
10119,Varanasi_Village_119,Varanasi,Uttar Pradesh,2022,95,20,275,14.3
10119,Varanasi_Village_119,Varanasi,Uttar Pradesh,2023,230,9,275,6.3
10119,Varanasi_Village_119,Varanasi,Uttar Pradesh,2024,144,32,231,11.1
10119,Varanasi_Village_119,Varanasi,Uttar Pradesh,2025,148,24,365,4.0
10120,Varanasi_Village_120,Varanasi,Uttar Pradesh,2022,237,28,258,9.5
10120,Varanasi_Village_120,Varanasi,Uttar Pradesh,2023,274,31,254,5.4
10120,Varanasi_Village_120,Varanasi,Uttar Pradesh,2024,165,34,261,10.6
10120,Varanasi_Village_120,Varanasi,Uttar Pradesh,2025,240,31,282,9.6
10121,Varanasi_Village_121,Varanasi,Uttar Pradesh,2022,262,30,291,5.0
10121,Varanasi_Village_121,Varanasi,Uttar Pradesh,2023,209,11,302,7.5
10121,Varanasi_Village_121,Varanasi,Uttar Pradesh,2024,264,9,370,7.8
10121,Varanasi_Village_121,Varanasi,Uttar Pradesh,2025,210,27,329,5.9
10122,Varanasi_Village_122,Varanasi,Uttar Pradesh,2022,116,32,275,4.9
10122,Varanasi_Village_122,Varanasi,Uttar Pradesh,2023,177,38,342,7.4
10122,Varanasi_Village_122,Varanasi,Uttar Pradesh,2024,67,19,242,12.0
10122,Varanasi_Village_122,Varanasi,Uttar Pradesh,2025,74,36,283,7.1
10123,Varanasi_Village_123,Varanasi,Uttar Pradesh,2022,283,30,222,7.9
10123,Varanasi_Village_123,Varanasi,Uttar Pradesh,2023,272,35,324,14.0
10123,Varanasi_Village_123,Varanasi,Uttar Pradesh,2024,103,23,336,4.1
10123,Varanasi_Village_123,Varanasi,Uttar Pradesh,2025,107,13,336,11.4
10124,Varanasi_Village_124,Varanasi,Uttar Pradesh,2022,116,33,341,9.6
10124,Varanasi_Village_124,Varanasi,Uttar Pradesh,2023,153,8,359,14.0
10124,Varanasi_Village_124,Varanasi,Uttar Pradesh,2024,223,7,253,7.8
10124,Varanasi_Village_124,Varanasi,Uttar Pradesh,2025,73,33,278,10.7
10125,Varanasi_Village_125,Varanasi,Uttar Pradesh,2022,163,15,311,5.2
10125,Varanasi_Village_125,Varanasi,Uttar Pradesh,2023,81,37,352,13.9
10125,Varanasi_Village_125,Varanasi,Uttar Pradesh,2024,224,15,347,7.3
10125,Varanasi_Village_125,Varanasi,Uttar Pradesh,2025,135,31,393,8.8
10126,Gorakhpur_Village_1,Gorakhpur,Uttar Pradesh,2022,200,37,206,6.0
10126,Gorakhpur_Village_1,Gorakhpur,Uttar Pradesh,2023,243,25,304,14.0
10126,Gorakhpur_Village_1,Gorakhpur,Uttar Pradesh,2024,176,35,242,10.8
10126,Gorakhpur_Village_1,Gorakhpur,Uttar Pradesh,2025,204,6,324,3.9
10127,Gorakhpur_Village_2,Gorakhpur,Uttar Pradesh,2022,283,31,229,6.1
10127,Gorakhpur_Village_2,Gorakhpur,Uttar Pradesh,2023,179,15,347,8.3
10127,Gorakhpur_Village_2,Gorakhpur,Uttar Pradesh,2024,267,22,245,6.0
10127,Gorakhpur_Village_2,Gorakhpur,Uttar Pradesh,2025,66,5,394,6.5
10128,Gorakhpur_Village_3,Gorakhpur,Uttar Pradesh,2022,153,39,239,15.0
10128,Gorakhpur_Village_3,Gorakhpur,Uttar Pradesh,2023,210,39,251,11.0
10128,Gorakhpur_Village_3,Gorakhpur,Uttar Pradesh,2024,186,35,307,13.4
10128,Gorakhpur_Village_3,Gorakhpur,Uttar Pradesh,2025,92,32,260,7.9
10129,Gorakhpur_Village_4,Gorakhpur,Uttar Pradesh,2022,295,5,242,12.0
10129,Gorakhpur_Village_4,Gorakhpur,Uttar Pradesh,2023,225,29,277,8.9
10129,Gorakhpur_Village_4,Gorakhpur,Uttar Pradesh,2024,88,24,244,7.1
10129,Gorakhpur_Village_4,Gorakhpur,Uttar Pradesh,2025,270,7,381,8.8
10130,Gorakhpur_Village_5,Gorakhpur,Uttar Pradesh,2022,219,6,264,9.0
10130,Gorakhpur_Village_5,Gorakhpur,Uttar Pradesh,2023,296,22,258,14.4
10130,Gorakhpur_Village_5,Gorakhpur,Uttar Pradesh,2024,75,14,249,8.9
10130,Gorakhpur_Village_5,Gorakhpur,Uttar Pradesh,2025,148,9,363,11.8
10131,Gorakhpur_Village_6,Gorakhpur,Uttar Pradesh,2022,99,13,311,11.5
10131,Gorakhpur_Village_6,Gorakhpur,Uttar Pradesh,2023,202,6,337,9.1
10131,Gorakhpur_Village_6,Gorakhpur,Uttar Pradesh,2024,201,38,309,8.7
10131,Gorakhpur_Village_6,Gorakhpur,Uttar Pradesh,2025,62,35,344,6.9
10132,Gorakhpur_Village_7,Gorakhpur,Uttar Pradesh,2022,109,14,205,5.6
10132,Gorakhpur_Village_7,Gorakhpur,Uttar Pradesh,2023,299,16,297,12.1
10132,Gorakhpur_Village_7,Gorakhpur,Uttar Pradesh,2024,184,25,260,13.3
10132,Gorakhpur_Village_7,Gorakhpur,Uttar Pradesh,2025,106,10,310,5.6
10133,Gorakhpur_Village_8,Gorakhpur,Uttar Pradesh,2022,85,7,217,14.2
10133,Gorakhpur_Village_8,Gorakhpur,Uttar Pradesh,2023,222,14,242,6.5
10133,Gorakhpur_Village_8,Gorakhpur,Uttar Pradesh,2024,69,9,297,9.3
10133,Gorakhpur_Village_8,Gorakhpur,Uttar Pradesh,2025,114,30,358,6.9
10134,Gorakhpur_Village_9,Gorakhpur,Uttar Pradesh,2022,57,25,257,5.7
10134,Gorakhpur_Village_9,Gorakhpur,Uttar Pradesh,2023,287,30,343,4.7
10134,Gorakhpur_Village_9,Gorakhpur,Uttar Pradesh,2024,193,30,268,7.5
10134,Gorakhpur_Village_9,Gorakhpur,Uttar Pradesh,2025,191,12,350,3.8
10135,Gorakhpur_Village_10,Gorakhpur,Uttar Pradesh,2022,253,9,200,5.6
10135,Gorakhpur_Village_10,Gorakhpur,Uttar Pradesh,2023,164,19,289,5.6
10135,Gorakhpur_Village_10,Gorakhpur,Uttar Pradesh,2024,264,20,317,3.7
10135,Gorakhpur_Village_10,Gorakhpur,Uttar Pradesh,2025,192,5,386,4.9
10136,Gorakhpur_Village_11,Gorakhpur,Uttar Pradesh,2022,141,20,349,10.6
10136,Gorakhpur_Village_11,Gorakhpur,Uttar Pradesh,2023,147,7,274,12.7
10136,Gorakhpur_Village_11,Gorakhpur,Uttar Pradesh,2024,115,35,359,5.7
10136,Gorakhpur_Village_11,Gorakhpur,Uttar Pradesh,2025,81,17,354,4.1
10137,Gorakhpur_Village_12,Gorakhpur,Uttar Pradesh,2022,264,20,218,12.2
10137,Gorakhpur_Village_12,Gorakhpur,Uttar Pradesh,2023,240,25,276,4.2
10137,Gorakhpur_Village_12,Gorakhpur,Uttar Pradesh,2024,135,6,300,11.4
10137,Gorakhpur_Village_12,Gorakhpur,Uttar Pradesh,2025,100,31,355,4.7
10138,Gorakhpur_Village_13,Gorakhpur,Uttar Pradesh,2022,202,30,332,6.9
10138,Gorakhpur_Village_13,Gorakhpur,Uttar Pradesh,2023,235,29,286,5.4
10138,Gorakhpur_Village_13,Gorakhpur,Uttar Pradesh,2024,112,15,307,6.3
10138,Gorakhpur_Village_13,Gorakhpur,Uttar Pradesh,2025,239,12,344,11.7
10139,Gorakhpur_Village_14,Gorakhpur,Uttar Pradesh,2022,174,12,270,5.9
10139,Gorakhpur_Village_14,Gorakhpur,Uttar Pradesh,2023,199,37,221,14.5
10139,Gorakhpur_Village_14,Gorakhpur,Uttar Pradesh,2024,107,11,279,7.1
10139,Gorakhpur_Village_14,Gorakhpur,Uttar Pradesh,2025,107,25,290,13.0
10140,Gorakhpur_Village_15,Gorakhpur,Uttar Pradesh,2022,135,12,271,6.5
10140,Gorakhpur_Village_15,Gorakhpur,Uttar Pradesh,2023,98,25,290,6.1
10140,Gorakhpur_Village_15,Gorakhpur,Uttar Pradesh,2024,229,24,303,9.6
10140,Gorakhpur_Village_15,Gorakhpur,Uttar Pradesh,2025,219,12,386,3.8
10141,Gorakhpur_Village_16,Gorakhpur,Uttar Pradesh,2022,119,35,272,12.9
10141,Gorakhpur_Village_16,Gorakhpur,Uttar Pradesh,2023,64,33,316,8.7
10141,Gorakhpur_Village_16,Gorakhpur,Uttar Pradesh,2024,103,13,323,11.0
10141,Gorakhpur_Village_16,Gorakhpur,Uttar Pradesh,2025,284,19,313,5.1
10142,Gorakhpur_Village_17,Gorakhpur,Uttar Pradesh,2022,237,34,264,11.2
10142,Gorakhpur_Village_17,Gorakhpur,Uttar Pradesh,2023,150,30,276,10.3
10142,Gorakhpur_Village_17,Gorakhpur,Uttar Pradesh,2024,274,14,249,11.6
10142,Gorakhpur_Village_17,Gorakhpur,Uttar Pradesh,2025,57,33,288,6.4
10143,Gorakhpur_Village_18,Gorakhpur,Uttar Pradesh,2022,102,20,261,14.3
10143,Gorakhpur_Village_18,Gorakhpur,Uttar Pradesh,2023,109,24,321,14.2
10143,Gorakhpur_Village_18,Gorakhpur,Uttar Pradesh,2024,285,26,354,12.8
10143,Gorakhpur_Village_18,Gorakhpur,Uttar Pradesh,2025,157,11,289,9.3
10144,Gorakhpur_Village_19,Gorakhpur,Uttar Pradesh,2022,54,27,210,8.9
10144,Gorakhpur_Village_19,Gorakhpur,Uttar Pradesh,2023,152,33,302,4.7
10144,Gorakhpur_Village_19,Gorakhpur,Uttar Pradesh,2024,245,20,275,13.6
10144,Gorakhpur_Village_19,Gorakhpur,Uttar Pradesh,2025,55,32,356,13.3
10145,Gorakhpur_Village_20,Gorakhpur,Uttar Pradesh,2022,158,35,280,4.7
10145,Gorakhpur_Village_20,Gorakhpur,Uttar Pradesh,2023,273,18,246,7.8
10145,Gorakhpur_Village_20,Gorakhpur,Uttar Pradesh,2024,165,37,327,12.9
10145,Gorakhpur_Village_20,Gorakhpur,Uttar Pradesh,2025,143,13,249,4.1
10146,Gorakhpur_Village_21,Gorakhpur,Uttar Pradesh,2022,96,31,228,6.6
10146,Gorakhpur_Village_21,Gorakhpur,Uttar Pradesh,2023,148,28,262,14.4
10146,Gorakhpur_Village_21,Gorakhpur,Uttar Pradesh,2024,104,17,245,12.6
10146,Gorakhpur_Village_21,Gorakhpur,Uttar Pradesh,2025,217,30,316,12.9
10147,Gorakhpur_Village_22,Gorakhpur,Uttar Pradesh,2022,101,33,228,6.0
10147,Gorakhpur_Village_22,Gorakhpur,Uttar Pradesh,2023,193,32,260,6.3
10147,Gorakhpur_Village_22,Gorakhpur,Uttar Pradesh,2024,62,32,252,10.1
10147,Gorakhpur_Village_22,Gorakhpur,Uttar Pradesh,2025,163,12,338,8.6
10148,Gorakhpur_Village_23,Gorakhpur,Uttar Pradesh,2022,173,27,313,7.6
10148,Gorakhpur_Village_23,Gorakhpur,Uttar Pradesh,2023,155,33,248,13.4
10148,Gorakhpur_Village_23,Gorakhpur,Uttar Pradesh,2024,207,9,346,13.2
10148,Gorakhpur_Village_23,Gorakhpur,Uttar Pradesh,2025,196,11,273,6.4
10149,Gorakhpur_Village_24,Gorakhpur,Uttar Pradesh,2022,194,31,208,6.1
10149,Gorakhpur_Village_24,Gorakhpur,Uttar Pradesh,2023,169,6,253,5.7
10149,Gorakhpur_Village_24,Gorakhpur,Uttar Pradesh,2024,112,29,364,8.8
10149,Gorakhpur_Village_24,Gorakhpur,Uttar Pradesh,2025,68,13,354,4.7
10150,Gorakhpur_Village_25,Gorakhpur,Uttar Pradesh,2022,141,31,268,9.5
10150,Gorakhpur_Village_25,Gorakhpur,Uttar Pradesh,2023,107,5,350,9.0
10150,Gorakhpur_Village_25,Gorakhpur,Uttar Pradesh,2024,232,27,325,13.0
10150,Gorakhpur_Village_25,Gorakhpur,Uttar Pradesh,2025,139,14,363,6.4
10151,Gorakhpur_Village_26,Gorakhpur,Uttar Pradesh,2022,278,29,317,10.4
10151,Gorakhpur_Village_26,Gorakhpur,Uttar Pradesh,2023,267,7,232,11.9
10151,Gorakhpur_Village_26,Gorakhpur,Uttar Pradesh,2024,166,10,331,10.0
10151,Gorakhpur_Village_26,Gorakhpur,Uttar Pradesh,2025,111,10,354,13.3
10152,Gorakhpur_Village_27,Gorakhpur,Uttar Pradesh,2022,72,6,281,10.8
10152,Gorakhpur_Village_27,Gorakhpur,Uttar Pradesh,2023,176,22,319,13.6
10152,Gorakhpur_Village_27,Gorakhpur,Uttar Pradesh,2024,186,27,245,6.3
10152,Gorakhpur_Village_27,Gorakhpur,Uttar Pradesh,2025,189,6,265,9.2
10153,Gorakhpur_Village_28,Gorakhpur,Uttar Pradesh,2022,294,16,337,10.2
10153,Gorakhpur_Village_28,Gorakhpur,Uttar Pradesh,2023,178,26,320,14.5
10153,Gorakhpur_Village_28,Gorakhpur,Uttar Pradesh,2024,107,24,361,5.8
10153,Gorakhpur_Village_28,Gorakhpur,Uttar Pradesh,2025,171,28,288,4.8
10154,Gorakhpur_Village_29,Gorakhpur,Uttar Pradesh,2022,50,24,322,10.9
10154,Gorakhpur_Village_29,Gorakhpur,Uttar Pradesh,2023,288,5,350,6.4
10154,Gorakhpur_Village_29,Gorakhpur,Uttar Pradesh,2024,83,5,340,10.4
10154,Gorakhpur_Village_29,Gorakhpur,Uttar Pradesh,2025,145,21,361,13.5
10155,Gorakhpur_Village_30,Gorakhpur,Uttar Pradesh,2022,175,5,325,14.4
10155,Gorakhpur_Village_30,Gorakhpur,Uttar Pradesh,2023,167,34,233,6.5
10155,Gorakhpur_Village_30,Gorakhpur,Uttar Pradesh,2024,97,7,293,5.5
10155,Gorakhpur_Village_30,Gorakhpur,Uttar Pradesh,2025,138,15,284,9.2
10156,Gorakhpur_Village_31,Gorakhpur,Uttar Pradesh,2022,281,28,250,10.7
10156,Gorakhpur_Village_31,Gorakhpur,Uttar Pradesh,2023,286,26,351,11.1
10156,Gorakhpur_Village_31,Gorakhpur,Uttar Pradesh,2024,166,30,285,11.5
10156,Gorakhpur_Village_31,Gorakhpur,Uttar Pradesh,2025,178,17,325,9.6
10157,Gorakhpur_Village_32,Gorakhpur,Uttar Pradesh,2022,65,5,342,5.7
10157,Gorakhpur_Village_32,Gorakhpur,Uttar Pradesh,2023,238,28,284,12.4
10157,Gorakhpur_Village_32,Gorakhpur,Uttar Pradesh,2024,280,14,357,4.5
10157,Gorakhpur_Village_32,Gorakhpur,Uttar Pradesh,2025,241,39,370,3.5
10158,Gorakhpur_Village_33,Gorakhpur,Uttar Pradesh,2022,240,28,260,12.6
10158,Gorakhpur_Village_33,Gorakhpur,Uttar Pradesh,2023,118,32,294,9.9
10158,Gorakhpur_Village_33,Gorakhpur,Uttar Pradesh,2024,71,20,350,11.0
10158,Gorakhpur_Village_33,Gorakhpur,Uttar Pradesh,2025,142,20,345,7.3
10159,Gorakhpur_Village_34,Gorakhpur,Uttar Pradesh,2022,296,21,276,4.6
10159,Gorakhpur_Village_34,Gorakhpur,Uttar Pradesh,2023,244,19,359,7.6
10159,Gorakhpur_Village_34,Gorakhpur,Uttar Pradesh,2024,125,20,355,10.1
10159,Gorakhpur_Village_34,Gorakhpur,Uttar Pradesh,2025,203,19,266,5.7
10160,Gorakhpur_Village_35,Gorakhpur,Uttar Pradesh,2022,193,38,282,11.7
10160,Gorakhpur_Village_35,Gorakhpur,Uttar Pradesh,2023,228,15,355,12.4
10160,Gorakhpur_Village_35,Gorakhpur,Uttar Pradesh,2024,278,5,307,8.5
10160,Gorakhpur_Village_35,Gorakhpur,Uttar Pradesh,2025,135,19,339,12.5
10161,Gorakhpur_Village_36,Gorakhpur,Uttar Pradesh,2022,234,30,308,13.5
10161,Gorakhpur_Village_36,Gorakhpur,Uttar Pradesh,2023,78,8,324,13.3
10161,Gorakhpur_Village_36,Gorakhpur,Uttar Pradesh,2024,255,9,281,10.6
10161,Gorakhpur_Village_36,Gorakhpur,Uttar Pradesh,2025,269,39,347,6.5
10162,Gorakhpur_Village_37,Gorakhpur,Uttar Pradesh,2022,118,17,300,9.6
10162,Gorakhpur_Village_37,Gorakhpur,Uttar Pradesh,2023,96,14,356,11.6
10162,Gorakhpur_Village_37,Gorakhpur,Uttar Pradesh,2024,290,15,292,5.9
10162,Gorakhpur_Village_37,Gorakhpur,Uttar Pradesh,2025,143,22,272,11.1
10163,Gorakhpur_Village_38,Gorakhpur,Uttar Pradesh,2022,287,38,245,10.3
10163,Gorakhpur_Village_38,Gorakhpur,Uttar Pradesh,2023,239,27,242,5.1
10163,Gorakhpur_Village_38,Gorakhpur,Uttar Pradesh,2024,293,11,231,9.6
10163,Gorakhpur_Village_38,Gorakhpur,Uttar Pradesh,2025,246,7,371,4.0
10164,Gorakhpur_Village_39,Gorakhpur,Uttar Pradesh,2022,253,16,216,4.7
10164,Gorakhpur_Village_39,Gorakhpur,Uttar Pradesh,2023,193,11,273,13.4
10164,Gorakhpur_Village_39,Gorakhpur,Uttar Pradesh,2024,267,30,361,8.8
10164,Gorakhpur_Village_39,Gorakhpur,Uttar Pradesh,2025,267,37,321,9.0
10165,Gorakhpur_Village_40,Gorakhpur,Uttar Pradesh,2022,225,19,330,7.4
10165,Gorakhpur_Village_40,Gorakhpur,Uttar Pradesh,2023,134,6,329,9.8
10165,Gorakhpur_Village_40,Gorakhpur,Uttar Pradesh,2024,88,11,326,5.5
10165,Gorakhpur_Village_40,Gorakhpur,Uttar Pradesh,2025,149,36,349,11.1
10166,Gorakhpur_Village_41,Gorakhpur,Uttar Pradesh,2022,82,8,223,13.1
10166,Gorakhpur_Village_41,Gorakhpur,Uttar Pradesh,2023,271,24,249,13.1
10166,Gorakhpur_Village_41,Gorakhpur,Uttar Pradesh,2024,150,36,231,4.8
10166,Gorakhpur_Village_41,Gorakhpur,Uttar Pradesh,2025,72,32,277,9.2
10167,Gorakhpur_Village_42,Gorakhpur,Uttar Pradesh,2022,299,17,275,13.0
10167,Gorakhpur_Village_42,Gorakhpur,Uttar Pradesh,2023,59,5,300,5.4
10167,Gorakhpur_Village_42,Gorakhpur,Uttar Pradesh,2024,295,39,367,4.7
10167,Gorakhpur_Village_42,Gorakhpur,Uttar Pradesh,2025,118,34,325,11.9
10168,Gorakhpur_Village_43,Gorakhpur,Uttar Pradesh,2022,149,29,261,12.9
10168,Gorakhpur_Village_43,Gorakhpur,Uttar Pradesh,2023,83,20,257,8.8
10168,Gorakhpur_Village_43,Gorakhpur,Uttar Pradesh,2024,229,23,350,4.9
10168,Gorakhpur_Village_43,Gorakhpur,Uttar Pradesh,2025,272,5,303,8.7
10169,Gorakhpur_Village_44,Gorakhpur,Uttar Pradesh,2022,187,9,208,8.6
10169,Gorakhpur_Village_44,Gorakhpur,Uttar Pradesh,2023,299,26,291,9.5
10169,Gorakhpur_Village_44,Gorakhpur,Uttar Pradesh,2024,196,28,292,8.3
10169,Gorakhpur_Village_44,Gorakhpur,Uttar Pradesh,2025,235,8,296,9.3
10170,Gorakhpur_Village_45,Gorakhpur,Uttar Pradesh,2022,145,22,222,12.1
10170,Gorakhpur_Village_45,Gorakhpur,Uttar Pradesh,2023,50,20,244,12.2
10170,Gorakhpur_Village_45,Gorakhpur,Uttar Pradesh,2024,297,22,250,10.5
10170,Gorakhpur_Village_45,Gorakhpur,Uttar Pradesh,2025,118,26,287,5.4
10171,Gorakhpur_Village_46,Gorakhpur,Uttar Pradesh,2022,286,6,334,8.7
10171,Gorakhpur_Village_46,Gorakhpur,Uttar Pradesh,2023,53,25,230,4.8
10171,Gorakhpur_Village_46,Gorakhpur,Uttar Pradesh,2024,65,33,252,8.4
10171,Gorakhpur_Village_46,Gorakhpur,Uttar Pradesh,2025,73,30,331,13.5
10172,Gorakhpur_Village_47,Gorakhpur,Uttar Pradesh,2022,129,25,230,11.2
10172,Gorakhpur_Village_47,Gorakhpur,Uttar Pradesh,2023,296,21,335,5.7
10172,Gorakhpur_Village_47,Gorakhpur,Uttar Pradesh,2024,51,20,298,6.5
10172,Gorakhpur_Village_47,Gorakhpur,Uttar Pradesh,2025,290,35,378,4.0
10173,Gorakhpur_Village_48,Gorakhpur,Uttar Pradesh,2022,269,13,314,6.4
10173,Gorakhpur_Village_48,Gorakhpur,Uttar Pradesh,2023,177,35,273,9.2
10173,Gorakhpur_Village_48,Gorakhpur,Uttar Pradesh,2024,209,18,375,7.3
10173,Gorakhpur_Village_48,Gorakhpur,Uttar Pradesh,2025,268,6,321,5.4
10174,Gorakhpur_Village_49,Gorakhpur,Uttar Pradesh,2022,133,18,337,6.0
10174,Gorakhpur_Village_49,Gorakhpur,Uttar Pradesh,2023,201,37,221,11.0
10174,Gorakhpur_Village_49,Gorakhpur,Uttar Pradesh,2024,189,39,266,9.6
10174,Gorakhpur_Village_49,Gorakhpur,Uttar Pradesh,2025,227,24,330,12.1
10175,Gorakhpur_Village_50,Gorakhpur,Uttar Pradesh,2022,212,6,215,6.4
10175,Gorakhpur_Village_50,Gorakhpur,Uttar Pradesh,2023,173,23,330,13.0
10175,Gorakhpur_Village_50,Gorakhpur,Uttar Pradesh,2024,82,22,347,9.8
10175,Gorakhpur_Village_50,Gorakhpur,Uttar Pradesh,2025,210,20,258,6.1
10176,Gorakhpur_Village_51,Gorakhpur,Uttar Pradesh,2022,238,8,338,7.4
10176,Gorakhpur_Village_51,Gorakhpur,Uttar Pradesh,2023,228,16,301,8.2
10176,Gorakhpur_Village_51,Gorakhpur,Uttar Pradesh,2024,220,33,333,8.5
10176,Gorakhpur_Village_51,Gorakhpur,Uttar Pradesh,2025,150,11,385,4.2
10177,Gorakhpur_Village_52,Gorakhpur,Uttar Pradesh,2022,61,18,243,13.3
10177,Gorakhpur_Village_52,Gorakhpur,Uttar Pradesh,2023,116,16,242,5.4
10177,Gorakhpur_Village_52,Gorakhpur,Uttar Pradesh,2024,114,39,245,8.8
10177,Gorakhpur_Village_52,Gorakhpur,Uttar Pradesh,2025,210,9,294,7.3
10178,Gorakhpur_Village_53,Gorakhpur,Uttar Pradesh,2022,217,21,314,9.9
10178,Gorakhpur_Village_53,Gorakhpur,Uttar Pradesh,2023,123,36,282,13.4
10178,Gorakhpur_Village_53,Gorakhpur,Uttar Pradesh,2024,92,14,321,14.1
10178,Gorakhpur_Village_53,Gorakhpur,Uttar Pradesh,2025,93,21,365,3.5
10179,Gorakhpur_Village_54,Gorakhpur,Uttar Pradesh,2022,78,9,339,8.6
10179,Gorakhpur_Village_54,Gorakhpur,Uttar Pradesh,2023,190,13,230,12.7
10179,Gorakhpur_Village_54,Gorakhpur,Uttar Pradesh,2024,61,37,282,7.1
10179,Gorakhpur_Village_54,Gorakhpur,Uttar Pradesh,2025,144,22,293,10.1
10180,Gorakhpur_Village_55,Gorakhpur,Uttar Pradesh,2022,95,13,261,14.9
10180,Gorakhpur_Village_55,Gorakhpur,Uttar Pradesh,2023,179,33,298,10.9
10180,Gorakhpur_Village_55,Gorakhpur,Uttar Pradesh,2024,292,18,285,4.9
10180,Gorakhpur_Village_55,Gorakhpur,Uttar Pradesh,2025,291,29,364,12.2
10181,Gorakhpur_Village_56,Gorakhpur,Uttar Pradesh,2022,84,19,289,14.6
10181,Gorakhpur_Village_56,Gorakhpur,Uttar Pradesh,2023,264,10,364,11.6
10181,Gorakhpur_Village_56,Gorakhpur,Uttar Pradesh,2024,130,33,349,8.1
10181,Gorakhpur_Village_56,Gorakhpur,Uttar Pradesh,2025,139,19,317,13.3
10182,Gorakhpur_Village_57,Gorakhpur,Uttar Pradesh,2022,57,33,268,14.7
10182,Gorakhpur_Village_57,Gorakhpur,Uttar Pradesh,2023,142,8,312,13.9
10182,Gorakhpur_Village_57,Gorakhpur,Uttar Pradesh,2024,203,22,231,8.0
10182,Gorakhpur_Village_57,Gorakhpur,Uttar Pradesh,2025,251,20,297,11.6
10183,Gorakhpur_Village_58,Gorakhpur,Uttar Pradesh,2022,139,15,318,11.4
10183,Gorakhpur_Village_58,Gorakhpur,Uttar Pradesh,2023,211,18,221,6.0
10183,Gorakhpur_Village_58,Gorakhpur,Uttar Pradesh,2024,164,7,377,9.3
10183,Gorakhpur_Village_58,Gorakhpur,Uttar Pradesh,2025,154,22,319,11.2
10184,Gorakhpur_Village_59,Gorakhpur,Uttar Pradesh,2022,184,24,294,13.9
10184,Gorakhpur_Village_59,Gorakhpur,Uttar Pradesh,2023,245,29,217,13.2
10184,Gorakhpur_Village_59,Gorakhpur,Uttar Pradesh,2024,107,17,308,5.3
10184,Gorakhpur_Village_59,Gorakhpur,Uttar Pradesh,2025,294,8,261,8.4
10185,Gorakhpur_Village_60,Gorakhpur,Uttar Pradesh,2022,163,18,311,9.5
10185,Gorakhpur_Village_60,Gorakhpur,Uttar Pradesh,2023,286,37,266,13.5
10185,Gorakhpur_Village_60,Gorakhpur,Uttar Pradesh,2024,124,32,236,3.7
10185,Gorakhpur_Village_60,Gorakhpur,Uttar Pradesh,2025,206,12,356,11.1
10186,Gorakhpur_Village_61,Gorakhpur,Uttar Pradesh,2022,169,38,332,11.0
10186,Gorakhpur_Village_61,Gorakhpur,Uttar Pradesh,2023,213,9,268,13.8
10186,Gorakhpur_Village_61,Gorakhpur,Uttar Pradesh,2024,266,9,290,8.5
10186,Gorakhpur_Village_61,Gorakhpur,Uttar Pradesh,2025,70,35,353,10.2
10187,Gorakhpur_Village_62,Gorakhpur,Uttar Pradesh,2022,298,13,215,14.7
10187,Gorakhpur_Village_62,Gorakhpur,Uttar Pradesh,2023,213,36,261,11.9
10187,Gorakhpur_Village_62,Gorakhpur,Uttar Pradesh,2024,187,37,277,4.4
10187,Gorakhpur_Village_62,Gorakhpur,Uttar Pradesh,2025,150,7,365,5.1
10188,Gorakhpur_Village_63,Gorakhpur,Uttar Pradesh,2022,250,34,263,13.1
10188,Gorakhpur_Village_63,Gorakhpur,Uttar Pradesh,2023,201,16,264,7.6
10188,Gorakhpur_Village_63,Gorakhpur,Uttar Pradesh,2024,241,33,270,11.1
10188,Gorakhpur_Village_63,Gorakhpur,Uttar Pradesh,2025,276,7,266,10.6
10189,Gorakhpur_Village_64,Gorakhpur,Uttar Pradesh,2022,226,30,314,14.9
10189,Gorakhpur_Village_64,Gorakhpur,Uttar Pradesh,2023,148,34,219,9.0
10189,Gorakhpur_Village_64,Gorakhpur,Uttar Pradesh,2024,289,13,374,11.4
10189,Gorakhpur_Village_64,Gorakhpur,Uttar Pradesh,2025,85,30,345,3.8
10190,Gorakhpur_Village_65,Gorakhpur,Uttar Pradesh,2022,259,6,277,9.4
10190,Gorakhpur_Village_65,Gorakhpur,Uttar Pradesh,2023,290,7,255,6.1
10190,Gorakhpur_Village_65,Gorakhpur,Uttar Pradesh,2024,280,8,321,12.5
10190,Gorakhpur_Village_65,Gorakhpur,Uttar Pradesh,2025,145,29,266,12.1
10191,Gorakhpur_Village_66,Gorakhpur,Uttar Pradesh,2022,201,17,252,7.0
10191,Gorakhpur_Village_66,Gorakhpur,Uttar Pradesh,2023,200,39,307,7.4
10191,Gorakhpur_Village_66,Gorakhpur,Uttar Pradesh,2024,239,27,239,11.1
10191,Gorakhpur_Village_66,Gorakhpur,Uttar Pradesh,2025,273,13,390,11.1
10192,Gorakhpur_Village_67,Gorakhpur,Uttar Pradesh,2022,86,6,248,11.4
10192,Gorakhpur_Village_67,Gorakhpur,Uttar Pradesh,2023,61,35,285,14.6
10192,Gorakhpur_Village_67,Gorakhpur,Uttar Pradesh,2024,162,6,248,12.8
10192,Gorakhpur_Village_67,Gorakhpur,Uttar Pradesh,2025,232,36,299,7.7
10193,Gorakhpur_Village_68,Gorakhpur,Uttar Pradesh,2022,62,22,220,7.9
10193,Gorakhpur_Village_68,Gorakhpur,Uttar Pradesh,2023,72,17,240,10.4
10193,Gorakhpur_Village_68,Gorakhpur,Uttar Pradesh,2024,266,9,257,12.3
10193,Gorakhpur_Village_68,Gorakhpur,Uttar Pradesh,2025,148,14,284,8.3
10194,Gorakhpur_Village_69,Gorakhpur,Uttar Pradesh,2022,154,29,228,12.2
10194,Gorakhpur_Village_69,Gorakhpur,Uttar Pradesh,2023,79,38,234,4.3
10194,Gorakhpur_Village_69,Gorakhpur,Uttar Pradesh,2024,66,34,249,13.4
10194,Gorakhpur_Village_69,Gorakhpur,Uttar Pradesh,2025,162,11,318,11.4
10195,Gorakhpur_Village_70,Gorakhpur,Uttar Pradesh,2022,111,10,339,8.6
10195,Gorakhpur_Village_70,Gorakhpur,Uttar Pradesh,2023,133,7,334,8.1
10195,Gorakhpur_Village_70,Gorakhpur,Uttar Pradesh,2024,161,17,326,4.8
10195,Gorakhpur_Village_70,Gorakhpur,Uttar Pradesh,2025,266,7,364,11.9
10196,Gorakhpur_Village_71,Gorakhpur,Uttar Pradesh,2022,135,30,224,12.6
10196,Gorakhpur_Village_71,Gorakhpur,Uttar Pradesh,2023,190,28,218,10.7
10196,Gorakhpur_Village_71,Gorakhpur,Uttar Pradesh,2024,236,10,233,4.8
10196,Gorakhpur_Village_71,Gorakhpur,Uttar Pradesh,2025,68,16,381,6.1
10197,Gorakhpur_Village_72,Gorakhpur,Uttar Pradesh,2022,226,6,342,9.3
10197,Gorakhpur_Village_72,Gorakhpur,Uttar Pradesh,2023,149,15,240,6.9
10197,Gorakhpur_Village_72,Gorakhpur,Uttar Pradesh,2024,189,38,308,8.3
10197,Gorakhpur_Village_72,Gorakhpur,Uttar Pradesh,2025,238,30,334,5.7
10198,Gorakhpur_Village_73,Gorakhpur,Uttar Pradesh,2022,282,22,270,8.2
10198,Gorakhpur_Village_73,Gorakhpur,Uttar Pradesh,2023,196,25,290,10.9
10198,Gorakhpur_Village_73,Gorakhpur,Uttar Pradesh,2024,125,26,328,13.1
10198,Gorakhpur_Village_73,Gorakhpur,Uttar Pradesh,2025,58,34,371,7.3
10199,Gorakhpur_Village_74,Gorakhpur,Uttar Pradesh,2022,248,34,231,11.8
10199,Gorakhpur_Village_74,Gorakhpur,Uttar Pradesh,2023,77,12,223,5.5
10199,Gorakhpur_Village_74,Gorakhpur,Uttar Pradesh,2024,255,38,307,9.4
10199,Gorakhpur_Village_74,Gorakhpur,Uttar Pradesh,2025,272,13,257,13.0
10200,Gorakhpur_Village_75,Gorakhpur,Uttar Pradesh,2022,177,24,323,4.8
10200,Gorakhpur_Village_75,Gorakhpur,Uttar Pradesh,2023,101,29,310,6.9
10200,Gorakhpur_Village_75,Gorakhpur,Uttar Pradesh,2024,132,23,312,5.1
10200,Gorakhpur_Village_75,Gorakhpur,Uttar Pradesh,2025,299,9,388,8.9
10201,Gorakhpur_Village_76,Gorakhpur,Uttar Pradesh,2022,160,15,339,11.6
10201,Gorakhpur_Village_76,Gorakhpur,Uttar Pradesh,2023,193,19,232,4.7
10201,Gorakhpur_Village_76,Gorakhpur,Uttar Pradesh,2024,166,12,370,4.4
10201,Gorakhpur_Village_76,Gorakhpur,Uttar Pradesh,2025,118,23,337,12.4
10202,Gorakhpur_Village_77,Gorakhpur,Uttar Pradesh,2022,148,27,223,9.3
10202,Gorakhpur_Village_77,Gorakhpur,Uttar Pradesh,2023,189,31,316,9.0
10202,Gorakhpur_Village_77,Gorakhpur,Uttar Pradesh,2024,74,36,369,13.6
10202,Gorakhpur_Village_77,Gorakhpur,Uttar Pradesh,2025,229,30,304,6.7
10203,Gorakhpur_Village_78,Gorakhpur,Uttar Pradesh,2022,172,31,259,13.9
10203,Gorakhpur_Village_78,Gorakhpur,Uttar Pradesh,2023,262,23,314,14.3
10203,Gorakhpur_Village_78,Gorakhpur,Uttar Pradesh,2024,277,33,230,6.2
10203,Gorakhpur_Village_78,Gorakhpur,Uttar Pradesh,2025,102,37,287,8.7
10204,Gorakhpur_Village_79,Gorakhpur,Uttar Pradesh,2022,200,23,254,10.1
10204,Gorakhpur_Village_79,Gorakhpur,Uttar Pradesh,2023,193,23,248,13.2
10204,Gorakhpur_Village_79,Gorakhpur,Uttar Pradesh,2024,106,37,263,6.9
10204,Gorakhpur_Village_79,Gorakhpur,Uttar Pradesh,2025,88,20,354,11.7
10205,Gorakhpur_Village_80,Gorakhpur,Uttar Pradesh,2022,158,27,283,14.7
10205,Gorakhpur_Village_80,Gorakhpur,Uttar Pradesh,2023,230,11,304,12.9
10205,Gorakhpur_Village_80,Gorakhpur,Uttar Pradesh,2024,91,30,308,13.2
10205,Gorakhpur_Village_80,Gorakhpur,Uttar Pradesh,2025,235,36,315,10.7
10206,Gorakhpur_Village_81,Gorakhpur,Uttar Pradesh,2022,216,16,270,14.0
10206,Gorakhpur_Village_81,Gorakhpur,Uttar Pradesh,2023,191,12,328,5.8
10206,Gorakhpur_Village_81,Gorakhpur,Uttar Pradesh,2024,272,9,258,11.2
10206,Gorakhpur_Village_81,Gorakhpur,Uttar Pradesh,2025,171,32,387,11.0
10207,Gorakhpur_Village_82,Gorakhpur,Uttar Pradesh,2022,182,9,296,9.1
10207,Gorakhpur_Village_82,Gorakhpur,Uttar Pradesh,2023,212,30,267,4.9
10207,Gorakhpur_Village_82,Gorakhpur,Uttar Pradesh,2024,264,9,374,10.2
10207,Gorakhpur_Village_82,Gorakhpur,Uttar Pradesh,2025,270,26,308,3.8
10208,Gorakhpur_Village_83,Gorakhpur,Uttar Pradesh,2022,284,19,260,8.5
10208,Gorakhpur_Village_83,Gorakhpur,Uttar Pradesh,2023,124,17,322,8.2
10208,Gorakhpur_Village_83,Gorakhpur,Uttar Pradesh,2024,195,32,266,14.2
10208,Gorakhpur_Village_83,Gorakhpur,Uttar Pradesh,2025,288,37,379,6.4
10209,Gorakhpur_Village_84,Gorakhpur,Uttar Pradesh,2022,125,27,207,13.1
10209,Gorakhpur_Village_84,Gorakhpur,Uttar Pradesh,2023,58,37,292,4.7
10209,Gorakhpur_Village_84,Gorakhpur,Uttar Pradesh,2024,123,22,297,9.3
10209,Gorakhpur_Village_84,Gorakhpur,Uttar Pradesh,2025,235,34,265,8.9
10210,Gorakhpur_Village_85,Gorakhpur,Uttar Pradesh,2022,285,30,293,11.1
10210,Gorakhpur_Village_85,Gorakhpur,Uttar Pradesh,2023,194,20,289,12.6
10210,Gorakhpur_Village_85,Gorakhpur,Uttar Pradesh,2024,279,17,371,11.7
10210,Gorakhpur_Village_85,Gorakhpur,Uttar Pradesh,2025,56,37,322,11.3
10211,Gorakhpur_Village_86,Gorakhpur,Uttar Pradesh,2022,223,30,265,9.0
10211,Gorakhpur_Village_86,Gorakhpur,Uttar Pradesh,2023,190,5,360,11.7
10211,Gorakhpur_Village_86,Gorakhpur,Uttar Pradesh,2024,217,6,283,8.9
10211,Gorakhpur_Village_86,Gorakhpur,Uttar Pradesh,2025,219,10,344,4.0
10212,Gorakhpur_Village_87,Gorakhpur,Uttar Pradesh,2022,186,28,220,13.8
10212,Gorakhpur_Village_87,Gorakhpur,Uttar Pradesh,2023,227,22,267,13.4
10212,Gorakhpur_Village_87,Gorakhpur,Uttar Pradesh,2024,76,31,312,7.1
10212,Gorakhpur_Village_87,Gorakhpur,Uttar Pradesh,2025,171,12,388,12.9
10213,Gorakhpur_Village_88,Gorakhpur,Uttar Pradesh,2022,243,32,203,12.5
10213,Gorakhpur_Village_88,Gorakhpur,Uttar Pradesh,2023,54,14,269,8.3
10213,Gorakhpur_Village_88,Gorakhpur,Uttar Pradesh,2024,78,21,244,7.2
10213,Gorakhpur_Village_88,Gorakhpur,Uttar Pradesh,2025,214,33,308,13.5
10214,Gorakhpur_Village_89,Gorakhpur,Uttar Pradesh,2022,215,10,311,12.0
10214,Gorakhpur_Village_89,Gorakhpur,Uttar Pradesh,2023,132,18,358,8.1
10214,Gorakhpur_Village_89,Gorakhpur,Uttar Pradesh,2024,185,26,347,10.4
10214,Gorakhpur_Village_89,Gorakhpur,Uttar Pradesh,2025,289,10,264,9.3
10215,Gorakhpur_Village_90,Gorakhpur,Uttar Pradesh,2022,158,30,263,10.0
10215,Gorakhpur_Village_90,Gorakhpur,Uttar Pradesh,2023,114,16,247,10.9
10215,Gorakhpur_Village_90,Gorakhpur,Uttar Pradesh,2024,135,39,310,9.3
10215,Gorakhpur_Village_90,Gorakhpur,Uttar Pradesh,2025,293,18,370,10.2
10216,Gorakhpur_Village_91,Gorakhpur,Uttar Pradesh,2022,194,26,268,14.0
10216,Gorakhpur_Village_91,Gorakhpur,Uttar Pradesh,2023,120,27,308,14.5
10216,Gorakhpur_Village_91,Gorakhpur,Uttar Pradesh,2024,266,11,297,11.1
10216,Gorakhpur_Village_91,Gorakhpur,Uttar Pradesh,2025,94,29,331,13.0
10217,Gorakhpur_Village_92,Gorakhpur,Uttar Pradesh,2022,181,17,220,13.5
10217,Gorakhpur_Village_92,Gorakhpur,Uttar Pradesh,2023,85,25,277,7.2
10217,Gorakhpur_Village_92,Gorakhpur,Uttar Pradesh,2024,119,14,314,13.5
10217,Gorakhpur_Village_92,Gorakhpur,Uttar Pradesh,2025,208,13,378,4.0
10218,Gorakhpur_Village_93,Gorakhpur,Uttar Pradesh,2022,68,19,223,8.0
10218,Gorakhpur_Village_93,Gorakhpur,Uttar Pradesh,2023,238,6,325,10.8
10218,Gorakhpur_Village_93,Gorakhpur,Uttar Pradesh,2024,157,29,324,9.2
10218,Gorakhpur_Village_93,Gorakhpur,Uttar Pradesh,2025,231,17,327,9.0
10219,Gorakhpur_Village_94,Gorakhpur,Uttar Pradesh,2022,216,38,301,12.8
10219,Gorakhpur_Village_94,Gorakhpur,Uttar Pradesh,2023,140,38,292,6.1
10219,Gorakhpur_Village_94,Gorakhpur,Uttar Pradesh,2024,251,39,353,14.0
10219,Gorakhpur_Village_94,Gorakhpur,Uttar Pradesh,2025,139,7,384,7.9
10220,Gorakhpur_Village_95,Gorakhpur,Uttar Pradesh,2022,68,10,319,14.5
10220,Gorakhpur_Village_95,Gorakhpur,Uttar Pradesh,2023,88,23,229,8.1
10220,Gorakhpur_Village_95,Gorakhpur,Uttar Pradesh,2024,175,7,312,10.0
10220,Gorakhpur_Village_95,Gorakhpur,Uttar Pradesh,2025,244,22,250,8.0
10221,Gorakhpur_Village_96,Gorakhpur,Uttar Pradesh,2022,222,13,266,11.6
10221,Gorakhpur_Village_96,Gorakhpur,Uttar Pradesh,2023,190,16,336,6.0
10221,Gorakhpur_Village_96,Gorakhpur,Uttar Pradesh,2024,291,9,378,7.9
10221,Gorakhpur_Village_96,Gorakhpur,Uttar Pradesh,2025,269,7,328,4.0
10222,Gorakhpur_Village_97,Gorakhpur,Uttar Pradesh,2022,175,15,310,10.8
10222,Gorakhpur_Village_97,Gorakhpur,Uttar Pradesh,2023,107,34,359,14.2
10222,Gorakhpur_Village_97,Gorakhpur,Uttar Pradesh,2024,197,8,365,4.2
10222,Gorakhpur_Village_97,Gorakhpur,Uttar Pradesh,2025,269,9,308,10.2
10223,Gorakhpur_Village_98,Gorakhpur,Uttar Pradesh,2022,249,5,325,12.6
10223,Gorakhpur_Village_98,Gorakhpur,Uttar Pradesh,2023,110,31,242,6.3
10223,Gorakhpur_Village_98,Gorakhpur,Uttar Pradesh,2024,176,32,327,6.6
10223,Gorakhpur_Village_98,Gorakhpur,Uttar Pradesh,2025,154,33,385,5.4
10224,Gorakhpur_Village_99,Gorakhpur,Uttar Pradesh,2022,216,22,212,7.6
10224,Gorakhpur_Village_99,Gorakhpur,Uttar Pradesh,2023,50,16,300,5.3
10224,Gorakhpur_Village_99,Gorakhpur,Uttar Pradesh,2024,180,17,250,7.6
10224,Gorakhpur_Village_99,Gorakhpur,Uttar Pradesh,2025,254,6,307,7.2
10225,Gorakhpur_Village_100,Gorakhpur,Uttar Pradesh,2022,141,20,310,13.0
10225,Gorakhpur_Village_100,Gorakhpur,Uttar Pradesh,2023,239,28,290,12.5
10225,Gorakhpur_Village_100,Gorakhpur,Uttar Pradesh,2024,298,39,302,12.1
10225,Gorakhpur_Village_100,Gorakhpur,Uttar Pradesh,2025,240,26,251,9.3
10226,Gorakhpur_Village_101,Gorakhpur,Uttar Pradesh,2022,162,15,271,7.9
10226,Gorakhpur_Village_101,Gorakhpur,Uttar Pradesh,2023,202,33,343,8.4
10226,Gorakhpur_Village_101,Gorakhpur,Uttar Pradesh,2024,105,39,360,7.0
10226,Gorakhpur_Village_101,Gorakhpur,Uttar Pradesh,2025,210,19,348,9.4
10227,Gorakhpur_Village_102,Gorakhpur,Uttar Pradesh,2022,215,35,227,14.3
10227,Gorakhpur_Village_102,Gorakhpur,Uttar Pradesh,2023,166,20,257,7.1
10227,Gorakhpur_Village_102,Gorakhpur,Uttar Pradesh,2024,183,14,326,8.5
10227,Gorakhpur_Village_102,Gorakhpur,Uttar Pradesh,2025,107,36,290,10.2
10228,Gorakhpur_Village_103,Gorakhpur,Uttar Pradesh,2022,93,6,200,13.4
10228,Gorakhpur_Village_103,Gorakhpur,Uttar Pradesh,2023,222,28,316,6.8
10228,Gorakhpur_Village_103,Gorakhpur,Uttar Pradesh,2024,209,27,264,6.6
10228,Gorakhpur_Village_103,Gorakhpur,Uttar Pradesh,2025,222,6,298,12.6
10229,Gorakhpur_Village_104,Gorakhpur,Uttar Pradesh,2022,110,35,223,5.3
10229,Gorakhpur_Village_104,Gorakhpur,Uttar Pradesh,2023,96,30,236,10.5
10229,Gorakhpur_Village_104,Gorakhpur,Uttar Pradesh,2024,198,33,245,12.7
10229,Gorakhpur_Village_104,Gorakhpur,Uttar Pradesh,2025,129,7,257,13.0
10230,Gorakhpur_Village_105,Gorakhpur,Uttar Pradesh,2022,167,18,299,4.6
10230,Gorakhpur_Village_105,Gorakhpur,Uttar Pradesh,2023,262,29,314,8.0
10230,Gorakhpur_Village_105,Gorakhpur,Uttar Pradesh,2024,252,5,291,6.4
10230,Gorakhpur_Village_105,Gorakhpur,Uttar Pradesh,2025,278,7,331,9.3
10231,Gorakhpur_Village_106,Gorakhpur,Uttar Pradesh,2022,213,30,277,11.1
10231,Gorakhpur_Village_106,Gorakhpur,Uttar Pradesh,2023,276,22,281,14.6
10231,Gorakhpur_Village_106,Gorakhpur,Uttar Pradesh,2024,196,13,320,9.1
10231,Gorakhpur_Village_106,Gorakhpur,Uttar Pradesh,2025,69,27,277,9.1
10232,Gorakhpur_Village_107,Gorakhpur,Uttar Pradesh,2022,234,25,314,8.9
10232,Gorakhpur_Village_107,Gorakhpur,Uttar Pradesh,2023,195,5,233,5.7
10232,Gorakhpur_Village_107,Gorakhpur,Uttar Pradesh,2024,96,25,353,6.9
10232,Gorakhpur_Village_107,Gorakhpur,Uttar Pradesh,2025,282,31,387,5.9
10233,Gorakhpur_Village_108,Gorakhpur,Uttar Pradesh,2022,98,10,319,12.9
10233,Gorakhpur_Village_108,Gorakhpur,Uttar Pradesh,2023,63,32,311,9.8
10233,Gorakhpur_Village_108,Gorakhpur,Uttar Pradesh,2024,192,21,253,6.8
10233,Gorakhpur_Village_108,Gorakhpur,Uttar Pradesh,2025,208,7,271,8.4
10234,Gorakhpur_Village_109,Gorakhpur,Uttar Pradesh,2022,50,16,274,6.8
10234,Gorakhpur_Village_109,Gorakhpur,Uttar Pradesh,2023,166,16,237,6.0
10234,Gorakhpur_Village_109,Gorakhpur,Uttar Pradesh,2024,103,6,270,12.7
10234,Gorakhpur_Village_109,Gorakhpur,Uttar Pradesh,2025,167,26,300,13.2
10235,Gorakhpur_Village_110,Gorakhpur,Uttar Pradesh,2022,52,27,297,5.3
10235,Gorakhpur_Village_110,Gorakhpur,Uttar Pradesh,2023,193,34,360,12.1
10235,Gorakhpur_Village_110,Gorakhpur,Uttar Pradesh,2024,264,9,235,8.5
10235,Gorakhpur_Village_110,Gorakhpur,Uttar Pradesh,2025,234,13,284,7.4
10236,Gorakhpur_Village_111,Gorakhpur,Uttar Pradesh,2022,252,25,241,11.7
10236,Gorakhpur_Village_111,Gorakhpur,Uttar Pradesh,2023,61,15,246,6.9
10236,Gorakhpur_Village_111,Gorakhpur,Uttar Pradesh,2024,123,9,239,3.9
10236,Gorakhpur_Village_111,Gorakhpur,Uttar Pradesh,2025,273,39,313,5.5
10237,Gorakhpur_Village_112,Gorakhpur,Uttar Pradesh,2022,65,31,208,6.4
10237,Gorakhpur_Village_112,Gorakhpur,Uttar Pradesh,2023,249,6,283,4.5
10237,Gorakhpur_Village_112,Gorakhpur,Uttar Pradesh,2024,151,28,368,7.1
10237,Gorakhpur_Village_112,Gorakhpur,Uttar Pradesh,2025,253,35,343,8.3
10238,Gorakhpur_Village_113,Gorakhpur,Uttar Pradesh,2022,201,37,273,12.2
10238,Gorakhpur_Village_113,Gorakhpur,Uttar Pradesh,2023,205,34,317,7.5
10238,Gorakhpur_Village_113,Gorakhpur,Uttar Pradesh,2024,166,32,352,5.7
10238,Gorakhpur_Village_113,Gorakhpur,Uttar Pradesh,2025,57,35,346,5.7
10239,Gorakhpur_Village_114,Gorakhpur,Uttar Pradesh,2022,171,15,207,13.9
10239,Gorakhpur_Village_114,Gorakhpur,Uttar Pradesh,2023,141,27,233,6.2
10239,Gorakhpur_Village_114,Gorakhpur,Uttar Pradesh,2024,213,6,231,12.9
10239,Gorakhpur_Village_114,Gorakhpur,Uttar Pradesh,2025,139,31,299,8.0
10240,Gorakhpur_Village_115,Gorakhpur,Uttar Pradesh,2022,185,39,338,14.3
10240,Gorakhpur_Village_115,Gorakhpur,Uttar Pradesh,2023,235,6,231,8.4
10240,Gorakhpur_Village_115,Gorakhpur,Uttar Pradesh,2024,109,25,290,5.6
10240,Gorakhpur_Village_115,Gorakhpur,Uttar Pradesh,2025,227,9,375,9.1
10241,Gorakhpur_Village_116,Gorakhpur,Uttar Pradesh,2022,77,25,285,10.7
10241,Gorakhpur_Village_116,Gorakhpur,Uttar Pradesh,2023,269,33,249,10.8
10241,Gorakhpur_Village_116,Gorakhpur,Uttar Pradesh,2024,150,24,332,8.0
10241,Gorakhpur_Village_116,Gorakhpur,Uttar Pradesh,2025,90,24,310,3.8
10242,Gorakhpur_Village_117,Gorakhpur,Uttar Pradesh,2022,277,29,200,11.1
10242,Gorakhpur_Village_117,Gorakhpur,Uttar Pradesh,2023,241,6,349,13.9
10242,Gorakhpur_Village_117,Gorakhpur,Uttar Pradesh,2024,204,36,377,13.8
10242,Gorakhpur_Village_117,Gorakhpur,Uttar Pradesh,2025,295,30,363,9.6
10243,Gorakhpur_Village_118,Gorakhpur,Uttar Pradesh,2022,240,10,333,4.7
10243,Gorakhpur_Village_118,Gorakhpur,Uttar Pradesh,2023,194,7,269,5.2
10243,Gorakhpur_Village_118,Gorakhpur,Uttar Pradesh,2024,250,37,329,12.5
10243,Gorakhpur_Village_118,Gorakhpur,Uttar Pradesh,2025,210,5,265,12.0
10244,Gorakhpur_Village_119,Gorakhpur,Uttar Pradesh,2022,294,9,250,14.4
10244,Gorakhpur_Village_119,Gorakhpur,Uttar Pradesh,2023,261,17,314,10.0
10244,Gorakhpur_Village_119,Gorakhpur,Uttar Pradesh,2024,254,23,237,12.8
10244,Gorakhpur_Village_119,Gorakhpur,Uttar Pradesh,2025,269,16,312,12.0
10245,Gorakhpur_Village_120,Gorakhpur,Uttar Pradesh,2022,289,29,306,10.7
10245,Gorakhpur_Village_120,Gorakhpur,Uttar Pradesh,2023,206,39,358,12.3
10245,Gorakhpur_Village_120,Gorakhpur,Uttar Pradesh,2024,190,16,296,5.0
10245,Gorakhpur_Village_120,Gorakhpur,Uttar Pradesh,2025,95,34,246,10.0
10246,Gorakhpur_Village_121,Gorakhpur,Uttar Pradesh,2022,84,9,200,14.5
10246,Gorakhpur_Village_121,Gorakhpur,Uttar Pradesh,2023,183,38,215,5.8
10246,Gorakhpur_Village_121,Gorakhpur,Uttar Pradesh,2024,131,26,331,11.5
10246,Gorakhpur_Village_121,Gorakhpur,Uttar Pradesh,2025,164,17,359,6.7
10247,Gorakhpur_Village_122,Gorakhpur,Uttar Pradesh,2022,246,7,334,13.1
10247,Gorakhpur_Village_122,Gorakhpur,Uttar Pradesh,2023,96,24,302,11.4
10247,Gorakhpur_Village_122,Gorakhpur,Uttar Pradesh,2024,202,35,321,13.4
10247,Gorakhpur_Village_122,Gorakhpur,Uttar Pradesh,2025,243,9,262,10.8
10248,Gorakhpur_Village_123,Gorakhpur,Uttar Pradesh,2022,59,28,287,8.8
10248,Gorakhpur_Village_123,Gorakhpur,Uttar Pradesh,2023,105,37,247,4.2
10248,Gorakhpur_Village_123,Gorakhpur,Uttar Pradesh,2024,79,12,302,12.0
10248,Gorakhpur_Village_123,Gorakhpur,Uttar Pradesh,2025,291,28,272,7.6
10249,Gorakhpur_Village_124,Gorakhpur,Uttar Pradesh,2022,158,24,286,11.5
10249,Gorakhpur_Village_124,Gorakhpur,Uttar Pradesh,2023,54,20,267,5.2
10249,Gorakhpur_Village_124,Gorakhpur,Uttar Pradesh,2024,168,16,273,13.1
10249,Gorakhpur_Village_124,Gorakhpur,Uttar Pradesh,2025,297,17,324,7.9
10250,Gorakhpur_Village_125,Gorakhpur,Uttar Pradesh,2022,82,29,337,14.2
10250,Gorakhpur_Village_125,Gorakhpur,Uttar Pradesh,2023,167,36,228,11.5
10250,Gorakhpur_Village_125,Gorakhpur,Uttar Pradesh,2024,114,28,332,5.0
10250,Gorakhpur_Village_125,Gorakhpur,Uttar Pradesh,2025,195,13,280,9.4
10251,Agra_Village_1,Agra,Uttar Pradesh,2022,273,27,233,14.1
10251,Agra_Village_1,Agra,Uttar Pradesh,2023,288,17,302,12.5
10251,Agra_Village_1,Agra,Uttar Pradesh,2024,226,36,375,8.1
10251,Agra_Village_1,Agra,Uttar Pradesh,2025,60,19,260,13.3
10252,Agra_Village_2,Agra,Uttar Pradesh,2022,134,9,240,7.3
10252,Agra_Village_2,Agra,Uttar Pradesh,2023,75,26,239,8.0
10252,Agra_Village_2,Agra,Uttar Pradesh,2024,112,20,355,11.6
10252,Agra_Village_2,Agra,Uttar Pradesh,2025,266,14,252,5.7
10253,Agra_Village_3,Agra,Uttar Pradesh,2022,135,28,311,9.9
10253,Agra_Village_3,Agra,Uttar Pradesh,2023,108,22,308,11.8
10253,Agra_Village_3,Agra,Uttar Pradesh,2024,76,22,313,10.5
10253,Agra_Village_3,Agra,Uttar Pradesh,2025,226,11,390,4.9
10254,Agra_Village_4,Agra,Uttar Pradesh,2022,254,8,267,11.1
10254,Agra_Village_4,Agra,Uttar Pradesh,2023,210,30,281,10.1
10254,Agra_Village_4,Agra,Uttar Pradesh,2024,147,9,375,9.6
10254,Agra_Village_4,Agra,Uttar Pradesh,2025,154,20,355,12.0
10255,Agra_Village_5,Agra,Uttar Pradesh,2022,148,39,217,6.4
10255,Agra_Village_5,Agra,Uttar Pradesh,2023,178,30,270,12.0
10255,Agra_Village_5,Agra,Uttar Pradesh,2024,198,22,264,11.7
10255,Agra_Village_5,Agra,Uttar Pradesh,2025,289,33,378,10.9
10256,Agra_Village_6,Agra,Uttar Pradesh,2022,104,27,317,9.8
10256,Agra_Village_6,Agra,Uttar Pradesh,2023,55,18,240,8.3
10256,Agra_Village_6,Agra,Uttar Pradesh,2024,269,19,290,7.8
10256,Agra_Village_6,Agra,Uttar Pradesh,2025,258,37,332,11.0
10257,Agra_Village_7,Agra,Uttar Pradesh,2022,246,29,214,9.7
10257,Agra_Village_7,Agra,Uttar Pradesh,2023,144,25,305,7.7
10257,Agra_Village_7,Agra,Uttar Pradesh,2024,182,21,261,10.3
10257,Agra_Village_7,Agra,Uttar Pradesh,2025,151,27,384,12.1
10258,Agra_Village_8,Agra,Uttar Pradesh,2022,52,21,332,5.1
10258,Agra_Village_8,Agra,Uttar Pradesh,2023,230,18,278,14.3
10258,Agra_Village_8,Agra,Uttar Pradesh,2024,72,33,315,4.7
10258,Agra_Village_8,Agra,Uttar Pradesh,2025,278,24,289,8.7
10259,Agra_Village_9,Agra,Uttar Pradesh,2022,102,34,234,10.4
10259,Agra_Village_9,Agra,Uttar Pradesh,2023,214,23,240,5.6
10259,Agra_Village_9,Agra,Uttar Pradesh,2024,251,17,252,13.3
10259,Agra_Village_9,Agra,Uttar Pradesh,2025,251,22,385,8.3
10260,Agra_Village_10,Agra,Uttar Pradesh,2022,132,27,330,6.0
10260,Agra_Village_10,Agra,Uttar Pradesh,2023,194,37,243,11.6
10260,Agra_Village_10,Agra,Uttar Pradesh,2024,134,22,293,10.7
10260,Agra_Village_10,Agra,Uttar Pradesh,2025,127,13,357,13.4
10261,Agra_Village_11,Agra,Uttar Pradesh,2022,250,37,333,9.1
10261,Agra_Village_11,Agra,Uttar Pradesh,2023,159,36,353,6.9
10261,Agra_Village_11,Agra,Uttar Pradesh,2024,50,21,347,4.3
10261,Agra_Village_11,Agra,Uttar Pradesh,2025,100,23,311,11.0
10262,Agra_Village_12,Agra,Uttar Pradesh,2022,222,31,307,11.0
10262,Agra_Village_12,Agra,Uttar Pradesh,2023,254,10,300,14.3
10262,Agra_Village_12,Agra,Uttar Pradesh,2024,53,39,258,11.2
10262,Agra_Village_12,Agra,Uttar Pradesh,2025,239,38,304,13.1
10263,Agra_Village_13,Agra,Uttar Pradesh,2022,242,24,253,14.9
10263,Agra_Village_13,Agra,Uttar Pradesh,2023,162,29,307,8.6
10263,Agra_Village_13,Agra,Uttar Pradesh,2024,281,8,298,5.3
10263,Agra_Village_13,Agra,Uttar Pradesh,2025,81,14,361,5.4
10264,Agra_Village_14,Agra,Uttar Pradesh,2022,83,14,208,7.8
10264,Agra_Village_14,Agra,Uttar Pradesh,2023,141,28,340,9.4
10264,Agra_Village_14,Agra,Uttar Pradesh,2024,144,25,306,5.0
10264,Agra_Village_14,Agra,Uttar Pradesh,2025,121,15,254,6.5
10265,Agra_Village_15,Agra,Uttar Pradesh,2022,88,31,301,7.7
10265,Agra_Village_15,Agra,Uttar Pradesh,2023,203,20,272,4.1
10265,Agra_Village_15,Agra,Uttar Pradesh,2024,299,30,342,7.4
10265,Agra_Village_15,Agra,Uttar Pradesh,2025,211,34,350,4.5
10266,Agra_Village_16,Agra,Uttar Pradesh,2022,231,20,234,9.0
10266,Agra_Village_16,Agra,Uttar Pradesh,2023,167,11,317,6.2
10266,Agra_Village_16,Agra,Uttar Pradesh,2024,52,20,332,12.3
10266,Agra_Village_16,Agra,Uttar Pradesh,2025,172,39,341,4.1
10267,Agra_Village_17,Agra,Uttar Pradesh,2022,99,20,335,13.6
10267,Agra_Village_17,Agra,Uttar Pradesh,2023,61,16,356,10.2
10267,Agra_Village_17,Agra,Uttar Pradesh,2024,242,39,365,8.5
10267,Agra_Village_17,Agra,Uttar Pradesh,2025,103,25,350,9.1
10268,Agra_Village_18,Agra,Uttar Pradesh,2022,285,21,270,8.4
10268,Agra_Village_18,Agra,Uttar Pradesh,2023,182,36,291,5.4
10268,Agra_Village_18,Agra,Uttar Pradesh,2024,271,10,283,11.7
10268,Agra_Village_18,Agra,Uttar Pradesh,2025,271,28,265,13.0
10269,Agra_Village_19,Agra,Uttar Pradesh,2022,106,31,310,14.5
10269,Agra_Village_19,Agra,Uttar Pradesh,2023,194,24,289,11.1
10269,Agra_Village_19,Agra,Uttar Pradesh,2024,161,29,243,8.0
10269,Agra_Village_19,Agra,Uttar Pradesh,2025,96,6,246,8.3
10270,Agra_Village_20,Agra,Uttar Pradesh,2022,200,13,307,11.4
10270,Agra_Village_20,Agra,Uttar Pradesh,2023,256,32,359,12.7
10270,Agra_Village_20,Agra,Uttar Pradesh,2024,278,7,307,7.6
10270,Agra_Village_20,Agra,Uttar Pradesh,2025,134,24,292,12.9
10271,Agra_Village_21,Agra,Uttar Pradesh,2022,191,10,290,7.9
10271,Agra_Village_21,Agra,Uttar Pradesh,2023,115,37,350,9.7
10271,Agra_Village_21,Agra,Uttar Pradesh,2024,124,5,246,13.8
10271,Agra_Village_21,Agra,Uttar Pradesh,2025,228,10,256,13.2
10272,Agra_Village_22,Agra,Uttar Pradesh,2022,152,38,345,11.8
10272,Agra_Village_22,Agra,Uttar Pradesh,2023,215,19,240,7.5
10272,Agra_Village_22,Agra,Uttar Pradesh,2024,241,30,266,6.0
10272,Agra_Village_22,Agra,Uttar Pradesh,2025,275,18,314,4.1
10273,Agra_Village_23,Agra,Uttar Pradesh,2022,87,11,278,11.9
10273,Agra_Village_23,Agra,Uttar Pradesh,2023,99,35,304,9.4
10273,Agra_Village_23,Agra,Uttar Pradesh,2024,147,28,270,9.7
10273,Agra_Village_23,Agra,Uttar Pradesh,2025,131,35,386,8.3
10274,Agra_Village_24,Agra,Uttar Pradesh,2022,79,33,328,9.6
10274,Agra_Village_24,Agra,Uttar Pradesh,2023,128,36,231,10.1
10274,Agra_Village_24,Agra,Uttar Pradesh,2024,140,21,282,13.3
10274,Agra_Village_24,Agra,Uttar Pradesh,2025,228,18,362,3.6
10275,Agra_Village_25,Agra,Uttar Pradesh,2022,240,28,308,12.9
10275,Agra_Village_25,Agra,Uttar Pradesh,2023,275,31,350,8.2
10275,Agra_Village_25,Agra,Uttar Pradesh,2024,101,29,306,11.5
10275,Agra_Village_25,Agra,Uttar Pradesh,2025,298,36,324,13.3
10276,Agra_Village_26,Agra,Uttar Pradesh,2022,215,22,244,7.7
10276,Agra_Village_26,Agra,Uttar Pradesh,2023,274,22,232,5.0
10276,Agra_Village_26,Agra,Uttar Pradesh,2024,265,30,328,6.1
10276,Agra_Village_26,Agra,Uttar Pradesh,2025,128,13,391,5.6
10277,Agra_Village_27,Agra,Uttar Pradesh,2022,79,39,267,12.3
10277,Agra_Village_27,Agra,Uttar Pradesh,2023,296,12,297,4.7
10277,Agra_Village_27,Agra,Uttar Pradesh,2024,155,24,279,4.2
10277,Agra_Village_27,Agra,Uttar Pradesh,2025,100,26,269,10.6
10278,Agra_Village_28,Agra,Uttar Pradesh,2022,130,23,320,10.3
10278,Agra_Village_28,Agra,Uttar Pradesh,2023,182,34,282,8.5
10278,Agra_Village_28,Agra,Uttar Pradesh,2024,78,32,285,9.7
10278,Agra_Village_28,Agra,Uttar Pradesh,2025,181,39,283,11.0
10279,Agra_Village_29,Agra,Uttar Pradesh,2022,187,15,262,5.6
10279,Agra_Village_29,Agra,Uttar Pradesh,2023,233,35,342,9.9
10279,Agra_Village_29,Agra,Uttar Pradesh,2024,194,34,364,12.4
10279,Agra_Village_29,Agra,Uttar Pradesh,2025,123,27,366,7.1
10280,Agra_Village_30,Agra,Uttar Pradesh,2022,66,23,258,12.5
10280,Agra_Village_30,Agra,Uttar Pradesh,2023,133,16,262,13.0
10280,Agra_Village_30,Agra,Uttar Pradesh,2024,265,19,362,12.3
10280,Agra_Village_30,Agra,Uttar Pradesh,2025,118,35,280,10.1
10281,Agra_Village_31,Agra,Uttar Pradesh,2022,83,19,287,12.0
10281,Agra_Village_31,Agra,Uttar Pradesh,2023,55,33,239,12.4
10281,Agra_Village_31,Agra,Uttar Pradesh,2024,102,30,248,11.4
10281,Agra_Village_31,Agra,Uttar Pradesh,2025,243,6,379,8.0
10282,Agra_Village_32,Agra,Uttar Pradesh,2022,254,24,265,6.2
10282,Agra_Village_32,Agra,Uttar Pradesh,2023,175,19,294,7.4
10282,Agra_Village_32,Agra,Uttar Pradesh,2024,284,8,354,5.9
10282,Agra_Village_32,Agra,Uttar Pradesh,2025,92,26,390,7.1
10283,Agra_Village_33,Agra,Uttar Pradesh,2022,289,27,302,9.6
10283,Agra_Village_33,Agra,Uttar Pradesh,2023,252,30,343,14.2
10283,Agra_Village_33,Agra,Uttar Pradesh,2024,164,15,360,13.8
10283,Agra_Village_33,Agra,Uttar Pradesh,2025,160,32,371,11.4
10284,Agra_Village_34,Agra,Uttar Pradesh,2022,298,6,220,14.8
10284,Agra_Village_34,Agra,Uttar Pradesh,2023,200,12,340,14.6
10284,Agra_Village_34,Agra,Uttar Pradesh,2024,232,33,353,13.0
10284,Agra_Village_34,Agra,Uttar Pradesh,2025,129,15,255,4.1
10285,Agra_Village_35,Agra,Uttar Pradesh,2022,144,22,221,9.0
10285,Agra_Village_35,Agra,Uttar Pradesh,2023,252,18,325,9.7
10285,Agra_Village_35,Agra,Uttar Pradesh,2024,167,14,354,5.0
10285,Agra_Village_35,Agra,Uttar Pradesh,2025,193,39,301,11.8
10286,Agra_Village_36,Agra,Uttar Pradesh,2022,57,13,288,6.1
10286,Agra_Village_36,Agra,Uttar Pradesh,2023,181,39,345,8.1
10286,Agra_Village_36,Agra,Uttar Pradesh,2024,153,15,357,4.4
10286,Agra_Village_36,Agra,Uttar Pradesh,2025,181,16,289,8.8
10287,Agra_Village_37,Agra,Uttar Pradesh,2022,233,7,235,10.8
10287,Agra_Village_37,Agra,Uttar Pradesh,2023,74,18,301,11.8
10287,Agra_Village_37,Agra,Uttar Pradesh,2024,244,32,347,7.3
10287,Agra_Village_37,Agra,Uttar Pradesh,2025,145,15,316,9.5
10288,Agra_Village_38,Agra,Uttar Pradesh,2022,244,29,267,12.2
10288,Agra_Village_38,Agra,Uttar Pradesh,2023,204,25,317,12.1
10288,Agra_Village_38,Agra,Uttar Pradesh,2024,142,14,258,6.9
10288,Agra_Village_38,Agra,Uttar Pradesh,2025,209,19,349,4.0
10289,Agra_Village_39,Agra,Uttar Pradesh,2022,227,23,272,4.9
10289,Agra_Village_39,Agra,Uttar Pradesh,2023,110,26,333,12.2
10289,Agra_Village_39,Agra,Uttar Pradesh,2024,171,25,314,7.7
10289,Agra_Village_39,Agra,Uttar Pradesh,2025,100,36,333,4.7
10290,Agra_Village_40,Agra,Uttar Pradesh,2022,196,27,288,6.4
10290,Agra_Village_40,Agra,Uttar Pradesh,2023,70,17,290,12.1
10290,Agra_Village_40,Agra,Uttar Pradesh,2024,54,9,368,10.0
10290,Agra_Village_40,Agra,Uttar Pradesh,2025,259,8,360,8.6
10291,Agra_Village_41,Agra,Uttar Pradesh,2022,141,32,338,11.0
10291,Agra_Village_41,Agra,Uttar Pradesh,2023,219,18,267,5.5
10291,Agra_Village_41,Agra,Uttar Pradesh,2024,110,12,371,7.0
10291,Agra_Village_41,Agra,Uttar Pradesh,2025,71,13,308,7.2
10292,Agra_Village_42,Agra,Uttar Pradesh,2022,198,39,337,7.8
10292,Agra_Village_42,Agra,Uttar Pradesh,2023,119,25,245,13.2
10292,Agra_Village_42,Agra,Uttar Pradesh,2024,50,22,265,9.8
10292,Agra_Village_42,Agra,Uttar Pradesh,2025,182,37,254,11.0
10293,Agra_Village_43,Agra,Uttar Pradesh,2022,282,12,225,7.0
10293,Agra_Village_43,Agra,Uttar Pradesh,2023,61,21,234,6.9
10293,Agra_Village_43,Agra,Uttar Pradesh,2024,139,35,354,6.1
10293,Agra_Village_43,Agra,Uttar Pradesh,2025,95,38,288,10.5
10294,Agra_Village_44,Agra,Uttar Pradesh,2022,83,10,261,8.2
10294,Agra_Village_44,Agra,Uttar Pradesh,2023,226,26,293,8.4
10294,Agra_Village_44,Agra,Uttar Pradesh,2024,127,18,238,11.1
10294,Agra_Village_44,Agra,Uttar Pradesh,2025,267,7,315,13.5
10295,Agra_Village_45,Agra,Uttar Pradesh,2022,94,16,289,6.2
10295,Agra_Village_45,Agra,Uttar Pradesh,2023,204,16,238,4.8
10295,Agra_Village_45,Agra,Uttar Pradesh,2024,122,6,369,5.7
10295,Agra_Village_45,Agra,Uttar Pradesh,2025,75,6,304,11.0
10296,Agra_Village_46,Agra,Uttar Pradesh,2022,298,19,283,6.5
10296,Agra_Village_46,Agra,Uttar Pradesh,2023,96,27,334,10.2
10296,Agra_Village_46,Agra,Uttar Pradesh,2024,170,33,307,9.9
10296,Agra_Village_46,Agra,Uttar Pradesh,2025,263,21,260,6.4
10297,Agra_Village_47,Agra,Uttar Pradesh,2022,288,36,228,5.2
10297,Agra_Village_47,Agra,Uttar Pradesh,2023,105,11,333,8.3
10297,Agra_Village_47,Agra,Uttar Pradesh,2024,143,34,264,5.7
10297,Agra_Village_47,Agra,Uttar Pradesh,2025,156,32,287,5.2
10298,Agra_Village_48,Agra,Uttar Pradesh,2022,112,18,295,10.0
10298,Agra_Village_48,Agra,Uttar Pradesh,2023,97,34,333,11.2
10298,Agra_Village_48,Agra,Uttar Pradesh,2024,110,21,282,4.5
10298,Agra_Village_48,Agra,Uttar Pradesh,2025,130,36,264,9.4
10299,Agra_Village_49,Agra,Uttar Pradesh,2022,75,10,314,7.1
10299,Agra_Village_49,Agra,Uttar Pradesh,2023,85,28,222,11.2
10299,Agra_Village_49,Agra,Uttar Pradesh,2024,50,10,351,12.2
10299,Agra_Village_49,Agra,Uttar Pradesh,2025,57,31,286,11.8
10300,Agra_Village_50,Agra,Uttar Pradesh,2022,162,22,276,8.4
10300,Agra_Village_50,Agra,Uttar Pradesh,2023,148,28,284,10.1
10300,Agra_Village_50,Agra,Uttar Pradesh,2024,229,28,340,12.0
10300,Agra_Village_50,Agra,Uttar Pradesh,2025,256,38,260,3.9
10301,Agra_Village_51,Agra,Uttar Pradesh,2022,96,19,268,10.9
10301,Agra_Village_51,Agra,Uttar Pradesh,2023,176,15,267,12.9
10301,Agra_Village_51,Agra,Uttar Pradesh,2024,105,26,235,7.6
10301,Agra_Village_51,Agra,Uttar Pradesh,2025,263,28,367,8.1
10302,Agra_Village_52,Agra,Uttar Pradesh,2022,63,5,232,11.8
10302,Agra_Village_52,Agra,Uttar Pradesh,2023,267,22,229,4.8
10302,Agra_Village_52,Agra,Uttar Pradesh,2024,77,16,243,7.7
10302,Agra_Village_52,Agra,Uttar Pradesh,2025,264,32,307,6.4
10303,Agra_Village_53,Agra,Uttar Pradesh,2022,127,11,204,4.7
10303,Agra_Village_53,Agra,Uttar Pradesh,2023,265,27,335,6.2
10303,Agra_Village_53,Agra,Uttar Pradesh,2024,179,25,319,7.9
10303,Agra_Village_53,Agra,Uttar Pradesh,2025,158,38,351,5.4
10304,Agra_Village_54,Agra,Uttar Pradesh,2022,203,15,215,10.8
10304,Agra_Village_54,Agra,Uttar Pradesh,2023,63,26,313,8.8
10304,Agra_Village_54,Agra,Uttar Pradesh,2024,236,39,282,4.1
10304,Agra_Village_54,Agra,Uttar Pradesh,2025,105,33,321,6.2
10305,Agra_Village_55,Agra,Uttar Pradesh,2022,164,32,292,4.7
10305,Agra_Village_55,Agra,Uttar Pradesh,2023,56,22,312,7.9
10305,Agra_Village_55,Agra,Uttar Pradesh,2024,52,18,327,6.4
10305,Agra_Village_55,Agra,Uttar Pradesh,2025,160,22,387,10.5
10306,Agra_Village_56,Agra,Uttar Pradesh,2022,200,32,258,7.7
10306,Agra_Village_56,Agra,Uttar Pradesh,2023,287,28,351,8.0
10306,Agra_Village_56,Agra,Uttar Pradesh,2024,156,12,255,11.3
10306,Agra_Village_56,Agra,Uttar Pradesh,2025,288,12,247,8.3
10307,Agra_Village_57,Agra,Uttar Pradesh,2022,286,8,299,10.3
10307,Agra_Village_57,Agra,Uttar Pradesh,2023,67,31,261,12.9
10307,Agra_Village_57,Agra,Uttar Pradesh,2024,299,9,234,5.9
10307,Agra_Village_57,Agra,Uttar Pradesh,2025,87,37,306,13.7
10308,Agra_Village_58,Agra,Uttar Pradesh,2022,276,38,283,14.0
10308,Agra_Village_58,Agra,Uttar Pradesh,2023,164,34,347,7.1
10308,Agra_Village_58,Agra,Uttar Pradesh,2024,64,12,367,13.1
10308,Agra_Village_58,Agra,Uttar Pradesh,2025,241,30,324,11.2
10309,Agra_Village_59,Agra,Uttar Pradesh,2022,266,38,262,14.3
10309,Agra_Village_59,Agra,Uttar Pradesh,2023,168,11,239,11.4
10309,Agra_Village_59,Agra,Uttar Pradesh,2024,278,32,273,10.8
10309,Agra_Village_59,Agra,Uttar Pradesh,2025,77,32,258,3.3
10310,Agra_Village_60,Agra,Uttar Pradesh,2022,251,18,285,9.5
10310,Agra_Village_60,Agra,Uttar Pradesh,2023,88,8,233,6.2
10310,Agra_Village_60,Agra,Uttar Pradesh,2024,234,22,331,7.1
10310,Agra_Village_60,Agra,Uttar Pradesh,2025,66,29,264,13.6
10311,Agra_Village_61,Agra,Uttar Pradesh,2022,280,11,278,5.4
10311,Agra_Village_61,Agra,Uttar Pradesh,2023,135,32,353,11.7
10311,Agra_Village_61,Agra,Uttar Pradesh,2024,267,9,327,5.5
10311,Agra_Village_61,Agra,Uttar Pradesh,2025,175,7,365,3.4
10312,Agra_Village_62,Agra,Uttar Pradesh,2022,93,35,216,9.8
10312,Agra_Village_62,Agra,Uttar Pradesh,2023,74,24,264,5.8
10312,Agra_Village_62,Agra,Uttar Pradesh,2024,194,23,239,13.8
10312,Agra_Village_62,Agra,Uttar Pradesh,2025,62,15,393,5.4
10313,Agra_Village_63,Agra,Uttar Pradesh,2022,261,7,257,6.5
10313,Agra_Village_63,Agra,Uttar Pradesh,2023,74,27,309,4.4
10313,Agra_Village_63,Agra,Uttar Pradesh,2024,117,11,336,7.2
10313,Agra_Village_63,Agra,Uttar Pradesh,2025,187,27,383,3.6
10314,Agra_Village_64,Agra,Uttar Pradesh,2022,116,11,232,9.7
10314,Agra_Village_64,Agra,Uttar Pradesh,2023,282,38,260,9.4
10314,Agra_Village_64,Agra,Uttar Pradesh,2024,158,23,358,4.3
10314,Agra_Village_64,Agra,Uttar Pradesh,2025,195,13,393,5.8
10315,Agra_Village_65,Agra,Uttar Pradesh,2022,160,22,261,13.2
10315,Agra_Village_65,Agra,Uttar Pradesh,2023,277,29,301,9.0
10315,Agra_Village_65,Agra,Uttar Pradesh,2024,160,18,302,8.3
10315,Agra_Village_65,Agra,Uttar Pradesh,2025,263,29,245,10.6
10316,Agra_Village_66,Agra,Uttar Pradesh,2022,83,23,220,12.0
10316,Agra_Village_66,Agra,Uttar Pradesh,2023,160,19,236,12.1
10316,Agra_Village_66,Agra,Uttar Pradesh,2024,57,20,233,12.4
10316,Agra_Village_66,Agra,Uttar Pradesh,2025,217,31,309,5.7
10317,Agra_Village_67,Agra,Uttar Pradesh,2022,162,14,262,5.2
10317,Agra_Village_67,Agra,Uttar Pradesh,2023,285,8,357,8.1
10317,Agra_Village_67,Agra,Uttar Pradesh,2024,132,23,265,12.7
10317,Agra_Village_67,Agra,Uttar Pradesh,2025,91,32,273,4.1
10318,Agra_Village_68,Agra,Uttar Pradesh,2022,218,25,268,10.5
10318,Agra_Village_68,Agra,Uttar Pradesh,2023,150,18,325,11.5
10318,Agra_Village_68,Agra,Uttar Pradesh,2024,55,37,373,8.8
10318,Agra_Village_68,Agra,Uttar Pradesh,2025,229,14,344,6.0
10319,Agra_Village_69,Agra,Uttar Pradesh,2022,75,23,240,7.9
10319,Agra_Village_69,Agra,Uttar Pradesh,2023,113,34,362,4.9
10319,Agra_Village_69,Agra,Uttar Pradesh,2024,275,26,277,6.8
10319,Agra_Village_69,Agra,Uttar Pradesh,2025,236,7,374,3.8
10320,Agra_Village_70,Agra,Uttar Pradesh,2022,233,22,343,12.1
10320,Agra_Village_70,Agra,Uttar Pradesh,2023,108,15,325,13.5
10320,Agra_Village_70,Agra,Uttar Pradesh,2024,158,6,291,10.4
10320,Agra_Village_70,Agra,Uttar Pradesh,2025,247,16,351,10.2
10321,Agra_Village_71,Agra,Uttar Pradesh,2022,278,10,305,9.5
10321,Agra_Village_71,Agra,Uttar Pradesh,2023,170,33,346,5.7
10321,Agra_Village_71,Agra,Uttar Pradesh,2024,82,34,342,3.8
10321,Agra_Village_71,Agra,Uttar Pradesh,2025,230,6,312,6.9
10322,Agra_Village_72,Agra,Uttar Pradesh,2022,199,13,288,12.4
10322,Agra_Village_72,Agra,Uttar Pradesh,2023,70,6,292,14.2
10322,Agra_Village_72,Agra,Uttar Pradesh,2024,247,33,304,8.2
10322,Agra_Village_72,Agra,Uttar Pradesh,2025,119,37,269,7.1
10323,Agra_Village_73,Agra,Uttar Pradesh,2022,296,14,206,9.2
10323,Agra_Village_73,Agra,Uttar Pradesh,2023,161,38,327,8.6
10323,Agra_Village_73,Agra,Uttar Pradesh,2024,53,12,265,10.3
10323,Agra_Village_73,Agra,Uttar Pradesh,2025,143,37,254,11.0
10324,Agra_Village_74,Agra,Uttar Pradesh,2022,124,10,312,12.7
10324,Agra_Village_74,Agra,Uttar Pradesh,2023,239,23,250,10.9
10324,Agra_Village_74,Agra,Uttar Pradesh,2024,111,36,247,8.3
10324,Agra_Village_74,Agra,Uttar Pradesh,2025,143,31,378,13.3
10325,Agra_Village_75,Agra,Uttar Pradesh,2022,144,5,334,12.0
10325,Agra_Village_75,Agra,Uttar Pradesh,2023,201,37,316,8.6
10325,Agra_Village_75,Agra,Uttar Pradesh,2024,104,36,369,8.4
10325,Agra_Village_75,Agra,Uttar Pradesh,2025,186,9,269,11.9
10326,Agra_Village_76,Agra,Uttar Pradesh,2022,296,21,232,9.1
10326,Agra_Village_76,Agra,Uttar Pradesh,2023,180,12,301,9.5
10326,Agra_Village_76,Agra,Uttar Pradesh,2024,292,38,302,6.8
10326,Agra_Village_76,Agra,Uttar Pradesh,2025,80,13,250,12.1
10327,Agra_Village_77,Agra,Uttar Pradesh,2022,89,27,336,10.0
10327,Agra_Village_77,Agra,Uttar Pradesh,2023,278,39,281,9.9
10327,Agra_Village_77,Agra,Uttar Pradesh,2024,85,11,373,12.9
10327,Agra_Village_77,Agra,Uttar Pradesh,2025,201,19,337,13.0
10328,Agra_Village_78,Agra,Uttar Pradesh,2022,272,24,307,13.2
10328,Agra_Village_78,Agra,Uttar Pradesh,2023,55,29,240,4.8
10328,Agra_Village_78,Agra,Uttar Pradesh,2024,115,7,267,8.4
10328,Agra_Village_78,Agra,Uttar Pradesh,2025,261,28,386,6.9
10329,Agra_Village_79,Agra,Uttar Pradesh,2022,269,38,302,6.7
10329,Agra_Village_79,Agra,Uttar Pradesh,2023,124,26,256,13.6
10329,Agra_Village_79,Agra,Uttar Pradesh,2024,53,15,376,13.0
10329,Agra_Village_79,Agra,Uttar Pradesh,2025,128,12,310,8.2
10330,Agra_Village_80,Agra,Uttar Pradesh,2022,183,39,241,5.9
10330,Agra_Village_80,Agra,Uttar Pradesh,2023,167,12,252,4.2
10330,Agra_Village_80,Agra,Uttar Pradesh,2024,162,31,370,8.3
10330,Agra_Village_80,Agra,Uttar Pradesh,2025,143,32,350,3.7
10331,Agra_Village_81,Agra,Uttar Pradesh,2022,297,38,295,10.9
10331,Agra_Village_81,Agra,Uttar Pradesh,2023,279,36,284,10.5
10331,Agra_Village_81,Agra,Uttar Pradesh,2024,228,19,267,13.1
10331,Agra_Village_81,Agra,Uttar Pradesh,2025,111,21,341,5.3
10332,Agra_Village_82,Agra,Uttar Pradesh,2022,234,37,307,8.4
10332,Agra_Village_82,Agra,Uttar Pradesh,2023,243,20,333,13.1
10332,Agra_Village_82,Agra,Uttar Pradesh,2024,128,33,303,8.7
10332,Agra_Village_82,Agra,Uttar Pradesh,2025,252,13,301,3.9
10333,Agra_Village_83,Agra,Uttar Pradesh,2022,185,37,309,5.7
10333,Agra_Village_83,Agra,Uttar Pradesh,2023,75,33,293,12.6
10333,Agra_Village_83,Agra,Uttar Pradesh,2024,228,17,265,11.5
10333,Agra_Village_83,Agra,Uttar Pradesh,2025,222,25,301,12.5
10334,Agra_Village_84,Agra,Uttar Pradesh,2022,93,25,328,5.7
10334,Agra_Village_84,Agra,Uttar Pradesh,2023,182,9,217,12.1
10334,Agra_Village_84,Agra,Uttar Pradesh,2024,119,14,243,10.6
10334,Agra_Village_84,Agra,Uttar Pradesh,2025,203,10,278,5.7
10335,Agra_Village_85,Agra,Uttar Pradesh,2022,167,17,269,14.7
10335,Agra_Village_85,Agra,Uttar Pradesh,2023,117,5,283,10.1
10335,Agra_Village_85,Agra,Uttar Pradesh,2024,68,24,333,13.2
10335,Agra_Village_85,Agra,Uttar Pradesh,2025,261,12,273,12.3
10336,Agra_Village_86,Agra,Uttar Pradesh,2022,274,14,247,8.0
10336,Agra_Village_86,Agra,Uttar Pradesh,2023,69,13,308,9.7
10336,Agra_Village_86,Agra,Uttar Pradesh,2024,162,7,308,8.2
10336,Agra_Village_86,Agra,Uttar Pradesh,2025,189,15,361,10.7
10337,Agra_Village_87,Agra,Uttar Pradesh,2022,96,16,343,10.7
10337,Agra_Village_87,Agra,Uttar Pradesh,2023,50,14,352,12.3
10337,Agra_Village_87,Agra,Uttar Pradesh,2024,139,29,376,3.8
10337,Agra_Village_87,Agra,Uttar Pradesh,2025,191,29,311,10.5
10338,Agra_Village_88,Agra,Uttar Pradesh,2022,113,15,331,7.9
10338,Agra_Village_88,Agra,Uttar Pradesh,2023,87,30,289,6.5
10338,Agra_Village_88,Agra,Uttar Pradesh,2024,86,18,257,12.1
10338,Agra_Village_88,Agra,Uttar Pradesh,2025,175,5,365,4.2
10339,Agra_Village_89,Agra,Uttar Pradesh,2022,188,8,208,6.9
10339,Agra_Village_89,Agra,Uttar Pradesh,2023,149,34,348,6.2
10339,Agra_Village_89,Agra,Uttar Pradesh,2024,126,16,352,8.1
10339,Agra_Village_89,Agra,Uttar Pradesh,2025,284,39,293,6.7
10340,Agra_Village_90,Agra,Uttar Pradesh,2022,52,17,290,12.1
10340,Agra_Village_90,Agra,Uttar Pradesh,2023,210,35,339,11.4
10340,Agra_Village_90,Agra,Uttar Pradesh,2024,183,27,305,7.1
10340,Agra_Village_90,Agra,Uttar Pradesh,2025,227,8,394,7.9
10341,Agra_Village_91,Agra,Uttar Pradesh,2022,297,20,303,6.7
10341,Agra_Village_91,Agra,Uttar Pradesh,2023,59,11,363,11.1
10341,Agra_Village_91,Agra,Uttar Pradesh,2024,54,26,262,7.9
10341,Agra_Village_91,Agra,Uttar Pradesh,2025,200,33,297,4.7
10342,Agra_Village_92,Agra,Uttar Pradesh,2022,187,15,239,5.8
10342,Agra_Village_92,Agra,Uttar Pradesh,2023,221,37,232,7.5
10342,Agra_Village_92,Agra,Uttar Pradesh,2024,179,33,242,11.5
10342,Agra_Village_92,Agra,Uttar Pradesh,2025,62,16,318,3.6
10343,Agra_Village_93,Agra,Uttar Pradesh,2022,217,11,295,7.2
10343,Agra_Village_93,Agra,Uttar Pradesh,2023,179,30,319,5.8
10343,Agra_Village_93,Agra,Uttar Pradesh,2024,133,13,360,13.7
10343,Agra_Village_93,Agra,Uttar Pradesh,2025,114,38,394,10.7
10344,Agra_Village_94,Agra,Uttar Pradesh,2022,112,17,266,6.9
10344,Agra_Village_94,Agra,Uttar Pradesh,2023,150,29,247,6.3
10344,Agra_Village_94,Agra,Uttar Pradesh,2024,122,28,231,12.7
10344,Agra_Village_94,Agra,Uttar Pradesh,2025,66,21,319,5.3
10345,Agra_Village_95,Agra,Uttar Pradesh,2022,58,6,273,15.0
10345,Agra_Village_95,Agra,Uttar Pradesh,2023,252,17,349,7.1
10345,Agra_Village_95,Agra,Uttar Pradesh,2024,192,35,372,4.6
10345,Agra_Village_95,Agra,Uttar Pradesh,2025,201,33,270,10.6
10346,Agra_Village_96,Agra,Uttar Pradesh,2022,87,32,338,10.9
10346,Agra_Village_96,Agra,Uttar Pradesh,2023,296,31,342,14.6
10346,Agra_Village_96,Agra,Uttar Pradesh,2024,212,19,256,12.1
10346,Agra_Village_96,Agra,Uttar Pradesh,2025,143,35,379,7.8
10347,Agra_Village_97,Agra,Uttar Pradesh,2022,144,19,328,11.6
10347,Agra_Village_97,Agra,Uttar Pradesh,2023,98,37,235,12.7
10347,Agra_Village_97,Agra,Uttar Pradesh,2024,118,24,308,9.1
10347,Agra_Village_97,Agra,Uttar Pradesh,2025,111,16,338,6.2
10348,Agra_Village_98,Agra,Uttar Pradesh,2022,237,13,207,6.7
10348,Agra_Village_98,Agra,Uttar Pradesh,2023,285,27,297,7.2
10348,Agra_Village_98,Agra,Uttar Pradesh,2024,227,12,232,12.6
10348,Agra_Village_98,Agra,Uttar Pradesh,2025,127,36,299,7.3
10349,Agra_Village_99,Agra,Uttar Pradesh,2022,166,18,342,7.5
10349,Agra_Village_99,Agra,Uttar Pradesh,2023,169,31,250,12.6
10349,Agra_Village_99,Agra,Uttar Pradesh,2024,252,29,235,4.0
10349,Agra_Village_99,Agra,Uttar Pradesh,2025,186,17,365,9.5
10350,Agra_Village_100,Agra,Uttar Pradesh,2022,211,25,241,13.7
10350,Agra_Village_100,Agra,Uttar Pradesh,2023,125,35,264,8.4
10350,Agra_Village_100,Agra,Uttar Pradesh,2024,276,9,341,6.5
10350,Agra_Village_100,Agra,Uttar Pradesh,2025,84,17,390,8.5
10351,Agra_Village_101,Agra,Uttar Pradesh,2022,50,32,249,12.0
10351,Agra_Village_101,Agra,Uttar Pradesh,2023,89,29,244,9.5
10351,Agra_Village_101,Agra,Uttar Pradesh,2024,113,39,268,3.8
10351,Agra_Village_101,Agra,Uttar Pradesh,2025,199,11,360,4.1
10352,Agra_Village_102,Agra,Uttar Pradesh,2022,109,36,339,12.1
10352,Agra_Village_102,Agra,Uttar Pradesh,2023,113,7,273,8.3
10352,Agra_Village_102,Agra,Uttar Pradesh,2024,142,26,305,11.9
10352,Agra_Village_102,Agra,Uttar Pradesh,2025,121,12,376,10.1
10353,Agra_Village_103,Agra,Uttar Pradesh,2022,60,21,247,10.6
10353,Agra_Village_103,Agra,Uttar Pradesh,2023,154,31,356,13.6
10353,Agra_Village_103,Agra,Uttar Pradesh,2024,278,37,310,3.9
10353,Agra_Village_103,Agra,Uttar Pradesh,2025,63,21,293,4.9
10354,Agra_Village_104,Agra,Uttar Pradesh,2022,109,16,266,11.1
10354,Agra_Village_104,Agra,Uttar Pradesh,2023,79,31,291,4.8
10354,Agra_Village_104,Agra,Uttar Pradesh,2024,84,12,366,10.5
10354,Agra_Village_104,Agra,Uttar Pradesh,2025,262,27,265,13.6
10355,Agra_Village_105,Agra,Uttar Pradesh,2022,214,33,304,13.7
10355,Agra_Village_105,Agra,Uttar Pradesh,2023,54,24,286,10.3
10355,Agra_Village_105,Agra,Uttar Pradesh,2024,132,20,245,13.1
10355,Agra_Village_105,Agra,Uttar Pradesh,2025,172,21,388,4.5
10356,Agra_Village_106,Agra,Uttar Pradesh,2022,127,20,227,9.3
10356,Agra_Village_106,Agra,Uttar Pradesh,2023,203,23,294,8.6
10356,Agra_Village_106,Agra,Uttar Pradesh,2024,111,12,286,7.2
10356,Agra_Village_106,Agra,Uttar Pradesh,2025,181,33,354,3.3
10357,Agra_Village_107,Agra,Uttar Pradesh,2022,138,30,251,13.9
10357,Agra_Village_107,Agra,Uttar Pradesh,2023,286,35,298,12.3
10357,Agra_Village_107,Agra,Uttar Pradesh,2024,91,16,277,10.6
10357,Agra_Village_107,Agra,Uttar Pradesh,2025,138,21,371,4.7
10358,Agra_Village_108,Agra,Uttar Pradesh,2022,195,19,297,8.5
10358,Agra_Village_108,Agra,Uttar Pradesh,2023,89,13,332,13.8
10358,Agra_Village_108,Agra,Uttar Pradesh,2024,121,16,322,10.2
10358,Agra_Village_108,Agra,Uttar Pradesh,2025,88,36,311,9.6
10359,Agra_Village_109,Agra,Uttar Pradesh,2022,153,29,273,14.1
10359,Agra_Village_109,Agra,Uttar Pradesh,2023,63,22,298,10.0
10359,Agra_Village_109,Agra,Uttar Pradesh,2024,81,19,239,10.0
10359,Agra_Village_109,Agra,Uttar Pradesh,2025,228,36,389,6.9
10360,Agra_Village_110,Agra,Uttar Pradesh,2022,174,10,317,8.4
10360,Agra_Village_110,Agra,Uttar Pradesh,2023,215,39,311,11.3
10360,Agra_Village_110,Agra,Uttar Pradesh,2024,146,38,235,7.1
10360,Agra_Village_110,Agra,Uttar Pradesh,2025,72,9,262,9.2
10361,Agra_Village_111,Agra,Uttar Pradesh,2022,112,22,271,7.4
10361,Agra_Village_111,Agra,Uttar Pradesh,2023,192,20,303,5.8
10361,Agra_Village_111,Agra,Uttar Pradesh,2024,274,12,271,8.5
10361,Agra_Village_111,Agra,Uttar Pradesh,2025,202,29,248,5.6
10362,Agra_Village_112,Agra,Uttar Pradesh,2022,194,36,219,13.9
10362,Agra_Village_112,Agra,Uttar Pradesh,2023,274,30,242,7.3
10362,Agra_Village_112,Agra,Uttar Pradesh,2024,288,26,333,10.0
10362,Agra_Village_112,Agra,Uttar Pradesh,2025,296,35,288,6.1
10363,Agra_Village_113,Agra,Uttar Pradesh,2022,243,14,222,7.2
10363,Agra_Village_113,Agra,Uttar Pradesh,2023,255,16,261,7.8
10363,Agra_Village_113,Agra,Uttar Pradesh,2024,102,32,242,13.3
10363,Agra_Village_113,Agra,Uttar Pradesh,2025,153,10,388,7.4
10364,Agra_Village_114,Agra,Uttar Pradesh,2022,153,24,294,13.1
10364,Agra_Village_114,Agra,Uttar Pradesh,2023,228,9,230,6.2
10364,Agra_Village_114,Agra,Uttar Pradesh,2024,88,27,348,4.2
10364,Agra_Village_114,Agra,Uttar Pradesh,2025,228,13,361,11.5
10365,Agra_Village_115,Agra,Uttar Pradesh,2022,247,33,209,10.2
10365,Agra_Village_115,Agra,Uttar Pradesh,2023,183,20,336,9.4
10365,Agra_Village_115,Agra,Uttar Pradesh,2024,116,26,267,6.6
10365,Agra_Village_115,Agra,Uttar Pradesh,2025,184,12,288,4.1
10366,Agra_Village_116,Agra,Uttar Pradesh,2022,228,24,294,9.6
10366,Agra_Village_116,Agra,Uttar Pradesh,2023,249,18,288,13.2
10366,Agra_Village_116,Agra,Uttar Pradesh,2024,91,38,342,5.0
10366,Agra_Village_116,Agra,Uttar Pradesh,2025,241,15,295,13.1
10367,Agra_Village_117,Agra,Uttar Pradesh,2022,293,37,251,7.4
10367,Agra_Village_117,Agra,Uttar Pradesh,2023,64,35,306,9.7
10367,Agra_Village_117,Agra,Uttar Pradesh,2024,160,38,288,4.4
10367,Agra_Village_117,Agra,Uttar Pradesh,2025,206,11,257,7.8
10368,Agra_Village_118,Agra,Uttar Pradesh,2022,82,27,211,5.8
10368,Agra_Village_118,Agra,Uttar Pradesh,2023,293,11,264,4.6
10368,Agra_Village_118,Agra,Uttar Pradesh,2024,271,29,286,13.8
10368,Agra_Village_118,Agra,Uttar Pradesh,2025,280,7,363,11.0
10369,Agra_Village_119,Agra,Uttar Pradesh,2022,204,24,256,12.1
10369,Agra_Village_119,Agra,Uttar Pradesh,2023,213,38,222,5.1
10369,Agra_Village_119,Agra,Uttar Pradesh,2024,206,34,335,13.5
10369,Agra_Village_119,Agra,Uttar Pradesh,2025,87,21,381,8.2
10370,Agra_Village_120,Agra,Uttar Pradesh,2022,234,14,319,13.4
10370,Agra_Village_120,Agra,Uttar Pradesh,2023,146,39,277,4.2
10370,Agra_Village_120,Agra,Uttar Pradesh,2024,278,24,301,6.8
10370,Agra_Village_120,Agra,Uttar Pradesh,2025,204,22,375,13.8
10371,Agra_Village_121,Agra,Uttar Pradesh,2022,232,31,212,9.0
10371,Agra_Village_121,Agra,Uttar Pradesh,2023,82,27,351,13.4
10371,Agra_Village_121,Agra,Uttar Pradesh,2024,245,36,281,7.1
10371,Agra_Village_121,Agra,Uttar Pradesh,2025,135,14,306,8.8
10372,Agra_Village_122,Agra,Uttar Pradesh,2022,115,15,318,13.5
10372,Agra_Village_122,Agra,Uttar Pradesh,2023,59,10,323,10.5
10372,Agra_Village_122,Agra,Uttar Pradesh,2024,54,38,237,11.3
10372,Agra_Village_122,Agra,Uttar Pradesh,2025,172,21,339,5.7
10373,Agra_Village_123,Agra,Uttar Pradesh,2022,123,16,324,6.1
10373,Agra_Village_123,Agra,Uttar Pradesh,2023,146,25,267,6.5
10373,Agra_Village_123,Agra,Uttar Pradesh,2024,167,23,292,8.9
10373,Agra_Village_123,Agra,Uttar Pradesh,2025,87,7,339,11.7
10374,Agra_Village_124,Agra,Uttar Pradesh,2022,190,22,280,8.2
10374,Agra_Village_124,Agra,Uttar Pradesh,2023,208,23,271,10.0
10374,Agra_Village_124,Agra,Uttar Pradesh,2024,96,10,376,12.2
10374,Agra_Village_124,Agra,Uttar Pradesh,2025,277,20,311,5.8
10375,Agra_Village_125,Agra,Uttar Pradesh,2022,158,12,245,13.8
10375,Agra_Village_125,Agra,Uttar Pradesh,2023,265,22,308,14.1
10375,Agra_Village_125,Agra,Uttar Pradesh,2024,229,16,367,4.1
10375,Agra_Village_125,Agra,Uttar Pradesh,2025,233,14,357,3.9
10376,Aligarh_Village_1,Aligarh,Uttar Pradesh,2022,64,11,292,5.5
10376,Aligarh_Village_1,Aligarh,Uttar Pradesh,2023,206,5,360,12.3
10376,Aligarh_Village_1,Aligarh,Uttar Pradesh,2024,185,25,369,5.7
10376,Aligarh_Village_1,Aligarh,Uttar Pradesh,2025,54,28,293,10.9
10377,Aligarh_Village_2,Aligarh,Uttar Pradesh,2022,206,29,222,9.1
10377,Aligarh_Village_2,Aligarh,Uttar Pradesh,2023,96,11,276,12.9
10377,Aligarh_Village_2,Aligarh,Uttar Pradesh,2024,117,21,240,12.2
10377,Aligarh_Village_2,Aligarh,Uttar Pradesh,2025,125,33,317,13.4
10378,Aligarh_Village_3,Aligarh,Uttar Pradesh,2022,222,34,317,7.1
10378,Aligarh_Village_3,Aligarh,Uttar Pradesh,2023,179,11,302,6.5
10378,Aligarh_Village_3,Aligarh,Uttar Pradesh,2024,204,37,318,4.0
10378,Aligarh_Village_3,Aligarh,Uttar Pradesh,2025,144,11,299,7.6
10379,Aligarh_Village_4,Aligarh,Uttar Pradesh,2022,164,28,208,9.3
10379,Aligarh_Village_4,Aligarh,Uttar Pradesh,2023,292,15,226,14.2
10379,Aligarh_Village_4,Aligarh,Uttar Pradesh,2024,213,13,368,12.4
10379,Aligarh_Village_4,Aligarh,Uttar Pradesh,2025,85,16,357,5.1
10380,Aligarh_Village_5,Aligarh,Uttar Pradesh,2022,75,39,207,12.9
10380,Aligarh_Village_5,Aligarh,Uttar Pradesh,2023,92,8,250,6.0
10380,Aligarh_Village_5,Aligarh,Uttar Pradesh,2024,76,32,354,4.5
10380,Aligarh_Village_5,Aligarh,Uttar Pradesh,2025,118,17,294,12.1
10381,Aligarh_Village_6,Aligarh,Uttar Pradesh,2022,197,27,306,14.7
10381,Aligarh_Village_6,Aligarh,Uttar Pradesh,2023,60,23,223,5.0
10381,Aligarh_Village_6,Aligarh,Uttar Pradesh,2024,123,28,296,12.2
10381,Aligarh_Village_6,Aligarh,Uttar Pradesh,2025,153,20,297,12.3
10382,Aligarh_Village_7,Aligarh,Uttar Pradesh,2022,87,37,281,5.7
10382,Aligarh_Village_7,Aligarh,Uttar Pradesh,2023,183,16,324,7.1
10382,Aligarh_Village_7,Aligarh,Uttar Pradesh,2024,249,38,374,11.4
10382,Aligarh_Village_7,Aligarh,Uttar Pradesh,2025,72,11,297,11.8
10383,Aligarh_Village_8,Aligarh,Uttar Pradesh,2022,96,15,313,8.2
10383,Aligarh_Village_8,Aligarh,Uttar Pradesh,2023,139,35,277,5.8
10383,Aligarh_Village_8,Aligarh,Uttar Pradesh,2024,95,33,372,10.5
10383,Aligarh_Village_8,Aligarh,Uttar Pradesh,2025,156,17,263,10.7
10384,Aligarh_Village_9,Aligarh,Uttar Pradesh,2022,189,35,323,9.8
10384,Aligarh_Village_9,Aligarh,Uttar Pradesh,2023,267,6,300,5.6
10384,Aligarh_Village_9,Aligarh,Uttar Pradesh,2024,190,19,299,12.6
10384,Aligarh_Village_9,Aligarh,Uttar Pradesh,2025,153,15,291,10.1
10385,Aligarh_Village_10,Aligarh,Uttar Pradesh,2022,239,38,307,13.6
10385,Aligarh_Village_10,Aligarh,Uttar Pradesh,2023,259,8,234,13.9
10385,Aligarh_Village_10,Aligarh,Uttar Pradesh,2024,266,15,266,12.2
10385,Aligarh_Village_10,Aligarh,Uttar Pradesh,2025,274,33,374,13.4
10386,Aligarh_Village_11,Aligarh,Uttar Pradesh,2022,160,6,235,14.5
10386,Aligarh_Village_11,Aligarh,Uttar Pradesh,2023,153,20,347,10.6
10386,Aligarh_Village_11,Aligarh,Uttar Pradesh,2024,109,17,293,11.3
10386,Aligarh_Village_11,Aligarh,Uttar Pradesh,2025,220,21,251,10.6
10387,Aligarh_Village_12,Aligarh,Uttar Pradesh,2022,253,25,319,11.0
10387,Aligarh_Village_12,Aligarh,Uttar Pradesh,2023,285,23,236,4.3
10387,Aligarh_Village_12,Aligarh,Uttar Pradesh,2024,149,11,275,7.4
10387,Aligarh_Village_12,Aligarh,Uttar Pradesh,2025,289,12,354,4.4
10388,Aligarh_Village_13,Aligarh,Uttar Pradesh,2022,117,17,245,7.7
10388,Aligarh_Village_13,Aligarh,Uttar Pradesh,2023,182,6,242,4.8
10388,Aligarh_Village_13,Aligarh,Uttar Pradesh,2024,169,15,316,13.4
10388,Aligarh_Village_13,Aligarh,Uttar Pradesh,2025,86,28,279,8.0
10389,Aligarh_Village_14,Aligarh,Uttar Pradesh,2022,121,10,328,6.5
10389,Aligarh_Village_14,Aligarh,Uttar Pradesh,2023,176,30,223,10.2
10389,Aligarh_Village_14,Aligarh,Uttar Pradesh,2024,155,11,238,5.8
10389,Aligarh_Village_14,Aligarh,Uttar Pradesh,2025,290,23,266,11.7
10390,Aligarh_Village_15,Aligarh,Uttar Pradesh,2022,141,10,269,7.7
10390,Aligarh_Village_15,Aligarh,Uttar Pradesh,2023,80,33,355,7.4
10390,Aligarh_Village_15,Aligarh,Uttar Pradesh,2024,171,6,376,12.8
10390,Aligarh_Village_15,Aligarh,Uttar Pradesh,2025,186,23,309,9.2
10391,Aligarh_Village_16,Aligarh,Uttar Pradesh,2022,295,8,339,13.8
10391,Aligarh_Village_16,Aligarh,Uttar Pradesh,2023,100,10,257,8.4
10391,Aligarh_Village_16,Aligarh,Uttar Pradesh,2024,78,32,246,7.3
10391,Aligarh_Village_16,Aligarh,Uttar Pradesh,2025,255,34,312,8.6
10392,Aligarh_Village_17,Aligarh,Uttar Pradesh,2022,89,11,228,5.1
10392,Aligarh_Village_17,Aligarh,Uttar Pradesh,2023,90,13,349,5.7
10392,Aligarh_Village_17,Aligarh,Uttar Pradesh,2024,263,29,273,6.0
10392,Aligarh_Village_17,Aligarh,Uttar Pradesh,2025,60,37,377,11.9
10393,Aligarh_Village_18,Aligarh,Uttar Pradesh,2022,200,5,333,12.2
10393,Aligarh_Village_18,Aligarh,Uttar Pradesh,2023,50,10,221,6.1
10393,Aligarh_Village_18,Aligarh,Uttar Pradesh,2024,95,22,283,6.6
10393,Aligarh_Village_18,Aligarh,Uttar Pradesh,2025,150,14,290,13.2
10394,Aligarh_Village_19,Aligarh,Uttar Pradesh,2022,198,32,337,5.4
10394,Aligarh_Village_19,Aligarh,Uttar Pradesh,2023,139,15,218,9.8
10394,Aligarh_Village_19,Aligarh,Uttar Pradesh,2024,159,37,320,9.2
10394,Aligarh_Village_19,Aligarh,Uttar Pradesh,2025,213,5,305,10.9
10395,Aligarh_Village_20,Aligarh,Uttar Pradesh,2022,231,17,310,7.2
10395,Aligarh_Village_20,Aligarh,Uttar Pradesh,2023,264,24,251,13.9
10395,Aligarh_Village_20,Aligarh,Uttar Pradesh,2024,106,5,232,8.0
10395,Aligarh_Village_20,Aligarh,Uttar Pradesh,2025,50,7,257,6.3
10396,Aligarh_Village_21,Aligarh,Uttar Pradesh,2022,112,22,287,8.0
10396,Aligarh_Village_21,Aligarh,Uttar Pradesh,2023,231,18,290,7.8
10396,Aligarh_Village_21,Aligarh,Uttar Pradesh,2024,104,35,237,5.8
10396,Aligarh_Village_21,Aligarh,Uttar Pradesh,2025,164,31,327,13.0
10397,Aligarh_Village_22,Aligarh,Uttar Pradesh,2022,217,21,208,6.3
10397,Aligarh_Village_22,Aligarh,Uttar Pradesh,2023,192,33,292,13.4
10397,Aligarh_Village_22,Aligarh,Uttar Pradesh,2024,198,30,353,8.0
10397,Aligarh_Village_22,Aligarh,Uttar Pradesh,2025,224,21,390,6.1
10398,Aligarh_Village_23,Aligarh,Uttar Pradesh,2022,250,26,241,6.6
10398,Aligarh_Village_23,Aligarh,Uttar Pradesh,2023,102,29,255,9.4
10398,Aligarh_Village_23,Aligarh,Uttar Pradesh,2024,186,6,318,10.7
10398,Aligarh_Village_23,Aligarh,Uttar Pradesh,2025,251,26,321,12.7
10399,Aligarh_Village_24,Aligarh,Uttar Pradesh,2022,229,9,253,11.4
10399,Aligarh_Village_24,Aligarh,Uttar Pradesh,2023,106,8,311,9.2
10399,Aligarh_Village_24,Aligarh,Uttar Pradesh,2024,166,10,327,4.1
10399,Aligarh_Village_24,Aligarh,Uttar Pradesh,2025,203,25,300,12.9
10400,Aligarh_Village_25,Aligarh,Uttar Pradesh,2022,218,17,299,14.0
10400,Aligarh_Village_25,Aligarh,Uttar Pradesh,2023,84,29,359,8.1
10400,Aligarh_Village_25,Aligarh,Uttar Pradesh,2024,112,30,239,4.0
10400,Aligarh_Village_25,Aligarh,Uttar Pradesh,2025,293,24,288,11.0
10401,Aligarh_Village_26,Aligarh,Uttar Pradesh,2022,74,37,329,12.8
10401,Aligarh_Village_26,Aligarh,Uttar Pradesh,2023,139,18,356,9.8
10401,Aligarh_Village_26,Aligarh,Uttar Pradesh,2024,124,21,359,7.9
10401,Aligarh_Village_26,Aligarh,Uttar Pradesh,2025,87,25,263,12.2
10402,Aligarh_Village_27,Aligarh,Uttar Pradesh,2022,179,20,279,6.5
10402,Aligarh_Village_27,Aligarh,Uttar Pradesh,2023,184,20,303,8.7
10402,Aligarh_Village_27,Aligarh,Uttar Pradesh,2024,259,24,230,4.0
10402,Aligarh_Village_27,Aligarh,Uttar Pradesh,2025,268,33,374,5.0
10403,Aligarh_Village_28,Aligarh,Uttar Pradesh,2022,211,32,226,14.4
10403,Aligarh_Village_28,Aligarh,Uttar Pradesh,2023,140,12,216,10.2
10403,Aligarh_Village_28,Aligarh,Uttar Pradesh,2024,66,28,367,12.2
10403,Aligarh_Village_28,Aligarh,Uttar Pradesh,2025,177,7,263,8.4
10404,Aligarh_Village_29,Aligarh,Uttar Pradesh,2022,220,29,340,13.3
10404,Aligarh_Village_29,Aligarh,Uttar Pradesh,2023,236,23,328,9.8
10404,Aligarh_Village_29,Aligarh,Uttar Pradesh,2024,157,37,285,3.7
10404,Aligarh_Village_29,Aligarh,Uttar Pradesh,2025,228,6,339,12.7
10405,Aligarh_Village_30,Aligarh,Uttar Pradesh,2022,231,19,348,6.1
10405,Aligarh_Village_30,Aligarh,Uttar Pradesh,2023,201,26,271,8.8
10405,Aligarh_Village_30,Aligarh,Uttar Pradesh,2024,74,14,331,8.7
10405,Aligarh_Village_30,Aligarh,Uttar Pradesh,2025,248,22,314,3.8
10406,Aligarh_Village_31,Aligarh,Uttar Pradesh,2022,229,26,281,5.1
10406,Aligarh_Village_31,Aligarh,Uttar Pradesh,2023,247,31,263,12.1
10406,Aligarh_Village_31,Aligarh,Uttar Pradesh,2024,294,17,320,6.9
10406,Aligarh_Village_31,Aligarh,Uttar Pradesh,2025,137,37,249,7.6
10407,Aligarh_Village_32,Aligarh,Uttar Pradesh,2022,210,9,256,10.4
10407,Aligarh_Village_32,Aligarh,Uttar Pradesh,2023,226,30,306,8.0
10407,Aligarh_Village_32,Aligarh,Uttar Pradesh,2024,78,17,265,11.8
10407,Aligarh_Village_32,Aligarh,Uttar Pradesh,2025,112,31,382,12.6
10408,Aligarh_Village_33,Aligarh,Uttar Pradesh,2022,284,18,311,5.1
10408,Aligarh_Village_33,Aligarh,Uttar Pradesh,2023,199,28,362,10.8
10408,Aligarh_Village_33,Aligarh,Uttar Pradesh,2024,203,7,242,7.0
10408,Aligarh_Village_33,Aligarh,Uttar Pradesh,2025,205,34,366,9.4
10409,Aligarh_Village_34,Aligarh,Uttar Pradesh,2022,163,39,308,9.6
10409,Aligarh_Village_34,Aligarh,Uttar Pradesh,2023,262,18,361,7.6
10409,Aligarh_Village_34,Aligarh,Uttar Pradesh,2024,98,16,321,4.7
10409,Aligarh_Village_34,Aligarh,Uttar Pradesh,2025,248,32,346,9.2
10410,Aligarh_Village_35,Aligarh,Uttar Pradesh,2022,130,33,255,5.7
10410,Aligarh_Village_35,Aligarh,Uttar Pradesh,2023,133,21,259,5.7
10410,Aligarh_Village_35,Aligarh,Uttar Pradesh,2024,154,25,289,14.0
10410,Aligarh_Village_35,Aligarh,Uttar Pradesh,2025,226,27,298,6.6
10411,Aligarh_Village_36,Aligarh,Uttar Pradesh,2022,197,24,236,10.6
10411,Aligarh_Village_36,Aligarh,Uttar Pradesh,2023,167,15,251,7.0
10411,Aligarh_Village_36,Aligarh,Uttar Pradesh,2024,135,38,243,12.8
10411,Aligarh_Village_36,Aligarh,Uttar Pradesh,2025,269,14,339,6.3
10412,Aligarh_Village_37,Aligarh,Uttar Pradesh,2022,112,14,301,8.4
10412,Aligarh_Village_37,Aligarh,Uttar Pradesh,2023,238,10,256,10.5
10412,Aligarh_Village_37,Aligarh,Uttar Pradesh,2024,153,28,230,12.8
10412,Aligarh_Village_37,Aligarh,Uttar Pradesh,2025,98,16,267,11.9
10413,Aligarh_Village_38,Aligarh,Uttar Pradesh,2022,120,27,227,7.3
10413,Aligarh_Village_38,Aligarh,Uttar Pradesh,2023,50,31,346,12.8
10413,Aligarh_Village_38,Aligarh,Uttar Pradesh,2024,273,10,247,11.1
10413,Aligarh_Village_38,Aligarh,Uttar Pradesh,2025,190,5,293,13.7
10414,Aligarh_Village_39,Aligarh,Uttar Pradesh,2022,271,10,246,14.3
10414,Aligarh_Village_39,Aligarh,Uttar Pradesh,2023,264,26,329,9.7
10414,Aligarh_Village_39,Aligarh,Uttar Pradesh,2024,228,28,268,11.6
10414,Aligarh_Village_39,Aligarh,Uttar Pradesh,2025,172,29,250,9.3
10415,Aligarh_Village_40,Aligarh,Uttar Pradesh,2022,233,19,252,10.7
10415,Aligarh_Village_40,Aligarh,Uttar Pradesh,2023,260,30,239,5.2
10415,Aligarh_Village_40,Aligarh,Uttar Pradesh,2024,111,12,328,3.7
10415,Aligarh_Village_40,Aligarh,Uttar Pradesh,2025,81,28,309,3.8
10416,Aligarh_Village_41,Aligarh,Uttar Pradesh,2022,207,10,332,14.6
10416,Aligarh_Village_41,Aligarh,Uttar Pradesh,2023,78,39,222,5.4
10416,Aligarh_Village_41,Aligarh,Uttar Pradesh,2024,98,5,268,4.2
10416,Aligarh_Village_41,Aligarh,Uttar Pradesh,2025,222,16,355,6.6
10417,Aligarh_Village_42,Aligarh,Uttar Pradesh,2022,270,15,242,10.7
10417,Aligarh_Village_42,Aligarh,Uttar Pradesh,2023,79,16,296,14.1
10417,Aligarh_Village_42,Aligarh,Uttar Pradesh,2024,193,11,352,11.0
10417,Aligarh_Village_42,Aligarh,Uttar Pradesh,2025,217,15,377,6.2
10418,Aligarh_Village_43,Aligarh,Uttar Pradesh,2022,68,35,203,14.4
10418,Aligarh_Village_43,Aligarh,Uttar Pradesh,2023,67,37,322,4.5
10418,Aligarh_Village_43,Aligarh,Uttar Pradesh,2024,50,17,322,14.0
10418,Aligarh_Village_43,Aligarh,Uttar Pradesh,2025,127,22,373,3.9
10419,Aligarh_Village_44,Aligarh,Uttar Pradesh,2022,164,28,293,12.4
10419,Aligarh_Village_44,Aligarh,Uttar Pradesh,2023,224,13,270,4.6
10419,Aligarh_Village_44,Aligarh,Uttar Pradesh,2024,291,35,232,13.5
10419,Aligarh_Village_44,Aligarh,Uttar Pradesh,2025,243,14,266,4.4
10420,Aligarh_Village_45,Aligarh,Uttar Pradesh,2022,295,6,255,5.0
10420,Aligarh_Village_45,Aligarh,Uttar Pradesh,2023,269,19,232,13.4
10420,Aligarh_Village_45,Aligarh,Uttar Pradesh,2024,162,7,345,4.7
10420,Aligarh_Village_45,Aligarh,Uttar Pradesh,2025,163,35,328,11.7
10421,Aligarh_Village_46,Aligarh,Uttar Pradesh,2022,271,10,229,12.3
10421,Aligarh_Village_46,Aligarh,Uttar Pradesh,2023,215,7,294,10.4
10421,Aligarh_Village_46,Aligarh,Uttar Pradesh,2024,228,15,295,7.7
10421,Aligarh_Village_46,Aligarh,Uttar Pradesh,2025,112,19,254,12.9
10422,Aligarh_Village_47,Aligarh,Uttar Pradesh,2022,181,32,258,13.6
10422,Aligarh_Village_47,Aligarh,Uttar Pradesh,2023,178,14,265,8.6
10422,Aligarh_Village_47,Aligarh,Uttar Pradesh,2024,57,11,352,6.1
10422,Aligarh_Village_47,Aligarh,Uttar Pradesh,2025,206,19,381,6.2
10423,Aligarh_Village_48,Aligarh,Uttar Pradesh,2022,104,22,253,6.8
10423,Aligarh_Village_48,Aligarh,Uttar Pradesh,2023,152,22,295,9.8
10423,Aligarh_Village_48,Aligarh,Uttar Pradesh,2024,180,28,366,12.8
10423,Aligarh_Village_48,Aligarh,Uttar Pradesh,2025,81,6,253,11.4
10424,Aligarh_Village_49,Aligarh,Uttar Pradesh,2022,59,24,300,12.9
10424,Aligarh_Village_49,Aligarh,Uttar Pradesh,2023,251,38,253,8.8
10424,Aligarh_Village_49,Aligarh,Uttar Pradesh,2024,260,30,365,7.1
10424,Aligarh_Village_49,Aligarh,Uttar Pradesh,2025,159,11,354,11.3
10425,Aligarh_Village_50,Aligarh,Uttar Pradesh,2022,211,34,265,12.8
10425,Aligarh_Village_50,Aligarh,Uttar Pradesh,2023,173,9,224,11.4
10425,Aligarh_Village_50,Aligarh,Uttar Pradesh,2024,274,15,346,4.0
10425,Aligarh_Village_50,Aligarh,Uttar Pradesh,2025,136,5,327,9.5
10426,Aligarh_Village_51,Aligarh,Uttar Pradesh,2022,104,38,338,8.1
10426,Aligarh_Village_51,Aligarh,Uttar Pradesh,2023,269,5,348,6.2
10426,Aligarh_Village_51,Aligarh,Uttar Pradesh,2024,81,23,299,11.0
10426,Aligarh_Village_51,Aligarh,Uttar Pradesh,2025,227,6,283,6.1
10427,Aligarh_Village_52,Aligarh,Uttar Pradesh,2022,184,25,212,14.1
10427,Aligarh_Village_52,Aligarh,Uttar Pradesh,2023,142,24,273,7.2
10427,Aligarh_Village_52,Aligarh,Uttar Pradesh,2024,57,27,296,9.5
10427,Aligarh_Village_52,Aligarh,Uttar Pradesh,2025,114,25,285,12.0
10428,Aligarh_Village_53,Aligarh,Uttar Pradesh,2022,106,28,234,8.7
10428,Aligarh_Village_53,Aligarh,Uttar Pradesh,2023,296,8,295,12.8
10428,Aligarh_Village_53,Aligarh,Uttar Pradesh,2024,116,16,263,11.3
10428,Aligarh_Village_53,Aligarh,Uttar Pradesh,2025,265,26,320,13.0
10429,Aligarh_Village_54,Aligarh,Uttar Pradesh,2022,264,24,269,7.9
10429,Aligarh_Village_54,Aligarh,Uttar Pradesh,2023,236,22,225,5.2
10429,Aligarh_Village_54,Aligarh,Uttar Pradesh,2024,121,5,341,8.2
10429,Aligarh_Village_54,Aligarh,Uttar Pradesh,2025,103,34,271,11.6
10430,Aligarh_Village_55,Aligarh,Uttar Pradesh,2022,298,37,247,9.2
10430,Aligarh_Village_55,Aligarh,Uttar Pradesh,2023,288,28,238,6.9
10430,Aligarh_Village_55,Aligarh,Uttar Pradesh,2024,278,18,247,4.0
10430,Aligarh_Village_55,Aligarh,Uttar Pradesh,2025,116,9,271,6.6
10431,Aligarh_Village_56,Aligarh,Uttar Pradesh,2022,100,15,253,12.0
10431,Aligarh_Village_56,Aligarh,Uttar Pradesh,2023,146,28,269,5.6
10431,Aligarh_Village_56,Aligarh,Uttar Pradesh,2024,141,35,349,7.3
10431,Aligarh_Village_56,Aligarh,Uttar Pradesh,2025,288,17,265,3.5
10432,Aligarh_Village_57,Aligarh,Uttar Pradesh,2022,57,20,314,12.1
10432,Aligarh_Village_57,Aligarh,Uttar Pradesh,2023,211,28,334,13.3
10432,Aligarh_Village_57,Aligarh,Uttar Pradesh,2024,84,17,287,9.7
10432,Aligarh_Village_57,Aligarh,Uttar Pradesh,2025,145,28,298,3.6
10433,Aligarh_Village_58,Aligarh,Uttar Pradesh,2022,137,30,345,6.8
10433,Aligarh_Village_58,Aligarh,Uttar Pradesh,2023,127,6,217,8.7
10433,Aligarh_Village_58,Aligarh,Uttar Pradesh,2024,81,20,358,9.9
10433,Aligarh_Village_58,Aligarh,Uttar Pradesh,2025,169,5,250,8.5
10434,Aligarh_Village_59,Aligarh,Uttar Pradesh,2022,95,15,218,14.1
10434,Aligarh_Village_59,Aligarh,Uttar Pradesh,2023,284,39,300,14.0
10434,Aligarh_Village_59,Aligarh,Uttar Pradesh,2024,193,33,344,4.8
10434,Aligarh_Village_59,Aligarh,Uttar Pradesh,2025,245,21,367,4.8
10435,Aligarh_Village_60,Aligarh,Uttar Pradesh,2022,293,32,335,8.3
10435,Aligarh_Village_60,Aligarh,Uttar Pradesh,2023,214,33,287,8.5
10435,Aligarh_Village_60,Aligarh,Uttar Pradesh,2024,231,7,276,9.9
10435,Aligarh_Village_60,Aligarh,Uttar Pradesh,2025,262,14,329,11.4
10436,Aligarh_Village_61,Aligarh,Uttar Pradesh,2022,191,18,227,5.9
10436,Aligarh_Village_61,Aligarh,Uttar Pradesh,2023,272,16,260,12.5
10436,Aligarh_Village_61,Aligarh,Uttar Pradesh,2024,104,34,361,10.1
10436,Aligarh_Village_61,Aligarh,Uttar Pradesh,2025,225,36,364,13.6
10437,Aligarh_Village_62,Aligarh,Uttar Pradesh,2022,259,36,335,11.3
10437,Aligarh_Village_62,Aligarh,Uttar Pradesh,2023,56,36,330,11.6
10437,Aligarh_Village_62,Aligarh,Uttar Pradesh,2024,123,30,290,5.7
10437,Aligarh_Village_62,Aligarh,Uttar Pradesh,2025,56,5,261,11.4
10438,Aligarh_Village_63,Aligarh,Uttar Pradesh,2022,210,6,233,5.3
10438,Aligarh_Village_63,Aligarh,Uttar Pradesh,2023,200,21,234,11.0
10438,Aligarh_Village_63,Aligarh,Uttar Pradesh,2024,134,34,272,4.3
10438,Aligarh_Village_63,Aligarh,Uttar Pradesh,2025,196,11,254,4.5
10439,Aligarh_Village_64,Aligarh,Uttar Pradesh,2022,161,31,293,5.6
10439,Aligarh_Village_64,Aligarh,Uttar Pradesh,2023,174,13,329,4.7
10439,Aligarh_Village_64,Aligarh,Uttar Pradesh,2024,196,26,356,7.1
10439,Aligarh_Village_64,Aligarh,Uttar Pradesh,2025,85,38,354,13.7
10440,Aligarh_Village_65,Aligarh,Uttar Pradesh,2022,78,5,306,8.2
10440,Aligarh_Village_65,Aligarh,Uttar Pradesh,2023,237,13,319,12.1
10440,Aligarh_Village_65,Aligarh,Uttar Pradesh,2024,131,24,300,5.1
10440,Aligarh_Village_65,Aligarh,Uttar Pradesh,2025,51,23,328,8.1
10441,Aligarh_Village_66,Aligarh,Uttar Pradesh,2022,178,8,202,6.4
10441,Aligarh_Village_66,Aligarh,Uttar Pradesh,2023,96,13,260,6.1
10441,Aligarh_Village_66,Aligarh,Uttar Pradesh,2024,246,26,255,4.7
10441,Aligarh_Village_66,Aligarh,Uttar Pradesh,2025,197,22,382,7.8
10442,Aligarh_Village_67,Aligarh,Uttar Pradesh,2022,60,16,207,5.3
10442,Aligarh_Village_67,Aligarh,Uttar Pradesh,2023,283,13,269,13.7
10442,Aligarh_Village_67,Aligarh,Uttar Pradesh,2024,179,10,320,8.4
10442,Aligarh_Village_67,Aligarh,Uttar Pradesh,2025,244,23,382,12.1
10443,Aligarh_Village_68,Aligarh,Uttar Pradesh,2022,264,11,313,14.8
10443,Aligarh_Village_68,Aligarh,Uttar Pradesh,2023,168,20,293,11.2
10443,Aligarh_Village_68,Aligarh,Uttar Pradesh,2024,189,9,330,13.2
10443,Aligarh_Village_68,Aligarh,Uttar Pradesh,2025,69,20,330,4.7
10444,Aligarh_Village_69,Aligarh,Uttar Pradesh,2022,54,5,244,13.2
10444,Aligarh_Village_69,Aligarh,Uttar Pradesh,2023,86,23,264,6.9
10444,Aligarh_Village_69,Aligarh,Uttar Pradesh,2024,215,21,293,8.7
10444,Aligarh_Village_69,Aligarh,Uttar Pradesh,2025,271,30,339,10.1
10445,Aligarh_Village_70,Aligarh,Uttar Pradesh,2022,186,26,201,14.0
10445,Aligarh_Village_70,Aligarh,Uttar Pradesh,2023,275,12,309,13.7
10445,Aligarh_Village_70,Aligarh,Uttar Pradesh,2024,102,37,291,4.7
10445,Aligarh_Village_70,Aligarh,Uttar Pradesh,2025,221,6,386,7.1
10446,Aligarh_Village_71,Aligarh,Uttar Pradesh,2022,148,34,273,12.8
10446,Aligarh_Village_71,Aligarh,Uttar Pradesh,2023,293,24,314,11.5
10446,Aligarh_Village_71,Aligarh,Uttar Pradesh,2024,299,22,340,4.0
10446,Aligarh_Village_71,Aligarh,Uttar Pradesh,2025,135,14,348,8.0
10447,Aligarh_Village_72,Aligarh,Uttar Pradesh,2022,157,28,214,13.2
10447,Aligarh_Village_72,Aligarh,Uttar Pradesh,2023,73,8,228,11.8
10447,Aligarh_Village_72,Aligarh,Uttar Pradesh,2024,130,8,256,8.0
10447,Aligarh_Village_72,Aligarh,Uttar Pradesh,2025,251,17,329,11.0
10448,Aligarh_Village_73,Aligarh,Uttar Pradesh,2022,207,29,208,10.3
10448,Aligarh_Village_73,Aligarh,Uttar Pradesh,2023,169,17,234,13.7
10448,Aligarh_Village_73,Aligarh,Uttar Pradesh,2024,108,22,308,9.9
10448,Aligarh_Village_73,Aligarh,Uttar Pradesh,2025,287,28,301,7.5
10449,Aligarh_Village_74,Aligarh,Uttar Pradesh,2022,264,6,343,13.6
10449,Aligarh_Village_74,Aligarh,Uttar Pradesh,2023,177,37,314,4.6
10449,Aligarh_Village_74,Aligarh,Uttar Pradesh,2024,273,23,304,13.2
10449,Aligarh_Village_74,Aligarh,Uttar Pradesh,2025,258,13,380,10.6
10450,Aligarh_Village_75,Aligarh,Uttar Pradesh,2022,163,32,266,14.4
10450,Aligarh_Village_75,Aligarh,Uttar Pradesh,2023,164,39,233,6.7
10450,Aligarh_Village_75,Aligarh,Uttar Pradesh,2024,258,14,334,11.0
10450,Aligarh_Village_75,Aligarh,Uttar Pradesh,2025,63,5,255,11.8
10451,Aligarh_Village_76,Aligarh,Uttar Pradesh,2022,58,25,250,11.9
10451,Aligarh_Village_76,Aligarh,Uttar Pradesh,2023,89,13,340,6.3
10451,Aligarh_Village_76,Aligarh,Uttar Pradesh,2024,243,19,309,6.6
10451,Aligarh_Village_76,Aligarh,Uttar Pradesh,2025,286,39,298,9.3
10452,Aligarh_Village_77,Aligarh,Uttar Pradesh,2022,74,9,216,9.2
10452,Aligarh_Village_77,Aligarh,Uttar Pradesh,2023,152,26,238,11.8
10452,Aligarh_Village_77,Aligarh,Uttar Pradesh,2024,250,27,374,7.7
10452,Aligarh_Village_77,Aligarh,Uttar Pradesh,2025,295,11,292,12.3
10453,Aligarh_Village_78,Aligarh,Uttar Pradesh,2022,71,27,283,9.0
10453,Aligarh_Village_78,Aligarh,Uttar Pradesh,2023,284,29,221,4.5
10453,Aligarh_Village_78,Aligarh,Uttar Pradesh,2024,287,31,371,3.9
10453,Aligarh_Village_78,Aligarh,Uttar Pradesh,2025,53,10,255,10.1
10454,Aligarh_Village_79,Aligarh,Uttar Pradesh,2022,203,38,211,10.2
10454,Aligarh_Village_79,Aligarh,Uttar Pradesh,2023,235,13,324,9.8
10454,Aligarh_Village_79,Aligarh,Uttar Pradesh,2024,78,37,362,12.0
10454,Aligarh_Village_79,Aligarh,Uttar Pradesh,2025,158,10,377,7.2
10455,Aligarh_Village_80,Aligarh,Uttar Pradesh,2022,147,35,327,15.0
10455,Aligarh_Village_80,Aligarh,Uttar Pradesh,2023,264,38,362,14.0
10455,Aligarh_Village_80,Aligarh,Uttar Pradesh,2024,86,33,283,3.8
10455,Aligarh_Village_80,Aligarh,Uttar Pradesh,2025,124,18,299,12.7
10456,Aligarh_Village_81,Aligarh,Uttar Pradesh,2022,119,19,278,11.6
10456,Aligarh_Village_81,Aligarh,Uttar Pradesh,2023,195,12,304,9.4
10456,Aligarh_Village_81,Aligarh,Uttar Pradesh,2024,177,30,326,9.8
10456,Aligarh_Village_81,Aligarh,Uttar Pradesh,2025,134,25,371,12.1
10457,Aligarh_Village_82,Aligarh,Uttar Pradesh,2022,91,32,229,14.5
10457,Aligarh_Village_82,Aligarh,Uttar Pradesh,2023,149,8,238,10.0
10457,Aligarh_Village_82,Aligarh,Uttar Pradesh,2024,90,20,360,5.6
10457,Aligarh_Village_82,Aligarh,Uttar Pradesh,2025,215,26,366,10.0
10458,Aligarh_Village_83,Aligarh,Uttar Pradesh,2022,83,16,299,5.3
10458,Aligarh_Village_83,Aligarh,Uttar Pradesh,2023,66,20,285,10.8
10458,Aligarh_Village_83,Aligarh,Uttar Pradesh,2024,214,33,379,12.2
10458,Aligarh_Village_83,Aligarh,Uttar Pradesh,2025,202,22,258,7.0
10459,Aligarh_Village_84,Aligarh,Uttar Pradesh,2022,279,14,247,5.2
10459,Aligarh_Village_84,Aligarh,Uttar Pradesh,2023,171,22,243,11.4
10459,Aligarh_Village_84,Aligarh,Uttar Pradesh,2024,125,5,279,7.3
10459,Aligarh_Village_84,Aligarh,Uttar Pradesh,2025,136,25,382,5.9
10460,Aligarh_Village_85,Aligarh,Uttar Pradesh,2022,166,5,226,11.7
10460,Aligarh_Village_85,Aligarh,Uttar Pradesh,2023,155,19,293,14.3
10460,Aligarh_Village_85,Aligarh,Uttar Pradesh,2024,135,8,325,11.5
10460,Aligarh_Village_85,Aligarh,Uttar Pradesh,2025,262,24,381,8.5
10461,Aligarh_Village_86,Aligarh,Uttar Pradesh,2022,76,14,270,10.8
10461,Aligarh_Village_86,Aligarh,Uttar Pradesh,2023,106,27,294,5.6
10461,Aligarh_Village_86,Aligarh,Uttar Pradesh,2024,80,38,310,12.2
10461,Aligarh_Village_86,Aligarh,Uttar Pradesh,2025,183,37,331,9.6
10462,Aligarh_Village_87,Aligarh,Uttar Pradesh,2022,268,38,207,14.6
10462,Aligarh_Village_87,Aligarh,Uttar Pradesh,2023,217,14,216,14.4
10462,Aligarh_Village_87,Aligarh,Uttar Pradesh,2024,147,24,352,7.4
10462,Aligarh_Village_87,Aligarh,Uttar Pradesh,2025,61,5,365,13.7
10463,Aligarh_Village_88,Aligarh,Uttar Pradesh,2022,286,17,295,14.5
10463,Aligarh_Village_88,Aligarh,Uttar Pradesh,2023,298,5,307,10.8
10463,Aligarh_Village_88,Aligarh,Uttar Pradesh,2024,102,9,232,7.2
10463,Aligarh_Village_88,Aligarh,Uttar Pradesh,2025,248,20,380,11.2
10464,Aligarh_Village_89,Aligarh,Uttar Pradesh,2022,187,19,201,7.3
10464,Aligarh_Village_89,Aligarh,Uttar Pradesh,2023,222,32,329,10.7
10464,Aligarh_Village_89,Aligarh,Uttar Pradesh,2024,194,35,278,4.0
10464,Aligarh_Village_89,Aligarh,Uttar Pradesh,2025,203,27,345,9.9
10465,Aligarh_Village_90,Aligarh,Uttar Pradesh,2022,262,21,347,14.5
10465,Aligarh_Village_90,Aligarh,Uttar Pradesh,2023,269,38,243,6.6
10465,Aligarh_Village_90,Aligarh,Uttar Pradesh,2024,239,17,374,11.9
10465,Aligarh_Village_90,Aligarh,Uttar Pradesh,2025,171,18,318,6.4
10466,Aligarh_Village_91,Aligarh,Uttar Pradesh,2022,95,15,304,11.9
10466,Aligarh_Village_91,Aligarh,Uttar Pradesh,2023,113,32,364,11.4
10466,Aligarh_Village_91,Aligarh,Uttar Pradesh,2024,179,36,235,5.6
10466,Aligarh_Village_91,Aligarh,Uttar Pradesh,2025,103,39,306,9.6
10467,Aligarh_Village_92,Aligarh,Uttar Pradesh,2022,156,35,230,13.5
10467,Aligarh_Village_92,Aligarh,Uttar Pradesh,2023,242,21,333,8.1
10467,Aligarh_Village_92,Aligarh,Uttar Pradesh,2024,100,13,241,11.2
10467,Aligarh_Village_92,Aligarh,Uttar Pradesh,2025,230,14,256,10.4
10468,Aligarh_Village_93,Aligarh,Uttar Pradesh,2022,85,12,343,7.2
10468,Aligarh_Village_93,Aligarh,Uttar Pradesh,2023,164,25,239,13.7
10468,Aligarh_Village_93,Aligarh,Uttar Pradesh,2024,75,17,379,9.6
10468,Aligarh_Village_93,Aligarh,Uttar Pradesh,2025,78,9,335,7.0
10469,Aligarh_Village_94,Aligarh,Uttar Pradesh,2022,198,10,287,6.2
10469,Aligarh_Village_94,Aligarh,Uttar Pradesh,2023,60,34,290,9.1
10469,Aligarh_Village_94,Aligarh,Uttar Pradesh,2024,89,35,247,11.4
10469,Aligarh_Village_94,Aligarh,Uttar Pradesh,2025,60,21,289,9.8
10470,Aligarh_Village_95,Aligarh,Uttar Pradesh,2022,213,15,310,12.1
10470,Aligarh_Village_95,Aligarh,Uttar Pradesh,2023,162,24,294,12.4
10470,Aligarh_Village_95,Aligarh,Uttar Pradesh,2024,236,13,297,8.3
10470,Aligarh_Village_95,Aligarh,Uttar Pradesh,2025,88,6,384,8.8
10471,Aligarh_Village_96,Aligarh,Uttar Pradesh,2022,281,5,217,14.9
10471,Aligarh_Village_96,Aligarh,Uttar Pradesh,2023,276,8,268,14.3
10471,Aligarh_Village_96,Aligarh,Uttar Pradesh,2024,103,29,341,8.1
10471,Aligarh_Village_96,Aligarh,Uttar Pradesh,2025,147,7,341,10.5
10472,Aligarh_Village_97,Aligarh,Uttar Pradesh,2022,104,13,226,7.3
10472,Aligarh_Village_97,Aligarh,Uttar Pradesh,2023,160,26,292,5.7
10472,Aligarh_Village_97,Aligarh,Uttar Pradesh,2024,201,27,317,11.8
10472,Aligarh_Village_97,Aligarh,Uttar Pradesh,2025,295,16,298,7.9
10473,Aligarh_Village_98,Aligarh,Uttar Pradesh,2022,199,14,286,6.4
10473,Aligarh_Village_98,Aligarh,Uttar Pradesh,2023,118,38,219,12.1
10473,Aligarh_Village_98,Aligarh,Uttar Pradesh,2024,105,14,352,13.3
10473,Aligarh_Village_98,Aligarh,Uttar Pradesh,2025,82,34,298,13.1
10474,Aligarh_Village_99,Aligarh,Uttar Pradesh,2022,299,26,238,10.8
10474,Aligarh_Village_99,Aligarh,Uttar Pradesh,2023,85,10,323,9.1
10474,Aligarh_Village_99,Aligarh,Uttar Pradesh,2024,288,6,361,5.2
10474,Aligarh_Village_99,Aligarh,Uttar Pradesh,2025,197,34,318,11.6
10475,Aligarh_Village_100,Aligarh,Uttar Pradesh,2022,260,6,264,14.4
10475,Aligarh_Village_100,Aligarh,Uttar Pradesh,2023,276,36,251,13.4
10475,Aligarh_Village_100,Aligarh,Uttar Pradesh,2024,293,20,296,11.6
10475,Aligarh_Village_100,Aligarh,Uttar Pradesh,2025,284,16,355,3.3
10476,Aligarh_Village_101,Aligarh,Uttar Pradesh,2022,130,5,324,8.8
10476,Aligarh_Village_101,Aligarh,Uttar Pradesh,2023,239,12,301,8.4
10476,Aligarh_Village_101,Aligarh,Uttar Pradesh,2024,158,17,276,13.1
10476,Aligarh_Village_101,Aligarh,Uttar Pradesh,2025,284,19,392,4.0
10477,Aligarh_Village_102,Aligarh,Uttar Pradesh,2022,275,12,212,10.1
10477,Aligarh_Village_102,Aligarh,Uttar Pradesh,2023,250,14,258,5.5
10477,Aligarh_Village_102,Aligarh,Uttar Pradesh,2024,203,9,354,10.7
10477,Aligarh_Village_102,Aligarh,Uttar Pradesh,2025,243,23,363,11.6
10478,Aligarh_Village_103,Aligarh,Uttar Pradesh,2022,294,15,330,11.2
10478,Aligarh_Village_103,Aligarh,Uttar Pradesh,2023,122,24,340,12.4
10478,Aligarh_Village_103,Aligarh,Uttar Pradesh,2024,250,24,367,10.1
10478,Aligarh_Village_103,Aligarh,Uttar Pradesh,2025,89,25,293,5.3
10479,Aligarh_Village_104,Aligarh,Uttar Pradesh,2022,66,22,323,8.5
10479,Aligarh_Village_104,Aligarh,Uttar Pradesh,2023,178,14,292,14.1
10479,Aligarh_Village_104,Aligarh,Uttar Pradesh,2024,266,38,359,6.7
10479,Aligarh_Village_104,Aligarh,Uttar Pradesh,2025,110,30,347,4.0
10480,Aligarh_Village_105,Aligarh,Uttar Pradesh,2022,220,34,304,8.5
10480,Aligarh_Village_105,Aligarh,Uttar Pradesh,2023,153,13,334,7.9
10480,Aligarh_Village_105,Aligarh,Uttar Pradesh,2024,91,35,260,8.6
10480,Aligarh_Village_105,Aligarh,Uttar Pradesh,2025,74,8,312,9.2
10481,Aligarh_Village_106,Aligarh,Uttar Pradesh,2022,88,10,236,14.9
10481,Aligarh_Village_106,Aligarh,Uttar Pradesh,2023,84,18,238,12.0
10481,Aligarh_Village_106,Aligarh,Uttar Pradesh,2024,180,8,273,4.1
10481,Aligarh_Village_106,Aligarh,Uttar Pradesh,2025,291,30,327,10.8
10482,Aligarh_Village_107,Aligarh,Uttar Pradesh,2022,278,21,240,13.2
10482,Aligarh_Village_107,Aligarh,Uttar Pradesh,2023,157,23,256,13.5
10482,Aligarh_Village_107,Aligarh,Uttar Pradesh,2024,221,10,337,8.2
10482,Aligarh_Village_107,Aligarh,Uttar Pradesh,2025,228,33,284,6.6
10483,Aligarh_Village_108,Aligarh,Uttar Pradesh,2022,271,15,247,13.3
10483,Aligarh_Village_108,Aligarh,Uttar Pradesh,2023,151,20,327,12.3
10483,Aligarh_Village_108,Aligarh,Uttar Pradesh,2024,147,34,313,9.3
10483,Aligarh_Village_108,Aligarh,Uttar Pradesh,2025,61,29,248,4.5
10484,Aligarh_Village_109,Aligarh,Uttar Pradesh,2022,68,15,307,11.3
10484,Aligarh_Village_109,Aligarh,Uttar Pradesh,2023,150,11,274,4.8
10484,Aligarh_Village_109,Aligarh,Uttar Pradesh,2024,93,30,343,4.8
10484,Aligarh_Village_109,Aligarh,Uttar Pradesh,2025,236,26,249,6.8
10485,Aligarh_Village_110,Aligarh,Uttar Pradesh,2022,98,29,305,8.4
10485,Aligarh_Village_110,Aligarh,Uttar Pradesh,2023,238,23,220,9.0
10485,Aligarh_Village_110,Aligarh,Uttar Pradesh,2024,66,35,243,7.3
10485,Aligarh_Village_110,Aligarh,Uttar Pradesh,2025,123,30,370,3.7
10486,Aligarh_Village_111,Aligarh,Uttar Pradesh,2022,106,27,339,6.2
10486,Aligarh_Village_111,Aligarh,Uttar Pradesh,2023,104,17,276,5.3
10486,Aligarh_Village_111,Aligarh,Uttar Pradesh,2024,290,29,256,8.2
10486,Aligarh_Village_111,Aligarh,Uttar Pradesh,2025,96,6,298,5.5
10487,Aligarh_Village_112,Aligarh,Uttar Pradesh,2022,61,6,289,7.6
10487,Aligarh_Village_112,Aligarh,Uttar Pradesh,2023,111,20,226,9.1
10487,Aligarh_Village_112,Aligarh,Uttar Pradesh,2024,129,13,365,6.2
10487,Aligarh_Village_112,Aligarh,Uttar Pradesh,2025,265,32,318,5.9
10488,Aligarh_Village_113,Aligarh,Uttar Pradesh,2022,132,17,343,13.2
10488,Aligarh_Village_113,Aligarh,Uttar Pradesh,2023,57,39,240,9.9
10488,Aligarh_Village_113,Aligarh,Uttar Pradesh,2024,272,17,365,12.7
10488,Aligarh_Village_113,Aligarh,Uttar Pradesh,2025,198,35,289,8.7
10489,Aligarh_Village_114,Aligarh,Uttar Pradesh,2022,130,25,283,14.0
10489,Aligarh_Village_114,Aligarh,Uttar Pradesh,2023,264,36,361,6.8
10489,Aligarh_Village_114,Aligarh,Uttar Pradesh,2024,278,38,374,10.2
10489,Aligarh_Village_114,Aligarh,Uttar Pradesh,2025,167,12,347,8.6
10490,Aligarh_Village_115,Aligarh,Uttar Pradesh,2022,257,6,323,14.1
10490,Aligarh_Village_115,Aligarh,Uttar Pradesh,2023,247,36,337,8.5
10490,Aligarh_Village_115,Aligarh,Uttar Pradesh,2024,249,32,345,12.7
10490,Aligarh_Village_115,Aligarh,Uttar Pradesh,2025,74,5,258,9.2
10491,Aligarh_Village_116,Aligarh,Uttar Pradesh,2022,259,14,216,11.9
10491,Aligarh_Village_116,Aligarh,Uttar Pradesh,2023,138,8,227,13.4
10491,Aligarh_Village_116,Aligarh,Uttar Pradesh,2024,61,39,322,14.2
10491,Aligarh_Village_116,Aligarh,Uttar Pradesh,2025,192,14,307,11.0
10492,Aligarh_Village_117,Aligarh,Uttar Pradesh,2022,108,15,232,7.8
10492,Aligarh_Village_117,Aligarh,Uttar Pradesh,2023,203,18,243,7.2
10492,Aligarh_Village_117,Aligarh,Uttar Pradesh,2024,282,16,266,6.9
10492,Aligarh_Village_117,Aligarh,Uttar Pradesh,2025,158,21,347,4.3
10493,Aligarh_Village_118,Aligarh,Uttar Pradesh,2022,75,20,223,5.1
10493,Aligarh_Village_118,Aligarh,Uttar Pradesh,2023,96,39,356,10.2
10493,Aligarh_Village_118,Aligarh,Uttar Pradesh,2024,81,6,362,12.2
10493,Aligarh_Village_118,Aligarh,Uttar Pradesh,2025,59,15,369,3.7
10494,Aligarh_Village_119,Aligarh,Uttar Pradesh,2022,65,7,252,10.4
10494,Aligarh_Village_119,Aligarh,Uttar Pradesh,2023,248,33,302,8.0
10494,Aligarh_Village_119,Aligarh,Uttar Pradesh,2024,194,22,327,13.1
10494,Aligarh_Village_119,Aligarh,Uttar Pradesh,2025,200,24,358,4.8
10495,Aligarh_Village_120,Aligarh,Uttar Pradesh,2022,75,18,294,10.4
10495,Aligarh_Village_120,Aligarh,Uttar Pradesh,2023,262,38,334,14.3
10495,Aligarh_Village_120,Aligarh,Uttar Pradesh,2024,135,35,302,7.3
10495,Aligarh_Village_120,Aligarh,Uttar Pradesh,2025,299,22,350,11.1
10496,Aligarh_Village_121,Aligarh,Uttar Pradesh,2022,184,34,225,13.8
10496,Aligarh_Village_121,Aligarh,Uttar Pradesh,2023,63,29,232,6.1
10496,Aligarh_Village_121,Aligarh,Uttar Pradesh,2024,128,23,365,14.1
10496,Aligarh_Village_121,Aligarh,Uttar Pradesh,2025,166,12,390,11.8
10497,Aligarh_Village_122,Aligarh,Uttar Pradesh,2022,56,32,257,5.9
10497,Aligarh_Village_122,Aligarh,Uttar Pradesh,2023,186,12,307,7.4
10497,Aligarh_Village_122,Aligarh,Uttar Pradesh,2024,164,35,278,10.3
10497,Aligarh_Village_122,Aligarh,Uttar Pradesh,2025,225,7,315,12.6
10498,Aligarh_Village_123,Aligarh,Uttar Pradesh,2022,121,7,264,6.5
10498,Aligarh_Village_123,Aligarh,Uttar Pradesh,2023,291,26,247,11.8
10498,Aligarh_Village_123,Aligarh,Uttar Pradesh,2024,108,21,279,6.5
10498,Aligarh_Village_123,Aligarh,Uttar Pradesh,2025,264,21,248,11.8
10499,Aligarh_Village_124,Aligarh,Uttar Pradesh,2022,270,18,318,11.7
10499,Aligarh_Village_124,Aligarh,Uttar Pradesh,2023,131,13,298,9.6
10499,Aligarh_Village_124,Aligarh,Uttar Pradesh,2024,272,34,346,10.5
10499,Aligarh_Village_124,Aligarh,Uttar Pradesh,2025,271,25,346,12.5
10500,Aligarh_Village_125,Aligarh,Uttar Pradesh,2022,165,16,330,8.6
10500,Aligarh_Village_125,Aligarh,Uttar Pradesh,2023,216,36,220,12.2
10500,Aligarh_Village_125,Aligarh,Uttar Pradesh,2024,276,15,252,5.4
10500,Aligarh_Village_125,Aligarh,Uttar Pradesh,2025,195,24,379,10.7
10501,Pune_Village_1,Pune,Maharashtra,2022,236,39,319,12.4
10501,Pune_Village_1,Pune,Maharashtra,2023,283,15,275,8.8
10501,Pune_Village_1,Pune,Maharashtra,2024,152,12,329,12.0
10501,Pune_Village_1,Pune,Maharashtra,2025,66,8,309,9.1
10502,Pune_Village_2,Pune,Maharashtra,2022,63,31,333,14.3
10502,Pune_Village_2,Pune,Maharashtra,2023,208,34,238,5.3
10502,Pune_Village_2,Pune,Maharashtra,2024,201,31,266,5.1
10502,Pune_Village_2,Pune,Maharashtra,2025,276,25,289,12.1
10503,Pune_Village_3,Pune,Maharashtra,2022,157,24,299,13.3
10503,Pune_Village_3,Pune,Maharashtra,2023,237,8,316,9.0
10503,Pune_Village_3,Pune,Maharashtra,2024,94,15,292,13.8
10503,Pune_Village_3,Pune,Maharashtra,2025,147,17,273,10.4
10504,Pune_Village_4,Pune,Maharashtra,2022,180,13,300,14.8
10504,Pune_Village_4,Pune,Maharashtra,2023,86,8,323,9.7
10504,Pune_Village_4,Pune,Maharashtra,2024,220,16,325,5.8
10504,Pune_Village_4,Pune,Maharashtra,2025,217,13,254,8.0
10505,Pune_Village_5,Pune,Maharashtra,2022,267,17,234,14.8
10505,Pune_Village_5,Pune,Maharashtra,2023,232,30,269,8.0
10505,Pune_Village_5,Pune,Maharashtra,2024,264,17,325,13.7
10505,Pune_Village_5,Pune,Maharashtra,2025,157,32,367,11.7
10506,Pune_Village_6,Pune,Maharashtra,2022,88,23,211,9.1
10506,Pune_Village_6,Pune,Maharashtra,2023,64,28,218,9.8
10506,Pune_Village_6,Pune,Maharashtra,2024,169,23,335,10.1
10506,Pune_Village_6,Pune,Maharashtra,2025,290,17,334,10.3
10507,Pune_Village_7,Pune,Maharashtra,2022,53,17,266,5.3
10507,Pune_Village_7,Pune,Maharashtra,2023,142,32,359,13.9
10507,Pune_Village_7,Pune,Maharashtra,2024,263,6,294,10.0
10507,Pune_Village_7,Pune,Maharashtra,2025,202,14,326,13.1
10508,Pune_Village_8,Pune,Maharashtra,2022,190,26,304,11.1
10508,Pune_Village_8,Pune,Maharashtra,2023,259,17,298,8.6
10508,Pune_Village_8,Pune,Maharashtra,2024,210,13,334,9.7
10508,Pune_Village_8,Pune,Maharashtra,2025,65,37,359,12.0
10509,Pune_Village_9,Pune,Maharashtra,2022,286,18,227,7.9
10509,Pune_Village_9,Pune,Maharashtra,2023,219,24,230,14.1
10509,Pune_Village_9,Pune,Maharashtra,2024,157,19,250,8.6
10509,Pune_Village_9,Pune,Maharashtra,2025,175,36,321,13.3
10510,Pune_Village_10,Pune,Maharashtra,2022,243,37,241,13.7
10510,Pune_Village_10,Pune,Maharashtra,2023,104,21,268,12.2
10510,Pune_Village_10,Pune,Maharashtra,2024,276,28,261,8.6
10510,Pune_Village_10,Pune,Maharashtra,2025,219,34,358,9.5
10511,Pune_Village_11,Pune,Maharashtra,2022,83,17,237,13.3
10511,Pune_Village_11,Pune,Maharashtra,2023,207,20,328,9.8
10511,Pune_Village_11,Pune,Maharashtra,2024,296,6,339,11.5
10511,Pune_Village_11,Pune,Maharashtra,2025,62,21,347,11.6
10512,Pune_Village_12,Pune,Maharashtra,2022,190,36,276,9.9
10512,Pune_Village_12,Pune,Maharashtra,2023,67,12,354,9.7
10512,Pune_Village_12,Pune,Maharashtra,2024,209,7,282,5.8
10512,Pune_Village_12,Pune,Maharashtra,2025,145,16,365,5.9
10513,Pune_Village_13,Pune,Maharashtra,2022,276,24,202,14.0
10513,Pune_Village_13,Pune,Maharashtra,2023,172,20,268,12.9
10513,Pune_Village_13,Pune,Maharashtra,2024,88,18,269,3.8
10513,Pune_Village_13,Pune,Maharashtra,2025,95,20,312,12.4
10514,Pune_Village_14,Pune,Maharashtra,2022,293,37,313,4.8
10514,Pune_Village_14,Pune,Maharashtra,2023,78,34,344,8.9
10514,Pune_Village_14,Pune,Maharashtra,2024,239,16,271,4.4
10514,Pune_Village_14,Pune,Maharashtra,2025,290,19,338,13.5
10515,Pune_Village_15,Pune,Maharashtra,2022,270,22,348,14.7
10515,Pune_Village_15,Pune,Maharashtra,2023,111,32,315,10.5
10515,Pune_Village_15,Pune,Maharashtra,2024,294,27,353,7.8
10515,Pune_Village_15,Pune,Maharashtra,2025,285,18,246,8.7
10516,Pune_Village_16,Pune,Maharashtra,2022,234,34,290,12.5
10516,Pune_Village_16,Pune,Maharashtra,2023,65,37,273,6.4
10516,Pune_Village_16,Pune,Maharashtra,2024,233,19,327,8.3
10516,Pune_Village_16,Pune,Maharashtra,2025,285,11,260,11.0
10517,Pune_Village_17,Pune,Maharashtra,2022,288,19,347,8.7
10517,Pune_Village_17,Pune,Maharashtra,2023,170,15,230,4.4
10517,Pune_Village_17,Pune,Maharashtra,2024,59,33,337,9.0
10517,Pune_Village_17,Pune,Maharashtra,2025,207,35,267,11.0
10518,Pune_Village_18,Pune,Maharashtra,2022,202,29,241,14.8
10518,Pune_Village_18,Pune,Maharashtra,2023,152,28,251,4.5
10518,Pune_Village_18,Pune,Maharashtra,2024,133,23,301,9.4
10518,Pune_Village_18,Pune,Maharashtra,2025,182,6,378,8.0
10519,Pune_Village_19,Pune,Maharashtra,2022,114,26,315,7.0
10519,Pune_Village_19,Pune,Maharashtra,2023,271,24,364,10.8
10519,Pune_Village_19,Pune,Maharashtra,2024,226,37,235,5.4
10519,Pune_Village_19,Pune,Maharashtra,2025,52,12,276,6.3
10520,Pune_Village_20,Pune,Maharashtra,2022,222,29,344,12.7
10520,Pune_Village_20,Pune,Maharashtra,2023,191,13,252,8.9
10520,Pune_Village_20,Pune,Maharashtra,2024,169,38,374,14.1
10520,Pune_Village_20,Pune,Maharashtra,2025,207,27,281,7.4
10521,Pune_Village_21,Pune,Maharashtra,2022,291,9,260,9.4
10521,Pune_Village_21,Pune,Maharashtra,2023,117,29,291,7.3
10521,Pune_Village_21,Pune,Maharashtra,2024,195,12,356,6.2
10521,Pune_Village_21,Pune,Maharashtra,2025,239,20,330,13.0
10522,Pune_Village_22,Pune,Maharashtra,2022,86,19,206,12.4
10522,Pune_Village_22,Pune,Maharashtra,2023,202,5,364,7.6
10522,Pune_Village_22,Pune,Maharashtra,2024,225,26,314,11.1
10522,Pune_Village_22,Pune,Maharashtra,2025,242,7,250,13.4
10523,Pune_Village_23,Pune,Maharashtra,2022,230,18,341,5.3
10523,Pune_Village_23,Pune,Maharashtra,2023,287,22,358,6.9
10523,Pune_Village_23,Pune,Maharashtra,2024,256,22,232,5.8
10523,Pune_Village_23,Pune,Maharashtra,2025,122,7,381,12.4
10524,Pune_Village_24,Pune,Maharashtra,2022,192,14,246,6.4
10524,Pune_Village_24,Pune,Maharashtra,2023,98,5,299,7.3
10524,Pune_Village_24,Pune,Maharashtra,2024,170,31,323,9.4
10524,Pune_Village_24,Pune,Maharashtra,2025,137,31,267,9.8
10525,Pune_Village_25,Pune,Maharashtra,2022,245,15,202,13.0
10525,Pune_Village_25,Pune,Maharashtra,2023,189,9,343,8.4
10525,Pune_Village_25,Pune,Maharashtra,2024,236,11,296,9.3
10525,Pune_Village_25,Pune,Maharashtra,2025,299,23,315,13.4
10526,Pune_Village_26,Pune,Maharashtra,2022,86,33,330,7.6
10526,Pune_Village_26,Pune,Maharashtra,2023,110,19,281,6.7
10526,Pune_Village_26,Pune,Maharashtra,2024,278,39,284,11.2
10526,Pune_Village_26,Pune,Maharashtra,2025,220,16,376,11.4
10527,Pune_Village_27,Pune,Maharashtra,2022,173,34,230,8.9
10527,Pune_Village_27,Pune,Maharashtra,2023,247,24,280,6.3
10527,Pune_Village_27,Pune,Maharashtra,2024,88,7,330,11.9
10527,Pune_Village_27,Pune,Maharashtra,2025,233,13,308,10.3
10528,Pune_Village_28,Pune,Maharashtra,2022,112,30,230,13.7
10528,Pune_Village_28,Pune,Maharashtra,2023,95,6,331,13.0
10528,Pune_Village_28,Pune,Maharashtra,2024,137,27,295,5.9
10528,Pune_Village_28,Pune,Maharashtra,2025,60,27,291,12.0
10529,Pune_Village_29,Pune,Maharashtra,2022,111,25,221,6.3
10529,Pune_Village_29,Pune,Maharashtra,2023,126,20,308,13.2
10529,Pune_Village_29,Pune,Maharashtra,2024,275,13,312,11.8
10529,Pune_Village_29,Pune,Maharashtra,2025,202,17,290,9.3
10530,Pune_Village_30,Pune,Maharashtra,2022,248,32,288,11.2
10530,Pune_Village_30,Pune,Maharashtra,2023,101,31,333,5.2
10530,Pune_Village_30,Pune,Maharashtra,2024,53,21,275,4.1
10530,Pune_Village_30,Pune,Maharashtra,2025,108,5,245,6.8
10531,Pune_Village_31,Pune,Maharashtra,2022,121,22,295,13.1
10531,Pune_Village_31,Pune,Maharashtra,2023,197,13,275,9.0
10531,Pune_Village_31,Pune,Maharashtra,2024,142,17,334,6.0
10531,Pune_Village_31,Pune,Maharashtra,2025,112,19,325,12.1
10532,Pune_Village_32,Pune,Maharashtra,2022,103,8,213,6.9
10532,Pune_Village_32,Pune,Maharashtra,2023,166,37,259,12.7
10532,Pune_Village_32,Pune,Maharashtra,2024,292,28,306,8.5
10532,Pune_Village_32,Pune,Maharashtra,2025,286,14,310,8.2
10533,Pune_Village_33,Pune,Maharashtra,2022,159,24,231,7.4
10533,Pune_Village_33,Pune,Maharashtra,2023,123,15,310,13.6
10533,Pune_Village_33,Pune,Maharashtra,2024,156,16,287,4.6
10533,Pune_Village_33,Pune,Maharashtra,2025,275,22,348,4.8
10534,Pune_Village_34,Pune,Maharashtra,2022,106,34,255,11.2
10534,Pune_Village_34,Pune,Maharashtra,2023,267,24,348,13.0
10534,Pune_Village_34,Pune,Maharashtra,2024,218,29,296,4.7
10534,Pune_Village_34,Pune,Maharashtra,2025,290,16,362,11.0
10535,Pune_Village_35,Pune,Maharashtra,2022,299,25,237,12.3
10535,Pune_Village_35,Pune,Maharashtra,2023,52,29,345,10.2
10535,Pune_Village_35,Pune,Maharashtra,2024,169,15,341,8.8
10535,Pune_Village_35,Pune,Maharashtra,2025,55,13,377,6.7
10536,Pune_Village_36,Pune,Maharashtra,2022,54,29,253,8.2
10536,Pune_Village_36,Pune,Maharashtra,2023,54,39,248,11.2
10536,Pune_Village_36,Pune,Maharashtra,2024,103,36,268,4.4
10536,Pune_Village_36,Pune,Maharashtra,2025,96,18,356,9.4
10537,Pune_Village_37,Pune,Maharashtra,2022,264,5,287,7.4
10537,Pune_Village_37,Pune,Maharashtra,2023,226,21,262,9.0
10537,Pune_Village_37,Pune,Maharashtra,2024,58,29,278,9.6
10537,Pune_Village_37,Pune,Maharashtra,2025,148,12,278,12.6
10538,Pune_Village_38,Pune,Maharashtra,2022,69,9,299,10.6
10538,Pune_Village_38,Pune,Maharashtra,2023,171,9,349,6.5
10538,Pune_Village_38,Pune,Maharashtra,2024,290,39,247,4.5
10538,Pune_Village_38,Pune,Maharashtra,2025,110,23,314,9.9
10539,Pune_Village_39,Pune,Maharashtra,2022,172,27,313,10.2
10539,Pune_Village_39,Pune,Maharashtra,2023,283,13,248,11.2
10539,Pune_Village_39,Pune,Maharashtra,2024,212,34,280,8.5
10539,Pune_Village_39,Pune,Maharashtra,2025,227,20,349,12.0
10540,Pune_Village_40,Pune,Maharashtra,2022,131,37,292,14.2
10540,Pune_Village_40,Pune,Maharashtra,2023,111,6,356,4.5
10540,Pune_Village_40,Pune,Maharashtra,2024,194,18,298,11.5
10540,Pune_Village_40,Pune,Maharashtra,2025,265,5,333,3.7
10541,Pune_Village_41,Pune,Maharashtra,2022,52,30,302,9.2
10541,Pune_Village_41,Pune,Maharashtra,2023,209,29,350,8.9
10541,Pune_Village_41,Pune,Maharashtra,2024,276,20,372,11.0
10541,Pune_Village_41,Pune,Maharashtra,2025,279,19,327,7.0
10542,Pune_Village_42,Pune,Maharashtra,2022,62,30,210,13.1
10542,Pune_Village_42,Pune,Maharashtra,2023,169,20,362,7.7
10542,Pune_Village_42,Pune,Maharashtra,2024,174,18,265,7.3
10542,Pune_Village_42,Pune,Maharashtra,2025,288,33,326,5.6
10543,Pune_Village_43,Pune,Maharashtra,2022,138,28,341,11.7
10543,Pune_Village_43,Pune,Maharashtra,2023,122,19,252,4.9
10543,Pune_Village_43,Pune,Maharashtra,2024,117,23,318,7.5
10543,Pune_Village_43,Pune,Maharashtra,2025,191,12,245,6.1
10544,Pune_Village_44,Pune,Maharashtra,2022,150,38,303,6.9
10544,Pune_Village_44,Pune,Maharashtra,2023,147,6,279,4.7
10544,Pune_Village_44,Pune,Maharashtra,2024,60,31,230,5.7
10544,Pune_Village_44,Pune,Maharashtra,2025,154,14,369,8.0
10545,Pune_Village_45,Pune,Maharashtra,2022,233,39,259,9.8
10545,Pune_Village_45,Pune,Maharashtra,2023,116,27,239,6.9
10545,Pune_Village_45,Pune,Maharashtra,2024,172,12,320,10.5
10545,Pune_Village_45,Pune,Maharashtra,2025,269,32,382,6.8
10546,Pune_Village_46,Pune,Maharashtra,2022,78,27,249,8.4
10546,Pune_Village_46,Pune,Maharashtra,2023,186,8,354,12.3
10546,Pune_Village_46,Pune,Maharashtra,2024,244,18,321,9.5
10546,Pune_Village_46,Pune,Maharashtra,2025,202,33,276,13.3
10547,Pune_Village_47,Pune,Maharashtra,2022,275,5,232,8.3
10547,Pune_Village_47,Pune,Maharashtra,2023,125,8,240,12.8
10547,Pune_Village_47,Pune,Maharashtra,2024,219,36,271,11.5
10547,Pune_Village_47,Pune,Maharashtra,2025,58,37,305,12.6
10548,Pune_Village_48,Pune,Maharashtra,2022,256,30,240,14.5
10548,Pune_Village_48,Pune,Maharashtra,2023,89,21,344,4.2
10548,Pune_Village_48,Pune,Maharashtra,2024,74,27,328,4.6
10548,Pune_Village_48,Pune,Maharashtra,2025,54,36,342,10.4
10549,Pune_Village_49,Pune,Maharashtra,2022,188,19,230,8.6
10549,Pune_Village_49,Pune,Maharashtra,2023,236,17,329,12.7
10549,Pune_Village_49,Pune,Maharashtra,2024,275,6,376,3.8
10549,Pune_Village_49,Pune,Maharashtra,2025,265,23,292,11.8
10550,Pune_Village_50,Pune,Maharashtra,2022,173,28,201,5.9
10550,Pune_Village_50,Pune,Maharashtra,2023,256,28,353,7.1
10550,Pune_Village_50,Pune,Maharashtra,2024,87,15,330,13.9
10550,Pune_Village_50,Pune,Maharashtra,2025,121,26,372,3.8
10551,Pune_Village_51,Pune,Maharashtra,2022,182,19,258,8.2
10551,Pune_Village_51,Pune,Maharashtra,2023,225,14,334,5.0
10551,Pune_Village_51,Pune,Maharashtra,2024,139,31,267,12.7
10551,Pune_Village_51,Pune,Maharashtra,2025,195,13,351,10.7
10552,Pune_Village_52,Pune,Maharashtra,2022,247,32,220,12.9
10552,Pune_Village_52,Pune,Maharashtra,2023,86,5,256,9.6
10552,Pune_Village_52,Pune,Maharashtra,2024,109,21,366,7.5
10552,Pune_Village_52,Pune,Maharashtra,2025,225,35,384,3.3
10553,Pune_Village_53,Pune,Maharashtra,2022,254,14,209,7.4
10553,Pune_Village_53,Pune,Maharashtra,2023,77,33,347,9.5
10553,Pune_Village_53,Pune,Maharashtra,2024,246,22,262,10.7
10553,Pune_Village_53,Pune,Maharashtra,2025,254,10,313,5.7
10554,Pune_Village_54,Pune,Maharashtra,2022,130,16,279,6.0
10554,Pune_Village_54,Pune,Maharashtra,2023,163,18,315,6.2
10554,Pune_Village_54,Pune,Maharashtra,2024,89,14,258,7.4
10554,Pune_Village_54,Pune,Maharashtra,2025,94,24,390,4.9
10555,Pune_Village_55,Pune,Maharashtra,2022,273,19,333,6.1
10555,Pune_Village_55,Pune,Maharashtra,2023,111,35,267,4.6
10555,Pune_Village_55,Pune,Maharashtra,2024,142,11,353,12.7
10555,Pune_Village_55,Pune,Maharashtra,2025,164,14,286,5.6
10556,Pune_Village_56,Pune,Maharashtra,2022,235,14,246,13.1
10556,Pune_Village_56,Pune,Maharashtra,2023,116,32,225,8.7
10556,Pune_Village_56,Pune,Maharashtra,2024,105,34,312,10.3
10556,Pune_Village_56,Pune,Maharashtra,2025,89,7,353,4.1
10557,Pune_Village_57,Pune,Maharashtra,2022,147,19,226,10.6
10557,Pune_Village_57,Pune,Maharashtra,2023,89,25,276,7.1
10557,Pune_Village_57,Pune,Maharashtra,2024,140,16,377,4.7
10557,Pune_Village_57,Pune,Maharashtra,2025,254,8,375,12.8
10558,Pune_Village_58,Pune,Maharashtra,2022,286,13,343,10.8
10558,Pune_Village_58,Pune,Maharashtra,2023,82,32,317,6.6
10558,Pune_Village_58,Pune,Maharashtra,2024,55,27,273,8.1
10558,Pune_Village_58,Pune,Maharashtra,2025,265,26,337,7.0
10559,Pune_Village_59,Pune,Maharashtra,2022,196,28,229,11.9
10559,Pune_Village_59,Pune,Maharashtra,2023,129,30,333,10.5
10559,Pune_Village_59,Pune,Maharashtra,2024,217,34,258,3.9
10559,Pune_Village_59,Pune,Maharashtra,2025,141,37,274,5.4
10560,Pune_Village_60,Pune,Maharashtra,2022,146,20,303,9.5
10560,Pune_Village_60,Pune,Maharashtra,2023,108,26,324,8.8
10560,Pune_Village_60,Pune,Maharashtra,2024,108,22,261,9.1
10560,Pune_Village_60,Pune,Maharashtra,2025,97,11,382,10.8
10561,Pune_Village_61,Pune,Maharashtra,2022,218,30,250,11.7
10561,Pune_Village_61,Pune,Maharashtra,2023,62,12,350,8.0
10561,Pune_Village_61,Pune,Maharashtra,2024,156,10,265,12.9
10561,Pune_Village_61,Pune,Maharashtra,2025,94,34,299,4.0
10562,Pune_Village_62,Pune,Maharashtra,2022,138,27,235,10.6
10562,Pune_Village_62,Pune,Maharashtra,2023,230,36,270,14.1
10562,Pune_Village_62,Pune,Maharashtra,2024,219,26,265,9.5
10562,Pune_Village_62,Pune,Maharashtra,2025,149,13,333,8.1
10563,Pune_Village_63,Pune,Maharashtra,2022,240,35,261,5.9
10563,Pune_Village_63,Pune,Maharashtra,2023,204,11,323,12.6
10563,Pune_Village_63,Pune,Maharashtra,2024,215,13,316,7.6
10563,Pune_Village_63,Pune,Maharashtra,2025,237,17,308,10.7
10564,Pune_Village_64,Pune,Maharashtra,2022,56,7,256,6.6
10564,Pune_Village_64,Pune,Maharashtra,2023,182,39,327,4.5
10564,Pune_Village_64,Pune,Maharashtra,2024,284,37,299,6.9
10564,Pune_Village_64,Pune,Maharashtra,2025,94,25,264,6.3
10565,Pune_Village_65,Pune,Maharashtra,2022,107,35,253,13.7
10565,Pune_Village_65,Pune,Maharashtra,2023,298,38,215,13.2
10565,Pune_Village_65,Pune,Maharashtra,2024,292,36,319,9.3
10565,Pune_Village_65,Pune,Maharashtra,2025,80,39,382,3.5
10566,Pune_Village_66,Pune,Maharashtra,2022,72,19,312,6.9
10566,Pune_Village_66,Pune,Maharashtra,2023,219,36,227,10.8
10566,Pune_Village_66,Pune,Maharashtra,2024,187,10,339,4.8
10566,Pune_Village_66,Pune,Maharashtra,2025,209,25,335,10.7
10567,Pune_Village_67,Pune,Maharashtra,2022,156,37,294,4.6
10567,Pune_Village_67,Pune,Maharashtra,2023,230,36,257,11.3
10567,Pune_Village_67,Pune,Maharashtra,2024,207,23,367,12.6
10567,Pune_Village_67,Pune,Maharashtra,2025,88,37,318,8.2
10568,Pune_Village_68,Pune,Maharashtra,2022,208,32,213,13.2
10568,Pune_Village_68,Pune,Maharashtra,2023,131,35,313,12.3
10568,Pune_Village_68,Pune,Maharashtra,2024,149,25,338,10.7
10568,Pune_Village_68,Pune,Maharashtra,2025,51,38,389,8.0
10569,Pune_Village_69,Pune,Maharashtra,2022,255,19,348,7.4
10569,Pune_Village_69,Pune,Maharashtra,2023,126,18,310,13.1
10569,Pune_Village_69,Pune,Maharashtra,2024,270,23,287,10.5
10569,Pune_Village_69,Pune,Maharashtra,2025,61,19,380,11.7
10570,Pune_Village_70,Pune,Maharashtra,2022,88,10,295,10.3
10570,Pune_Village_70,Pune,Maharashtra,2023,243,13,252,5.9
10570,Pune_Village_70,Pune,Maharashtra,2024,273,24,293,14.0
10570,Pune_Village_70,Pune,Maharashtra,2025,62,38,253,5.2
10571,Pune_Village_71,Pune,Maharashtra,2022,95,30,320,14.1
10571,Pune_Village_71,Pune,Maharashtra,2023,204,22,246,6.3
10571,Pune_Village_71,Pune,Maharashtra,2024,162,32,240,7.6
10571,Pune_Village_71,Pune,Maharashtra,2025,282,13,349,7.9
10572,Pune_Village_72,Pune,Maharashtra,2022,66,36,345,14.2
10572,Pune_Village_72,Pune,Maharashtra,2023,153,10,361,13.4
10572,Pune_Village_72,Pune,Maharashtra,2024,272,18,311,12.3
10572,Pune_Village_72,Pune,Maharashtra,2025,147,32,281,7.3
10573,Pune_Village_73,Pune,Maharashtra,2022,237,28,281,4.5
10573,Pune_Village_73,Pune,Maharashtra,2023,241,17,226,11.3
10573,Pune_Village_73,Pune,Maharashtra,2024,137,16,233,8.0
10573,Pune_Village_73,Pune,Maharashtra,2025,158,23,287,11.2
10574,Pune_Village_74,Pune,Maharashtra,2022,212,25,250,12.8
10574,Pune_Village_74,Pune,Maharashtra,2023,289,31,219,8.7
10574,Pune_Village_74,Pune,Maharashtra,2024,119,23,363,11.6
10574,Pune_Village_74,Pune,Maharashtra,2025,260,28,331,12.1
10575,Pune_Village_75,Pune,Maharashtra,2022,207,30,305,14.2
10575,Pune_Village_75,Pune,Maharashtra,2023,248,32,270,10.2
10575,Pune_Village_75,Pune,Maharashtra,2024,123,22,339,11.9
10575,Pune_Village_75,Pune,Maharashtra,2025,282,33,312,8.5
10576,Pune_Village_76,Pune,Maharashtra,2022,273,21,295,4.9
10576,Pune_Village_76,Pune,Maharashtra,2023,275,8,258,5.7
10576,Pune_Village_76,Pune,Maharashtra,2024,112,33,372,5.0
10576,Pune_Village_76,Pune,Maharashtra,2025,205,8,334,5.1
10577,Pune_Village_77,Pune,Maharashtra,2022,109,14,241,4.6
10577,Pune_Village_77,Pune,Maharashtra,2023,128,29,353,13.1
10577,Pune_Village_77,Pune,Maharashtra,2024,271,35,302,9.6
10577,Pune_Village_77,Pune,Maharashtra,2025,86,7,255,7.3
10578,Pune_Village_78,Pune,Maharashtra,2022,270,6,257,8.8
10578,Pune_Village_78,Pune,Maharashtra,2023,71,29,342,9.0
10578,Pune_Village_78,Pune,Maharashtra,2024,245,10,250,4.5
10578,Pune_Village_78,Pune,Maharashtra,2025,197,30,265,6.2
10579,Pune_Village_79,Pune,Maharashtra,2022,145,12,271,13.4
10579,Pune_Village_79,Pune,Maharashtra,2023,277,39,343,11.9
10579,Pune_Village_79,Pune,Maharashtra,2024,291,31,331,9.6
10579,Pune_Village_79,Pune,Maharashtra,2025,117,29,257,8.3
10580,Pune_Village_80,Pune,Maharashtra,2022,268,22,272,7.2
10580,Pune_Village_80,Pune,Maharashtra,2023,241,5,220,9.0
10580,Pune_Village_80,Pune,Maharashtra,2024,66,7,341,10.0
10580,Pune_Village_80,Pune,Maharashtra,2025,61,8,261,10.8
10581,Pune_Village_81,Pune,Maharashtra,2022,199,19,272,6.2
10581,Pune_Village_81,Pune,Maharashtra,2023,194,12,226,12.6
10581,Pune_Village_81,Pune,Maharashtra,2024,187,23,315,7.3
10581,Pune_Village_81,Pune,Maharashtra,2025,167,30,366,8.6
10582,Pune_Village_82,Pune,Maharashtra,2022,242,14,269,10.9
10582,Pune_Village_82,Pune,Maharashtra,2023,71,18,322,9.2
10582,Pune_Village_82,Pune,Maharashtra,2024,267,23,281,9.7
10582,Pune_Village_82,Pune,Maharashtra,2025,169,34,281,4.5
10583,Pune_Village_83,Pune,Maharashtra,2022,259,9,316,9.0
10583,Pune_Village_83,Pune,Maharashtra,2023,99,35,217,7.0
10583,Pune_Village_83,Pune,Maharashtra,2024,63,11,237,4.6
10583,Pune_Village_83,Pune,Maharashtra,2025,241,23,382,5.3
10584,Pune_Village_84,Pune,Maharashtra,2022,224,35,246,10.8
10584,Pune_Village_84,Pune,Maharashtra,2023,78,28,278,6.2
10584,Pune_Village_84,Pune,Maharashtra,2024,253,38,271,5.6
10584,Pune_Village_84,Pune,Maharashtra,2025,213,27,287,9.1
10585,Pune_Village_85,Pune,Maharashtra,2022,276,10,324,14.0
10585,Pune_Village_85,Pune,Maharashtra,2023,229,31,351,12.4
10585,Pune_Village_85,Pune,Maharashtra,2024,174,15,243,13.2
10585,Pune_Village_85,Pune,Maharashtra,2025,253,9,335,9.4
10586,Pune_Village_86,Pune,Maharashtra,2022,56,21,331,8.8
10586,Pune_Village_86,Pune,Maharashtra,2023,78,11,216,11.8
10586,Pune_Village_86,Pune,Maharashtra,2024,188,31,344,6.4
10586,Pune_Village_86,Pune,Maharashtra,2025,82,19,245,4.1
10587,Pune_Village_87,Pune,Maharashtra,2022,183,17,274,8.1
10587,Pune_Village_87,Pune,Maharashtra,2023,160,15,279,7.2
10587,Pune_Village_87,Pune,Maharashtra,2024,128,30,354,10.8
10587,Pune_Village_87,Pune,Maharashtra,2025,209,26,379,9.1
10588,Pune_Village_88,Pune,Maharashtra,2022,228,32,265,6.0
10588,Pune_Village_88,Pune,Maharashtra,2023,252,28,357,13.6
10588,Pune_Village_88,Pune,Maharashtra,2024,107,33,301,9.9
10588,Pune_Village_88,Pune,Maharashtra,2025,264,13,360,8.1
10589,Pune_Village_89,Pune,Maharashtra,2022,75,8,320,14.3
10589,Pune_Village_89,Pune,Maharashtra,2023,275,22,261,5.1
10589,Pune_Village_89,Pune,Maharashtra,2024,223,20,319,12.0
10589,Pune_Village_89,Pune,Maharashtra,2025,275,37,284,7.1
10590,Pune_Village_90,Pune,Maharashtra,2022,78,33,241,11.8
10590,Pune_Village_90,Pune,Maharashtra,2023,53,14,249,13.9
10590,Pune_Village_90,Pune,Maharashtra,2024,258,13,270,9.1
10590,Pune_Village_90,Pune,Maharashtra,2025,148,35,329,3.5
10591,Pune_Village_91,Pune,Maharashtra,2022,190,32,323,4.8
10591,Pune_Village_91,Pune,Maharashtra,2023,282,7,271,7.6
10591,Pune_Village_91,Pune,Maharashtra,2024,88,18,267,11.9
10591,Pune_Village_91,Pune,Maharashtra,2025,64,29,340,6.3
10592,Pune_Village_92,Pune,Maharashtra,2022,168,19,335,8.0
10592,Pune_Village_92,Pune,Maharashtra,2023,78,6,277,12.3
10592,Pune_Village_92,Pune,Maharashtra,2024,206,28,316,4.9
10592,Pune_Village_92,Pune,Maharashtra,2025,124,18,376,12.2
10593,Pune_Village_93,Pune,Maharashtra,2022,165,11,251,7.3
10593,Pune_Village_93,Pune,Maharashtra,2023,81,28,252,4.6
10593,Pune_Village_93,Pune,Maharashtra,2024,179,31,316,4.9
10593,Pune_Village_93,Pune,Maharashtra,2025,224,34,249,13.3
10594,Pune_Village_94,Pune,Maharashtra,2022,255,31,319,9.2
10594,Pune_Village_94,Pune,Maharashtra,2023,133,19,284,6.8
10594,Pune_Village_94,Pune,Maharashtra,2024,71,30,342,9.2
10594,Pune_Village_94,Pune,Maharashtra,2025,252,5,268,10.5
10595,Pune_Village_95,Pune,Maharashtra,2022,76,8,285,7.8
10595,Pune_Village_95,Pune,Maharashtra,2023,244,33,359,11.7
10595,Pune_Village_95,Pune,Maharashtra,2024,130,5,255,6.3
10595,Pune_Village_95,Pune,Maharashtra,2025,175,26,247,4.5
10596,Pune_Village_96,Pune,Maharashtra,2022,285,15,201,10.3
10596,Pune_Village_96,Pune,Maharashtra,2023,233,14,306,5.7
10596,Pune_Village_96,Pune,Maharashtra,2024,141,21,231,13.6
10596,Pune_Village_96,Pune,Maharashtra,2025,270,30,394,3.3
10597,Pune_Village_97,Pune,Maharashtra,2022,70,25,270,12.4
10597,Pune_Village_97,Pune,Maharashtra,2023,96,17,218,7.0
10597,Pune_Village_97,Pune,Maharashtra,2024,257,13,267,12.6
10597,Pune_Village_97,Pune,Maharashtra,2025,150,15,347,3.9
10598,Pune_Village_98,Pune,Maharashtra,2022,236,15,269,14.5
10598,Pune_Village_98,Pune,Maharashtra,2023,133,10,266,5.2
10598,Pune_Village_98,Pune,Maharashtra,2024,55,5,260,12.0
10598,Pune_Village_98,Pune,Maharashtra,2025,196,10,280,8.7
10599,Pune_Village_99,Pune,Maharashtra,2022,234,17,332,9.0
10599,Pune_Village_99,Pune,Maharashtra,2023,246,26,329,7.0
10599,Pune_Village_99,Pune,Maharashtra,2024,180,35,303,12.5
10599,Pune_Village_99,Pune,Maharashtra,2025,50,26,262,5.4
10600,Pune_Village_100,Pune,Maharashtra,2022,107,31,214,12.1
10600,Pune_Village_100,Pune,Maharashtra,2023,173,18,311,8.8
10600,Pune_Village_100,Pune,Maharashtra,2024,215,9,234,14.2
10600,Pune_Village_100,Pune,Maharashtra,2025,64,36,281,9.7
10601,Pune_Village_101,Pune,Maharashtra,2022,211,38,303,5.6
10601,Pune_Village_101,Pune,Maharashtra,2023,238,11,300,8.5
10601,Pune_Village_101,Pune,Maharashtra,2024,212,14,379,4.4
10601,Pune_Village_101,Pune,Maharashtra,2025,113,21,259,6.3
10602,Pune_Village_102,Pune,Maharashtra,2022,290,34,216,8.1
10602,Pune_Village_102,Pune,Maharashtra,2023,74,25,265,13.1
10602,Pune_Village_102,Pune,Maharashtra,2024,73,17,274,12.5
10602,Pune_Village_102,Pune,Maharashtra,2025,61,5,366,3.4
10603,Pune_Village_103,Pune,Maharashtra,2022,67,5,348,10.1
10603,Pune_Village_103,Pune,Maharashtra,2023,64,37,296,6.4
10603,Pune_Village_103,Pune,Maharashtra,2024,285,29,374,7.1
10603,Pune_Village_103,Pune,Maharashtra,2025,257,30,379,3.5
10604,Pune_Village_104,Pune,Maharashtra,2022,76,17,288,12.4
10604,Pune_Village_104,Pune,Maharashtra,2023,121,32,315,14.1
10604,Pune_Village_104,Pune,Maharashtra,2024,109,37,269,6.0
10604,Pune_Village_104,Pune,Maharashtra,2025,223,34,287,6.9
10605,Pune_Village_105,Pune,Maharashtra,2022,266,12,272,6.7
10605,Pune_Village_105,Pune,Maharashtra,2023,194,5,237,13.9
10605,Pune_Village_105,Pune,Maharashtra,2024,142,16,324,3.8
10605,Pune_Village_105,Pune,Maharashtra,2025,102,9,261,9.4
10606,Pune_Village_106,Pune,Maharashtra,2022,57,28,311,13.6
10606,Pune_Village_106,Pune,Maharashtra,2023,128,10,317,6.1
10606,Pune_Village_106,Pune,Maharashtra,2024,76,29,287,9.9
10606,Pune_Village_106,Pune,Maharashtra,2025,223,5,330,3.8
10607,Pune_Village_107,Pune,Maharashtra,2022,99,29,234,13.1
10607,Pune_Village_107,Pune,Maharashtra,2023,293,5,244,7.0
10607,Pune_Village_107,Pune,Maharashtra,2024,248,36,333,14.1
10607,Pune_Village_107,Pune,Maharashtra,2025,180,7,366,13.0
10608,Pune_Village_108,Pune,Maharashtra,2022,142,23,333,12.2
10608,Pune_Village_108,Pune,Maharashtra,2023,241,33,248,9.3
10608,Pune_Village_108,Pune,Maharashtra,2024,221,6,285,11.7
10608,Pune_Village_108,Pune,Maharashtra,2025,230,13,269,4.7
10609,Pune_Village_109,Pune,Maharashtra,2022,73,21,314,7.8
10609,Pune_Village_109,Pune,Maharashtra,2023,109,21,227,4.4
10609,Pune_Village_109,Pune,Maharashtra,2024,171,16,292,10.5
10609,Pune_Village_109,Pune,Maharashtra,2025,180,24,346,11.8
10610,Pune_Village_110,Pune,Maharashtra,2022,197,7,321,14.4
10610,Pune_Village_110,Pune,Maharashtra,2023,95,8,334,11.3
10610,Pune_Village_110,Pune,Maharashtra,2024,64,21,362,11.4
10610,Pune_Village_110,Pune,Maharashtra,2025,202,19,255,12.7
10611,Pune_Village_111,Pune,Maharashtra,2022,271,37,308,14.3
10611,Pune_Village_111,Pune,Maharashtra,2023,255,20,318,9.3
10611,Pune_Village_111,Pune,Maharashtra,2024,248,15,340,4.9
10611,Pune_Village_111,Pune,Maharashtra,2025,66,24,313,8.2
10612,Pune_Village_112,Pune,Maharashtra,2022,175,28,301,10.3
10612,Pune_Village_112,Pune,Maharashtra,2023,285,20,216,10.7
10612,Pune_Village_112,Pune,Maharashtra,2024,133,34,266,14.1
10612,Pune_Village_112,Pune,Maharashtra,2025,277,38,362,12.9
10613,Pune_Village_113,Pune,Maharashtra,2022,58,5,248,8.7
10613,Pune_Village_113,Pune,Maharashtra,2023,215,28,289,5.3
10613,Pune_Village_113,Pune,Maharashtra,2024,225,28,304,6.0
10613,Pune_Village_113,Pune,Maharashtra,2025,298,13,278,5.1
10614,Pune_Village_114,Pune,Maharashtra,2022,237,26,257,8.2
10614,Pune_Village_114,Pune,Maharashtra,2023,112,16,325,13.3
10614,Pune_Village_114,Pune,Maharashtra,2024,263,21,325,8.3
10614,Pune_Village_114,Pune,Maharashtra,2025,295,29,304,9.3
10615,Pune_Village_115,Pune,Maharashtra,2022,294,32,339,6.4
10615,Pune_Village_115,Pune,Maharashtra,2023,166,19,246,9.3
10615,Pune_Village_115,Pune,Maharashtra,2024,179,34,361,12.9
10615,Pune_Village_115,Pune,Maharashtra,2025,137,31,350,11.4
10616,Pune_Village_116,Pune,Maharashtra,2022,121,26,232,5.4
10616,Pune_Village_116,Pune,Maharashtra,2023,188,14,257,13.2
10616,Pune_Village_116,Pune,Maharashtra,2024,113,35,341,6.6
10616,Pune_Village_116,Pune,Maharashtra,2025,254,31,351,10.3
10617,Pune_Village_117,Pune,Maharashtra,2022,258,16,208,6.0
10617,Pune_Village_117,Pune,Maharashtra,2023,121,35,328,11.2
10617,Pune_Village_117,Pune,Maharashtra,2024,70,36,354,4.1
10617,Pune_Village_117,Pune,Maharashtra,2025,67,36,264,9.6
10618,Pune_Village_118,Pune,Maharashtra,2022,271,39,240,11.3
10618,Pune_Village_118,Pune,Maharashtra,2023,113,25,258,6.7
10618,Pune_Village_118,Pune,Maharashtra,2024,131,14,354,13.5
10618,Pune_Village_118,Pune,Maharashtra,2025,159,20,279,3.8
10619,Pune_Village_119,Pune,Maharashtra,2022,288,11,257,13.9
10619,Pune_Village_119,Pune,Maharashtra,2023,144,8,262,8.1
10619,Pune_Village_119,Pune,Maharashtra,2024,215,31,287,11.2
10619,Pune_Village_119,Pune,Maharashtra,2025,81,29,345,10.1
10620,Pune_Village_120,Pune,Maharashtra,2022,60,35,256,6.3
10620,Pune_Village_120,Pune,Maharashtra,2023,94,15,278,7.4
10620,Pune_Village_120,Pune,Maharashtra,2024,266,24,291,9.3
10620,Pune_Village_120,Pune,Maharashtra,2025,82,21,327,12.2
10621,Pune_Village_121,Pune,Maharashtra,2022,151,15,312,14.5
10621,Pune_Village_121,Pune,Maharashtra,2023,218,34,326,4.3
10621,Pune_Village_121,Pune,Maharashtra,2024,185,39,291,7.4
10621,Pune_Village_121,Pune,Maharashtra,2025,60,26,338,10.3
10622,Pune_Village_122,Pune,Maharashtra,2022,263,31,284,10.0
10622,Pune_Village_122,Pune,Maharashtra,2023,228,39,240,14.0
10622,Pune_Village_122,Pune,Maharashtra,2024,137,8,350,3.9
10622,Pune_Village_122,Pune,Maharashtra,2025,90,20,294,7.9
10623,Pune_Village_123,Pune,Maharashtra,2022,194,20,314,11.5
10623,Pune_Village_123,Pune,Maharashtra,2023,125,25,250,6.4
10623,Pune_Village_123,Pune,Maharashtra,2024,170,30,262,11.3
10623,Pune_Village_123,Pune,Maharashtra,2025,95,23,367,4.2
10624,Pune_Village_124,Pune,Maharashtra,2022,209,21,299,9.2
10624,Pune_Village_124,Pune,Maharashtra,2023,256,30,282,11.2
10624,Pune_Village_124,Pune,Maharashtra,2024,129,26,302,6.5
10624,Pune_Village_124,Pune,Maharashtra,2025,103,32,380,4.1
10625,Pune_Village_125,Pune,Maharashtra,2022,135,5,222,14.5
10625,Pune_Village_125,Pune,Maharashtra,2023,141,6,284,13.7
10625,Pune_Village_125,Pune,Maharashtra,2024,197,21,284,13.4
10625,Pune_Village_125,Pune,Maharashtra,2025,210,25,354,13.6
10626,Nashik_Village_1,Nashik,Maharashtra,2022,251,13,348,6.4
10626,Nashik_Village_1,Nashik,Maharashtra,2023,217,17,364,5.8
10626,Nashik_Village_1,Nashik,Maharashtra,2024,209,15,238,4.1
10626,Nashik_Village_1,Nashik,Maharashtra,2025,291,20,373,12.7
10627,Nashik_Village_2,Nashik,Maharashtra,2022,146,20,307,12.4
10627,Nashik_Village_2,Nashik,Maharashtra,2023,51,6,347,10.7
10627,Nashik_Village_2,Nashik,Maharashtra,2024,274,12,379,13.4
10627,Nashik_Village_2,Nashik,Maharashtra,2025,82,17,312,9.3
10628,Nashik_Village_3,Nashik,Maharashtra,2022,282,21,265,5.9
10628,Nashik_Village_3,Nashik,Maharashtra,2023,254,28,358,6.0
10628,Nashik_Village_3,Nashik,Maharashtra,2024,207,7,282,5.1
10628,Nashik_Village_3,Nashik,Maharashtra,2025,210,34,372,6.5
10629,Nashik_Village_4,Nashik,Maharashtra,2022,126,17,264,8.5
10629,Nashik_Village_4,Nashik,Maharashtra,2023,165,23,278,12.5
10629,Nashik_Village_4,Nashik,Maharashtra,2024,203,11,297,5.7
10629,Nashik_Village_4,Nashik,Maharashtra,2025,199,13,306,10.9
10630,Nashik_Village_5,Nashik,Maharashtra,2022,152,23,280,9.7
10630,Nashik_Village_5,Nashik,Maharashtra,2023,243,26,285,14.6
10630,Nashik_Village_5,Nashik,Maharashtra,2024,215,22,343,11.9
10630,Nashik_Village_5,Nashik,Maharashtra,2025,152,27,296,13.5
10631,Nashik_Village_6,Nashik,Maharashtra,2022,139,6,315,8.1
10631,Nashik_Village_6,Nashik,Maharashtra,2023,223,15,339,5.4
10631,Nashik_Village_6,Nashik,Maharashtra,2024,171,35,356,9.0
10631,Nashik_Village_6,Nashik,Maharashtra,2025,291,37,309,4.6
10632,Nashik_Village_7,Nashik,Maharashtra,2022,192,18,329,9.7
10632,Nashik_Village_7,Nashik,Maharashtra,2023,275,20,236,6.9
10632,Nashik_Village_7,Nashik,Maharashtra,2024,155,15,305,8.9
10632,Nashik_Village_7,Nashik,Maharashtra,2025,168,37,338,13.3
10633,Nashik_Village_8,Nashik,Maharashtra,2022,221,11,270,7.5
10633,Nashik_Village_8,Nashik,Maharashtra,2023,98,35,320,14.5
10633,Nashik_Village_8,Nashik,Maharashtra,2024,153,18,279,6.1
10633,Nashik_Village_8,Nashik,Maharashtra,2025,252,32,346,5.5
10634,Nashik_Village_9,Nashik,Maharashtra,2022,110,20,312,10.2
10634,Nashik_Village_9,Nashik,Maharashtra,2023,244,23,244,12.9
10634,Nashik_Village_9,Nashik,Maharashtra,2024,172,21,241,11.6
10634,Nashik_Village_9,Nashik,Maharashtra,2025,183,30,326,10.9
10635,Nashik_Village_10,Nashik,Maharashtra,2022,58,10,245,7.5
10635,Nashik_Village_10,Nashik,Maharashtra,2023,55,13,344,4.3
10635,Nashik_Village_10,Nashik,Maharashtra,2024,122,21,326,5.4
10635,Nashik_Village_10,Nashik,Maharashtra,2025,152,35,324,7.0
10636,Nashik_Village_11,Nashik,Maharashtra,2022,272,16,253,14.7
10636,Nashik_Village_11,Nashik,Maharashtra,2023,209,27,249,13.8
10636,Nashik_Village_11,Nashik,Maharashtra,2024,90,9,281,5.8
10636,Nashik_Village_11,Nashik,Maharashtra,2025,163,7,328,10.9
10637,Nashik_Village_12,Nashik,Maharashtra,2022,253,28,271,10.6
10637,Nashik_Village_12,Nashik,Maharashtra,2023,57,21,240,4.6
10637,Nashik_Village_12,Nashik,Maharashtra,2024,121,30,290,7.6
10637,Nashik_Village_12,Nashik,Maharashtra,2025,227,8,281,8.4
10638,Nashik_Village_13,Nashik,Maharashtra,2022,141,16,294,11.5
10638,Nashik_Village_13,Nashik,Maharashtra,2023,111,5,225,7.2
10638,Nashik_Village_13,Nashik,Maharashtra,2024,133,25,270,13.5
10638,Nashik_Village_13,Nashik,Maharashtra,2025,111,23,377,8.0
10639,Nashik_Village_14,Nashik,Maharashtra,2022,160,25,265,7.1
10639,Nashik_Village_14,Nashik,Maharashtra,2023,176,22,355,7.4
10639,Nashik_Village_14,Nashik,Maharashtra,2024,56,7,371,11.6
10639,Nashik_Village_14,Nashik,Maharashtra,2025,252,36,313,10.0
10640,Nashik_Village_15,Nashik,Maharashtra,2022,133,14,258,12.3
10640,Nashik_Village_15,Nashik,Maharashtra,2023,257,19,280,7.2
10640,Nashik_Village_15,Nashik,Maharashtra,2024,181,9,297,7.1
10640,Nashik_Village_15,Nashik,Maharashtra,2025,183,8,256,7.5
10641,Nashik_Village_16,Nashik,Maharashtra,2022,107,32,267,6.5
10641,Nashik_Village_16,Nashik,Maharashtra,2023,71,8,287,11.4
10641,Nashik_Village_16,Nashik,Maharashtra,2024,203,19,235,7.2
10641,Nashik_Village_16,Nashik,Maharashtra,2025,176,21,259,6.7
10642,Nashik_Village_17,Nashik,Maharashtra,2022,52,7,241,7.3
10642,Nashik_Village_17,Nashik,Maharashtra,2023,176,14,245,8.9
10642,Nashik_Village_17,Nashik,Maharashtra,2024,90,27,235,11.8
10642,Nashik_Village_17,Nashik,Maharashtra,2025,237,22,277,12.1
10643,Nashik_Village_18,Nashik,Maharashtra,2022,155,5,220,12.9
10643,Nashik_Village_18,Nashik,Maharashtra,2023,63,39,338,10.6
10643,Nashik_Village_18,Nashik,Maharashtra,2024,252,35,323,6.6
10643,Nashik_Village_18,Nashik,Maharashtra,2025,259,5,393,11.0
10644,Nashik_Village_19,Nashik,Maharashtra,2022,295,7,299,4.9
10644,Nashik_Village_19,Nashik,Maharashtra,2023,61,7,269,12.5
10644,Nashik_Village_19,Nashik,Maharashtra,2024,136,23,293,11.9
10644,Nashik_Village_19,Nashik,Maharashtra,2025,61,33,330,10.3
10645,Nashik_Village_20,Nashik,Maharashtra,2022,190,29,221,5.5
10645,Nashik_Village_20,Nashik,Maharashtra,2023,74,37,274,14.6
10645,Nashik_Village_20,Nashik,Maharashtra,2024,94,33,333,11.6
10645,Nashik_Village_20,Nashik,Maharashtra,2025,292,30,383,11.0
10646,Nashik_Village_21,Nashik,Maharashtra,2022,171,8,246,5.2
10646,Nashik_Village_21,Nashik,Maharashtra,2023,196,18,291,8.3
10646,Nashik_Village_21,Nashik,Maharashtra,2024,104,31,247,4.6
10646,Nashik_Village_21,Nashik,Maharashtra,2025,287,37,266,7.1
10647,Nashik_Village_22,Nashik,Maharashtra,2022,149,26,344,10.5
10647,Nashik_Village_22,Nashik,Maharashtra,2023,222,7,252,13.3
10647,Nashik_Village_22,Nashik,Maharashtra,2024,185,27,254,6.7
10647,Nashik_Village_22,Nashik,Maharashtra,2025,270,25,276,9.8
10648,Nashik_Village_23,Nashik,Maharashtra,2022,168,27,342,6.2
10648,Nashik_Village_23,Nashik,Maharashtra,2023,102,8,227,7.8
10648,Nashik_Village_23,Nashik,Maharashtra,2024,232,25,240,13.6
10648,Nashik_Village_23,Nashik,Maharashtra,2025,81,35,257,11.2
10649,Nashik_Village_24,Nashik,Maharashtra,2022,100,25,296,10.2
10649,Nashik_Village_24,Nashik,Maharashtra,2023,93,30,315,6.7
10649,Nashik_Village_24,Nashik,Maharashtra,2024,131,39,267,7.7
10649,Nashik_Village_24,Nashik,Maharashtra,2025,247,28,245,4.9
10650,Nashik_Village_25,Nashik,Maharashtra,2022,195,15,238,8.2
10650,Nashik_Village_25,Nashik,Maharashtra,2023,260,33,241,5.7
10650,Nashik_Village_25,Nashik,Maharashtra,2024,199,7,265,12.1
10650,Nashik_Village_25,Nashik,Maharashtra,2025,86,5,387,4.1
10651,Nashik_Village_26,Nashik,Maharashtra,2022,145,23,230,6.5
10651,Nashik_Village_26,Nashik,Maharashtra,2023,105,26,341,11.4
10651,Nashik_Village_26,Nashik,Maharashtra,2024,154,18,235,13.2
10651,Nashik_Village_26,Nashik,Maharashtra,2025,108,18,333,13.4
10652,Nashik_Village_27,Nashik,Maharashtra,2022,180,20,349,13.3
10652,Nashik_Village_27,Nashik,Maharashtra,2023,205,37,245,6.3
10652,Nashik_Village_27,Nashik,Maharashtra,2024,251,17,329,6.7
10652,Nashik_Village_27,Nashik,Maharashtra,2025,292,16,317,12.4
10653,Nashik_Village_28,Nashik,Maharashtra,2022,84,37,245,13.8
10653,Nashik_Village_28,Nashik,Maharashtra,2023,238,37,311,10.8
10653,Nashik_Village_28,Nashik,Maharashtra,2024,142,33,230,7.0
10653,Nashik_Village_28,Nashik,Maharashtra,2025,231,9,301,5.7
10654,Nashik_Village_29,Nashik,Maharashtra,2022,240,10,208,13.4
10654,Nashik_Village_29,Nashik,Maharashtra,2023,256,35,219,6.3
10654,Nashik_Village_29,Nashik,Maharashtra,2024,146,20,308,10.6
10654,Nashik_Village_29,Nashik,Maharashtra,2025,184,35,358,13.5
10655,Nashik_Village_30,Nashik,Maharashtra,2022,125,29,208,11.9
10655,Nashik_Village_30,Nashik,Maharashtra,2023,98,37,238,6.8
10655,Nashik_Village_30,Nashik,Maharashtra,2024,143,17,379,6.7
10655,Nashik_Village_30,Nashik,Maharashtra,2025,262,14,347,4.3
10656,Nashik_Village_31,Nashik,Maharashtra,2022,208,28,259,11.7
10656,Nashik_Village_31,Nashik,Maharashtra,2023,235,14,300,9.5
10656,Nashik_Village_31,Nashik,Maharashtra,2024,238,35,345,5.9
10656,Nashik_Village_31,Nashik,Maharashtra,2025,73,17,328,5.7
10657,Nashik_Village_32,Nashik,Maharashtra,2022,197,7,289,4.6
10657,Nashik_Village_32,Nashik,Maharashtra,2023,86,38,303,14.4
10657,Nashik_Village_32,Nashik,Maharashtra,2024,53,32,349,12.4
10657,Nashik_Village_32,Nashik,Maharashtra,2025,269,23,387,7.4
10658,Nashik_Village_33,Nashik,Maharashtra,2022,157,27,205,14.4
10658,Nashik_Village_33,Nashik,Maharashtra,2023,175,36,266,11.2
10658,Nashik_Village_33,Nashik,Maharashtra,2024,69,17,369,11.6
10658,Nashik_Village_33,Nashik,Maharashtra,2025,237,37,263,10.4
10659,Nashik_Village_34,Nashik,Maharashtra,2022,201,38,274,12.4
10659,Nashik_Village_34,Nashik,Maharashtra,2023,99,37,344,5.9
10659,Nashik_Village_34,Nashik,Maharashtra,2024,226,9,284,9.6
10659,Nashik_Village_34,Nashik,Maharashtra,2025,228,7,259,12.2
10660,Nashik_Village_35,Nashik,Maharashtra,2022,145,11,299,4.7
10660,Nashik_Village_35,Nashik,Maharashtra,2023,154,28,283,5.4
10660,Nashik_Village_35,Nashik,Maharashtra,2024,213,26,372,6.3
10660,Nashik_Village_35,Nashik,Maharashtra,2025,299,27,287,6.4
10661,Nashik_Village_36,Nashik,Maharashtra,2022,166,34,216,6.4
10661,Nashik_Village_36,Nashik,Maharashtra,2023,147,22,312,10.7
10661,Nashik_Village_36,Nashik,Maharashtra,2024,277,36,345,6.8
10661,Nashik_Village_36,Nashik,Maharashtra,2025,115,11,318,5.0
10662,Nashik_Village_37,Nashik,Maharashtra,2022,128,37,315,14.0
10662,Nashik_Village_37,Nashik,Maharashtra,2023,211,9,244,11.4
10662,Nashik_Village_37,Nashik,Maharashtra,2024,213,32,296,6.3
10662,Nashik_Village_37,Nashik,Maharashtra,2025,55,12,295,7.1
10663,Nashik_Village_38,Nashik,Maharashtra,2022,88,19,259,12.3
10663,Nashik_Village_38,Nashik,Maharashtra,2023,219,8,217,12.4
10663,Nashik_Village_38,Nashik,Maharashtra,2024,292,38,333,5.6
10663,Nashik_Village_38,Nashik,Maharashtra,2025,164,9,249,13.1
10664,Nashik_Village_39,Nashik,Maharashtra,2022,235,37,227,12.7
10664,Nashik_Village_39,Nashik,Maharashtra,2023,295,9,322,13.1
10664,Nashik_Village_39,Nashik,Maharashtra,2024,174,38,368,5.2
10664,Nashik_Village_39,Nashik,Maharashtra,2025,61,30,345,4.8
10665,Nashik_Village_40,Nashik,Maharashtra,2022,180,5,275,7.7
10665,Nashik_Village_40,Nashik,Maharashtra,2023,286,8,229,4.8
10665,Nashik_Village_40,Nashik,Maharashtra,2024,67,30,312,4.7
10665,Nashik_Village_40,Nashik,Maharashtra,2025,89,37,292,4.8
10666,Nashik_Village_41,Nashik,Maharashtra,2022,70,37,326,12.0
10666,Nashik_Village_41,Nashik,Maharashtra,2023,192,12,260,4.4
10666,Nashik_Village_41,Nashik,Maharashtra,2024,274,24,257,4.6
10666,Nashik_Village_41,Nashik,Maharashtra,2025,148,20,251,13.2
10667,Nashik_Village_42,Nashik,Maharashtra,2022,75,25,293,5.4
10667,Nashik_Village_42,Nashik,Maharashtra,2023,57,30,296,9.7
10667,Nashik_Village_42,Nashik,Maharashtra,2024,149,27,317,10.4
10667,Nashik_Village_42,Nashik,Maharashtra,2025,289,22,378,13.4
10668,Nashik_Village_43,Nashik,Maharashtra,2022,271,35,267,13.9
10668,Nashik_Village_43,Nashik,Maharashtra,2023,136,16,269,8.7
10668,Nashik_Village_43,Nashik,Maharashtra,2024,91,5,347,13.6
10668,Nashik_Village_43,Nashik,Maharashtra,2025,221,13,378,7.8
10669,Nashik_Village_44,Nashik,Maharashtra,2022,63,7,307,11.5
10669,Nashik_Village_44,Nashik,Maharashtra,2023,127,30,265,6.8
10669,Nashik_Village_44,Nashik,Maharashtra,2024,51,13,267,10.4
10669,Nashik_Village_44,Nashik,Maharashtra,2025,168,20,383,9.0
10670,Nashik_Village_45,Nashik,Maharashtra,2022,86,28,292,10.9
10670,Nashik_Village_45,Nashik,Maharashtra,2023,118,18,234,11.3
10670,Nashik_Village_45,Nashik,Maharashtra,2024,215,7,239,5.5
10670,Nashik_Village_45,Nashik,Maharashtra,2025,286,38,270,6.5
10671,Nashik_Village_46,Nashik,Maharashtra,2022,90,37,247,12.2
10671,Nashik_Village_46,Nashik,Maharashtra,2023,111,28,305,5.8
10671,Nashik_Village_46,Nashik,Maharashtra,2024,295,13,343,7.3
10671,Nashik_Village_46,Nashik,Maharashtra,2025,109,17,258,10.3
10672,Nashik_Village_47,Nashik,Maharashtra,2022,174,6,299,14.3
10672,Nashik_Village_47,Nashik,Maharashtra,2023,160,11,226,4.9
10672,Nashik_Village_47,Nashik,Maharashtra,2024,63,25,345,9.1
10672,Nashik_Village_47,Nashik,Maharashtra,2025,297,23,367,4.2
10673,Nashik_Village_48,Nashik,Maharashtra,2022,280,29,222,8.5
10673,Nashik_Village_48,Nashik,Maharashtra,2023,266,26,299,5.9
10673,Nashik_Village_48,Nashik,Maharashtra,2024,133,15,301,10.5
10673,Nashik_Village_48,Nashik,Maharashtra,2025,179,37,366,11.3
10674,Nashik_Village_49,Nashik,Maharashtra,2022,280,36,336,7.1
10674,Nashik_Village_49,Nashik,Maharashtra,2023,119,25,309,11.6
10674,Nashik_Village_49,Nashik,Maharashtra,2024,194,24,254,8.4
10674,Nashik_Village_49,Nashik,Maharashtra,2025,172,12,261,6.3
10675,Nashik_Village_50,Nashik,Maharashtra,2022,138,13,228,10.0
10675,Nashik_Village_50,Nashik,Maharashtra,2023,298,29,281,8.1
10675,Nashik_Village_50,Nashik,Maharashtra,2024,77,29,314,6.1
10675,Nashik_Village_50,Nashik,Maharashtra,2025,115,37,301,11.2
10676,Nashik_Village_51,Nashik,Maharashtra,2022,212,6,271,12.9
10676,Nashik_Village_51,Nashik,Maharashtra,2023,278,23,228,12.5
10676,Nashik_Village_51,Nashik,Maharashtra,2024,54,24,268,7.7
10676,Nashik_Village_51,Nashik,Maharashtra,2025,242,33,388,5.1
10677,Nashik_Village_52,Nashik,Maharashtra,2022,217,10,217,13.3
10677,Nashik_Village_52,Nashik,Maharashtra,2023,253,21,289,7.6
10677,Nashik_Village_52,Nashik,Maharashtra,2024,233,29,331,11.6
10677,Nashik_Village_52,Nashik,Maharashtra,2025,213,8,264,11.9
10678,Nashik_Village_53,Nashik,Maharashtra,2022,94,34,316,12.6
10678,Nashik_Village_53,Nashik,Maharashtra,2023,200,24,331,8.2
10678,Nashik_Village_53,Nashik,Maharashtra,2024,96,7,233,13.5
10678,Nashik_Village_53,Nashik,Maharashtra,2025,80,27,328,10.2
10679,Nashik_Village_54,Nashik,Maharashtra,2022,188,22,347,10.5
10679,Nashik_Village_54,Nashik,Maharashtra,2023,59,30,353,11.4
10679,Nashik_Village_54,Nashik,Maharashtra,2024,244,12,343,4.2
10679,Nashik_Village_54,Nashik,Maharashtra,2025,167,21,309,7.4
10680,Nashik_Village_55,Nashik,Maharashtra,2022,63,35,345,13.8
10680,Nashik_Village_55,Nashik,Maharashtra,2023,129,37,258,5.8
10680,Nashik_Village_55,Nashik,Maharashtra,2024,251,31,347,8.1
10680,Nashik_Village_55,Nashik,Maharashtra,2025,142,8,344,7.6
10681,Nashik_Village_56,Nashik,Maharashtra,2022,59,26,217,8.2
10681,Nashik_Village_56,Nashik,Maharashtra,2023,125,30,342,10.0
10681,Nashik_Village_56,Nashik,Maharashtra,2024,143,36,267,14.2
10681,Nashik_Village_56,Nashik,Maharashtra,2025,154,28,380,6.0
10682,Nashik_Village_57,Nashik,Maharashtra,2022,50,39,303,11.9
10682,Nashik_Village_57,Nashik,Maharashtra,2023,182,36,227,12.1
10682,Nashik_Village_57,Nashik,Maharashtra,2024,69,11,284,9.8
10682,Nashik_Village_57,Nashik,Maharashtra,2025,57,37,332,4.3
10683,Nashik_Village_58,Nashik,Maharashtra,2022,220,35,284,10.5
10683,Nashik_Village_58,Nashik,Maharashtra,2023,253,16,323,14.1
10683,Nashik_Village_58,Nashik,Maharashtra,2024,50,15,272,7.3
10683,Nashik_Village_58,Nashik,Maharashtra,2025,106,28,376,10.0
10684,Nashik_Village_59,Nashik,Maharashtra,2022,113,12,270,14.6
10684,Nashik_Village_59,Nashik,Maharashtra,2023,167,36,226,12.5
10684,Nashik_Village_59,Nashik,Maharashtra,2024,261,26,288,10.9
10684,Nashik_Village_59,Nashik,Maharashtra,2025,77,38,288,13.5
10685,Nashik_Village_60,Nashik,Maharashtra,2022,170,23,215,6.3
10685,Nashik_Village_60,Nashik,Maharashtra,2023,156,24,348,12.2
10685,Nashik_Village_60,Nashik,Maharashtra,2024,214,18,243,8.0
10685,Nashik_Village_60,Nashik,Maharashtra,2025,224,37,359,7.1
10686,Nashik_Village_61,Nashik,Maharashtra,2022,278,14,311,10.0
10686,Nashik_Village_61,Nashik,Maharashtra,2023,253,20,337,4.5
10686,Nashik_Village_61,Nashik,Maharashtra,2024,214,8,287,7.0
10686,Nashik_Village_61,Nashik,Maharashtra,2025,98,31,364,5.0
10687,Nashik_Village_62,Nashik,Maharashtra,2022,290,32,234,6.0
10687,Nashik_Village_62,Nashik,Maharashtra,2023,169,20,224,7.6
10687,Nashik_Village_62,Nashik,Maharashtra,2024,93,37,310,12.1
10687,Nashik_Village_62,Nashik,Maharashtra,2025,105,23,288,5.4
10688,Nashik_Village_63,Nashik,Maharashtra,2022,205,25,270,10.1
10688,Nashik_Village_63,Nashik,Maharashtra,2023,160,26,232,12.0
10688,Nashik_Village_63,Nashik,Maharashtra,2024,256,13,312,6.2
10688,Nashik_Village_63,Nashik,Maharashtra,2025,183,13,323,13.0
10689,Nashik_Village_64,Nashik,Maharashtra,2022,157,13,285,13.6
10689,Nashik_Village_64,Nashik,Maharashtra,2023,238,31,256,6.7
10689,Nashik_Village_64,Nashik,Maharashtra,2024,197,21,353,14.1
10689,Nashik_Village_64,Nashik,Maharashtra,2025,163,12,274,10.3
10690,Nashik_Village_65,Nashik,Maharashtra,2022,127,20,219,7.5
10690,Nashik_Village_65,Nashik,Maharashtra,2023,179,22,340,11.3
10690,Nashik_Village_65,Nashik,Maharashtra,2024,250,37,325,10.7
10690,Nashik_Village_65,Nashik,Maharashtra,2025,86,5,369,9.7
10691,Nashik_Village_66,Nashik,Maharashtra,2022,69,16,241,12.0
10691,Nashik_Village_66,Nashik,Maharashtra,2023,75,10,303,6.9
10691,Nashik_Village_66,Nashik,Maharashtra,2024,78,9,316,14.0
10691,Nashik_Village_66,Nashik,Maharashtra,2025,50,20,249,12.3
10692,Nashik_Village_67,Nashik,Maharashtra,2022,168,22,249,12.3
10692,Nashik_Village_67,Nashik,Maharashtra,2023,84,22,255,4.4
10692,Nashik_Village_67,Nashik,Maharashtra,2024,247,5,323,9.9
10692,Nashik_Village_67,Nashik,Maharashtra,2025,278,23,301,10.7
10693,Nashik_Village_68,Nashik,Maharashtra,2022,294,12,334,13.5
10693,Nashik_Village_68,Nashik,Maharashtra,2023,108,7,347,14.0
10693,Nashik_Village_68,Nashik,Maharashtra,2024,118,29,280,13.3
10693,Nashik_Village_68,Nashik,Maharashtra,2025,210,9,350,7.6
10694,Nashik_Village_69,Nashik,Maharashtra,2022,290,23,335,13.9
10694,Nashik_Village_69,Nashik,Maharashtra,2023,228,22,225,4.1
10694,Nashik_Village_69,Nashik,Maharashtra,2024,255,35,379,7.4
10694,Nashik_Village_69,Nashik,Maharashtra,2025,61,37,342,4.5
10695,Nashik_Village_70,Nashik,Maharashtra,2022,283,22,298,13.8
10695,Nashik_Village_70,Nashik,Maharashtra,2023,69,20,353,13.8
10695,Nashik_Village_70,Nashik,Maharashtra,2024,230,20,325,6.4
10695,Nashik_Village_70,Nashik,Maharashtra,2025,291,11,350,7.2
10696,Nashik_Village_71,Nashik,Maharashtra,2022,265,18,342,14.8
10696,Nashik_Village_71,Nashik,Maharashtra,2023,92,29,215,10.0
10696,Nashik_Village_71,Nashik,Maharashtra,2024,175,36,275,8.9
10696,Nashik_Village_71,Nashik,Maharashtra,2025,275,26,332,8.6
10697,Nashik_Village_72,Nashik,Maharashtra,2022,266,20,221,11.8
10697,Nashik_Village_72,Nashik,Maharashtra,2023,99,33,217,14.1
10697,Nashik_Village_72,Nashik,Maharashtra,2024,78,20,371,7.5
10697,Nashik_Village_72,Nashik,Maharashtra,2025,234,16,374,5.1
10698,Nashik_Village_73,Nashik,Maharashtra,2022,88,21,260,6.4
10698,Nashik_Village_73,Nashik,Maharashtra,2023,272,31,252,4.3
10698,Nashik_Village_73,Nashik,Maharashtra,2024,233,29,275,9.5
10698,Nashik_Village_73,Nashik,Maharashtra,2025,288,17,378,13.1
10699,Nashik_Village_74,Nashik,Maharashtra,2022,220,12,240,12.0
10699,Nashik_Village_74,Nashik,Maharashtra,2023,227,9,353,14.5
10699,Nashik_Village_74,Nashik,Maharashtra,2024,200,16,339,13.3
10699,Nashik_Village_74,Nashik,Maharashtra,2025,221,7,285,8.5
10700,Nashik_Village_75,Nashik,Maharashtra,2022,87,39,256,9.6
10700,Nashik_Village_75,Nashik,Maharashtra,2023,133,37,337,10.7
10700,Nashik_Village_75,Nashik,Maharashtra,2024,200,26,315,4.9
10700,Nashik_Village_75,Nashik,Maharashtra,2025,177,13,307,9.7
10701,Nashik_Village_76,Nashik,Maharashtra,2022,175,22,238,9.4
10701,Nashik_Village_76,Nashik,Maharashtra,2023,94,33,352,10.8
10701,Nashik_Village_76,Nashik,Maharashtra,2024,101,31,256,9.6
10701,Nashik_Village_76,Nashik,Maharashtra,2025,129,21,325,6.6
10702,Nashik_Village_77,Nashik,Maharashtra,2022,227,38,306,10.9
10702,Nashik_Village_77,Nashik,Maharashtra,2023,283,7,250,7.9
10702,Nashik_Village_77,Nashik,Maharashtra,2024,173,9,314,5.7
10702,Nashik_Village_77,Nashik,Maharashtra,2025,168,18,272,10.4
10703,Nashik_Village_78,Nashik,Maharashtra,2022,57,7,215,7.7
10703,Nashik_Village_78,Nashik,Maharashtra,2023,291,27,249,13.4
10703,Nashik_Village_78,Nashik,Maharashtra,2024,134,34,328,5.8
10703,Nashik_Village_78,Nashik,Maharashtra,2025,178,27,391,9.6
10704,Nashik_Village_79,Nashik,Maharashtra,2022,296,31,321,10.5
10704,Nashik_Village_79,Nashik,Maharashtra,2023,57,14,237,6.2
10704,Nashik_Village_79,Nashik,Maharashtra,2024,206,29,348,8.3
10704,Nashik_Village_79,Nashik,Maharashtra,2025,145,17,307,10.4
10705,Nashik_Village_80,Nashik,Maharashtra,2022,151,20,269,7.8
10705,Nashik_Village_80,Nashik,Maharashtra,2023,54,38,364,5.3
10705,Nashik_Village_80,Nashik,Maharashtra,2024,288,26,309,10.2
10705,Nashik_Village_80,Nashik,Maharashtra,2025,135,21,303,5.7
10706,Nashik_Village_81,Nashik,Maharashtra,2022,224,27,216,11.7
10706,Nashik_Village_81,Nashik,Maharashtra,2023,83,13,253,12.9
10706,Nashik_Village_81,Nashik,Maharashtra,2024,242,6,306,5.0
10706,Nashik_Village_81,Nashik,Maharashtra,2025,104,36,336,7.9
10707,Nashik_Village_82,Nashik,Maharashtra,2022,168,26,223,9.2
10707,Nashik_Village_82,Nashik,Maharashtra,2023,267,17,302,10.7
10707,Nashik_Village_82,Nashik,Maharashtra,2024,220,12,273,7.2
10707,Nashik_Village_82,Nashik,Maharashtra,2025,251,5,280,7.7
10708,Nashik_Village_83,Nashik,Maharashtra,2022,207,21,298,4.6
10708,Nashik_Village_83,Nashik,Maharashtra,2023,163,16,284,5.4
10708,Nashik_Village_83,Nashik,Maharashtra,2024,259,8,351,9.7
10708,Nashik_Village_83,Nashik,Maharashtra,2025,194,17,368,5.6
10709,Nashik_Village_84,Nashik,Maharashtra,2022,75,35,279,6.0
10709,Nashik_Village_84,Nashik,Maharashtra,2023,185,11,259,7.5
10709,Nashik_Village_84,Nashik,Maharashtra,2024,96,27,368,5.4
10709,Nashik_Village_84,Nashik,Maharashtra,2025,281,28,275,3.9
10710,Nashik_Village_85,Nashik,Maharashtra,2022,162,9,284,7.5
10710,Nashik_Village_85,Nashik,Maharashtra,2023,125,9,259,5.8
10710,Nashik_Village_85,Nashik,Maharashtra,2024,268,21,344,12.1
10710,Nashik_Village_85,Nashik,Maharashtra,2025,121,34,311,4.0
10711,Nashik_Village_86,Nashik,Maharashtra,2022,138,13,275,12.3
10711,Nashik_Village_86,Nashik,Maharashtra,2023,95,10,254,8.1
10711,Nashik_Village_86,Nashik,Maharashtra,2024,245,29,270,10.8
10711,Nashik_Village_86,Nashik,Maharashtra,2025,82,23,364,3.9
10712,Nashik_Village_87,Nashik,Maharashtra,2022,50,20,280,14.2
10712,Nashik_Village_87,Nashik,Maharashtra,2023,196,25,252,12.2
10712,Nashik_Village_87,Nashik,Maharashtra,2024,80,6,329,5.2
10712,Nashik_Village_87,Nashik,Maharashtra,2025,257,14,301,5.6
10713,Nashik_Village_88,Nashik,Maharashtra,2022,191,20,265,11.3
10713,Nashik_Village_88,Nashik,Maharashtra,2023,102,19,244,13.8
10713,Nashik_Village_88,Nashik,Maharashtra,2024,97,17,239,8.4
10713,Nashik_Village_88,Nashik,Maharashtra,2025,118,17,305,8.4
10714,Nashik_Village_89,Nashik,Maharashtra,2022,154,36,235,7.0
10714,Nashik_Village_89,Nashik,Maharashtra,2023,139,12,268,8.1
10714,Nashik_Village_89,Nashik,Maharashtra,2024,239,22,326,6.7
10714,Nashik_Village_89,Nashik,Maharashtra,2025,269,30,248,7.0
10715,Nashik_Village_90,Nashik,Maharashtra,2022,243,14,253,4.7
10715,Nashik_Village_90,Nashik,Maharashtra,2023,291,35,325,4.5
10715,Nashik_Village_90,Nashik,Maharashtra,2024,241,37,320,10.8
10715,Nashik_Village_90,Nashik,Maharashtra,2025,247,33,333,10.5
10716,Nashik_Village_91,Nashik,Maharashtra,2022,112,9,263,8.0
10716,Nashik_Village_91,Nashik,Maharashtra,2023,122,17,333,13.4
10716,Nashik_Village_91,Nashik,Maharashtra,2024,210,5,321,6.5
10716,Nashik_Village_91,Nashik,Maharashtra,2025,218,27,394,7.5
10717,Nashik_Village_92,Nashik,Maharashtra,2022,138,7,280,12.2
10717,Nashik_Village_92,Nashik,Maharashtra,2023,225,7,273,11.9
10717,Nashik_Village_92,Nashik,Maharashtra,2024,62,11,273,12.7
10717,Nashik_Village_92,Nashik,Maharashtra,2025,122,39,320,3.6
10718,Nashik_Village_93,Nashik,Maharashtra,2022,294,19,343,6.4
10718,Nashik_Village_93,Nashik,Maharashtra,2023,126,7,315,10.8
10718,Nashik_Village_93,Nashik,Maharashtra,2024,208,33,354,7.3
10718,Nashik_Village_93,Nashik,Maharashtra,2025,282,34,260,3.8
10719,Nashik_Village_94,Nashik,Maharashtra,2022,252,22,254,10.7
10719,Nashik_Village_94,Nashik,Maharashtra,2023,117,15,309,8.2
10719,Nashik_Village_94,Nashik,Maharashtra,2024,147,5,308,7.5
10719,Nashik_Village_94,Nashik,Maharashtra,2025,174,33,321,6.1
10720,Nashik_Village_95,Nashik,Maharashtra,2022,151,14,239,4.6
10720,Nashik_Village_95,Nashik,Maharashtra,2023,287,32,235,6.0
10720,Nashik_Village_95,Nashik,Maharashtra,2024,181,35,295,8.7
10720,Nashik_Village_95,Nashik,Maharashtra,2025,151,23,380,6.2
10721,Nashik_Village_96,Nashik,Maharashtra,2022,68,7,209,13.7
10721,Nashik_Village_96,Nashik,Maharashtra,2023,247,19,346,5.6
10721,Nashik_Village_96,Nashik,Maharashtra,2024,275,37,272,12.9
10721,Nashik_Village_96,Nashik,Maharashtra,2025,131,30,349,7.6
10722,Nashik_Village_97,Nashik,Maharashtra,2022,190,20,262,7.4
10722,Nashik_Village_97,Nashik,Maharashtra,2023,282,37,296,7.3
10722,Nashik_Village_97,Nashik,Maharashtra,2024,72,24,280,7.2
10722,Nashik_Village_97,Nashik,Maharashtra,2025,132,17,300,8.6
10723,Nashik_Village_98,Nashik,Maharashtra,2022,158,37,233,8.2
10723,Nashik_Village_98,Nashik,Maharashtra,2023,124,9,273,10.9
10723,Nashik_Village_98,Nashik,Maharashtra,2024,178,18,359,8.2
10723,Nashik_Village_98,Nashik,Maharashtra,2025,137,31,374,10.4
10724,Nashik_Village_99,Nashik,Maharashtra,2022,103,27,337,10.8
10724,Nashik_Village_99,Nashik,Maharashtra,2023,248,18,357,6.7
10724,Nashik_Village_99,Nashik,Maharashtra,2024,138,8,347,12.2
10724,Nashik_Village_99,Nashik,Maharashtra,2025,262,23,372,11.7
10725,Nashik_Village_100,Nashik,Maharashtra,2022,192,8,216,14.9
10725,Nashik_Village_100,Nashik,Maharashtra,2023,114,34,296,5.9
10725,Nashik_Village_100,Nashik,Maharashtra,2024,125,23,243,12.6
10725,Nashik_Village_100,Nashik,Maharashtra,2025,299,35,325,12.5
10726,Nashik_Village_101,Nashik,Maharashtra,2022,248,35,322,11.2
10726,Nashik_Village_101,Nashik,Maharashtra,2023,192,13,230,9.4
10726,Nashik_Village_101,Nashik,Maharashtra,2024,198,17,261,13.8
10726,Nashik_Village_101,Nashik,Maharashtra,2025,196,18,267,13.5
10727,Nashik_Village_102,Nashik,Maharashtra,2022,109,14,301,11.2
10727,Nashik_Village_102,Nashik,Maharashtra,2023,142,35,312,7.9
10727,Nashik_Village_102,Nashik,Maharashtra,2024,266,27,373,12.3
10727,Nashik_Village_102,Nashik,Maharashtra,2025,210,31,348,4.2
10728,Nashik_Village_103,Nashik,Maharashtra,2022,98,10,325,7.6
10728,Nashik_Village_103,Nashik,Maharashtra,2023,273,30,282,14.4
10728,Nashik_Village_103,Nashik,Maharashtra,2024,290,6,293,12.3
10728,Nashik_Village_103,Nashik,Maharashtra,2025,84,17,315,13.2
10729,Nashik_Village_104,Nashik,Maharashtra,2022,221,23,217,10.7
10729,Nashik_Village_104,Nashik,Maharashtra,2023,151,5,327,8.4
10729,Nashik_Village_104,Nashik,Maharashtra,2024,267,36,354,14.0
10729,Nashik_Village_104,Nashik,Maharashtra,2025,60,26,371,6.5
10730,Nashik_Village_105,Nashik,Maharashtra,2022,148,33,260,12.5
10730,Nashik_Village_105,Nashik,Maharashtra,2023,249,6,289,10.0
10730,Nashik_Village_105,Nashik,Maharashtra,2024,159,15,336,6.1
10730,Nashik_Village_105,Nashik,Maharashtra,2025,255,21,392,3.5
10731,Nashik_Village_106,Nashik,Maharashtra,2022,123,12,338,8.5
10731,Nashik_Village_106,Nashik,Maharashtra,2023,243,26,295,9.9
10731,Nashik_Village_106,Nashik,Maharashtra,2024,223,8,335,5.6
10731,Nashik_Village_106,Nashik,Maharashtra,2025,58,15,272,7.7
10732,Nashik_Village_107,Nashik,Maharashtra,2022,52,12,207,11.0
10732,Nashik_Village_107,Nashik,Maharashtra,2023,134,13,305,11.6
10732,Nashik_Village_107,Nashik,Maharashtra,2024,75,30,379,4.3
10732,Nashik_Village_107,Nashik,Maharashtra,2025,121,6,365,10.3
10733,Nashik_Village_108,Nashik,Maharashtra,2022,97,20,265,5.1
10733,Nashik_Village_108,Nashik,Maharashtra,2023,243,35,309,4.4
10733,Nashik_Village_108,Nashik,Maharashtra,2024,247,10,293,5.3
10733,Nashik_Village_108,Nashik,Maharashtra,2025,205,25,309,10.2
10734,Nashik_Village_109,Nashik,Maharashtra,2022,166,30,324,5.1
10734,Nashik_Village_109,Nashik,Maharashtra,2023,270,23,228,4.3
10734,Nashik_Village_109,Nashik,Maharashtra,2024,203,32,254,4.9
10734,Nashik_Village_109,Nashik,Maharashtra,2025,202,12,344,13.3
10735,Nashik_Village_110,Nashik,Maharashtra,2022,61,18,304,14.0
10735,Nashik_Village_110,Nashik,Maharashtra,2023,182,28,345,5.0
10735,Nashik_Village_110,Nashik,Maharashtra,2024,275,30,362,6.9
10735,Nashik_Village_110,Nashik,Maharashtra,2025,97,35,309,13.2
10736,Nashik_Village_111,Nashik,Maharashtra,2022,86,36,218,5.5
10736,Nashik_Village_111,Nashik,Maharashtra,2023,256,6,320,5.1
10736,Nashik_Village_111,Nashik,Maharashtra,2024,93,29,283,4.6
10736,Nashik_Village_111,Nashik,Maharashtra,2025,277,6,382,13.6
10737,Nashik_Village_112,Nashik,Maharashtra,2022,64,5,343,12.3
10737,Nashik_Village_112,Nashik,Maharashtra,2023,92,16,318,6.4
10737,Nashik_Village_112,Nashik,Maharashtra,2024,225,13,244,4.2
10737,Nashik_Village_112,Nashik,Maharashtra,2025,136,32,292,13.4
10738,Nashik_Village_113,Nashik,Maharashtra,2022,119,37,338,9.0
10738,Nashik_Village_113,Nashik,Maharashtra,2023,95,26,248,10.4
10738,Nashik_Village_113,Nashik,Maharashtra,2024,291,29,328,6.6
10738,Nashik_Village_113,Nashik,Maharashtra,2025,157,22,263,11.3
10739,Nashik_Village_114,Nashik,Maharashtra,2022,172,10,269,6.6
10739,Nashik_Village_114,Nashik,Maharashtra,2023,220,22,329,12.4
10739,Nashik_Village_114,Nashik,Maharashtra,2024,286,20,325,6.1
10739,Nashik_Village_114,Nashik,Maharashtra,2025,70,19,319,4.3
10740,Nashik_Village_115,Nashik,Maharashtra,2022,200,12,349,9.5
10740,Nashik_Village_115,Nashik,Maharashtra,2023,156,17,250,12.6
10740,Nashik_Village_115,Nashik,Maharashtra,2024,296,11,292,7.7
10740,Nashik_Village_115,Nashik,Maharashtra,2025,129,21,337,3.6
10741,Nashik_Village_116,Nashik,Maharashtra,2022,96,36,204,10.3
10741,Nashik_Village_116,Nashik,Maharashtra,2023,166,26,239,11.2
10741,Nashik_Village_116,Nashik,Maharashtra,2024,173,17,327,11.5
10741,Nashik_Village_116,Nashik,Maharashtra,2025,192,27,256,7.5
10742,Nashik_Village_117,Nashik,Maharashtra,2022,74,33,349,5.5
10742,Nashik_Village_117,Nashik,Maharashtra,2023,85,26,351,10.2
10742,Nashik_Village_117,Nashik,Maharashtra,2024,252,5,313,7.2
10742,Nashik_Village_117,Nashik,Maharashtra,2025,100,33,273,13.2
10743,Nashik_Village_118,Nashik,Maharashtra,2022,64,9,308,9.8
10743,Nashik_Village_118,Nashik,Maharashtra,2023,117,39,241,9.1
10743,Nashik_Village_118,Nashik,Maharashtra,2024,70,14,284,6.9
10743,Nashik_Village_118,Nashik,Maharashtra,2025,190,23,377,6.9
10744,Nashik_Village_119,Nashik,Maharashtra,2022,263,11,251,9.9
10744,Nashik_Village_119,Nashik,Maharashtra,2023,68,39,227,7.3
10744,Nashik_Village_119,Nashik,Maharashtra,2024,83,17,271,13.1
10744,Nashik_Village_119,Nashik,Maharashtra,2025,127,14,387,7.9
10745,Nashik_Village_120,Nashik,Maharashtra,2022,174,6,278,7.6
10745,Nashik_Village_120,Nashik,Maharashtra,2023,245,10,232,5.7
10745,Nashik_Village_120,Nashik,Maharashtra,2024,289,12,279,10.8
10745,Nashik_Village_120,Nashik,Maharashtra,2025,166,29,246,3.6
10746,Nashik_Village_121,Nashik,Maharashtra,2022,101,11,286,9.2
10746,Nashik_Village_121,Nashik,Maharashtra,2023,287,27,321,9.9
10746,Nashik_Village_121,Nashik,Maharashtra,2024,76,23,370,7.3
10746,Nashik_Village_121,Nashik,Maharashtra,2025,206,26,291,11.2
10747,Nashik_Village_122,Nashik,Maharashtra,2022,288,17,288,11.6
10747,Nashik_Village_122,Nashik,Maharashtra,2023,205,25,226,14.3
10747,Nashik_Village_122,Nashik,Maharashtra,2024,84,5,242,9.0
10747,Nashik_Village_122,Nashik,Maharashtra,2025,185,23,381,8.9
10748,Nashik_Village_123,Nashik,Maharashtra,2022,193,37,258,7.1
10748,Nashik_Village_123,Nashik,Maharashtra,2023,155,8,257,8.1
10748,Nashik_Village_123,Nashik,Maharashtra,2024,213,7,303,4.0
10748,Nashik_Village_123,Nashik,Maharashtra,2025,207,31,267,10.5
10749,Nashik_Village_124,Nashik,Maharashtra,2022,195,39,278,7.8
10749,Nashik_Village_124,Nashik,Maharashtra,2023,51,32,237,9.8
10749,Nashik_Village_124,Nashik,Maharashtra,2024,226,10,330,6.4
10749,Nashik_Village_124,Nashik,Maharashtra,2025,126,10,388,9.8
10750,Nashik_Village_125,Nashik,Maharashtra,2022,181,27,308,9.2
10750,Nashik_Village_125,Nashik,Maharashtra,2023,139,37,325,9.2
10750,Nashik_Village_125,Nashik,Maharashtra,2024,138,20,246,13.6
10750,Nashik_Village_125,Nashik,Maharashtra,2025,143,28,330,10.7
10751,Satara_Village_1,Satara,Maharashtra,2022,252,9,238,7.2
10751,Satara_Village_1,Satara,Maharashtra,2023,56,17,255,9.4
10751,Satara_Village_1,Satara,Maharashtra,2024,144,16,277,8.6
10751,Satara_Village_1,Satara,Maharashtra,2025,157,9,321,11.6
10752,Satara_Village_2,Satara,Maharashtra,2022,123,35,200,13.3
10752,Satara_Village_2,Satara,Maharashtra,2023,88,32,331,7.1
10752,Satara_Village_2,Satara,Maharashtra,2024,190,32,248,12.3
10752,Satara_Village_2,Satara,Maharashtra,2025,208,34,303,5.2
10753,Satara_Village_3,Satara,Maharashtra,2022,120,22,306,12.5
10753,Satara_Village_3,Satara,Maharashtra,2023,240,31,352,6.7
10753,Satara_Village_3,Satara,Maharashtra,2024,105,39,257,6.8
10753,Satara_Village_3,Satara,Maharashtra,2025,290,30,278,12.3
10754,Satara_Village_4,Satara,Maharashtra,2022,219,22,238,8.9
10754,Satara_Village_4,Satara,Maharashtra,2023,238,37,340,14.5
10754,Satara_Village_4,Satara,Maharashtra,2024,91,29,312,5.3
10754,Satara_Village_4,Satara,Maharashtra,2025,233,35,350,8.2
10755,Satara_Village_5,Satara,Maharashtra,2022,85,6,309,12.2
10755,Satara_Village_5,Satara,Maharashtra,2023,133,37,335,4.2
10755,Satara_Village_5,Satara,Maharashtra,2024,245,36,336,5.3
10755,Satara_Village_5,Satara,Maharashtra,2025,167,22,375,3.5
10756,Satara_Village_6,Satara,Maharashtra,2022,56,21,222,14.9
10756,Satara_Village_6,Satara,Maharashtra,2023,103,38,359,12.1
10756,Satara_Village_6,Satara,Maharashtra,2024,178,11,300,7.6
10756,Satara_Village_6,Satara,Maharashtra,2025,221,39,351,4.9
10757,Satara_Village_7,Satara,Maharashtra,2022,169,34,345,5.4
10757,Satara_Village_7,Satara,Maharashtra,2023,222,16,260,9.7
10757,Satara_Village_7,Satara,Maharashtra,2024,155,39,299,13.9
10757,Satara_Village_7,Satara,Maharashtra,2025,96,15,275,10.4
10758,Satara_Village_8,Satara,Maharashtra,2022,172,8,292,8.3
10758,Satara_Village_8,Satara,Maharashtra,2023,190,29,351,9.4
10758,Satara_Village_8,Satara,Maharashtra,2024,168,36,347,14.2
10758,Satara_Village_8,Satara,Maharashtra,2025,199,24,325,8.7
10759,Satara_Village_9,Satara,Maharashtra,2022,167,35,259,14.6
10759,Satara_Village_9,Satara,Maharashtra,2023,70,8,290,4.3
10759,Satara_Village_9,Satara,Maharashtra,2024,263,5,292,11.3
10759,Satara_Village_9,Satara,Maharashtra,2025,269,7,344,9.9
10760,Satara_Village_10,Satara,Maharashtra,2022,186,26,247,11.7
10760,Satara_Village_10,Satara,Maharashtra,2023,75,21,288,10.1
10760,Satara_Village_10,Satara,Maharashtra,2024,58,18,287,4.2
10760,Satara_Village_10,Satara,Maharashtra,2025,64,39,274,4.9
10761,Satara_Village_11,Satara,Maharashtra,2022,59,17,209,14.2
10761,Satara_Village_11,Satara,Maharashtra,2023,265,39,253,6.5
10761,Satara_Village_11,Satara,Maharashtra,2024,171,6,284,14.1
10761,Satara_Village_11,Satara,Maharashtra,2025,170,17,272,10.4
10762,Satara_Village_12,Satara,Maharashtra,2022,174,20,345,9.2
10762,Satara_Village_12,Satara,Maharashtra,2023,219,22,332,13.8
10762,Satara_Village_12,Satara,Maharashtra,2024,121,11,343,12.0
10762,Satara_Village_12,Satara,Maharashtra,2025,201,34,319,7.8
10763,Satara_Village_13,Satara,Maharashtra,2022,257,11,264,5.2
10763,Satara_Village_13,Satara,Maharashtra,2023,98,19,295,13.2
10763,Satara_Village_13,Satara,Maharashtra,2024,203,23,329,11.7
10763,Satara_Village_13,Satara,Maharashtra,2025,140,6,344,11.6
10764,Satara_Village_14,Satara,Maharashtra,2022,86,17,245,12.3
10764,Satara_Village_14,Satara,Maharashtra,2023,117,35,274,7.0
10764,Satara_Village_14,Satara,Maharashtra,2024,99,20,366,12.7
10764,Satara_Village_14,Satara,Maharashtra,2025,201,10,341,3.3
10765,Satara_Village_15,Satara,Maharashtra,2022,68,32,202,7.0
10765,Satara_Village_15,Satara,Maharashtra,2023,149,36,350,4.6
10765,Satara_Village_15,Satara,Maharashtra,2024,109,14,343,4.9
10765,Satara_Village_15,Satara,Maharashtra,2025,216,22,360,8.9
10766,Satara_Village_16,Satara,Maharashtra,2022,251,8,257,4.9
10766,Satara_Village_16,Satara,Maharashtra,2023,138,13,284,6.0
10766,Satara_Village_16,Satara,Maharashtra,2024,195,11,322,6.1
10766,Satara_Village_16,Satara,Maharashtra,2025,196,12,384,10.2
10767,Satara_Village_17,Satara,Maharashtra,2022,213,11,336,9.4
10767,Satara_Village_17,Satara,Maharashtra,2023,251,7,319,8.9
10767,Satara_Village_17,Satara,Maharashtra,2024,274,21,278,11.8
10767,Satara_Village_17,Satara,Maharashtra,2025,232,6,327,8.1
10768,Satara_Village_18,Satara,Maharashtra,2022,291,19,216,8.2
10768,Satara_Village_18,Satara,Maharashtra,2023,118,33,268,14.2
10768,Satara_Village_18,Satara,Maharashtra,2024,224,26,341,3.8
10768,Satara_Village_18,Satara,Maharashtra,2025,98,8,293,6.5
10769,Satara_Village_19,Satara,Maharashtra,2022,276,10,343,10.9
10769,Satara_Village_19,Satara,Maharashtra,2023,157,30,299,12.3
10769,Satara_Village_19,Satara,Maharashtra,2024,275,15,241,12.3
10769,Satara_Village_19,Satara,Maharashtra,2025,210,30,370,3.8
10770,Satara_Village_20,Satara,Maharashtra,2022,168,21,297,11.9
10770,Satara_Village_20,Satara,Maharashtra,2023,198,28,350,11.7
10770,Satara_Village_20,Satara,Maharashtra,2024,258,32,378,5.9
10770,Satara_Village_20,Satara,Maharashtra,2025,199,39,292,4.5
10771,Satara_Village_21,Satara,Maharashtra,2022,225,35,335,12.4
10771,Satara_Village_21,Satara,Maharashtra,2023,86,17,242,6.7
10771,Satara_Village_21,Satara,Maharashtra,2024,192,39,309,3.7
10771,Satara_Village_21,Satara,Maharashtra,2025,212,20,254,5.6
10772,Satara_Village_22,Satara,Maharashtra,2022,269,19,251,4.8
10772,Satara_Village_22,Satara,Maharashtra,2023,248,22,357,6.7
10772,Satara_Village_22,Satara,Maharashtra,2024,209,31,361,7.2
10772,Satara_Village_22,Satara,Maharashtra,2025,60,39,334,6.1
10773,Satara_Village_23,Satara,Maharashtra,2022,187,39,261,14.2
10773,Satara_Village_23,Satara,Maharashtra,2023,250,32,321,6.5
10773,Satara_Village_23,Satara,Maharashtra,2024,127,13,361,8.6
10773,Satara_Village_23,Satara,Maharashtra,2025,126,16,285,13.4
10774,Satara_Village_24,Satara,Maharashtra,2022,234,19,298,13.7
10774,Satara_Village_24,Satara,Maharashtra,2023,202,25,269,7.3
10774,Satara_Village_24,Satara,Maharashtra,2024,51,39,257,7.1
10774,Satara_Village_24,Satara,Maharashtra,2025,113,37,345,9.5
10775,Satara_Village_25,Satara,Maharashtra,2022,84,23,246,14.1
10775,Satara_Village_25,Satara,Maharashtra,2023,56,27,351,4.2
10775,Satara_Village_25,Satara,Maharashtra,2024,134,17,359,7.8
10775,Satara_Village_25,Satara,Maharashtra,2025,195,5,361,12.2
10776,Satara_Village_26,Satara,Maharashtra,2022,116,33,307,8.8
10776,Satara_Village_26,Satara,Maharashtra,2023,91,28,283,11.7
10776,Satara_Village_26,Satara,Maharashtra,2024,167,20,257,11.0
10776,Satara_Village_26,Satara,Maharashtra,2025,174,29,323,5.5
10777,Satara_Village_27,Satara,Maharashtra,2022,216,27,213,9.2
10777,Satara_Village_27,Satara,Maharashtra,2023,218,32,260,10.0
10777,Satara_Village_27,Satara,Maharashtra,2024,290,20,370,11.2
10777,Satara_Village_27,Satara,Maharashtra,2025,252,15,260,11.9
10778,Satara_Village_28,Satara,Maharashtra,2022,280,7,280,12.5
10778,Satara_Village_28,Satara,Maharashtra,2023,73,19,272,4.4
10778,Satara_Village_28,Satara,Maharashtra,2024,237,5,277,10.7
10778,Satara_Village_28,Satara,Maharashtra,2025,95,11,293,8.5
10779,Satara_Village_29,Satara,Maharashtra,2022,68,5,288,10.5
10779,Satara_Village_29,Satara,Maharashtra,2023,117,36,344,8.0
10779,Satara_Village_29,Satara,Maharashtra,2024,267,13,243,11.2
10779,Satara_Village_29,Satara,Maharashtra,2025,151,33,347,10.4
10780,Satara_Village_30,Satara,Maharashtra,2022,91,30,320,10.6
10780,Satara_Village_30,Satara,Maharashtra,2023,81,27,359,13.1
10780,Satara_Village_30,Satara,Maharashtra,2024,216,33,352,4.8
10780,Satara_Village_30,Satara,Maharashtra,2025,158,37,382,6.5
10781,Satara_Village_31,Satara,Maharashtra,2022,287,11,269,9.7
10781,Satara_Village_31,Satara,Maharashtra,2023,85,16,317,14.2
10781,Satara_Village_31,Satara,Maharashtra,2024,281,35,331,4.5
10781,Satara_Village_31,Satara,Maharashtra,2025,278,36,308,6.8
10782,Satara_Village_32,Satara,Maharashtra,2022,146,24,217,14.2
10782,Satara_Village_32,Satara,Maharashtra,2023,213,21,277,13.5
10782,Satara_Village_32,Satara,Maharashtra,2024,180,7,278,12.8
10782,Satara_Village_32,Satara,Maharashtra,2025,122,5,300,6.5
10783,Satara_Village_33,Satara,Maharashtra,2022,185,31,290,13.4
10783,Satara_Village_33,Satara,Maharashtra,2023,146,37,272,9.4
10783,Satara_Village_33,Satara,Maharashtra,2024,172,24,284,10.2
10783,Satara_Village_33,Satara,Maharashtra,2025,119,18,329,5.8
10784,Satara_Village_34,Satara,Maharashtra,2022,218,9,218,11.9
10784,Satara_Village_34,Satara,Maharashtra,2023,280,27,317,7.5
10784,Satara_Village_34,Satara,Maharashtra,2024,245,19,341,7.3
10784,Satara_Village_34,Satara,Maharashtra,2025,62,10,352,10.0
10785,Satara_Village_35,Satara,Maharashtra,2022,98,37,246,7.0
10785,Satara_Village_35,Satara,Maharashtra,2023,109,23,321,6.5
10785,Satara_Village_35,Satara,Maharashtra,2024,179,17,313,7.6
10785,Satara_Village_35,Satara,Maharashtra,2025,237,33,372,11.5
10786,Satara_Village_36,Satara,Maharashtra,2022,54,10,257,6.9
10786,Satara_Village_36,Satara,Maharashtra,2023,221,19,357,12.4
10786,Satara_Village_36,Satara,Maharashtra,2024,76,20,373,11.0
10786,Satara_Village_36,Satara,Maharashtra,2025,209,28,341,10.4
10787,Satara_Village_37,Satara,Maharashtra,2022,198,27,246,9.5
10787,Satara_Village_37,Satara,Maharashtra,2023,57,14,354,11.9
10787,Satara_Village_37,Satara,Maharashtra,2024,279,21,332,3.8
10787,Satara_Village_37,Satara,Maharashtra,2025,249,34,328,6.5
10788,Satara_Village_38,Satara,Maharashtra,2022,99,14,248,11.6
10788,Satara_Village_38,Satara,Maharashtra,2023,116,23,345,14.5
10788,Satara_Village_38,Satara,Maharashtra,2024,295,33,341,3.7
10788,Satara_Village_38,Satara,Maharashtra,2025,93,6,304,8.7
10789,Satara_Village_39,Satara,Maharashtra,2022,174,23,265,14.2
10789,Satara_Village_39,Satara,Maharashtra,2023,107,11,301,13.2
10789,Satara_Village_39,Satara,Maharashtra,2024,52,30,355,3.9
10789,Satara_Village_39,Satara,Maharashtra,2025,135,19,270,8.9
10790,Satara_Village_40,Satara,Maharashtra,2022,119,7,270,4.5
10790,Satara_Village_40,Satara,Maharashtra,2023,179,20,288,12.4
10790,Satara_Village_40,Satara,Maharashtra,2024,264,6,276,6.9
10790,Satara_Village_40,Satara,Maharashtra,2025,221,35,320,11.3
10791,Satara_Village_41,Satara,Maharashtra,2022,51,32,295,14.4
10791,Satara_Village_41,Satara,Maharashtra,2023,151,11,245,14.3
10791,Satara_Village_41,Satara,Maharashtra,2024,258,34,251,13.1
10791,Satara_Village_41,Satara,Maharashtra,2025,84,11,261,5.4
10792,Satara_Village_42,Satara,Maharashtra,2022,147,33,347,6.5
10792,Satara_Village_42,Satara,Maharashtra,2023,264,28,350,10.7
10792,Satara_Village_42,Satara,Maharashtra,2024,79,8,327,9.4
10792,Satara_Village_42,Satara,Maharashtra,2025,165,33,293,3.4
10793,Satara_Village_43,Satara,Maharashtra,2022,57,9,286,8.6
10793,Satara_Village_43,Satara,Maharashtra,2023,199,33,252,13.6
10793,Satara_Village_43,Satara,Maharashtra,2024,93,34,282,13.1
10793,Satara_Village_43,Satara,Maharashtra,2025,235,33,272,5.4
10794,Satara_Village_44,Satara,Maharashtra,2022,85,30,276,8.5
10794,Satara_Village_44,Satara,Maharashtra,2023,246,23,353,10.0
10794,Satara_Village_44,Satara,Maharashtra,2024,126,30,247,12.7
10794,Satara_Village_44,Satara,Maharashtra,2025,270,31,294,8.9
10795,Satara_Village_45,Satara,Maharashtra,2022,80,34,288,14.7
10795,Satara_Village_45,Satara,Maharashtra,2023,96,34,364,12.5
10795,Satara_Village_45,Satara,Maharashtra,2024,298,7,274,13.7
10795,Satara_Village_45,Satara,Maharashtra,2025,104,11,371,11.0
10796,Satara_Village_46,Satara,Maharashtra,2022,257,13,292,13.7
10796,Satara_Village_46,Satara,Maharashtra,2023,155,17,235,12.8
10796,Satara_Village_46,Satara,Maharashtra,2024,239,19,305,6.4
10796,Satara_Village_46,Satara,Maharashtra,2025,207,9,335,5.7
10797,Satara_Village_47,Satara,Maharashtra,2022,170,33,295,13.6
10797,Satara_Village_47,Satara,Maharashtra,2023,104,39,310,5.0
10797,Satara_Village_47,Satara,Maharashtra,2024,193,31,304,8.0
10797,Satara_Village_47,Satara,Maharashtra,2025,61,31,354,11.9
10798,Satara_Village_48,Satara,Maharashtra,2022,194,12,281,13.0
10798,Satara_Village_48,Satara,Maharashtra,2023,193,36,342,5.6
10798,Satara_Village_48,Satara,Maharashtra,2024,189,24,332,8.8
10798,Satara_Village_48,Satara,Maharashtra,2025,185,14,377,8.3
10799,Satara_Village_49,Satara,Maharashtra,2022,261,17,343,7.9
10799,Satara_Village_49,Satara,Maharashtra,2023,52,33,353,13.7
10799,Satara_Village_49,Satara,Maharashtra,2024,193,39,264,10.6
10799,Satara_Village_49,Satara,Maharashtra,2025,79,12,356,13.6
10800,Satara_Village_50,Satara,Maharashtra,2022,286,33,286,5.2
10800,Satara_Village_50,Satara,Maharashtra,2023,72,35,333,8.2
10800,Satara_Village_50,Satara,Maharashtra,2024,141,34,327,12.5
10800,Satara_Village_50,Satara,Maharashtra,2025,164,26,325,7.7
10801,Satara_Village_51,Satara,Maharashtra,2022,153,25,337,7.2
10801,Satara_Village_51,Satara,Maharashtra,2023,167,16,296,14.6
10801,Satara_Village_51,Satara,Maharashtra,2024,54,15,365,12.9
10801,Satara_Village_51,Satara,Maharashtra,2025,261,6,270,9.0
10802,Satara_Village_52,Satara,Maharashtra,2022,153,6,202,10.4
10802,Satara_Village_52,Satara,Maharashtra,2023,297,38,273,4.2
10802,Satara_Village_52,Satara,Maharashtra,2024,157,7,345,14.0
10802,Satara_Village_52,Satara,Maharashtra,2025,114,20,375,11.8
10803,Satara_Village_53,Satara,Maharashtra,2022,170,8,329,4.9
10803,Satara_Village_53,Satara,Maharashtra,2023,79,27,359,6.0
10803,Satara_Village_53,Satara,Maharashtra,2024,198,24,265,12.3
10803,Satara_Village_53,Satara,Maharashtra,2025,133,29,330,4.2
10804,Satara_Village_54,Satara,Maharashtra,2022,247,34,297,14.4
10804,Satara_Village_54,Satara,Maharashtra,2023,199,22,338,14.6
10804,Satara_Village_54,Satara,Maharashtra,2024,259,15,302,13.0
10804,Satara_Village_54,Satara,Maharashtra,2025,249,33,354,11.1
10805,Satara_Village_55,Satara,Maharashtra,2022,280,21,321,9.6
10805,Satara_Village_55,Satara,Maharashtra,2023,81,30,344,5.0
10805,Satara_Village_55,Satara,Maharashtra,2024,210,27,256,11.4
10805,Satara_Village_55,Satara,Maharashtra,2025,294,24,394,7.5
10806,Satara_Village_56,Satara,Maharashtra,2022,65,6,267,10.5
10806,Satara_Village_56,Satara,Maharashtra,2023,253,28,228,7.2
10806,Satara_Village_56,Satara,Maharashtra,2024,87,35,327,6.2
10806,Satara_Village_56,Satara,Maharashtra,2025,293,31,267,6.7
10807,Satara_Village_57,Satara,Maharashtra,2022,275,6,314,13.0
10807,Satara_Village_57,Satara,Maharashtra,2023,191,18,326,8.6
10807,Satara_Village_57,Satara,Maharashtra,2024,85,8,325,7.0
10807,Satara_Village_57,Satara,Maharashtra,2025,274,17,322,7.8
10808,Satara_Village_58,Satara,Maharashtra,2022,200,39,260,4.8
10808,Satara_Village_58,Satara,Maharashtra,2023,163,12,299,13.5
10808,Satara_Village_58,Satara,Maharashtra,2024,286,6,300,9.5
10808,Satara_Village_58,Satara,Maharashtra,2025,115,10,329,4.4
10809,Satara_Village_59,Satara,Maharashtra,2022,154,35,249,7.5
10809,Satara_Village_59,Satara,Maharashtra,2023,134,14,354,14.4
10809,Satara_Village_59,Satara,Maharashtra,2024,51,25,244,9.9
10809,Satara_Village_59,Satara,Maharashtra,2025,268,14,389,6.4
10810,Satara_Village_60,Satara,Maharashtra,2022,298,27,233,9.0
10810,Satara_Village_60,Satara,Maharashtra,2023,250,7,249,6.8
10810,Satara_Village_60,Satara,Maharashtra,2024,242,36,268,4.0
10810,Satara_Village_60,Satara,Maharashtra,2025,124,24,377,12.1
10811,Satara_Village_61,Satara,Maharashtra,2022,116,14,229,7.6
10811,Satara_Village_61,Satara,Maharashtra,2023,229,33,346,12.9
10811,Satara_Village_61,Satara,Maharashtra,2024,239,38,372,8.7
10811,Satara_Village_61,Satara,Maharashtra,2025,200,24,347,5.2
10812,Satara_Village_62,Satara,Maharashtra,2022,203,12,273,12.9
10812,Satara_Village_62,Satara,Maharashtra,2023,245,11,269,8.1
10812,Satara_Village_62,Satara,Maharashtra,2024,259,10,289,11.1
10812,Satara_Village_62,Satara,Maharashtra,2025,104,15,268,12.1
10813,Satara_Village_63,Satara,Maharashtra,2022,55,22,221,14.6
10813,Satara_Village_63,Satara,Maharashtra,2023,212,33,246,5.0
10813,Satara_Village_63,Satara,Maharashtra,2024,199,29,324,3.8
10813,Satara_Village_63,Satara,Maharashtra,2025,220,25,327,9.1
10814,Satara_Village_64,Satara,Maharashtra,2022,192,7,202,7.3
10814,Satara_Village_64,Satara,Maharashtra,2023,135,22,284,9.0
10814,Satara_Village_64,Satara,Maharashtra,2024,109,28,359,4.5
10814,Satara_Village_64,Satara,Maharashtra,2025,150,14,332,8.6
10815,Satara_Village_65,Satara,Maharashtra,2022,293,31,308,5.8
10815,Satara_Village_65,Satara,Maharashtra,2023,283,16,273,12.9
10815,Satara_Village_65,Satara,Maharashtra,2024,61,11,306,11.7
10815,Satara_Village_65,Satara,Maharashtra,2025,288,21,258,4.1
10816,Satara_Village_66,Satara,Maharashtra,2022,98,5,250,13.3
10816,Satara_Village_66,Satara,Maharashtra,2023,91,30,353,7.5
10816,Satara_Village_66,Satara,Maharashtra,2024,215,19,307,7.4
10816,Satara_Village_66,Satara,Maharashtra,2025,131,37,324,5.2
10817,Satara_Village_67,Satara,Maharashtra,2022,222,35,209,13.3
10817,Satara_Village_67,Satara,Maharashtra,2023,84,39,294,8.3
10817,Satara_Village_67,Satara,Maharashtra,2024,207,5,353,4.2
10817,Satara_Village_67,Satara,Maharashtra,2025,265,12,278,13.4
10818,Satara_Village_68,Satara,Maharashtra,2022,283,16,320,7.2
10818,Satara_Village_68,Satara,Maharashtra,2023,207,23,294,13.9
10818,Satara_Village_68,Satara,Maharashtra,2024,255,29,282,6.9
10818,Satara_Village_68,Satara,Maharashtra,2025,183,36,262,12.0
10819,Satara_Village_69,Satara,Maharashtra,2022,116,16,301,11.5
10819,Satara_Village_69,Satara,Maharashtra,2023,129,17,349,13.1
10819,Satara_Village_69,Satara,Maharashtra,2024,56,32,327,13.9
10819,Satara_Village_69,Satara,Maharashtra,2025,229,5,289,12.5
10820,Satara_Village_70,Satara,Maharashtra,2022,63,10,234,8.7
10820,Satara_Village_70,Satara,Maharashtra,2023,122,12,328,12.7
10820,Satara_Village_70,Satara,Maharashtra,2024,192,8,250,11.2
10820,Satara_Village_70,Satara,Maharashtra,2025,198,9,340,3.9
10821,Satara_Village_71,Satara,Maharashtra,2022,212,29,243,14.3
10821,Satara_Village_71,Satara,Maharashtra,2023,115,26,294,9.0
10821,Satara_Village_71,Satara,Maharashtra,2024,140,32,285,5.1
10821,Satara_Village_71,Satara,Maharashtra,2025,179,27,382,7.8
10822,Satara_Village_72,Satara,Maharashtra,2022,212,8,342,10.8
10822,Satara_Village_72,Satara,Maharashtra,2023,259,8,269,10.1
10822,Satara_Village_72,Satara,Maharashtra,2024,255,25,272,9.7
10822,Satara_Village_72,Satara,Maharashtra,2025,69,6,294,6.0
10823,Satara_Village_73,Satara,Maharashtra,2022,259,11,205,11.1
10823,Satara_Village_73,Satara,Maharashtra,2023,59,20,276,13.6
10823,Satara_Village_73,Satara,Maharashtra,2024,74,21,284,7.8
10823,Satara_Village_73,Satara,Maharashtra,2025,243,24,384,9.9
10824,Satara_Village_74,Satara,Maharashtra,2022,74,27,315,7.1
10824,Satara_Village_74,Satara,Maharashtra,2023,103,38,245,4.6
10824,Satara_Village_74,Satara,Maharashtra,2024,82,15,303,9.9
10824,Satara_Village_74,Satara,Maharashtra,2025,213,38,278,3.8
10825,Satara_Village_75,Satara,Maharashtra,2022,144,37,209,12.1
10825,Satara_Village_75,Satara,Maharashtra,2023,63,30,266,11.1
10825,Satara_Village_75,Satara,Maharashtra,2024,114,6,307,7.6
10825,Satara_Village_75,Satara,Maharashtra,2025,159,27,247,7.6
10826,Satara_Village_76,Satara,Maharashtra,2022,129,26,334,14.1
10826,Satara_Village_76,Satara,Maharashtra,2023,103,38,218,4.2
10826,Satara_Village_76,Satara,Maharashtra,2024,287,19,277,9.6
10826,Satara_Village_76,Satara,Maharashtra,2025,174,14,318,13.0
10827,Satara_Village_77,Satara,Maharashtra,2022,229,19,278,14.1
10827,Satara_Village_77,Satara,Maharashtra,2023,180,33,358,10.2
10827,Satara_Village_77,Satara,Maharashtra,2024,276,27,233,7.7
10827,Satara_Village_77,Satara,Maharashtra,2025,218,21,248,4.3
10828,Satara_Village_78,Satara,Maharashtra,2022,183,13,319,6.3
10828,Satara_Village_78,Satara,Maharashtra,2023,74,13,333,11.2
10828,Satara_Village_78,Satara,Maharashtra,2024,190,20,246,3.9
10828,Satara_Village_78,Satara,Maharashtra,2025,166,37,340,12.6
10829,Satara_Village_79,Satara,Maharashtra,2022,275,35,269,10.7
10829,Satara_Village_79,Satara,Maharashtra,2023,185,10,311,4.6
10829,Satara_Village_79,Satara,Maharashtra,2024,198,14,237,6.2
10829,Satara_Village_79,Satara,Maharashtra,2025,275,20,358,9.5
10830,Satara_Village_80,Satara,Maharashtra,2022,245,8,204,4.9
10830,Satara_Village_80,Satara,Maharashtra,2023,74,26,261,12.3
10830,Satara_Village_80,Satara,Maharashtra,2024,128,17,269,13.4
10830,Satara_Village_80,Satara,Maharashtra,2025,117,20,366,13.4
10831,Satara_Village_81,Satara,Maharashtra,2022,222,33,334,12.2
10831,Satara_Village_81,Satara,Maharashtra,2023,237,10,354,13.1
10831,Satara_Village_81,Satara,Maharashtra,2024,61,30,323,10.1
10831,Satara_Village_81,Satara,Maharashtra,2025,81,15,272,8.1
10832,Satara_Village_82,Satara,Maharashtra,2022,177,28,276,12.0
10832,Satara_Village_82,Satara,Maharashtra,2023,145,33,263,6.5
10832,Satara_Village_82,Satara,Maharashtra,2024,141,7,315,4.9
10832,Satara_Village_82,Satara,Maharashtra,2025,190,14,298,11.3
10833,Satara_Village_83,Satara,Maharashtra,2022,80,5,217,14.6
10833,Satara_Village_83,Satara,Maharashtra,2023,127,30,241,10.2
10833,Satara_Village_83,Satara,Maharashtra,2024,69,16,301,8.8
10833,Satara_Village_83,Satara,Maharashtra,2025,195,18,378,8.9
10834,Satara_Village_84,Satara,Maharashtra,2022,270,29,321,9.5
10834,Satara_Village_84,Satara,Maharashtra,2023,109,12,319,8.7
10834,Satara_Village_84,Satara,Maharashtra,2024,240,8,298,13.6
10834,Satara_Village_84,Satara,Maharashtra,2025,183,32,315,8.3
10835,Satara_Village_85,Satara,Maharashtra,2022,209,11,349,5.4
10835,Satara_Village_85,Satara,Maharashtra,2023,142,14,331,12.1
10835,Satara_Village_85,Satara,Maharashtra,2024,92,6,261,7.8
10835,Satara_Village_85,Satara,Maharashtra,2025,179,30,353,10.8
10836,Satara_Village_86,Satara,Maharashtra,2022,109,18,296,10.6
10836,Satara_Village_86,Satara,Maharashtra,2023,200,20,215,11.6
10836,Satara_Village_86,Satara,Maharashtra,2024,260,21,337,4.4
10836,Satara_Village_86,Satara,Maharashtra,2025,80,26,358,3.7
10837,Satara_Village_87,Satara,Maharashtra,2022,292,8,240,8.5
10837,Satara_Village_87,Satara,Maharashtra,2023,54,23,222,11.4
10837,Satara_Village_87,Satara,Maharashtra,2024,260,6,259,6.0
10837,Satara_Village_87,Satara,Maharashtra,2025,211,13,290,7.9
10838,Satara_Village_88,Satara,Maharashtra,2022,59,23,304,14.8
10838,Satara_Village_88,Satara,Maharashtra,2023,138,20,310,6.4
10838,Satara_Village_88,Satara,Maharashtra,2024,179,29,290,12.6
10838,Satara_Village_88,Satara,Maharashtra,2025,175,22,385,12.0
10839,Satara_Village_89,Satara,Maharashtra,2022,60,27,288,13.9
10839,Satara_Village_89,Satara,Maharashtra,2023,227,25,340,13.7
10839,Satara_Village_89,Satara,Maharashtra,2024,208,15,290,9.0
10839,Satara_Village_89,Satara,Maharashtra,2025,105,8,364,10.5
10840,Satara_Village_90,Satara,Maharashtra,2022,256,29,320,11.0
10840,Satara_Village_90,Satara,Maharashtra,2023,250,36,262,7.3
10840,Satara_Village_90,Satara,Maharashtra,2024,264,34,288,6.6
10840,Satara_Village_90,Satara,Maharashtra,2025,132,30,255,6.9
10841,Satara_Village_91,Satara,Maharashtra,2022,186,38,224,6.8
10841,Satara_Village_91,Satara,Maharashtra,2023,148,13,260,12.1
10841,Satara_Village_91,Satara,Maharashtra,2024,198,16,283,13.8
10841,Satara_Village_91,Satara,Maharashtra,2025,122,6,278,12.4
10842,Satara_Village_92,Satara,Maharashtra,2022,205,9,283,6.8
10842,Satara_Village_92,Satara,Maharashtra,2023,239,9,349,4.6
10842,Satara_Village_92,Satara,Maharashtra,2024,287,26,291,11.6
10842,Satara_Village_92,Satara,Maharashtra,2025,164,9,301,7.4
10843,Satara_Village_93,Satara,Maharashtra,2022,56,8,292,13.2
10843,Satara_Village_93,Satara,Maharashtra,2023,129,13,330,12.3
10843,Satara_Village_93,Satara,Maharashtra,2024,193,33,305,10.3
10843,Satara_Village_93,Satara,Maharashtra,2025,146,26,377,6.0
10844,Satara_Village_94,Satara,Maharashtra,2022,53,31,275,5.6
10844,Satara_Village_94,Satara,Maharashtra,2023,53,14,251,6.8
10844,Satara_Village_94,Satara,Maharashtra,2024,152,20,373,9.1
10844,Satara_Village_94,Satara,Maharashtra,2025,89,14,274,13.6
10845,Satara_Village_95,Satara,Maharashtra,2022,66,10,241,5.2
10845,Satara_Village_95,Satara,Maharashtra,2023,150,9,275,6.2
10845,Satara_Village_95,Satara,Maharashtra,2024,152,10,277,10.3
10845,Satara_Village_95,Satara,Maharashtra,2025,173,29,328,6.5
10846,Satara_Village_96,Satara,Maharashtra,2022,101,8,292,13.5
10846,Satara_Village_96,Satara,Maharashtra,2023,270,36,282,5.6
10846,Satara_Village_96,Satara,Maharashtra,2024,101,39,275,13.8
10846,Satara_Village_96,Satara,Maharashtra,2025,213,14,357,12.9
10847,Satara_Village_97,Satara,Maharashtra,2022,173,38,227,13.8
10847,Satara_Village_97,Satara,Maharashtra,2023,215,10,291,5.9
10847,Satara_Village_97,Satara,Maharashtra,2024,280,20,350,7.2
10847,Satara_Village_97,Satara,Maharashtra,2025,227,23,247,11.7
10848,Satara_Village_98,Satara,Maharashtra,2022,112,38,236,13.0
10848,Satara_Village_98,Satara,Maharashtra,2023,278,29,361,11.5
10848,Satara_Village_98,Satara,Maharashtra,2024,165,35,321,8.4
10848,Satara_Village_98,Satara,Maharashtra,2025,240,21,327,6.6
10849,Satara_Village_99,Satara,Maharashtra,2022,111,34,216,14.6
10849,Satara_Village_99,Satara,Maharashtra,2023,276,35,335,5.6
10849,Satara_Village_99,Satara,Maharashtra,2024,56,23,316,4.2
10849,Satara_Village_99,Satara,Maharashtra,2025,204,39,284,3.4
10850,Satara_Village_100,Satara,Maharashtra,2022,141,33,272,12.6
10850,Satara_Village_100,Satara,Maharashtra,2023,263,5,243,4.7
10850,Satara_Village_100,Satara,Maharashtra,2024,63,8,271,9.4
10850,Satara_Village_100,Satara,Maharashtra,2025,248,32,273,7.2
10851,Satara_Village_101,Satara,Maharashtra,2022,278,22,265,6.0
10851,Satara_Village_101,Satara,Maharashtra,2023,135,30,338,11.9
10851,Satara_Village_101,Satara,Maharashtra,2024,182,23,374,4.3
10851,Satara_Village_101,Satara,Maharashtra,2025,232,10,364,6.6
10852,Satara_Village_102,Satara,Maharashtra,2022,179,5,308,10.4
10852,Satara_Village_102,Satara,Maharashtra,2023,111,12,306,8.3
10852,Satara_Village_102,Satara,Maharashtra,2024,268,37,341,6.4
10852,Satara_Village_102,Satara,Maharashtra,2025,198,25,296,13.0
10853,Satara_Village_103,Satara,Maharashtra,2022,295,28,259,14.3
10853,Satara_Village_103,Satara,Maharashtra,2023,279,29,308,8.5
10853,Satara_Village_103,Satara,Maharashtra,2024,128,23,373,7.8
10853,Satara_Village_103,Satara,Maharashtra,2025,198,33,342,6.5
10854,Satara_Village_104,Satara,Maharashtra,2022,187,14,213,13.5
10854,Satara_Village_104,Satara,Maharashtra,2023,264,16,265,10.1
10854,Satara_Village_104,Satara,Maharashtra,2024,107,37,253,4.6
10854,Satara_Village_104,Satara,Maharashtra,2025,169,11,351,12.3
10855,Satara_Village_105,Satara,Maharashtra,2022,216,21,272,10.1
10855,Satara_Village_105,Satara,Maharashtra,2023,182,14,361,8.5
10855,Satara_Village_105,Satara,Maharashtra,2024,114,35,313,7.2
10855,Satara_Village_105,Satara,Maharashtra,2025,62,10,305,4.3
10856,Satara_Village_106,Satara,Maharashtra,2022,262,21,305,14.5
10856,Satara_Village_106,Satara,Maharashtra,2023,267,22,308,11.9
10856,Satara_Village_106,Satara,Maharashtra,2024,291,30,292,5.1
10856,Satara_Village_106,Satara,Maharashtra,2025,286,20,339,8.7
10857,Satara_Village_107,Satara,Maharashtra,2022,262,12,234,10.3
10857,Satara_Village_107,Satara,Maharashtra,2023,230,28,281,5.9
10857,Satara_Village_107,Satara,Maharashtra,2024,131,17,285,8.2
10857,Satara_Village_107,Satara,Maharashtra,2025,278,33,284,10.1
10858,Satara_Village_108,Satara,Maharashtra,2022,222,36,333,7.5
10858,Satara_Village_108,Satara,Maharashtra,2023,209,28,343,7.6
10858,Satara_Village_108,Satara,Maharashtra,2024,213,20,253,5.0
10858,Satara_Village_108,Satara,Maharashtra,2025,258,15,346,7.6
10859,Satara_Village_109,Satara,Maharashtra,2022,276,36,314,10.6
10859,Satara_Village_109,Satara,Maharashtra,2023,290,10,349,5.3
10859,Satara_Village_109,Satara,Maharashtra,2024,237,39,304,10.2
10859,Satara_Village_109,Satara,Maharashtra,2025,188,37,255,7.5
10860,Satara_Village_110,Satara,Maharashtra,2022,240,22,235,11.6
10860,Satara_Village_110,Satara,Maharashtra,2023,198,17,362,7.4
10860,Satara_Village_110,Satara,Maharashtra,2024,101,14,292,9.7
10860,Satara_Village_110,Satara,Maharashtra,2025,232,30,324,9.7
10861,Satara_Village_111,Satara,Maharashtra,2022,166,21,287,11.8
10861,Satara_Village_111,Satara,Maharashtra,2023,75,5,244,12.0
10861,Satara_Village_111,Satara,Maharashtra,2024,245,29,332,5.1
10861,Satara_Village_111,Satara,Maharashtra,2025,83,38,356,13.4
10862,Satara_Village_112,Satara,Maharashtra,2022,101,14,283,13.4
10862,Satara_Village_112,Satara,Maharashtra,2023,161,24,364,10.0
10862,Satara_Village_112,Satara,Maharashtra,2024,131,11,334,13.0
10862,Satara_Village_112,Satara,Maharashtra,2025,281,20,265,7.3
10863,Satara_Village_113,Satara,Maharashtra,2022,276,33,236,4.9
10863,Satara_Village_113,Satara,Maharashtra,2023,282,16,241,11.7
10863,Satara_Village_113,Satara,Maharashtra,2024,270,21,331,13.6
10863,Satara_Village_113,Satara,Maharashtra,2025,229,24,282,5.0
10864,Satara_Village_114,Satara,Maharashtra,2022,206,30,259,11.3
10864,Satara_Village_114,Satara,Maharashtra,2023,215,23,284,12.6
10864,Satara_Village_114,Satara,Maharashtra,2024,91,16,261,13.2
10864,Satara_Village_114,Satara,Maharashtra,2025,70,25,324,6.2
10865,Satara_Village_115,Satara,Maharashtra,2022,91,38,330,5.9
10865,Satara_Village_115,Satara,Maharashtra,2023,190,11,316,6.7
10865,Satara_Village_115,Satara,Maharashtra,2024,162,39,331,9.8
10865,Satara_Village_115,Satara,Maharashtra,2025,154,19,274,12.9
10866,Satara_Village_116,Satara,Maharashtra,2022,241,5,221,10.6
10866,Satara_Village_116,Satara,Maharashtra,2023,66,30,233,13.8
10866,Satara_Village_116,Satara,Maharashtra,2024,169,39,260,11.8
10866,Satara_Village_116,Satara,Maharashtra,2025,186,29,264,9.6
10867,Satara_Village_117,Satara,Maharashtra,2022,218,19,346,4.7
10867,Satara_Village_117,Satara,Maharashtra,2023,178,26,344,7.6
10867,Satara_Village_117,Satara,Maharashtra,2024,179,10,269,4.3
10867,Satara_Village_117,Satara,Maharashtra,2025,109,19,335,6.7
10868,Satara_Village_118,Satara,Maharashtra,2022,97,28,271,5.2
10868,Satara_Village_118,Satara,Maharashtra,2023,78,25,323,5.9
10868,Satara_Village_118,Satara,Maharashtra,2024,146,11,256,8.0
10868,Satara_Village_118,Satara,Maharashtra,2025,59,33,323,8.7
10869,Satara_Village_119,Satara,Maharashtra,2022,291,36,339,6.8
10869,Satara_Village_119,Satara,Maharashtra,2023,107,36,292,11.8
10869,Satara_Village_119,Satara,Maharashtra,2024,237,9,246,9.9
10869,Satara_Village_119,Satara,Maharashtra,2025,281,8,328,10.6
10870,Satara_Village_120,Satara,Maharashtra,2022,70,26,337,12.2
10870,Satara_Village_120,Satara,Maharashtra,2023,77,22,361,11.7
10870,Satara_Village_120,Satara,Maharashtra,2024,252,39,317,13.5
10870,Satara_Village_120,Satara,Maharashtra,2025,296,21,318,5.8
10871,Satara_Village_121,Satara,Maharashtra,2022,83,28,326,7.3
10871,Satara_Village_121,Satara,Maharashtra,2023,57,6,316,5.1
10871,Satara_Village_121,Satara,Maharashtra,2024,236,17,325,9.9
10871,Satara_Village_121,Satara,Maharashtra,2025,263,19,295,7.4
10872,Satara_Village_122,Satara,Maharashtra,2022,249,9,300,9.7
10872,Satara_Village_122,Satara,Maharashtra,2023,226,7,285,5.9
10872,Satara_Village_122,Satara,Maharashtra,2024,128,7,300,10.5
10872,Satara_Village_122,Satara,Maharashtra,2025,194,39,254,9.8
10873,Satara_Village_123,Satara,Maharashtra,2022,237,27,296,7.3
10873,Satara_Village_123,Satara,Maharashtra,2023,136,32,348,9.0
10873,Satara_Village_123,Satara,Maharashtra,2024,137,34,235,13.1
10873,Satara_Village_123,Satara,Maharashtra,2025,222,22,321,11.4
10874,Satara_Village_124,Satara,Maharashtra,2022,260,37,276,6.9
10874,Satara_Village_124,Satara,Maharashtra,2023,118,30,216,13.3
10874,Satara_Village_124,Satara,Maharashtra,2024,209,21,280,4.4
10874,Satara_Village_124,Satara,Maharashtra,2025,221,11,391,7.6
10875,Satara_Village_125,Satara,Maharashtra,2022,242,12,320,5.3
10875,Satara_Village_125,Satara,Maharashtra,2023,136,35,342,13.8
10875,Satara_Village_125,Satara,Maharashtra,2024,150,16,231,4.1
10875,Satara_Village_125,Satara,Maharashtra,2025,57,35,295,4.9
10876,Solapur_Village_1,Solapur,Maharashtra,2022,126,23,269,14.1
10876,Solapur_Village_1,Solapur,Maharashtra,2023,249,14,234,10.2
10876,Solapur_Village_1,Solapur,Maharashtra,2024,298,16,252,12.0
10876,Solapur_Village_1,Solapur,Maharashtra,2025,136,24,298,3.5
10877,Solapur_Village_2,Solapur,Maharashtra,2022,92,11,342,8.9
10877,Solapur_Village_2,Solapur,Maharashtra,2023,178,18,348,14.4
10877,Solapur_Village_2,Solapur,Maharashtra,2024,158,15,365,9.8
10877,Solapur_Village_2,Solapur,Maharashtra,2025,228,11,301,12.2
10878,Solapur_Village_3,Solapur,Maharashtra,2022,201,33,314,14.6
10878,Solapur_Village_3,Solapur,Maharashtra,2023,276,14,363,11.3
10878,Solapur_Village_3,Solapur,Maharashtra,2024,201,33,352,7.1
10878,Solapur_Village_3,Solapur,Maharashtra,2025,66,13,280,6.5
10879,Solapur_Village_4,Solapur,Maharashtra,2022,182,14,270,5.2
10879,Solapur_Village_4,Solapur,Maharashtra,2023,197,23,283,8.6
10879,Solapur_Village_4,Solapur,Maharashtra,2024,70,35,287,13.3
10879,Solapur_Village_4,Solapur,Maharashtra,2025,281,21,307,8.3
10880,Solapur_Village_5,Solapur,Maharashtra,2022,107,13,215,14.1
10880,Solapur_Village_5,Solapur,Maharashtra,2023,208,37,348,12.7
10880,Solapur_Village_5,Solapur,Maharashtra,2024,159,38,307,14.0
10880,Solapur_Village_5,Solapur,Maharashtra,2025,277,28,366,13.3
10881,Solapur_Village_6,Solapur,Maharashtra,2022,188,13,201,11.9
10881,Solapur_Village_6,Solapur,Maharashtra,2023,229,11,328,13.2
10881,Solapur_Village_6,Solapur,Maharashtra,2024,192,20,343,11.6
10881,Solapur_Village_6,Solapur,Maharashtra,2025,260,23,368,10.7
10882,Solapur_Village_7,Solapur,Maharashtra,2022,184,10,345,12.0
10882,Solapur_Village_7,Solapur,Maharashtra,2023,292,15,300,11.7
10882,Solapur_Village_7,Solapur,Maharashtra,2024,77,16,358,7.7
10882,Solapur_Village_7,Solapur,Maharashtra,2025,100,17,265,7.7
10883,Solapur_Village_8,Solapur,Maharashtra,2022,284,16,200,7.6
10883,Solapur_Village_8,Solapur,Maharashtra,2023,235,25,346,5.7
10883,Solapur_Village_8,Solapur,Maharashtra,2024,54,14,287,8.5
10883,Solapur_Village_8,Solapur,Maharashtra,2025,54,24,245,12.7
10884,Solapur_Village_9,Solapur,Maharashtra,2022,143,32,340,11.3
10884,Solapur_Village_9,Solapur,Maharashtra,2023,295,28,221,4.7
10884,Solapur_Village_9,Solapur,Maharashtra,2024,145,9,280,12.2
10884,Solapur_Village_9,Solapur,Maharashtra,2025,57,16,247,13.1
10885,Solapur_Village_10,Solapur,Maharashtra,2022,113,39,230,13.2
10885,Solapur_Village_10,Solapur,Maharashtra,2023,187,6,314,11.7
10885,Solapur_Village_10,Solapur,Maharashtra,2024,87,13,291,5.3
10885,Solapur_Village_10,Solapur,Maharashtra,2025,160,26,352,7.0
10886,Solapur_Village_11,Solapur,Maharashtra,2022,273,9,254,10.4
10886,Solapur_Village_11,Solapur,Maharashtra,2023,161,16,258,4.9
10886,Solapur_Village_11,Solapur,Maharashtra,2024,269,5,310,4.8
10886,Solapur_Village_11,Solapur,Maharashtra,2025,130,26,274,13.1
10887,Solapur_Village_12,Solapur,Maharashtra,2022,272,23,265,11.9
10887,Solapur_Village_12,Solapur,Maharashtra,2023,185,20,350,7.0
10887,Solapur_Village_12,Solapur,Maharashtra,2024,153,35,243,7.1
10887,Solapur_Village_12,Solapur,Maharashtra,2025,202,7,345,7.3
10888,Solapur_Village_13,Solapur,Maharashtra,2022,122,27,305,5.3
10888,Solapur_Village_13,Solapur,Maharashtra,2023,243,22,317,11.9
10888,Solapur_Village_13,Solapur,Maharashtra,2024,256,30,291,5.6
10888,Solapur_Village_13,Solapur,Maharashtra,2025,227,17,319,11.8
10889,Solapur_Village_14,Solapur,Maharashtra,2022,244,22,278,13.4
10889,Solapur_Village_14,Solapur,Maharashtra,2023,98,7,321,10.8
10889,Solapur_Village_14,Solapur,Maharashtra,2024,85,27,325,11.8
10889,Solapur_Village_14,Solapur,Maharashtra,2025,175,7,284,5.1
10890,Solapur_Village_15,Solapur,Maharashtra,2022,117,29,340,10.5
10890,Solapur_Village_15,Solapur,Maharashtra,2023,127,31,321,11.2
10890,Solapur_Village_15,Solapur,Maharashtra,2024,154,31,246,10.6
10890,Solapur_Village_15,Solapur,Maharashtra,2025,218,29,259,4.5
10891,Solapur_Village_16,Solapur,Maharashtra,2022,266,28,215,8.1
10891,Solapur_Village_16,Solapur,Maharashtra,2023,171,12,227,7.5
10891,Solapur_Village_16,Solapur,Maharashtra,2024,168,13,265,9.7
10891,Solapur_Village_16,Solapur,Maharashtra,2025,239,34,287,11.3
10892,Solapur_Village_17,Solapur,Maharashtra,2022,163,23,313,10.5
10892,Solapur_Village_17,Solapur,Maharashtra,2023,59,20,288,12.0
10892,Solapur_Village_17,Solapur,Maharashtra,2024,198,28,310,4.7
10892,Solapur_Village_17,Solapur,Maharashtra,2025,213,25,338,12.5
10893,Solapur_Village_18,Solapur,Maharashtra,2022,189,10,340,10.1
10893,Solapur_Village_18,Solapur,Maharashtra,2023,140,9,244,4.5
10893,Solapur_Village_18,Solapur,Maharashtra,2024,281,18,259,10.5
10893,Solapur_Village_18,Solapur,Maharashtra,2025,51,8,254,8.7
10894,Solapur_Village_19,Solapur,Maharashtra,2022,167,12,298,6.8
10894,Solapur_Village_19,Solapur,Maharashtra,2023,62,28,308,12.1
10894,Solapur_Village_19,Solapur,Maharashtra,2024,230,15,268,13.5
10894,Solapur_Village_19,Solapur,Maharashtra,2025,209,21,281,6.7
10895,Solapur_Village_20,Solapur,Maharashtra,2022,144,25,330,9.7
10895,Solapur_Village_20,Solapur,Maharashtra,2023,193,30,303,5.4
10895,Solapur_Village_20,Solapur,Maharashtra,2024,81,31,243,13.5
10895,Solapur_Village_20,Solapur,Maharashtra,2025,81,20,283,6.6
10896,Solapur_Village_21,Solapur,Maharashtra,2022,173,30,329,6.5
10896,Solapur_Village_21,Solapur,Maharashtra,2023,275,37,257,9.1
10896,Solapur_Village_21,Solapur,Maharashtra,2024,60,35,360,4.2
10896,Solapur_Village_21,Solapur,Maharashtra,2025,59,10,252,6.0
10897,Solapur_Village_22,Solapur,Maharashtra,2022,64,12,295,5.2
10897,Solapur_Village_22,Solapur,Maharashtra,2023,66,11,279,5.4
10897,Solapur_Village_22,Solapur,Maharashtra,2024,217,38,308,4.9
10897,Solapur_Village_22,Solapur,Maharashtra,2025,195,18,376,12.5
10898,Solapur_Village_23,Solapur,Maharashtra,2022,232,20,267,14.3
10898,Solapur_Village_23,Solapur,Maharashtra,2023,250,13,306,9.1
10898,Solapur_Village_23,Solapur,Maharashtra,2024,202,14,239,10.3
10898,Solapur_Village_23,Solapur,Maharashtra,2025,281,21,319,10.6
10899,Solapur_Village_24,Solapur,Maharashtra,2022,108,16,260,8.6
10899,Solapur_Village_24,Solapur,Maharashtra,2023,127,10,261,8.0
10899,Solapur_Village_24,Solapur,Maharashtra,2024,173,23,232,10.8
10899,Solapur_Village_24,Solapur,Maharashtra,2025,299,33,347,7.3
10900,Solapur_Village_25,Solapur,Maharashtra,2022,266,10,216,10.6
10900,Solapur_Village_25,Solapur,Maharashtra,2023,163,29,236,9.5
10900,Solapur_Village_25,Solapur,Maharashtra,2024,71,28,345,9.2
10900,Solapur_Village_25,Solapur,Maharashtra,2025,293,29,335,12.0
10901,Solapur_Village_26,Solapur,Maharashtra,2022,207,20,343,11.9
10901,Solapur_Village_26,Solapur,Maharashtra,2023,261,20,318,14.2
10901,Solapur_Village_26,Solapur,Maharashtra,2024,262,10,232,12.0
10901,Solapur_Village_26,Solapur,Maharashtra,2025,221,25,296,4.8
10902,Solapur_Village_27,Solapur,Maharashtra,2022,81,8,310,12.3
10902,Solapur_Village_27,Solapur,Maharashtra,2023,228,38,256,11.1
10902,Solapur_Village_27,Solapur,Maharashtra,2024,223,32,359,10.5
10902,Solapur_Village_27,Solapur,Maharashtra,2025,162,32,283,8.3
10903,Solapur_Village_28,Solapur,Maharashtra,2022,169,21,245,5.2
10903,Solapur_Village_28,Solapur,Maharashtra,2023,198,18,262,14.1
10903,Solapur_Village_28,Solapur,Maharashtra,2024,276,11,256,12.6
10903,Solapur_Village_28,Solapur,Maharashtra,2025,171,26,259,8.4
10904,Solapur_Village_29,Solapur,Maharashtra,2022,81,5,206,6.2
10904,Solapur_Village_29,Solapur,Maharashtra,2023,271,33,323,12.8
10904,Solapur_Village_29,Solapur,Maharashtra,2024,168,35,271,8.2
10904,Solapur_Village_29,Solapur,Maharashtra,2025,88,34,253,7.4
10905,Solapur_Village_30,Solapur,Maharashtra,2022,290,19,304,11.5
10905,Solapur_Village_30,Solapur,Maharashtra,2023,61,22,348,12.1
10905,Solapur_Village_30,Solapur,Maharashtra,2024,282,39,305,4.4
10905,Solapur_Village_30,Solapur,Maharashtra,2025,224,34,274,11.4
10906,Solapur_Village_31,Solapur,Maharashtra,2022,67,38,283,12.2
10906,Solapur_Village_31,Solapur,Maharashtra,2023,198,15,340,10.3
10906,Solapur_Village_31,Solapur,Maharashtra,2024,190,31,313,7.3
10906,Solapur_Village_31,Solapur,Maharashtra,2025,198,28,298,5.0
10907,Solapur_Village_32,Solapur,Maharashtra,2022,175,39,309,5.6
10907,Solapur_Village_32,Solapur,Maharashtra,2023,185,12,241,4.1
10907,Solapur_Village_32,Solapur,Maharashtra,2024,95,22,313,5.9
10907,Solapur_Village_32,Solapur,Maharashtra,2025,153,17,251,7.6
10908,Solapur_Village_33,Solapur,Maharashtra,2022,287,28,303,7.1
10908,Solapur_Village_33,Solapur,Maharashtra,2023,184,27,286,7.3
10908,Solapur_Village_33,Solapur,Maharashtra,2024,200,16,231,7.8
10908,Solapur_Village_33,Solapur,Maharashtra,2025,285,34,386,6.5
10909,Solapur_Village_34,Solapur,Maharashtra,2022,273,35,337,12.1
10909,Solapur_Village_34,Solapur,Maharashtra,2023,252,32,264,9.3
10909,Solapur_Village_34,Solapur,Maharashtra,2024,135,26,375,3.9
10909,Solapur_Village_34,Solapur,Maharashtra,2025,199,32,262,5.7
10910,Solapur_Village_35,Solapur,Maharashtra,2022,284,17,215,12.0
10910,Solapur_Village_35,Solapur,Maharashtra,2023,138,29,266,7.3
10910,Solapur_Village_35,Solapur,Maharashtra,2024,71,11,313,13.4
10910,Solapur_Village_35,Solapur,Maharashtra,2025,141,10,340,10.8
10911,Solapur_Village_36,Solapur,Maharashtra,2022,78,28,241,7.5
10911,Solapur_Village_36,Solapur,Maharashtra,2023,62,23,327,9.5
10911,Solapur_Village_36,Solapur,Maharashtra,2024,259,23,353,10.7
10911,Solapur_Village_36,Solapur,Maharashtra,2025,51,13,259,5.3
10912,Solapur_Village_37,Solapur,Maharashtra,2022,78,33,289,7.1
10912,Solapur_Village_37,Solapur,Maharashtra,2023,262,28,256,9.4
10912,Solapur_Village_37,Solapur,Maharashtra,2024,256,9,274,13.4
10912,Solapur_Village_37,Solapur,Maharashtra,2025,229,30,338,6.9
10913,Solapur_Village_38,Solapur,Maharashtra,2022,76,18,306,8.7
10913,Solapur_Village_38,Solapur,Maharashtra,2023,99,33,236,6.1
10913,Solapur_Village_38,Solapur,Maharashtra,2024,144,10,357,9.9
10913,Solapur_Village_38,Solapur,Maharashtra,2025,256,11,282,11.1
10914,Solapur_Village_39,Solapur,Maharashtra,2022,292,22,296,9.1
10914,Solapur_Village_39,Solapur,Maharashtra,2023,200,27,315,12.0
10914,Solapur_Village_39,Solapur,Maharashtra,2024,137,5,236,6.9
10914,Solapur_Village_39,Solapur,Maharashtra,2025,93,8,288,10.7
10915,Solapur_Village_40,Solapur,Maharashtra,2022,254,39,275,7.2
10915,Solapur_Village_40,Solapur,Maharashtra,2023,71,27,221,12.3
10915,Solapur_Village_40,Solapur,Maharashtra,2024,220,31,289,12.4
10915,Solapur_Village_40,Solapur,Maharashtra,2025,214,30,245,11.7
10916,Solapur_Village_41,Solapur,Maharashtra,2022,238,12,261,6.8
10916,Solapur_Village_41,Solapur,Maharashtra,2023,146,20,301,11.4
10916,Solapur_Village_41,Solapur,Maharashtra,2024,233,7,318,9.4
10916,Solapur_Village_41,Solapur,Maharashtra,2025,52,36,262,13.7
10917,Solapur_Village_42,Solapur,Maharashtra,2022,240,9,307,8.3
10917,Solapur_Village_42,Solapur,Maharashtra,2023,167,24,349,12.2
10917,Solapur_Village_42,Solapur,Maharashtra,2024,68,18,344,7.6
10917,Solapur_Village_42,Solapur,Maharashtra,2025,72,36,298,7.5
10918,Solapur_Village_43,Solapur,Maharashtra,2022,206,30,266,5.7
10918,Solapur_Village_43,Solapur,Maharashtra,2023,79,10,307,6.6
10918,Solapur_Village_43,Solapur,Maharashtra,2024,88,9,367,5.4
10918,Solapur_Village_43,Solapur,Maharashtra,2025,157,17,303,5.0
10919,Solapur_Village_44,Solapur,Maharashtra,2022,160,36,268,4.6
10919,Solapur_Village_44,Solapur,Maharashtra,2023,74,20,312,12.4
10919,Solapur_Village_44,Solapur,Maharashtra,2024,177,5,237,8.6
10919,Solapur_Village_44,Solapur,Maharashtra,2025,278,17,299,11.7
10920,Solapur_Village_45,Solapur,Maharashtra,2022,160,15,333,10.9
10920,Solapur_Village_45,Solapur,Maharashtra,2023,185,12,343,12.8
10920,Solapur_Village_45,Solapur,Maharashtra,2024,155,29,285,9.0
10920,Solapur_Village_45,Solapur,Maharashtra,2025,235,36,348,4.3
10921,Solapur_Village_46,Solapur,Maharashtra,2022,193,28,313,11.0
10921,Solapur_Village_46,Solapur,Maharashtra,2023,121,32,302,11.2
10921,Solapur_Village_46,Solapur,Maharashtra,2024,178,18,367,10.3
10921,Solapur_Village_46,Solapur,Maharashtra,2025,157,7,352,11.7
10922,Solapur_Village_47,Solapur,Maharashtra,2022,54,31,222,12.2
10922,Solapur_Village_47,Solapur,Maharashtra,2023,52,24,358,8.6
10922,Solapur_Village_47,Solapur,Maharashtra,2024,242,19,330,12.3
10922,Solapur_Village_47,Solapur,Maharashtra,2025,181,31,388,10.6
10923,Solapur_Village_48,Solapur,Maharashtra,2022,153,32,255,5.8
10923,Solapur_Village_48,Solapur,Maharashtra,2023,276,29,322,9.8
10923,Solapur_Village_48,Solapur,Maharashtra,2024,273,37,324,11.3
10923,Solapur_Village_48,Solapur,Maharashtra,2025,113,18,250,9.1
10924,Solapur_Village_49,Solapur,Maharashtra,2022,155,12,229,14.5
10924,Solapur_Village_49,Solapur,Maharashtra,2023,147,18,343,5.2
10924,Solapur_Village_49,Solapur,Maharashtra,2024,284,5,280,11.3
10924,Solapur_Village_49,Solapur,Maharashtra,2025,266,20,350,12.0
10925,Solapur_Village_50,Solapur,Maharashtra,2022,59,22,288,11.9
10925,Solapur_Village_50,Solapur,Maharashtra,2023,198,11,341,8.1
10925,Solapur_Village_50,Solapur,Maharashtra,2024,177,19,275,7.7
10925,Solapur_Village_50,Solapur,Maharashtra,2025,95,28,365,9.5
10926,Solapur_Village_51,Solapur,Maharashtra,2022,280,17,348,8.7
10926,Solapur_Village_51,Solapur,Maharashtra,2023,268,13,313,13.4
10926,Solapur_Village_51,Solapur,Maharashtra,2024,204,19,298,4.9
10926,Solapur_Village_51,Solapur,Maharashtra,2025,115,39,307,10.0
10927,Solapur_Village_52,Solapur,Maharashtra,2022,218,28,249,5.9
10927,Solapur_Village_52,Solapur,Maharashtra,2023,161,37,226,9.8
10927,Solapur_Village_52,Solapur,Maharashtra,2024,62,20,298,11.2
10927,Solapur_Village_52,Solapur,Maharashtra,2025,186,12,317,5.0
10928,Solapur_Village_53,Solapur,Maharashtra,2022,293,33,243,11.9
10928,Solapur_Village_53,Solapur,Maharashtra,2023,213,27,266,5.6
10928,Solapur_Village_53,Solapur,Maharashtra,2024,135,35,238,10.2
10928,Solapur_Village_53,Solapur,Maharashtra,2025,283,18,362,8.6
10929,Solapur_Village_54,Solapur,Maharashtra,2022,139,34,209,7.6
10929,Solapur_Village_54,Solapur,Maharashtra,2023,107,31,260,5.3
10929,Solapur_Village_54,Solapur,Maharashtra,2024,103,20,332,11.4
10929,Solapur_Village_54,Solapur,Maharashtra,2025,61,10,281,7.3
10930,Solapur_Village_55,Solapur,Maharashtra,2022,258,37,251,5.4
10930,Solapur_Village_55,Solapur,Maharashtra,2023,255,22,313,12.2
10930,Solapur_Village_55,Solapur,Maharashtra,2024,63,20,310,6.1
10930,Solapur_Village_55,Solapur,Maharashtra,2025,170,16,257,11.0
10931,Solapur_Village_56,Solapur,Maharashtra,2022,211,24,333,10.4
10931,Solapur_Village_56,Solapur,Maharashtra,2023,230,33,315,6.1
10931,Solapur_Village_56,Solapur,Maharashtra,2024,170,34,357,4.5
10931,Solapur_Village_56,Solapur,Maharashtra,2025,69,30,292,9.5
10932,Solapur_Village_57,Solapur,Maharashtra,2022,124,26,210,4.8
10932,Solapur_Village_57,Solapur,Maharashtra,2023,193,37,295,4.8
10932,Solapur_Village_57,Solapur,Maharashtra,2024,292,33,234,11.1
10932,Solapur_Village_57,Solapur,Maharashtra,2025,272,26,250,9.0
10933,Solapur_Village_58,Solapur,Maharashtra,2022,296,17,316,7.9
10933,Solapur_Village_58,Solapur,Maharashtra,2023,119,13,363,9.8
10933,Solapur_Village_58,Solapur,Maharashtra,2024,105,28,271,9.9
10933,Solapur_Village_58,Solapur,Maharashtra,2025,260,19,325,9.2
10934,Solapur_Village_59,Solapur,Maharashtra,2022,150,17,202,11.2
10934,Solapur_Village_59,Solapur,Maharashtra,2023,235,31,274,14.0
10934,Solapur_Village_59,Solapur,Maharashtra,2024,181,11,322,7.8
10934,Solapur_Village_59,Solapur,Maharashtra,2025,160,12,293,6.5
10935,Solapur_Village_60,Solapur,Maharashtra,2022,174,18,233,4.9
10935,Solapur_Village_60,Solapur,Maharashtra,2023,181,16,251,5.6
10935,Solapur_Village_60,Solapur,Maharashtra,2024,69,21,271,4.8
10935,Solapur_Village_60,Solapur,Maharashtra,2025,187,33,245,6.8
10936,Solapur_Village_61,Solapur,Maharashtra,2022,73,31,331,10.9
10936,Solapur_Village_61,Solapur,Maharashtra,2023,295,5,317,4.6
10936,Solapur_Village_61,Solapur,Maharashtra,2024,276,38,371,11.3
10936,Solapur_Village_61,Solapur,Maharashtra,2025,203,8,354,7.5
10937,Solapur_Village_62,Solapur,Maharashtra,2022,86,28,345,14.6
10937,Solapur_Village_62,Solapur,Maharashtra,2023,279,25,248,10.1
10937,Solapur_Village_62,Solapur,Maharashtra,2024,262,37,230,11.8
10937,Solapur_Village_62,Solapur,Maharashtra,2025,103,11,297,12.3
10938,Solapur_Village_63,Solapur,Maharashtra,2022,281,5,221,13.8
10938,Solapur_Village_63,Solapur,Maharashtra,2023,152,7,364,9.5
10938,Solapur_Village_63,Solapur,Maharashtra,2024,198,19,245,7.9
10938,Solapur_Village_63,Solapur,Maharashtra,2025,251,35,363,9.2
10939,Solapur_Village_64,Solapur,Maharashtra,2022,87,20,285,8.7
10939,Solapur_Village_64,Solapur,Maharashtra,2023,223,14,256,6.6
10939,Solapur_Village_64,Solapur,Maharashtra,2024,53,33,300,7.1
10939,Solapur_Village_64,Solapur,Maharashtra,2025,237,10,361,5.7
10940,Solapur_Village_65,Solapur,Maharashtra,2022,106,33,219,7.3
10940,Solapur_Village_65,Solapur,Maharashtra,2023,222,21,322,5.1
10940,Solapur_Village_65,Solapur,Maharashtra,2024,69,26,359,8.2
10940,Solapur_Village_65,Solapur,Maharashtra,2025,66,28,251,5.8
10941,Solapur_Village_66,Solapur,Maharashtra,2022,168,21,208,9.2
10941,Solapur_Village_66,Solapur,Maharashtra,2023,120,25,241,12.4
10941,Solapur_Village_66,Solapur,Maharashtra,2024,53,15,359,8.4
10941,Solapur_Village_66,Solapur,Maharashtra,2025,270,11,329,13.3
10942,Solapur_Village_67,Solapur,Maharashtra,2022,63,9,259,6.1
10942,Solapur_Village_67,Solapur,Maharashtra,2023,52,25,326,13.0
10942,Solapur_Village_67,Solapur,Maharashtra,2024,265,22,315,6.3
10942,Solapur_Village_67,Solapur,Maharashtra,2025,278,39,374,13.1
10943,Solapur_Village_68,Solapur,Maharashtra,2022,129,24,344,6.9
10943,Solapur_Village_68,Solapur,Maharashtra,2023,235,19,297,11.9
10943,Solapur_Village_68,Solapur,Maharashtra,2024,104,9,333,4.4
10943,Solapur_Village_68,Solapur,Maharashtra,2025,293,17,332,9.9
10944,Solapur_Village_69,Solapur,Maharashtra,2022,181,16,219,6.8
10944,Solapur_Village_69,Solapur,Maharashtra,2023,169,25,340,11.1
10944,Solapur_Village_69,Solapur,Maharashtra,2024,73,10,327,10.4
10944,Solapur_Village_69,Solapur,Maharashtra,2025,211,11,295,13.0
10945,Solapur_Village_70,Solapur,Maharashtra,2022,207,30,287,11.1
10945,Solapur_Village_70,Solapur,Maharashtra,2023,131,12,277,8.4
10945,Solapur_Village_70,Solapur,Maharashtra,2024,196,13,318,5.7
10945,Solapur_Village_70,Solapur,Maharashtra,2025,208,31,375,10.2
10946,Solapur_Village_71,Solapur,Maharashtra,2022,237,8,288,5.7
10946,Solapur_Village_71,Solapur,Maharashtra,2023,109,25,306,12.8
10946,Solapur_Village_71,Solapur,Maharashtra,2024,196,35,305,6.3
10946,Solapur_Village_71,Solapur,Maharashtra,2025,98,25,270,8.8
10947,Solapur_Village_72,Solapur,Maharashtra,2022,112,29,307,10.8
10947,Solapur_Village_72,Solapur,Maharashtra,2023,159,19,222,7.9
10947,Solapur_Village_72,Solapur,Maharashtra,2024,260,39,362,10.7
10947,Solapur_Village_72,Solapur,Maharashtra,2025,199,32,383,5.9
10948,Solapur_Village_73,Solapur,Maharashtra,2022,201,18,241,4.9
10948,Solapur_Village_73,Solapur,Maharashtra,2023,158,8,333,14.2
10948,Solapur_Village_73,Solapur,Maharashtra,2024,125,24,337,7.1
10948,Solapur_Village_73,Solapur,Maharashtra,2025,79,38,391,10.8
10949,Solapur_Village_74,Solapur,Maharashtra,2022,107,16,319,9.8
10949,Solapur_Village_74,Solapur,Maharashtra,2023,279,37,260,11.1
10949,Solapur_Village_74,Solapur,Maharashtra,2024,166,28,321,4.9
10949,Solapur_Village_74,Solapur,Maharashtra,2025,208,24,390,8.7
10950,Solapur_Village_75,Solapur,Maharashtra,2022,149,9,273,8.6
10950,Solapur_Village_75,Solapur,Maharashtra,2023,241,34,310,8.8
10950,Solapur_Village_75,Solapur,Maharashtra,2024,68,28,247,13.8
10950,Solapur_Village_75,Solapur,Maharashtra,2025,225,11,384,4.7
10951,Solapur_Village_76,Solapur,Maharashtra,2022,222,20,314,12.4
10951,Solapur_Village_76,Solapur,Maharashtra,2023,277,19,286,7.6
10951,Solapur_Village_76,Solapur,Maharashtra,2024,143,27,275,6.7
10951,Solapur_Village_76,Solapur,Maharashtra,2025,232,16,282,6.1
10952,Solapur_Village_77,Solapur,Maharashtra,2022,162,33,329,8.2
10952,Solapur_Village_77,Solapur,Maharashtra,2023,232,19,223,7.8
10952,Solapur_Village_77,Solapur,Maharashtra,2024,274,33,337,6.5
10952,Solapur_Village_77,Solapur,Maharashtra,2025,195,25,377,10.3
10953,Solapur_Village_78,Solapur,Maharashtra,2022,112,19,297,5.0
10953,Solapur_Village_78,Solapur,Maharashtra,2023,165,18,233,7.6
10953,Solapur_Village_78,Solapur,Maharashtra,2024,162,20,300,6.6
10953,Solapur_Village_78,Solapur,Maharashtra,2025,269,19,283,11.2
10954,Solapur_Village_79,Solapur,Maharashtra,2022,96,8,241,6.0
10954,Solapur_Village_79,Solapur,Maharashtra,2023,252,31,359,14.0
10954,Solapur_Village_79,Solapur,Maharashtra,2024,106,27,319,5.5
10954,Solapur_Village_79,Solapur,Maharashtra,2025,167,33,351,7.2
10955,Solapur_Village_80,Solapur,Maharashtra,2022,94,13,347,6.6
10955,Solapur_Village_80,Solapur,Maharashtra,2023,210,11,350,7.1
10955,Solapur_Village_80,Solapur,Maharashtra,2024,194,8,325,11.7
10955,Solapur_Village_80,Solapur,Maharashtra,2025,247,9,391,8.3
10956,Solapur_Village_81,Solapur,Maharashtra,2022,53,9,231,6.2
10956,Solapur_Village_81,Solapur,Maharashtra,2023,197,15,340,4.6
10956,Solapur_Village_81,Solapur,Maharashtra,2024,289,32,376,6.1
10956,Solapur_Village_81,Solapur,Maharashtra,2025,96,20,268,13.2
10957,Solapur_Village_82,Solapur,Maharashtra,2022,268,34,223,13.4
10957,Solapur_Village_82,Solapur,Maharashtra,2023,192,8,334,8.7
10957,Solapur_Village_82,Solapur,Maharashtra,2024,247,6,247,8.8
10957,Solapur_Village_82,Solapur,Maharashtra,2025,96,7,384,12.7
10958,Solapur_Village_83,Solapur,Maharashtra,2022,127,25,240,10.7
10958,Solapur_Village_83,Solapur,Maharashtra,2023,173,10,301,13.3
10958,Solapur_Village_83,Solapur,Maharashtra,2024,124,22,311,8.9
10958,Solapur_Village_83,Solapur,Maharashtra,2025,152,9,388,5.4
10959,Solapur_Village_84,Solapur,Maharashtra,2022,186,13,232,12.1
10959,Solapur_Village_84,Solapur,Maharashtra,2023,139,24,238,9.6
10959,Solapur_Village_84,Solapur,Maharashtra,2024,193,32,290,10.7
10959,Solapur_Village_84,Solapur,Maharashtra,2025,118,30,299,5.0
10960,Solapur_Village_85,Solapur,Maharashtra,2022,298,22,283,11.3
10960,Solapur_Village_85,Solapur,Maharashtra,2023,293,23,333,8.1
10960,Solapur_Village_85,Solapur,Maharashtra,2024,110,7,301,7.2
10960,Solapur_Village_85,Solapur,Maharashtra,2025,187,13,318,10.4
10961,Solapur_Village_86,Solapur,Maharashtra,2022,99,35,328,10.7
10961,Solapur_Village_86,Solapur,Maharashtra,2023,52,21,299,10.9
10961,Solapur_Village_86,Solapur,Maharashtra,2024,254,27,325,13.8
10961,Solapur_Village_86,Solapur,Maharashtra,2025,156,38,297,10.7
10962,Solapur_Village_87,Solapur,Maharashtra,2022,162,9,309,11.2
10962,Solapur_Village_87,Solapur,Maharashtra,2023,143,19,274,10.5
10962,Solapur_Village_87,Solapur,Maharashtra,2024,167,7,280,7.9
10962,Solapur_Village_87,Solapur,Maharashtra,2025,286,23,365,12.1
10963,Solapur_Village_88,Solapur,Maharashtra,2022,247,32,272,8.5
10963,Solapur_Village_88,Solapur,Maharashtra,2023,130,7,221,11.5
10963,Solapur_Village_88,Solapur,Maharashtra,2024,158,8,304,6.8
10963,Solapur_Village_88,Solapur,Maharashtra,2025,100,28,263,4.9
10964,Solapur_Village_89,Solapur,Maharashtra,2022,294,35,342,5.9
10964,Solapur_Village_89,Solapur,Maharashtra,2023,196,15,284,10.8
10964,Solapur_Village_89,Solapur,Maharashtra,2024,219,5,285,7.1
10964,Solapur_Village_89,Solapur,Maharashtra,2025,84,13,382,6.2
10965,Solapur_Village_90,Solapur,Maharashtra,2022,95,21,279,10.7
10965,Solapur_Village_90,Solapur,Maharashtra,2023,203,5,323,4.4
10965,Solapur_Village_90,Solapur,Maharashtra,2024,292,7,264,6.3
10965,Solapur_Village_90,Solapur,Maharashtra,2025,118,30,316,6.9
10966,Solapur_Village_91,Solapur,Maharashtra,2022,142,35,291,11.9
10966,Solapur_Village_91,Solapur,Maharashtra,2023,113,30,217,9.8
10966,Solapur_Village_91,Solapur,Maharashtra,2024,214,27,295,12.7
10966,Solapur_Village_91,Solapur,Maharashtra,2025,261,34,296,6.8
10967,Solapur_Village_92,Solapur,Maharashtra,2022,98,14,292,7.6
10967,Solapur_Village_92,Solapur,Maharashtra,2023,198,12,261,4.4
10967,Solapur_Village_92,Solapur,Maharashtra,2024,123,29,232,13.7
10967,Solapur_Village_92,Solapur,Maharashtra,2025,241,26,387,8.6
10968,Solapur_Village_93,Solapur,Maharashtra,2022,54,19,283,9.8
10968,Solapur_Village_93,Solapur,Maharashtra,2023,149,14,248,13.8
10968,Solapur_Village_93,Solapur,Maharashtra,2024,119,24,279,6.7
10968,Solapur_Village_93,Solapur,Maharashtra,2025,139,27,277,6.8
10969,Solapur_Village_94,Solapur,Maharashtra,2022,53,5,272,11.4
10969,Solapur_Village_94,Solapur,Maharashtra,2023,175,6,217,12.3
10969,Solapur_Village_94,Solapur,Maharashtra,2024,280,23,231,11.0
10969,Solapur_Village_94,Solapur,Maharashtra,2025,88,18,376,11.6
10970,Solapur_Village_95,Solapur,Maharashtra,2022,291,12,215,10.5
10970,Solapur_Village_95,Solapur,Maharashtra,2023,212,16,247,13.2
10970,Solapur_Village_95,Solapur,Maharashtra,2024,178,30,238,9.5
10970,Solapur_Village_95,Solapur,Maharashtra,2025,73,31,301,5.7
10971,Solapur_Village_96,Solapur,Maharashtra,2022,106,33,239,10.2
10971,Solapur_Village_96,Solapur,Maharashtra,2023,149,19,266,11.6
10971,Solapur_Village_96,Solapur,Maharashtra,2024,119,5,245,10.6
10971,Solapur_Village_96,Solapur,Maharashtra,2025,90,32,380,5.9
10972,Solapur_Village_97,Solapur,Maharashtra,2022,231,7,286,4.9
10972,Solapur_Village_97,Solapur,Maharashtra,2023,223,22,274,6.8
10972,Solapur_Village_97,Solapur,Maharashtra,2024,109,38,232,14.0
10972,Solapur_Village_97,Solapur,Maharashtra,2025,157,36,259,5.2
10973,Solapur_Village_98,Solapur,Maharashtra,2022,237,33,301,9.4
10973,Solapur_Village_98,Solapur,Maharashtra,2023,106,29,237,10.8
10973,Solapur_Village_98,Solapur,Maharashtra,2024,80,30,360,12.9
10973,Solapur_Village_98,Solapur,Maharashtra,2025,133,12,261,11.3
10974,Solapur_Village_99,Solapur,Maharashtra,2022,201,23,313,14.0
10974,Solapur_Village_99,Solapur,Maharashtra,2023,266,26,272,10.4
10974,Solapur_Village_99,Solapur,Maharashtra,2024,85,33,339,12.8
10974,Solapur_Village_99,Solapur,Maharashtra,2025,262,37,379,6.1
10975,Solapur_Village_100,Solapur,Maharashtra,2022,207,39,277,9.0
10975,Solapur_Village_100,Solapur,Maharashtra,2023,201,7,357,13.0
10975,Solapur_Village_100,Solapur,Maharashtra,2024,157,23,273,7.1
10975,Solapur_Village_100,Solapur,Maharashtra,2025,155,14,256,12.4
10976,Solapur_Village_101,Solapur,Maharashtra,2022,207,31,207,8.3
10976,Solapur_Village_101,Solapur,Maharashtra,2023,135,19,294,7.9
10976,Solapur_Village_101,Solapur,Maharashtra,2024,269,15,270,6.9
10976,Solapur_Village_101,Solapur,Maharashtra,2025,184,30,290,9.0
10977,Solapur_Village_102,Solapur,Maharashtra,2022,212,28,228,5.9
10977,Solapur_Village_102,Solapur,Maharashtra,2023,232,17,230,4.5
10977,Solapur_Village_102,Solapur,Maharashtra,2024,269,36,362,13.1
10977,Solapur_Village_102,Solapur,Maharashtra,2025,63,8,249,13.1
10978,Solapur_Village_103,Solapur,Maharashtra,2022,169,17,229,5.3
10978,Solapur_Village_103,Solapur,Maharashtra,2023,187,13,331,9.9
10978,Solapur_Village_103,Solapur,Maharashtra,2024,129,38,234,9.4
10978,Solapur_Village_103,Solapur,Maharashtra,2025,193,11,385,7.2
10979,Solapur_Village_104,Solapur,Maharashtra,2022,231,5,248,10.5
10979,Solapur_Village_104,Solapur,Maharashtra,2023,272,16,303,8.9
10979,Solapur_Village_104,Solapur,Maharashtra,2024,155,25,279,8.8
10979,Solapur_Village_104,Solapur,Maharashtra,2025,266,15,258,11.2
10980,Solapur_Village_105,Solapur,Maharashtra,2022,254,18,307,10.0
10980,Solapur_Village_105,Solapur,Maharashtra,2023,119,38,260,7.5
10980,Solapur_Village_105,Solapur,Maharashtra,2024,93,38,311,9.8
10980,Solapur_Village_105,Solapur,Maharashtra,2025,122,29,370,10.0
10981,Solapur_Village_106,Solapur,Maharashtra,2022,94,8,283,11.5
10981,Solapur_Village_106,Solapur,Maharashtra,2023,277,30,248,10.6
10981,Solapur_Village_106,Solapur,Maharashtra,2024,233,20,300,10.7
10981,Solapur_Village_106,Solapur,Maharashtra,2025,156,14,304,6.6
10982,Solapur_Village_107,Solapur,Maharashtra,2022,133,6,273,9.2
10982,Solapur_Village_107,Solapur,Maharashtra,2023,131,39,295,11.1
10982,Solapur_Village_107,Solapur,Maharashtra,2024,299,23,368,11.6
10982,Solapur_Village_107,Solapur,Maharashtra,2025,156,10,342,7.9
10983,Solapur_Village_108,Solapur,Maharashtra,2022,234,23,290,8.3
10983,Solapur_Village_108,Solapur,Maharashtra,2023,70,12,309,11.6
10983,Solapur_Village_108,Solapur,Maharashtra,2024,245,18,361,6.0
10983,Solapur_Village_108,Solapur,Maharashtra,2025,227,14,304,3.4
10984,Solapur_Village_109,Solapur,Maharashtra,2022,210,7,312,9.4
10984,Solapur_Village_109,Solapur,Maharashtra,2023,268,33,295,5.9
10984,Solapur_Village_109,Solapur,Maharashtra,2024,56,19,313,7.7
10984,Solapur_Village_109,Solapur,Maharashtra,2025,119,27,269,6.4
10985,Solapur_Village_110,Solapur,Maharashtra,2022,176,27,232,12.7
10985,Solapur_Village_110,Solapur,Maharashtra,2023,192,22,233,7.6
10985,Solapur_Village_110,Solapur,Maharashtra,2024,259,23,286,10.4
10985,Solapur_Village_110,Solapur,Maharashtra,2025,209,32,259,10.4
10986,Solapur_Village_111,Solapur,Maharashtra,2022,297,30,240,9.3
10986,Solapur_Village_111,Solapur,Maharashtra,2023,252,14,274,5.0
10986,Solapur_Village_111,Solapur,Maharashtra,2024,197,8,338,11.1
10986,Solapur_Village_111,Solapur,Maharashtra,2025,265,6,340,4.1
10987,Solapur_Village_112,Solapur,Maharashtra,2022,192,7,221,5.5
10987,Solapur_Village_112,Solapur,Maharashtra,2023,225,11,355,6.2
10987,Solapur_Village_112,Solapur,Maharashtra,2024,248,20,255,6.6
10987,Solapur_Village_112,Solapur,Maharashtra,2025,198,35,377,12.2
10988,Solapur_Village_113,Solapur,Maharashtra,2022,219,14,324,11.6
10988,Solapur_Village_113,Solapur,Maharashtra,2023,203,23,311,8.2
10988,Solapur_Village_113,Solapur,Maharashtra,2024,285,32,362,14.0
10988,Solapur_Village_113,Solapur,Maharashtra,2025,169,21,315,5.9
10989,Solapur_Village_114,Solapur,Maharashtra,2022,177,32,217,10.9
10989,Solapur_Village_114,Solapur,Maharashtra,2023,191,23,309,13.0
10989,Solapur_Village_114,Solapur,Maharashtra,2024,106,27,363,12.1
10989,Solapur_Village_114,Solapur,Maharashtra,2025,214,24,310,4.2
10990,Solapur_Village_115,Solapur,Maharashtra,2022,107,17,326,11.8
10990,Solapur_Village_115,Solapur,Maharashtra,2023,70,17,256,6.8
10990,Solapur_Village_115,Solapur,Maharashtra,2024,131,15,346,7.4
10990,Solapur_Village_115,Solapur,Maharashtra,2025,118,19,255,8.4
10991,Solapur_Village_116,Solapur,Maharashtra,2022,180,21,225,12.8
10991,Solapur_Village_116,Solapur,Maharashtra,2023,136,32,363,5.8
10991,Solapur_Village_116,Solapur,Maharashtra,2024,267,23,285,4.8
10991,Solapur_Village_116,Solapur,Maharashtra,2025,214,8,362,4.9
10992,Solapur_Village_117,Solapur,Maharashtra,2022,265,26,347,6.8
10992,Solapur_Village_117,Solapur,Maharashtra,2023,98,26,271,4.7
10992,Solapur_Village_117,Solapur,Maharashtra,2024,196,38,234,13.4
10992,Solapur_Village_117,Solapur,Maharashtra,2025,164,37,258,6.7
10993,Solapur_Village_118,Solapur,Maharashtra,2022,138,37,223,6.4
10993,Solapur_Village_118,Solapur,Maharashtra,2023,134,16,282,10.8
10993,Solapur_Village_118,Solapur,Maharashtra,2024,177,6,277,12.0
10993,Solapur_Village_118,Solapur,Maharashtra,2025,189,32,304,11.2
10994,Solapur_Village_119,Solapur,Maharashtra,2022,298,14,202,12.0
10994,Solapur_Village_119,Solapur,Maharashtra,2023,238,26,333,4.6
10994,Solapur_Village_119,Solapur,Maharashtra,2024,218,21,366,11.9
10994,Solapur_Village_119,Solapur,Maharashtra,2025,210,30,344,8.6
10995,Solapur_Village_120,Solapur,Maharashtra,2022,227,7,282,11.3
10995,Solapur_Village_120,Solapur,Maharashtra,2023,166,11,238,14.1
10995,Solapur_Village_120,Solapur,Maharashtra,2024,245,12,361,12.2
10995,Solapur_Village_120,Solapur,Maharashtra,2025,176,24,381,12.0
10996,Solapur_Village_121,Solapur,Maharashtra,2022,283,16,200,6.4
10996,Solapur_Village_121,Solapur,Maharashtra,2023,298,39,330,9.1
10996,Solapur_Village_121,Solapur,Maharashtra,2024,120,21,369,13.7
10996,Solapur_Village_121,Solapur,Maharashtra,2025,135,32,390,9.4
10997,Solapur_Village_122,Solapur,Maharashtra,2022,296,14,209,5.6
10997,Solapur_Village_122,Solapur,Maharashtra,2023,82,26,360,11.8
10997,Solapur_Village_122,Solapur,Maharashtra,2024,130,37,358,4.2
10997,Solapur_Village_122,Solapur,Maharashtra,2025,201,26,323,11.1
10998,Solapur_Village_123,Solapur,Maharashtra,2022,110,17,298,13.7
10998,Solapur_Village_123,Solapur,Maharashtra,2023,110,31,358,8.6
10998,Solapur_Village_123,Solapur,Maharashtra,2024,147,19,372,8.0
10998,Solapur_Village_123,Solapur,Maharashtra,2025,77,26,377,6.5
10999,Solapur_Village_124,Solapur,Maharashtra,2022,235,34,244,13.7
10999,Solapur_Village_124,Solapur,Maharashtra,2023,92,38,332,9.9
10999,Solapur_Village_124,Solapur,Maharashtra,2024,218,38,281,9.8
10999,Solapur_Village_124,Solapur,Maharashtra,2025,216,39,356,10.2
11000,Solapur_Village_125,Solapur,Maharashtra,2022,135,23,334,7.7
11000,Solapur_Village_125,Solapur,Maharashtra,2023,226,12,326,8.6
11000,Solapur_Village_125,Solapur,Maharashtra,2024,66,37,242,11.5
11000,Solapur_Village_125,Solapur,Maharashtra,2025,147,32,261,13.6
11001,Patna_Village_1,Patna,Bihar,2022,247,29,243,4.9
11001,Patna_Village_1,Patna,Bihar,2023,287,21,355,4.5
11001,Patna_Village_1,Patna,Bihar,2024,247,28,302,8.2
11001,Patna_Village_1,Patna,Bihar,2025,147,25,249,10.2
11002,Patna_Village_2,Patna,Bihar,2022,114,6,232,8.6
11002,Patna_Village_2,Patna,Bihar,2023,123,35,346,14.6
11002,Patna_Village_2,Patna,Bihar,2024,134,37,297,5.8
11002,Patna_Village_2,Patna,Bihar,2025,54,34,260,3.4
11003,Patna_Village_3,Patna,Bihar,2022,51,16,349,6.5
11003,Patna_Village_3,Patna,Bihar,2023,71,16,250,13.4
11003,Patna_Village_3,Patna,Bihar,2024,161,28,331,5.2
11003,Patna_Village_3,Patna,Bihar,2025,106,28,269,8.3
11004,Patna_Village_4,Patna,Bihar,2022,115,15,271,8.9
11004,Patna_Village_4,Patna,Bihar,2023,123,17,295,11.1
11004,Patna_Village_4,Patna,Bihar,2024,147,31,290,4.3
11004,Patna_Village_4,Patna,Bihar,2025,193,12,262,10.2
11005,Patna_Village_5,Patna,Bihar,2022,161,14,257,8.2
11005,Patna_Village_5,Patna,Bihar,2023,228,12,290,13.8
11005,Patna_Village_5,Patna,Bihar,2024,174,24,350,12.6
11005,Patna_Village_5,Patna,Bihar,2025,216,12,301,7.5
11006,Patna_Village_6,Patna,Bihar,2022,135,13,296,14.9
11006,Patna_Village_6,Patna,Bihar,2023,125,11,277,4.6
11006,Patna_Village_6,Patna,Bihar,2024,137,18,241,12.0
11006,Patna_Village_6,Patna,Bihar,2025,288,32,255,7.9
11007,Patna_Village_7,Patna,Bihar,2022,217,6,340,9.0
11007,Patna_Village_7,Patna,Bihar,2023,87,12,241,5.9
11007,Patna_Village_7,Patna,Bihar,2024,237,17,333,9.1
11007,Patna_Village_7,Patna,Bihar,2025,108,25,311,4.2
11008,Patna_Village_8,Patna,Bihar,2022,187,32,288,11.0
11008,Patna_Village_8,Patna,Bihar,2023,148,39,259,6.6
11008,Patna_Village_8,Patna,Bihar,2024,241,27,310,11.3
11008,Patna_Village_8,Patna,Bihar,2025,292,19,311,9.7
11009,Patna_Village_9,Patna,Bihar,2022,112,6,349,12.3
11009,Patna_Village_9,Patna,Bihar,2023,98,16,316,12.0
11009,Patna_Village_9,Patna,Bihar,2024,241,7,320,5.8
11009,Patna_Village_9,Patna,Bihar,2025,81,9,286,3.3
11010,Patna_Village_10,Patna,Bihar,2022,184,7,219,8.3
11010,Patna_Village_10,Patna,Bihar,2023,70,23,262,13.8
11010,Patna_Village_10,Patna,Bihar,2024,69,6,247,9.8
11010,Patna_Village_10,Patna,Bihar,2025,203,21,372,10.9
11011,Patna_Village_11,Patna,Bihar,2022,176,18,276,13.7
11011,Patna_Village_11,Patna,Bihar,2023,117,32,220,13.6
11011,Patna_Village_11,Patna,Bihar,2024,159,31,268,9.3
11011,Patna_Village_11,Patna,Bihar,2025,165,14,255,9.0
11012,Patna_Village_12,Patna,Bihar,2022,263,7,311,13.4
11012,Patna_Village_12,Patna,Bihar,2023,192,29,322,12.6
11012,Patna_Village_12,Patna,Bihar,2024,169,26,323,11.0
11012,Patna_Village_12,Patna,Bihar,2025,281,34,299,9.6
11013,Patna_Village_13,Patna,Bihar,2022,262,25,283,11.0
11013,Patna_Village_13,Patna,Bihar,2023,128,34,272,7.9
11013,Patna_Village_13,Patna,Bihar,2024,263,32,266,12.5
11013,Patna_Village_13,Patna,Bihar,2025,165,35,260,9.8
11014,Patna_Village_14,Patna,Bihar,2022,141,30,269,6.8
11014,Patna_Village_14,Patna,Bihar,2023,63,26,307,6.6
11014,Patna_Village_14,Patna,Bihar,2024,204,25,373,12.7
11014,Patna_Village_14,Patna,Bihar,2025,174,5,262,9.9
11015,Patna_Village_15,Patna,Bihar,2022,282,17,346,8.7
11015,Patna_Village_15,Patna,Bihar,2023,217,25,344,6.1
11015,Patna_Village_15,Patna,Bihar,2024,107,13,367,10.1
11015,Patna_Village_15,Patna,Bihar,2025,77,21,290,5.2
11016,Patna_Village_16,Patna,Bihar,2022,75,25,218,9.4
11016,Patna_Village_16,Patna,Bihar,2023,162,35,252,11.2
11016,Patna_Village_16,Patna,Bihar,2024,240,26,266,9.6
11016,Patna_Village_16,Patna,Bihar,2025,115,16,356,13.0
11017,Patna_Village_17,Patna,Bihar,2022,202,10,244,4.9
11017,Patna_Village_17,Patna,Bihar,2023,297,20,331,7.0
11017,Patna_Village_17,Patna,Bihar,2024,180,30,359,4.3
11017,Patna_Village_17,Patna,Bihar,2025,249,9,288,5.3
11018,Patna_Village_18,Patna,Bihar,2022,93,13,296,5.8
11018,Patna_Village_18,Patna,Bihar,2023,146,18,297,11.8
11018,Patna_Village_18,Patna,Bihar,2024,91,34,353,7.6
11018,Patna_Village_18,Patna,Bihar,2025,293,30,368,13.0
11019,Patna_Village_19,Patna,Bihar,2022,276,33,226,4.7
11019,Patna_Village_19,Patna,Bihar,2023,55,23,262,11.0
11019,Patna_Village_19,Patna,Bihar,2024,216,12,323,13.9
11019,Patna_Village_19,Patna,Bihar,2025,229,27,251,5.1
11020,Patna_Village_20,Patna,Bihar,2022,72,39,284,9.1
11020,Patna_Village_20,Patna,Bihar,2023,138,35,326,11.5
11020,Patna_Village_20,Patna,Bihar,2024,172,39,318,10.3
11020,Patna_Village_20,Patna,Bihar,2025,227,36,372,9.2
11021,Patna_Village_21,Patna,Bihar,2022,220,9,217,7.9
11021,Patna_Village_21,Patna,Bihar,2023,196,20,247,11.7
11021,Patna_Village_21,Patna,Bihar,2024,246,21,325,10.6
11021,Patna_Village_21,Patna,Bihar,2025,100,36,366,5.0
11022,Patna_Village_22,Patna,Bihar,2022,60,36,224,14.6
11022,Patna_Village_22,Patna,Bihar,2023,297,24,356,9.9
11022,Patna_Village_22,Patna,Bihar,2024,61,6,233,9.2
11022,Patna_Village_22,Patna,Bihar,2025,123,24,352,12.2
11023,Patna_Village_23,Patna,Bihar,2022,57,22,281,11.2
11023,Patna_Village_23,Patna,Bihar,2023,201,5,224,4.9
11023,Patna_Village_23,Patna,Bihar,2024,269,33,264,9.0
11023,Patna_Village_23,Patna,Bihar,2025,90,33,343,11.5
11024,Patna_Village_24,Patna,Bihar,2022,213,23,303,11.8
11024,Patna_Village_24,Patna,Bihar,2023,278,10,237,14.3
11024,Patna_Village_24,Patna,Bihar,2024,134,12,294,4.0
11024,Patna_Village_24,Patna,Bihar,2025,121,28,326,6.0
11025,Patna_Village_25,Patna,Bihar,2022,104,24,216,10.3
11025,Patna_Village_25,Patna,Bihar,2023,186,18,362,10.6
11025,Patna_Village_25,Patna,Bihar,2024,96,9,357,6.6
11025,Patna_Village_25,Patna,Bihar,2025,192,38,275,12.0
11026,Patna_Village_26,Patna,Bihar,2022,225,20,264,6.2
11026,Patna_Village_26,Patna,Bihar,2023,287,11,294,4.1
11026,Patna_Village_26,Patna,Bihar,2024,153,20,321,13.7
11026,Patna_Village_26,Patna,Bihar,2025,259,11,393,7.4
11027,Patna_Village_27,Patna,Bihar,2022,91,31,229,14.6
11027,Patna_Village_27,Patna,Bihar,2023,109,18,337,7.0
11027,Patna_Village_27,Patna,Bihar,2024,261,18,360,4.4
11027,Patna_Village_27,Patna,Bihar,2025,247,37,314,11.4
11028,Patna_Village_28,Patna,Bihar,2022,61,37,228,13.3
11028,Patna_Village_28,Patna,Bihar,2023,179,24,217,9.3
11028,Patna_Village_28,Patna,Bihar,2024,56,11,304,4.5
11028,Patna_Village_28,Patna,Bihar,2025,129,36,289,10.2
11029,Patna_Village_29,Patna,Bihar,2022,180,7,268,6.4
11029,Patna_Village_29,Patna,Bihar,2023,158,33,325,13.0
11029,Patna_Village_29,Patna,Bihar,2024,52,28,313,6.6
11029,Patna_Village_29,Patna,Bihar,2025,76,26,296,12.2
11030,Patna_Village_30,Patna,Bihar,2022,163,10,315,9.0
11030,Patna_Village_30,Patna,Bihar,2023,156,28,317,10.4
11030,Patna_Village_30,Patna,Bihar,2024,89,27,370,12.0
11030,Patna_Village_30,Patna,Bihar,2025,279,14,324,3.7
11031,Patna_Village_31,Patna,Bihar,2022,210,20,228,13.1
11031,Patna_Village_31,Patna,Bihar,2023,269,15,316,5.6
11031,Patna_Village_31,Patna,Bihar,2024,178,36,288,7.5
11031,Patna_Village_31,Patna,Bihar,2025,296,10,256,8.3
11032,Patna_Village_32,Patna,Bihar,2022,57,28,209,13.9
11032,Patna_Village_32,Patna,Bihar,2023,150,37,348,4.3
11032,Patna_Village_32,Patna,Bihar,2024,209,16,364,9.6
11032,Patna_Village_32,Patna,Bihar,2025,173,31,275,10.0
11033,Patna_Village_33,Patna,Bihar,2022,225,22,290,7.8
11033,Patna_Village_33,Patna,Bihar,2023,156,17,217,7.2
11033,Patna_Village_33,Patna,Bihar,2024,150,34,333,8.8
11033,Patna_Village_33,Patna,Bihar,2025,53,17,370,5.3
11034,Patna_Village_34,Patna,Bihar,2022,271,38,200,9.4
11034,Patna_Village_34,Patna,Bihar,2023,247,34,349,12.1
11034,Patna_Village_34,Patna,Bihar,2024,159,29,244,12.6
11034,Patna_Village_34,Patna,Bihar,2025,295,6,333,7.3
11035,Patna_Village_35,Patna,Bihar,2022,68,22,321,11.0
11035,Patna_Village_35,Patna,Bihar,2023,81,9,330,4.1
11035,Patna_Village_35,Patna,Bihar,2024,186,23,265,9.5
11035,Patna_Village_35,Patna,Bihar,2025,61,22,311,13.5
11036,Patna_Village_36,Patna,Bihar,2022,188,36,332,7.8
11036,Patna_Village_36,Patna,Bihar,2023,95,25,239,10.3
11036,Patna_Village_36,Patna,Bihar,2024,168,14,240,11.7
11036,Patna_Village_36,Patna,Bihar,2025,65,26,310,9.7
11037,Patna_Village_37,Patna,Bihar,2022,178,17,259,8.9
11037,Patna_Village_37,Patna,Bihar,2023,112,21,352,5.7
11037,Patna_Village_37,Patna,Bihar,2024,158,13,279,8.6
11037,Patna_Village_37,Patna,Bihar,2025,168,28,307,6.4
11038,Patna_Village_38,Patna,Bihar,2022,294,18,291,11.8
11038,Patna_Village_38,Patna,Bihar,2023,70,12,252,8.7
11038,Patna_Village_38,Patna,Bihar,2024,207,23,349,12.6
11038,Patna_Village_38,Patna,Bihar,2025,62,32,277,5.3
11039,Patna_Village_39,Patna,Bihar,2022,211,34,274,8.9
11039,Patna_Village_39,Patna,Bihar,2023,53,11,259,10.0
11039,Patna_Village_39,Patna,Bihar,2024,205,30,358,5.0
11039,Patna_Village_39,Patna,Bihar,2025,151,15,297,9.5
11040,Patna_Village_40,Patna,Bihar,2022,299,18,266,7.6
11040,Patna_Village_40,Patna,Bihar,2023,272,25,357,6.5
11040,Patna_Village_40,Patna,Bihar,2024,108,12,334,5.2
11040,Patna_Village_40,Patna,Bihar,2025,296,7,258,7.0
11041,Patna_Village_41,Patna,Bihar,2022,177,32,323,14.3
11041,Patna_Village_41,Patna,Bihar,2023,76,33,334,4.4
11041,Patna_Village_41,Patna,Bihar,2024,118,27,365,12.6
11041,Patna_Village_41,Patna,Bihar,2025,74,22,280,7.5
11042,Patna_Village_42,Patna,Bihar,2022,180,39,327,10.4
11042,Patna_Village_42,Patna,Bihar,2023,146,17,348,9.5
11042,Patna_Village_42,Patna,Bihar,2024,245,16,326,13.4
11042,Patna_Village_42,Patna,Bihar,2025,74,9,325,11.4
11043,Patna_Village_43,Patna,Bihar,2022,197,15,272,14.8
11043,Patna_Village_43,Patna,Bihar,2023,211,15,285,12.4
11043,Patna_Village_43,Patna,Bihar,2024,203,35,275,6.8
11043,Patna_Village_43,Patna,Bihar,2025,175,35,389,13.4
11044,Patna_Village_44,Patna,Bihar,2022,182,17,259,14.8
11044,Patna_Village_44,Patna,Bihar,2023,276,18,274,5.4
11044,Patna_Village_44,Patna,Bihar,2024,238,29,234,13.2
11044,Patna_Village_44,Patna,Bihar,2025,269,37,379,10.3
11045,Patna_Village_45,Patna,Bihar,2022,270,37,344,14.2
11045,Patna_Village_45,Patna,Bihar,2023,58,19,273,13.7
11045,Patna_Village_45,Patna,Bihar,2024,165,20,238,13.1
11045,Patna_Village_45,Patna,Bihar,2025,279,10,394,12.6
11046,Patna_Village_46,Patna,Bihar,2022,227,29,244,5.7
11046,Patna_Village_46,Patna,Bihar,2023,183,19,294,5.6
11046,Patna_Village_46,Patna,Bihar,2024,260,8,242,4.9
11046,Patna_Village_46,Patna,Bihar,2025,109,8,327,4.3
11047,Patna_Village_47,Patna,Bihar,2022,221,34,211,8.2
11047,Patna_Village_47,Patna,Bihar,2023,170,38,224,11.3
11047,Patna_Village_47,Patna,Bihar,2024,188,31,245,7.4
11047,Patna_Village_47,Patna,Bihar,2025,243,35,336,10.9
11048,Patna_Village_48,Patna,Bihar,2022,224,36,218,13.1
11048,Patna_Village_48,Patna,Bihar,2023,157,13,318,11.1
11048,Patna_Village_48,Patna,Bihar,2024,157,12,363,8.6
11048,Patna_Village_48,Patna,Bihar,2025,250,18,376,6.4
11049,Patna_Village_49,Patna,Bihar,2022,262,37,302,5.8
11049,Patna_Village_49,Patna,Bihar,2023,265,27,309,9.3
11049,Patna_Village_49,Patna,Bihar,2024,275,25,256,11.3
11049,Patna_Village_49,Patna,Bihar,2025,263,16,281,9.1
11050,Patna_Village_50,Patna,Bihar,2022,180,6,336,12.1
11050,Patna_Village_50,Patna,Bihar,2023,125,17,275,7.6
11050,Patna_Village_50,Patna,Bihar,2024,269,8,264,4.4
11050,Patna_Village_50,Patna,Bihar,2025,79,24,350,11.4
11051,Patna_Village_51,Patna,Bihar,2022,267,18,246,6.8
11051,Patna_Village_51,Patna,Bihar,2023,289,34,363,10.6
11051,Patna_Village_51,Patna,Bihar,2024,70,33,374,12.1
11051,Patna_Village_51,Patna,Bihar,2025,205,12,299,4.8
11052,Patna_Village_52,Patna,Bihar,2022,297,16,287,10.8
11052,Patna_Village_52,Patna,Bihar,2023,267,30,309,11.3
11052,Patna_Village_52,Patna,Bihar,2024,239,6,235,11.5
11052,Patna_Village_52,Patna,Bihar,2025,210,18,365,4.9
11053,Patna_Village_53,Patna,Bihar,2022,262,10,249,13.2
11053,Patna_Village_53,Patna,Bihar,2023,212,35,227,5.1
11053,Patna_Village_53,Patna,Bihar,2024,229,21,254,9.2
11053,Patna_Village_53,Patna,Bihar,2025,83,29,367,8.0
11054,Patna_Village_54,Patna,Bihar,2022,90,36,328,6.8
11054,Patna_Village_54,Patna,Bihar,2023,100,16,263,7.3
11054,Patna_Village_54,Patna,Bihar,2024,224,17,351,5.4
11054,Patna_Village_54,Patna,Bihar,2025,131,23,279,7.8
11055,Patna_Village_55,Patna,Bihar,2022,107,29,282,4.9
11055,Patna_Village_55,Patna,Bihar,2023,124,35,267,13.4
11055,Patna_Village_55,Patna,Bihar,2024,234,29,305,5.4
11055,Patna_Village_55,Patna,Bihar,2025,72,20,348,12.6
11056,Patna_Village_56,Patna,Bihar,2022,225,27,246,13.6
11056,Patna_Village_56,Patna,Bihar,2023,177,18,257,8.8
11056,Patna_Village_56,Patna,Bihar,2024,199,10,377,8.9
11056,Patna_Village_56,Patna,Bihar,2025,66,29,337,6.5
11057,Patna_Village_57,Patna,Bihar,2022,118,27,343,15.0
11057,Patna_Village_57,Patna,Bihar,2023,157,16,292,11.1
11057,Patna_Village_57,Patna,Bihar,2024,188,17,236,13.7
11057,Patna_Village_57,Patna,Bihar,2025,143,38,314,7.7
11058,Patna_Village_58,Patna,Bihar,2022,64,10,348,13.8
11058,Patna_Village_58,Patna,Bihar,2023,140,12,250,8.8
11058,Patna_Village_58,Patna,Bihar,2024,212,12,333,12.8
11058,Patna_Village_58,Patna,Bihar,2025,82,37,298,4.7
11059,Patna_Village_59,Patna,Bihar,2022,261,38,346,11.2
11059,Patna_Village_59,Patna,Bihar,2023,174,19,239,11.2
11059,Patna_Village_59,Patna,Bihar,2024,65,39,296,10.6
11059,Patna_Village_59,Patna,Bihar,2025,211,26,353,8.0
11060,Patna_Village_60,Patna,Bihar,2022,115,27,247,11.7
11060,Patna_Village_60,Patna,Bihar,2023,276,26,305,6.6
11060,Patna_Village_60,Patna,Bihar,2024,217,9,231,10.0
11060,Patna_Village_60,Patna,Bihar,2025,297,35,378,9.1
11061,Patna_Village_61,Patna,Bihar,2022,205,17,326,7.8
11061,Patna_Village_61,Patna,Bihar,2023,96,32,260,12.3
11061,Patna_Village_61,Patna,Bihar,2024,216,24,335,4.5
11061,Patna_Village_61,Patna,Bihar,2025,247,37,284,5.1
11062,Patna_Village_62,Patna,Bihar,2022,250,20,257,9.4
11062,Patna_Village_62,Patna,Bihar,2023,197,33,292,13.5
11062,Patna_Village_62,Patna,Bihar,2024,173,27,262,9.7
11062,Patna_Village_62,Patna,Bihar,2025,50,28,306,12.1
11063,Patna_Village_63,Patna,Bihar,2022,249,38,211,9.9
11063,Patna_Village_63,Patna,Bihar,2023,296,11,340,12.3
11063,Patna_Village_63,Patna,Bihar,2024,136,8,278,7.1
11063,Patna_Village_63,Patna,Bihar,2025,177,38,332,11.9
11064,Patna_Village_64,Patna,Bihar,2022,240,26,277,8.7
11064,Patna_Village_64,Patna,Bihar,2023,116,9,219,10.0
11064,Patna_Village_64,Patna,Bihar,2024,53,27,298,5.5
11064,Patna_Village_64,Patna,Bihar,2025,235,19,355,13.0
11065,Patna_Village_65,Patna,Bihar,2022,202,35,259,11.9
11065,Patna_Village_65,Patna,Bihar,2023,96,13,260,13.1
11065,Patna_Village_65,Patna,Bihar,2024,87,29,242,5.9
11065,Patna_Village_65,Patna,Bihar,2025,192,29,352,4.0
11066,Patna_Village_66,Patna,Bihar,2022,240,25,311,8.0
11066,Patna_Village_66,Patna,Bihar,2023,70,13,314,9.5
11066,Patna_Village_66,Patna,Bihar,2024,276,26,375,12.1
11066,Patna_Village_66,Patna,Bihar,2025,106,27,357,7.5
11067,Patna_Village_67,Patna,Bihar,2022,166,8,296,7.3
11067,Patna_Village_67,Patna,Bihar,2023,230,33,265,8.0
11067,Patna_Village_67,Patna,Bihar,2024,95,19,347,11.1
11067,Patna_Village_67,Patna,Bihar,2025,293,5,280,6.8
11068,Patna_Village_68,Patna,Bihar,2022,191,34,280,14.8
11068,Patna_Village_68,Patna,Bihar,2023,277,33,317,5.9
11068,Patna_Village_68,Patna,Bihar,2024,253,24,263,11.6
11068,Patna_Village_68,Patna,Bihar,2025,194,37,384,9.5
11069,Patna_Village_69,Patna,Bihar,2022,88,26,332,6.9
11069,Patna_Village_69,Patna,Bihar,2023,186,17,262,12.0
11069,Patna_Village_69,Patna,Bihar,2024,148,11,333,8.4
11069,Patna_Village_69,Patna,Bihar,2025,126,12,335,10.5
11070,Patna_Village_70,Patna,Bihar,2022,256,32,323,11.5
11070,Patna_Village_70,Patna,Bihar,2023,259,13,254,5.3
11070,Patna_Village_70,Patna,Bihar,2024,164,29,370,12.5
11070,Patna_Village_70,Patna,Bihar,2025,274,20,270,10.5
11071,Patna_Village_71,Patna,Bihar,2022,183,14,341,12.7
11071,Patna_Village_71,Patna,Bihar,2023,268,15,310,8.8
11071,Patna_Village_71,Patna,Bihar,2024,200,35,368,5.7
11071,Patna_Village_71,Patna,Bihar,2025,236,16,324,6.7
11072,Patna_Village_72,Patna,Bihar,2022,140,35,256,14.0
11072,Patna_Village_72,Patna,Bihar,2023,147,18,364,13.9
11072,Patna_Village_72,Patna,Bihar,2024,169,36,340,8.8
11072,Patna_Village_72,Patna,Bihar,2025,95,21,388,6.4
11073,Patna_Village_73,Patna,Bihar,2022,87,39,275,12.2
11073,Patna_Village_73,Patna,Bihar,2023,191,5,243,12.1
11073,Patna_Village_73,Patna,Bihar,2024,149,33,359,12.3
11073,Patna_Village_73,Patna,Bihar,2025,294,8,246,3.6
11074,Patna_Village_74,Patna,Bihar,2022,121,27,202,4.6
11074,Patna_Village_74,Patna,Bihar,2023,239,32,286,7.9
11074,Patna_Village_74,Patna,Bihar,2024,84,20,240,5.3
11074,Patna_Village_74,Patna,Bihar,2025,196,16,248,11.8
11075,Patna_Village_75,Patna,Bihar,2022,79,25,336,10.1
11075,Patna_Village_75,Patna,Bihar,2023,127,21,302,12.8
11075,Patna_Village_75,Patna,Bihar,2024,133,17,342,5.6
11075,Patna_Village_75,Patna,Bihar,2025,162,36,260,9.9
11076,Patna_Village_76,Patna,Bihar,2022,74,19,285,10.6
11076,Patna_Village_76,Patna,Bihar,2023,217,16,224,7.7
11076,Patna_Village_76,Patna,Bihar,2024,137,19,253,9.1
11076,Patna_Village_76,Patna,Bihar,2025,63,38,308,9.5
11077,Patna_Village_77,Patna,Bihar,2022,203,10,255,13.8
11077,Patna_Village_77,Patna,Bihar,2023,151,21,303,4.7
11077,Patna_Village_77,Patna,Bihar,2024,264,24,251,12.3
11077,Patna_Village_77,Patna,Bihar,2025,199,13,294,13.6
11078,Patna_Village_78,Patna,Bihar,2022,225,9,246,12.2
11078,Patna_Village_78,Patna,Bihar,2023,298,27,237,11.8
11078,Patna_Village_78,Patna,Bihar,2024,132,37,312,6.0
11078,Patna_Village_78,Patna,Bihar,2025,159,18,263,8.8
11079,Patna_Village_79,Patna,Bihar,2022,228,21,228,11.9
11079,Patna_Village_79,Patna,Bihar,2023,180,23,275,10.4
11079,Patna_Village_79,Patna,Bihar,2024,219,37,314,7.7
11079,Patna_Village_79,Patna,Bihar,2025,68,5,279,13.2
11080,Patna_Village_80,Patna,Bihar,2022,250,17,204,9.9
11080,Patna_Village_80,Patna,Bihar,2023,77,31,290,14.3
11080,Patna_Village_80,Patna,Bihar,2024,261,10,236,9.6
11080,Patna_Village_80,Patna,Bihar,2025,222,10,374,11.6
11081,Patna_Village_81,Patna,Bihar,2022,120,37,337,12.3
11081,Patna_Village_81,Patna,Bihar,2023,255,34,316,11.0
11081,Patna_Village_81,Patna,Bihar,2024,112,39,273,3.9
11081,Patna_Village_81,Patna,Bihar,2025,122,27,314,4.1
11082,Patna_Village_82,Patna,Bihar,2022,173,14,290,10.6
11082,Patna_Village_82,Patna,Bihar,2023,168,23,276,13.7
11082,Patna_Village_82,Patna,Bihar,2024,170,32,249,10.0
11082,Patna_Village_82,Patna,Bihar,2025,68,27,316,5.8
11083,Patna_Village_83,Patna,Bihar,2022,224,8,319,7.9
11083,Patna_Village_83,Patna,Bihar,2023,293,24,309,10.6
11083,Patna_Village_83,Patna,Bihar,2024,191,23,356,10.0
11083,Patna_Village_83,Patna,Bihar,2025,169,31,357,13.3
11084,Patna_Village_84,Patna,Bihar,2022,215,38,306,10.1
11084,Patna_Village_84,Patna,Bihar,2023,230,8,294,7.8
11084,Patna_Village_84,Patna,Bihar,2024,110,11,257,9.2
11084,Patna_Village_84,Patna,Bihar,2025,213,11,383,11.6
11085,Patna_Village_85,Patna,Bihar,2022,217,30,229,10.2
11085,Patna_Village_85,Patna,Bihar,2023,258,30,223,7.5
11085,Patna_Village_85,Patna,Bihar,2024,79,23,288,7.3
11085,Patna_Village_85,Patna,Bihar,2025,58,13,323,11.2
11086,Patna_Village_86,Patna,Bihar,2022,113,24,302,5.2
11086,Patna_Village_86,Patna,Bihar,2023,210,20,328,7.0
11086,Patna_Village_86,Patna,Bihar,2024,169,21,276,5.3
11086,Patna_Village_86,Patna,Bihar,2025,101,26,342,13.2
11087,Patna_Village_87,Patna,Bihar,2022,138,17,349,5.4
11087,Patna_Village_87,Patna,Bihar,2023,191,16,256,12.1
11087,Patna_Village_87,Patna,Bihar,2024,252,14,276,10.3
11087,Patna_Village_87,Patna,Bihar,2025,102,5,318,9.9
11088,Patna_Village_88,Patna,Bihar,2022,276,36,250,12.5
11088,Patna_Village_88,Patna,Bihar,2023,282,34,308,8.3
11088,Patna_Village_88,Patna,Bihar,2024,236,12,349,7.9
11088,Patna_Village_88,Patna,Bihar,2025,127,25,319,6.3
11089,Patna_Village_89,Patna,Bihar,2022,271,26,348,10.8
11089,Patna_Village_89,Patna,Bihar,2023,90,22,337,13.9
11089,Patna_Village_89,Patna,Bihar,2024,245,6,370,13.4
11089,Patna_Village_89,Patna,Bihar,2025,117,13,366,10.7
11090,Patna_Village_90,Patna,Bihar,2022,269,7,220,14.0
11090,Patna_Village_90,Patna,Bihar,2023,57,30,215,14.2
11090,Patna_Village_90,Patna,Bihar,2024,51,25,298,12.0
11090,Patna_Village_90,Patna,Bihar,2025,154,34,330,7.6
11091,Patna_Village_91,Patna,Bihar,2022,174,32,270,9.6
11091,Patna_Village_91,Patna,Bihar,2023,159,30,227,13.9
11091,Patna_Village_91,Patna,Bihar,2024,135,38,252,10.7
11091,Patna_Village_91,Patna,Bihar,2025,218,12,393,11.9
11092,Patna_Village_92,Patna,Bihar,2022,169,14,205,5.7
11092,Patna_Village_92,Patna,Bihar,2023,176,18,362,6.1
11092,Patna_Village_92,Patna,Bihar,2024,232,19,305,7.3
11092,Patna_Village_92,Patna,Bihar,2025,65,21,253,5.3
11093,Patna_Village_93,Patna,Bihar,2022,270,22,227,14.0
11093,Patna_Village_93,Patna,Bihar,2023,111,36,353,6.4
11093,Patna_Village_93,Patna,Bihar,2024,162,27,345,9.6
11093,Patna_Village_93,Patna,Bihar,2025,225,27,340,4.2
11094,Patna_Village_94,Patna,Bihar,2022,207,39,274,6.1
11094,Patna_Village_94,Patna,Bihar,2023,61,19,302,6.7
11094,Patna_Village_94,Patna,Bihar,2024,84,28,285,14.0
11094,Patna_Village_94,Patna,Bihar,2025,60,32,349,11.7
11095,Patna_Village_95,Patna,Bihar,2022,113,20,234,11.6
11095,Patna_Village_95,Patna,Bihar,2023,287,20,239,13.7
11095,Patna_Village_95,Patna,Bihar,2024,99,10,342,13.7
11095,Patna_Village_95,Patna,Bihar,2025,262,6,343,8.1
11096,Patna_Village_96,Patna,Bihar,2022,198,17,346,7.9
11096,Patna_Village_96,Patna,Bihar,2023,118,13,245,7.4
11096,Patna_Village_96,Patna,Bihar,2024,97,38,310,4.1
11096,Patna_Village_96,Patna,Bihar,2025,69,21,294,6.2
11097,Patna_Village_97,Patna,Bihar,2022,150,31,286,8.2
11097,Patna_Village_97,Patna,Bihar,2023,244,33,261,4.5
11097,Patna_Village_97,Patna,Bihar,2024,221,26,230,13.0
11097,Patna_Village_97,Patna,Bihar,2025,210,28,369,12.2
11098,Patna_Village_98,Patna,Bihar,2022,294,11,337,7.1
11098,Patna_Village_98,Patna,Bihar,2023,250,38,350,12.5
11098,Patna_Village_98,Patna,Bihar,2024,238,16,335,12.1
11098,Patna_Village_98,Patna,Bihar,2025,186,27,369,6.8
11099,Patna_Village_99,Patna,Bihar,2022,117,19,218,11.8
11099,Patna_Village_99,Patna,Bihar,2023,84,37,286,7.1
11099,Patna_Village_99,Patna,Bihar,2024,258,17,358,4.4
11099,Patna_Village_99,Patna,Bihar,2025,275,27,268,8.6
11100,Patna_Village_100,Patna,Bihar,2022,265,36,283,9.1
11100,Patna_Village_100,Patna,Bihar,2023,273,39,334,5.6
11100,Patna_Village_100,Patna,Bihar,2024,114,5,298,8.9
11100,Patna_Village_100,Patna,Bihar,2025,57,9,389,13.3
11101,Patna_Village_101,Patna,Bihar,2022,94,17,305,12.2
11101,Patna_Village_101,Patna,Bihar,2023,136,9,283,11.9
11101,Patna_Village_101,Patna,Bihar,2024,224,36,240,11.7
11101,Patna_Village_101,Patna,Bihar,2025,217,25,391,11.1
11102,Patna_Village_102,Patna,Bihar,2022,125,28,302,4.7
11102,Patna_Village_102,Patna,Bihar,2023,231,22,359,13.8
11102,Patna_Village_102,Patna,Bihar,2024,125,25,242,12.4
11102,Patna_Village_102,Patna,Bihar,2025,223,14,245,6.2
11103,Patna_Village_103,Patna,Bihar,2022,96,28,201,10.3
11103,Patna_Village_103,Patna,Bihar,2023,64,25,323,10.6
11103,Patna_Village_103,Patna,Bihar,2024,154,29,373,5.1
11103,Patna_Village_103,Patna,Bihar,2025,196,27,248,6.0
11104,Patna_Village_104,Patna,Bihar,2022,75,26,256,4.7
11104,Patna_Village_104,Patna,Bihar,2023,101,8,327,13.2
11104,Patna_Village_104,Patna,Bihar,2024,142,38,252,4.0
11104,Patna_Village_104,Patna,Bihar,2025,199,10,368,6.6
11105,Patna_Village_105,Patna,Bihar,2022,281,32,316,5.3
11105,Patna_Village_105,Patna,Bihar,2023,70,35,344,12.3
11105,Patna_Village_105,Patna,Bihar,2024,100,39,316,13.4
11105,Patna_Village_105,Patna,Bihar,2025,87,27,369,9.2
11106,Patna_Village_106,Patna,Bihar,2022,69,10,310,6.0
11106,Patna_Village_106,Patna,Bihar,2023,298,20,221,10.0
11106,Patna_Village_106,Patna,Bihar,2024,206,6,273,11.8
11106,Patna_Village_106,Patna,Bihar,2025,228,28,357,10.8
11107,Patna_Village_107,Patna,Bihar,2022,181,21,203,12.3
11107,Patna_Village_107,Patna,Bihar,2023,104,5,332,7.0
11107,Patna_Village_107,Patna,Bihar,2024,248,10,252,4.5
11107,Patna_Village_107,Patna,Bihar,2025,141,9,334,4.9
11108,Patna_Village_108,Patna,Bihar,2022,77,33,291,14.5
11108,Patna_Village_108,Patna,Bihar,2023,53,16,265,10.5
11108,Patna_Village_108,Patna,Bihar,2024,199,7,344,11.3
11108,Patna_Village_108,Patna,Bihar,2025,125,5,325,12.7
11109,Patna_Village_109,Patna,Bihar,2022,222,31,302,13.5
11109,Patna_Village_109,Patna,Bihar,2023,116,28,294,6.4
11109,Patna_Village_109,Patna,Bihar,2024,135,23,332,4.3
11109,Patna_Village_109,Patna,Bihar,2025,285,12,253,13.0
11110,Patna_Village_110,Patna,Bihar,2022,243,6,232,14.8
11110,Patna_Village_110,Patna,Bihar,2023,265,34,249,10.1
11110,Patna_Village_110,Patna,Bihar,2024,211,34,279,13.0
11110,Patna_Village_110,Patna,Bihar,2025,140,36,268,5.7
11111,Patna_Village_111,Patna,Bihar,2022,232,5,346,5.7
11111,Patna_Village_111,Patna,Bihar,2023,154,17,253,9.3
11111,Patna_Village_111,Patna,Bihar,2024,50,15,254,12.2
11111,Patna_Village_111,Patna,Bihar,2025,121,14,276,10.2
11112,Patna_Village_112,Patna,Bihar,2022,136,30,338,11.2
11112,Patna_Village_112,Patna,Bihar,2023,215,24,322,4.3
11112,Patna_Village_112,Patna,Bihar,2024,55,21,262,7.0
11112,Patna_Village_112,Patna,Bihar,2025,263,21,391,13.2
11113,Patna_Village_113,Patna,Bihar,2022,202,8,306,5.9
11113,Patna_Village_113,Patna,Bihar,2023,259,9,325,11.7
11113,Patna_Village_113,Patna,Bihar,2024,194,27,350,11.7
11113,Patna_Village_113,Patna,Bihar,2025,110,14,260,11.0
11114,Patna_Village_114,Patna,Bihar,2022,61,32,210,14.9
11114,Patna_Village_114,Patna,Bihar,2023,55,37,312,8.4
11114,Patna_Village_114,Patna,Bihar,2024,267,30,345,10.9
11114,Patna_Village_114,Patna,Bihar,2025,76,33,269,5.3
11115,Patna_Village_115,Patna,Bihar,2022,185,31,292,8.7
11115,Patna_Village_115,Patna,Bihar,2023,260,22,325,9.3
11115,Patna_Village_115,Patna,Bihar,2024,173,14,325,6.0
11115,Patna_Village_115,Patna,Bihar,2025,155,9,256,12.8
11116,Patna_Village_116,Patna,Bihar,2022,242,14,220,12.0
11116,Patna_Village_116,Patna,Bihar,2023,234,25,341,7.1
11116,Patna_Village_116,Patna,Bihar,2024,142,28,258,5.1
11116,Patna_Village_116,Patna,Bihar,2025,158,7,365,6.3
11117,Patna_Village_117,Patna,Bihar,2022,290,35,323,11.0
11117,Patna_Village_117,Patna,Bihar,2023,148,6,247,12.8
11117,Patna_Village_117,Patna,Bihar,2024,217,6,365,9.0
11117,Patna_Village_117,Patna,Bihar,2025,191,38,321,4.4
11118,Patna_Village_118,Patna,Bihar,2022,84,24,240,7.1
11118,Patna_Village_118,Patna,Bihar,2023,225,37,288,7.7
11118,Patna_Village_118,Patna,Bihar,2024,286,8,292,10.4
11118,Patna_Village_118,Patna,Bihar,2025,133,15,258,5.9
11119,Patna_Village_119,Patna,Bihar,2022,105,9,274,7.0
11119,Patna_Village_119,Patna,Bihar,2023,226,29,281,7.1
11119,Patna_Village_119,Patna,Bihar,2024,190,38,322,9.9
11119,Patna_Village_119,Patna,Bihar,2025,238,13,297,8.5
11120,Patna_Village_120,Patna,Bihar,2022,279,10,293,13.3
11120,Patna_Village_120,Patna,Bihar,2023,98,22,327,11.4
11120,Patna_Village_120,Patna,Bihar,2024,95,18,364,10.7
11120,Patna_Village_120,Patna,Bihar,2025,162,23,255,4.9
11121,Patna_Village_121,Patna,Bihar,2022,239,18,224,5.1
11121,Patna_Village_121,Patna,Bihar,2023,185,21,297,9.5
11121,Patna_Village_121,Patna,Bihar,2024,92,39,322,4.5
11121,Patna_Village_121,Patna,Bihar,2025,197,33,383,7.1
11122,Patna_Village_122,Patna,Bihar,2022,173,21,254,4.8
11122,Patna_Village_122,Patna,Bihar,2023,146,12,233,6.0
11122,Patna_Village_122,Patna,Bihar,2024,139,5,321,4.9
11122,Patna_Village_122,Patna,Bihar,2025,88,11,334,11.7
11123,Patna_Village_123,Patna,Bihar,2022,134,9,210,8.1
11123,Patna_Village_123,Patna,Bihar,2023,294,28,356,4.9
11123,Patna_Village_123,Patna,Bihar,2024,226,32,289,6.5
11123,Patna_Village_123,Patna,Bihar,2025,241,21,285,10.5
11124,Patna_Village_124,Patna,Bihar,2022,111,24,329,12.3
11124,Patna_Village_124,Patna,Bihar,2023,155,7,321,5.4
11124,Patna_Village_124,Patna,Bihar,2024,156,30,289,11.9
11124,Patna_Village_124,Patna,Bihar,2025,103,19,392,7.2
11125,Patna_Village_125,Patna,Bihar,2022,175,12,221,11.6
11125,Patna_Village_125,Patna,Bihar,2023,282,17,342,11.2
11125,Patna_Village_125,Patna,Bihar,2024,58,7,355,12.0
11125,Patna_Village_125,Patna,Bihar,2025,137,5,347,10.6
11126,Gaya_Village_1,Gaya,Bihar,2022,86,13,331,4.9
11126,Gaya_Village_1,Gaya,Bihar,2023,98,35,324,9.6
11126,Gaya_Village_1,Gaya,Bihar,2024,90,30,287,5.4
11126,Gaya_Village_1,Gaya,Bihar,2025,66,21,309,13.5
11127,Gaya_Village_2,Gaya,Bihar,2022,137,38,257,7.2
11127,Gaya_Village_2,Gaya,Bihar,2023,70,13,290,8.5
11127,Gaya_Village_2,Gaya,Bihar,2024,100,17,248,5.8
11127,Gaya_Village_2,Gaya,Bihar,2025,108,9,372,4.7
11128,Gaya_Village_3,Gaya,Bihar,2022,216,17,303,10.8
11128,Gaya_Village_3,Gaya,Bihar,2023,232,5,321,9.3
11128,Gaya_Village_3,Gaya,Bihar,2024,90,29,347,7.6
11128,Gaya_Village_3,Gaya,Bihar,2025,88,8,323,4.2
11129,Gaya_Village_4,Gaya,Bihar,2022,190,14,283,12.2
11129,Gaya_Village_4,Gaya,Bihar,2023,241,32,332,4.2
11129,Gaya_Village_4,Gaya,Bihar,2024,60,10,378,8.5
11129,Gaya_Village_4,Gaya,Bihar,2025,287,31,254,9.9
11130,Gaya_Village_5,Gaya,Bihar,2022,196,16,229,9.0
11130,Gaya_Village_5,Gaya,Bihar,2023,188,7,238,5.4
11130,Gaya_Village_5,Gaya,Bihar,2024,126,37,284,11.9
11130,Gaya_Village_5,Gaya,Bihar,2025,176,14,348,6.7
11131,Gaya_Village_6,Gaya,Bihar,2022,95,35,326,5.9
11131,Gaya_Village_6,Gaya,Bihar,2023,94,19,339,9.9
11131,Gaya_Village_6,Gaya,Bihar,2024,50,11,322,3.9
11131,Gaya_Village_6,Gaya,Bihar,2025,217,18,252,6.7
11132,Gaya_Village_7,Gaya,Bihar,2022,157,18,337,12.4
11132,Gaya_Village_7,Gaya,Bihar,2023,68,7,289,13.7
11132,Gaya_Village_7,Gaya,Bihar,2024,125,7,269,9.9
11132,Gaya_Village_7,Gaya,Bihar,2025,121,26,384,5.6
11133,Gaya_Village_8,Gaya,Bihar,2022,249,23,284,6.8
11133,Gaya_Village_8,Gaya,Bihar,2023,238,39,230,10.4
11133,Gaya_Village_8,Gaya,Bihar,2024,294,16,307,8.0
11133,Gaya_Village_8,Gaya,Bihar,2025,158,9,292,5.2
11134,Gaya_Village_9,Gaya,Bihar,2022,61,14,290,12.8
11134,Gaya_Village_9,Gaya,Bihar,2023,238,37,343,6.2
11134,Gaya_Village_9,Gaya,Bihar,2024,289,17,251,7.1
11134,Gaya_Village_9,Gaya,Bihar,2025,210,39,387,3.9
11135,Gaya_Village_10,Gaya,Bihar,2022,94,36,213,11.9
11135,Gaya_Village_10,Gaya,Bihar,2023,139,15,287,7.0
11135,Gaya_Village_10,Gaya,Bihar,2024,152,28,248,6.1
11135,Gaya_Village_10,Gaya,Bihar,2025,269,39,284,6.5
11136,Gaya_Village_11,Gaya,Bihar,2022,299,23,297,13.7
11136,Gaya_Village_11,Gaya,Bihar,2023,246,10,218,9.5
11136,Gaya_Village_11,Gaya,Bihar,2024,57,39,262,5.4
11136,Gaya_Village_11,Gaya,Bihar,2025,202,8,287,11.4
11137,Gaya_Village_12,Gaya,Bihar,2022,140,37,226,6.7
11137,Gaya_Village_12,Gaya,Bihar,2023,223,17,295,8.4
11137,Gaya_Village_12,Gaya,Bihar,2024,136,23,342,9.7
11137,Gaya_Village_12,Gaya,Bihar,2025,207,16,361,9.4
11138,Gaya_Village_13,Gaya,Bihar,2022,286,15,323,5.2
11138,Gaya_Village_13,Gaya,Bihar,2023,224,10,309,12.9
11138,Gaya_Village_13,Gaya,Bihar,2024,264,16,292,8.7
11138,Gaya_Village_13,Gaya,Bihar,2025,226,31,378,13.7
11139,Gaya_Village_14,Gaya,Bihar,2022,224,29,323,12.0
11139,Gaya_Village_14,Gaya,Bihar,2023,133,7,330,14.5
11139,Gaya_Village_14,Gaya,Bihar,2024,131,7,324,8.5
11139,Gaya_Village_14,Gaya,Bihar,2025,195,24,311,4.8
11140,Gaya_Village_15,Gaya,Bihar,2022,243,32,296,12.1
11140,Gaya_Village_15,Gaya,Bihar,2023,117,27,330,12.3
11140,Gaya_Village_15,Gaya,Bihar,2024,271,7,242,12.7
11140,Gaya_Village_15,Gaya,Bihar,2025,210,28,393,6.5
11141,Gaya_Village_16,Gaya,Bihar,2022,176,10,263,9.9
11141,Gaya_Village_16,Gaya,Bihar,2023,213,24,299,13.1
11141,Gaya_Village_16,Gaya,Bihar,2024,131,15,285,12.8
11141,Gaya_Village_16,Gaya,Bihar,2025,278,36,385,3.6
11142,Gaya_Village_17,Gaya,Bihar,2022,196,31,331,11.5
11142,Gaya_Village_17,Gaya,Bihar,2023,288,25,326,10.4
11142,Gaya_Village_17,Gaya,Bihar,2024,205,17,262,4.6
11142,Gaya_Village_17,Gaya,Bihar,2025,217,26,297,13.1
11143,Gaya_Village_18,Gaya,Bihar,2022,133,39,300,9.2
11143,Gaya_Village_18,Gaya,Bihar,2023,162,26,303,11.2
11143,Gaya_Village_18,Gaya,Bihar,2024,274,32,258,13.0
11143,Gaya_Village_18,Gaya,Bihar,2025,125,25,295,4.7
11144,Gaya_Village_19,Gaya,Bihar,2022,171,22,249,13.5
11144,Gaya_Village_19,Gaya,Bihar,2023,292,35,325,11.7
11144,Gaya_Village_19,Gaya,Bihar,2024,192,25,265,12.5
11144,Gaya_Village_19,Gaya,Bihar,2025,90,18,353,8.5
11145,Gaya_Village_20,Gaya,Bihar,2022,216,29,259,4.9
11145,Gaya_Village_20,Gaya,Bihar,2023,51,31,360,11.1
11145,Gaya_Village_20,Gaya,Bihar,2024,240,27,249,7.6
11145,Gaya_Village_20,Gaya,Bihar,2025,78,35,377,7.5
11146,Gaya_Village_21,Gaya,Bihar,2022,154,33,345,9.1
11146,Gaya_Village_21,Gaya,Bihar,2023,251,34,338,9.3
11146,Gaya_Village_21,Gaya,Bihar,2024,243,30,230,10.7
11146,Gaya_Village_21,Gaya,Bihar,2025,100,24,263,10.9
11147,Gaya_Village_22,Gaya,Bihar,2022,124,23,286,12.7
11147,Gaya_Village_22,Gaya,Bihar,2023,254,31,243,11.2
11147,Gaya_Village_22,Gaya,Bihar,2024,59,29,288,12.1
11147,Gaya_Village_22,Gaya,Bihar,2025,191,27,307,4.6
11148,Gaya_Village_23,Gaya,Bihar,2022,259,33,297,13.3
11148,Gaya_Village_23,Gaya,Bihar,2023,100,19,262,8.2
11148,Gaya_Village_23,Gaya,Bihar,2024,167,7,291,9.3
11148,Gaya_Village_23,Gaya,Bihar,2025,250,14,262,7.9
11149,Gaya_Village_24,Gaya,Bihar,2022,170,19,226,9.5
11149,Gaya_Village_24,Gaya,Bihar,2023,88,20,220,7.1
11149,Gaya_Village_24,Gaya,Bihar,2024,77,21,235,5.5
11149,Gaya_Village_24,Gaya,Bihar,2025,52,23,275,4.4
11150,Gaya_Village_25,Gaya,Bihar,2022,133,15,304,9.2
11150,Gaya_Village_25,Gaya,Bihar,2023,247,9,308,5.4
11150,Gaya_Village_25,Gaya,Bihar,2024,204,9,285,6.3
11150,Gaya_Village_25,Gaya,Bihar,2025,166,18,262,4.7
11151,Gaya_Village_26,Gaya,Bihar,2022,51,30,286,5.6
11151,Gaya_Village_26,Gaya,Bihar,2023,142,12,237,13.4
11151,Gaya_Village_26,Gaya,Bihar,2024,215,9,254,10.8
11151,Gaya_Village_26,Gaya,Bihar,2025,180,11,251,13.0
11152,Gaya_Village_27,Gaya,Bihar,2022,193,20,347,11.3
11152,Gaya_Village_27,Gaya,Bihar,2023,143,18,347,13.0
11152,Gaya_Village_27,Gaya,Bihar,2024,89,8,247,9.5
11152,Gaya_Village_27,Gaya,Bihar,2025,51,21,350,8.2
11153,Gaya_Village_28,Gaya,Bihar,2022,130,10,232,10.0
11153,Gaya_Village_28,Gaya,Bihar,2023,218,20,293,7.5
11153,Gaya_Village_28,Gaya,Bihar,2024,61,33,264,10.6
11153,Gaya_Village_28,Gaya,Bihar,2025,212,14,354,12.7
11154,Gaya_Village_29,Gaya,Bihar,2022,284,33,264,12.7
11154,Gaya_Village_29,Gaya,Bihar,2023,114,18,277,9.0
11154,Gaya_Village_29,Gaya,Bihar,2024,104,8,301,13.7
11154,Gaya_Village_29,Gaya,Bihar,2025,94,17,285,13.6
11155,Gaya_Village_30,Gaya,Bihar,2022,256,22,327,9.7
11155,Gaya_Village_30,Gaya,Bihar,2023,267,37,322,13.2
11155,Gaya_Village_30,Gaya,Bihar,2024,150,25,333,3.8
11155,Gaya_Village_30,Gaya,Bihar,2025,262,20,282,4.0
11156,Gaya_Village_31,Gaya,Bihar,2022,111,19,234,4.7
11156,Gaya_Village_31,Gaya,Bihar,2023,98,9,350,12.2
11156,Gaya_Village_31,Gaya,Bihar,2024,176,10,331,4.5
11156,Gaya_Village_31,Gaya,Bihar,2025,272,7,312,3.5
11157,Gaya_Village_32,Gaya,Bihar,2022,202,16,236,6.0
11157,Gaya_Village_32,Gaya,Bihar,2023,72,37,299,7.3
11157,Gaya_Village_32,Gaya,Bihar,2024,201,37,370,8.6
11157,Gaya_Village_32,Gaya,Bihar,2025,298,35,273,4.0
11158,Gaya_Village_33,Gaya,Bihar,2022,87,25,240,9.7
11158,Gaya_Village_33,Gaya,Bihar,2023,77,31,270,6.7
11158,Gaya_Village_33,Gaya,Bihar,2024,70,31,245,6.6
11158,Gaya_Village_33,Gaya,Bihar,2025,231,12,384,11.9
11159,Gaya_Village_34,Gaya,Bihar,2022,156,36,265,14.9
11159,Gaya_Village_34,Gaya,Bihar,2023,195,30,361,9.0
11159,Gaya_Village_34,Gaya,Bihar,2024,213,6,373,7.1
11159,Gaya_Village_34,Gaya,Bihar,2025,148,16,385,13.1
11160,Gaya_Village_35,Gaya,Bihar,2022,222,26,268,9.8
11160,Gaya_Village_35,Gaya,Bihar,2023,168,21,237,11.8
11160,Gaya_Village_35,Gaya,Bihar,2024,122,11,282,8.0
11160,Gaya_Village_35,Gaya,Bihar,2025,230,8,364,5.4
11161,Gaya_Village_36,Gaya,Bihar,2022,279,36,344,11.4
11161,Gaya_Village_36,Gaya,Bihar,2023,171,15,342,11.1
11161,Gaya_Village_36,Gaya,Bihar,2024,79,5,278,8.5
11161,Gaya_Village_36,Gaya,Bihar,2025,237,29,257,6.1
11162,Gaya_Village_37,Gaya,Bihar,2022,157,28,307,13.2
11162,Gaya_Village_37,Gaya,Bihar,2023,147,21,364,7.0
11162,Gaya_Village_37,Gaya,Bihar,2024,81,12,314,10.6
11162,Gaya_Village_37,Gaya,Bihar,2025,244,31,289,7.3
11163,Gaya_Village_38,Gaya,Bihar,2022,244,22,281,9.5
11163,Gaya_Village_38,Gaya,Bihar,2023,205,31,282,6.3
11163,Gaya_Village_38,Gaya,Bihar,2024,221,26,326,10.5
11163,Gaya_Village_38,Gaya,Bihar,2025,128,20,392,5.7
11164,Gaya_Village_39,Gaya,Bihar,2022,90,6,276,9.6
11164,Gaya_Village_39,Gaya,Bihar,2023,112,9,249,7.5
11164,Gaya_Village_39,Gaya,Bihar,2024,72,22,365,13.8
11164,Gaya_Village_39,Gaya,Bihar,2025,153,7,296,13.6
11165,Gaya_Village_40,Gaya,Bihar,2022,124,31,239,12.4
11165,Gaya_Village_40,Gaya,Bihar,2023,97,21,335,14.4
11165,Gaya_Village_40,Gaya,Bihar,2024,209,20,342,4.9
11165,Gaya_Village_40,Gaya,Bihar,2025,299,10,355,13.7
11166,Gaya_Village_41,Gaya,Bihar,2022,106,11,235,5.6
11166,Gaya_Village_41,Gaya,Bihar,2023,167,18,348,8.5
11166,Gaya_Village_41,Gaya,Bihar,2024,149,19,299,6.2
11166,Gaya_Village_41,Gaya,Bihar,2025,173,37,317,13.3
11167,Gaya_Village_42,Gaya,Bihar,2022,210,31,215,11.2
11167,Gaya_Village_42,Gaya,Bihar,2023,201,33,252,10.4
11167,Gaya_Village_42,Gaya,Bihar,2024,216,9,247,14.2
11167,Gaya_Village_42,Gaya,Bihar,2025,83,33,256,9.7
11168,Gaya_Village_43,Gaya,Bihar,2022,233,36,253,11.3
11168,Gaya_Village_43,Gaya,Bihar,2023,205,10,215,4.6
11168,Gaya_Village_43,Gaya,Bihar,2024,214,6,372,12.7
11168,Gaya_Village_43,Gaya,Bihar,2025,56,10,355,13.5
11169,Gaya_Village_44,Gaya,Bihar,2022,245,8,220,14.6
11169,Gaya_Village_44,Gaya,Bihar,2023,214,33,343,6.4
11169,Gaya_Village_44,Gaya,Bihar,2024,105,29,322,6.1
11169,Gaya_Village_44,Gaya,Bihar,2025,114,13,384,7.1
11170,Gaya_Village_45,Gaya,Bihar,2022,242,7,323,7.8
11170,Gaya_Village_45,Gaya,Bihar,2023,96,30,253,7.3
11170,Gaya_Village_45,Gaya,Bihar,2024,197,31,289,10.1
11170,Gaya_Village_45,Gaya,Bihar,2025,68,36,341,11.8
11171,Gaya_Village_46,Gaya,Bihar,2022,206,5,303,14.3
11171,Gaya_Village_46,Gaya,Bihar,2023,251,20,353,4.8
11171,Gaya_Village_46,Gaya,Bihar,2024,237,15,339,6.6
11171,Gaya_Village_46,Gaya,Bihar,2025,195,30,273,6.0
11172,Gaya_Village_47,Gaya,Bihar,2022,269,5,288,8.3
11172,Gaya_Village_47,Gaya,Bihar,2023,212,30,333,8.6
11172,Gaya_Village_47,Gaya,Bihar,2024,220,32,370,7.8
11172,Gaya_Village_47,Gaya,Bihar,2025,288,13,295,13.3
11173,Gaya_Village_48,Gaya,Bihar,2022,272,26,307,9.1
11173,Gaya_Village_48,Gaya,Bihar,2023,268,12,361,9.9
11173,Gaya_Village_48,Gaya,Bihar,2024,175,31,287,11.6
11173,Gaya_Village_48,Gaya,Bihar,2025,188,23,280,10.9
11174,Gaya_Village_49,Gaya,Bihar,2022,98,29,227,10.6
11174,Gaya_Village_49,Gaya,Bihar,2023,162,25,345,13.1
11174,Gaya_Village_49,Gaya,Bihar,2024,87,28,330,10.3
11174,Gaya_Village_49,Gaya,Bihar,2025,113,28,351,12.5
11175,Gaya_Village_50,Gaya,Bihar,2022,118,23,288,7.7
11175,Gaya_Village_50,Gaya,Bihar,2023,185,6,249,5.5
11175,Gaya_Village_50,Gaya,Bihar,2024,211,18,322,12.3
11175,Gaya_Village_50,Gaya,Bihar,2025,225,36,349,7.3
11176,Gaya_Village_51,Gaya,Bihar,2022,165,36,275,11.3
11176,Gaya_Village_51,Gaya,Bihar,2023,233,32,298,11.8
11176,Gaya_Village_51,Gaya,Bihar,2024,253,17,305,7.1
11176,Gaya_Village_51,Gaya,Bihar,2025,279,16,294,8.6
11177,Gaya_Village_52,Gaya,Bihar,2022,114,12,299,13.9
11177,Gaya_Village_52,Gaya,Bihar,2023,80,19,286,13.3
11177,Gaya_Village_52,Gaya,Bihar,2024,181,30,344,11.6
11177,Gaya_Village_52,Gaya,Bihar,2025,162,16,321,11.3
11178,Gaya_Village_53,Gaya,Bihar,2022,158,31,320,13.9
11178,Gaya_Village_53,Gaya,Bihar,2023,227,22,268,11.8
11178,Gaya_Village_53,Gaya,Bihar,2024,118,31,300,7.3
11178,Gaya_Village_53,Gaya,Bihar,2025,207,13,329,4.6
11179,Gaya_Village_54,Gaya,Bihar,2022,169,5,301,8.9
11179,Gaya_Village_54,Gaya,Bihar,2023,137,11,321,5.0
11179,Gaya_Village_54,Gaya,Bihar,2024,236,30,257,4.9
11179,Gaya_Village_54,Gaya,Bihar,2025,116,11,352,13.3
11180,Gaya_Village_55,Gaya,Bihar,2022,124,11,220,11.6
11180,Gaya_Village_55,Gaya,Bihar,2023,94,12,241,13.0
11180,Gaya_Village_55,Gaya,Bihar,2024,53,20,306,10.5
11180,Gaya_Village_55,Gaya,Bihar,2025,203,7,294,7.7
11181,Gaya_Village_56,Gaya,Bihar,2022,204,14,256,4.8
11181,Gaya_Village_56,Gaya,Bihar,2023,223,11,333,14.1
11181,Gaya_Village_56,Gaya,Bihar,2024,295,25,293,4.4
11181,Gaya_Village_56,Gaya,Bihar,2025,156,35,292,9.7
11182,Gaya_Village_57,Gaya,Bihar,2022,241,27,349,5.6
11182,Gaya_Village_57,Gaya,Bihar,2023,268,31,218,7.1
11182,Gaya_Village_57,Gaya,Bihar,2024,283,26,360,5.7
11182,Gaya_Village_57,Gaya,Bihar,2025,100,31,305,9.1
11183,Gaya_Village_58,Gaya,Bihar,2022,99,8,295,13.8
11183,Gaya_Village_58,Gaya,Bihar,2023,55,28,218,10.8
11183,Gaya_Village_58,Gaya,Bihar,2024,108,27,294,10.7
11183,Gaya_Village_58,Gaya,Bihar,2025,174,23,384,12.8
11184,Gaya_Village_59,Gaya,Bihar,2022,192,7,340,12.4
11184,Gaya_Village_59,Gaya,Bihar,2023,294,31,338,13.2
11184,Gaya_Village_59,Gaya,Bihar,2024,79,7,322,8.1
11184,Gaya_Village_59,Gaya,Bihar,2025,219,32,275,12.4
11185,Gaya_Village_60,Gaya,Bihar,2022,278,21,270,11.3
11185,Gaya_Village_60,Gaya,Bihar,2023,171,35,355,5.5
11185,Gaya_Village_60,Gaya,Bihar,2024,174,14,231,4.1
11185,Gaya_Village_60,Gaya,Bihar,2025,86,26,294,5.9
11186,Gaya_Village_61,Gaya,Bihar,2022,219,34,334,8.5
11186,Gaya_Village_61,Gaya,Bihar,2023,173,25,360,12.9
11186,Gaya_Village_61,Gaya,Bihar,2024,150,27,237,11.5
11186,Gaya_Village_61,Gaya,Bihar,2025,84,16,299,13.3
11187,Gaya_Village_62,Gaya,Bihar,2022,136,29,242,10.4
11187,Gaya_Village_62,Gaya,Bihar,2023,183,24,244,12.0
11187,Gaya_Village_62,Gaya,Bihar,2024,245,11,288,6.6
11187,Gaya_Village_62,Gaya,Bihar,2025,67,33,253,10.4
11188,Gaya_Village_63,Gaya,Bihar,2022,250,33,267,11.9
11188,Gaya_Village_63,Gaya,Bihar,2023,162,17,295,13.0
11188,Gaya_Village_63,Gaya,Bihar,2024,78,7,368,9.3
11188,Gaya_Village_63,Gaya,Bihar,2025,126,6,367,10.1
11189,Gaya_Village_64,Gaya,Bihar,2022,108,20,329,6.6
11189,Gaya_Village_64,Gaya,Bihar,2023,224,34,237,11.8
11189,Gaya_Village_64,Gaya,Bihar,2024,175,10,251,12.5
11189,Gaya_Village_64,Gaya,Bihar,2025,293,11,384,9.5
11190,Gaya_Village_65,Gaya,Bihar,2022,194,9,208,5.7
11190,Gaya_Village_65,Gaya,Bihar,2023,158,11,304,7.4
11190,Gaya_Village_65,Gaya,Bihar,2024,273,38,262,8.7
11190,Gaya_Village_65,Gaya,Bihar,2025,289,36,333,10.4
11191,Gaya_Village_66,Gaya,Bihar,2022,71,17,294,7.9
11191,Gaya_Village_66,Gaya,Bihar,2023,117,34,283,12.9
11191,Gaya_Village_66,Gaya,Bihar,2024,118,29,267,7.6
11191,Gaya_Village_66,Gaya,Bihar,2025,214,25,383,3.7
11192,Gaya_Village_67,Gaya,Bihar,2022,282,25,263,12.8
11192,Gaya_Village_67,Gaya,Bihar,2023,98,32,286,10.9
11192,Gaya_Village_67,Gaya,Bihar,2024,190,24,249,12.1
11192,Gaya_Village_67,Gaya,Bihar,2025,211,38,278,7.0
11193,Gaya_Village_68,Gaya,Bihar,2022,158,9,310,4.7
11193,Gaya_Village_68,Gaya,Bihar,2023,135,22,256,4.9
11193,Gaya_Village_68,Gaya,Bihar,2024,102,15,365,4.9
11193,Gaya_Village_68,Gaya,Bihar,2025,172,21,310,11.8
11194,Gaya_Village_69,Gaya,Bihar,2022,136,26,220,7.7
11194,Gaya_Village_69,Gaya,Bihar,2023,228,24,293,14.6
11194,Gaya_Village_69,Gaya,Bihar,2024,180,10,299,11.7
11194,Gaya_Village_69,Gaya,Bihar,2025,91,38,249,9.6
11195,Gaya_Village_70,Gaya,Bihar,2022,147,18,266,14.8
11195,Gaya_Village_70,Gaya,Bihar,2023,209,27,230,7.4
11195,Gaya_Village_70,Gaya,Bihar,2024,158,24,328,5.4
11195,Gaya_Village_70,Gaya,Bihar,2025,100,17,317,11.0
11196,Gaya_Village_71,Gaya,Bihar,2022,299,36,234,7.4
11196,Gaya_Village_71,Gaya,Bihar,2023,290,30,297,14.2
11196,Gaya_Village_71,Gaya,Bihar,2024,134,18,339,14.1
11196,Gaya_Village_71,Gaya,Bihar,2025,223,12,283,13.0
11197,Gaya_Village_72,Gaya,Bihar,2022,176,26,209,14.4
11197,Gaya_Village_72,Gaya,Bihar,2023,285,26,362,10.6
11197,Gaya_Village_72,Gaya,Bihar,2024,70,20,230,11.0
11197,Gaya_Village_72,Gaya,Bihar,2025,93,31,250,4.3
11198,Gaya_Village_73,Gaya,Bihar,2022,188,14,265,12.5
11198,Gaya_Village_73,Gaya,Bihar,2023,152,29,252,6.2
11198,Gaya_Village_73,Gaya,Bihar,2024,117,35,296,12.5
11198,Gaya_Village_73,Gaya,Bihar,2025,292,25,344,13.4
11199,Gaya_Village_74,Gaya,Bihar,2022,178,31,276,6.7
11199,Gaya_Village_74,Gaya,Bihar,2023,141,21,249,4.9
11199,Gaya_Village_74,Gaya,Bihar,2024,240,37,274,8.8
11199,Gaya_Village_74,Gaya,Bihar,2025,73,35,394,11.6
11200,Gaya_Village_75,Gaya,Bihar,2022,174,30,267,12.6
11200,Gaya_Village_75,Gaya,Bihar,2023,276,25,231,11.4
11200,Gaya_Village_75,Gaya,Bihar,2024,190,5,234,12.3
11200,Gaya_Village_75,Gaya,Bihar,2025,160,8,301,5.1
11201,Gaya_Village_76,Gaya,Bihar,2022,147,8,294,11.3
11201,Gaya_Village_76,Gaya,Bihar,2023,188,30,244,10.5
11201,Gaya_Village_76,Gaya,Bihar,2024,277,8,236,5.3
11201,Gaya_Village_76,Gaya,Bihar,2025,228,13,368,7.7
11202,Gaya_Village_77,Gaya,Bihar,2022,66,34,290,13.5
11202,Gaya_Village_77,Gaya,Bihar,2023,148,8,361,14.3
11202,Gaya_Village_77,Gaya,Bihar,2024,131,9,379,10.7
11202,Gaya_Village_77,Gaya,Bihar,2025,153,27,296,13.0
11203,Gaya_Village_78,Gaya,Bihar,2022,263,20,205,5.9
11203,Gaya_Village_78,Gaya,Bihar,2023,298,26,323,14.3
11203,Gaya_Village_78,Gaya,Bihar,2024,201,12,324,4.1
11203,Gaya_Village_78,Gaya,Bihar,2025,299,37,310,8.8
11204,Gaya_Village_79,Gaya,Bihar,2022,68,20,209,7.6
11204,Gaya_Village_79,Gaya,Bihar,2023,214,9,240,12.6
11204,Gaya_Village_79,Gaya,Bihar,2024,280,20,362,6.0
11204,Gaya_Village_79,Gaya,Bihar,2025,134,11,312,3.4
11205,Gaya_Village_80,Gaya,Bihar,2022,57,5,297,8.9
11205,Gaya_Village_80,Gaya,Bihar,2023,77,13,285,4.8
11205,Gaya_Village_80,Gaya,Bihar,2024,54,22,279,6.7
11205,Gaya_Village_80,Gaya,Bihar,2025,194,7,261,10.1
11206,Gaya_Village_81,Gaya,Bihar,2022,150,28,210,7.6
11206,Gaya_Village_81,Gaya,Bihar,2023,213,32,267,6.7
11206,Gaya_Village_81,Gaya,Bihar,2024,167,14,279,5.3
11206,Gaya_Village_81,Gaya,Bihar,2025,196,13,380,4.7
11207,Gaya_Village_82,Gaya,Bihar,2022,113,17,323,10.0
11207,Gaya_Village_82,Gaya,Bihar,2023,140,39,276,11.3
11207,Gaya_Village_82,Gaya,Bihar,2024,166,27,305,8.5
11207,Gaya_Village_82,Gaya,Bihar,2025,147,21,367,4.6
11208,Gaya_Village_83,Gaya,Bihar,2022,60,11,289,11.3
11208,Gaya_Village_83,Gaya,Bihar,2023,103,20,243,9.9
11208,Gaya_Village_83,Gaya,Bihar,2024,222,24,331,7.7
11208,Gaya_Village_83,Gaya,Bihar,2025,96,28,345,6.8
11209,Gaya_Village_84,Gaya,Bihar,2022,189,9,309,6.4
11209,Gaya_Village_84,Gaya,Bihar,2023,295,10,323,5.6
11209,Gaya_Village_84,Gaya,Bihar,2024,198,32,258,7.3
11209,Gaya_Village_84,Gaya,Bihar,2025,295,9,303,3.7
11210,Gaya_Village_85,Gaya,Bihar,2022,188,6,342,9.1
11210,Gaya_Village_85,Gaya,Bihar,2023,280,25,284,10.4
11210,Gaya_Village_85,Gaya,Bihar,2024,269,22,325,13.6
11210,Gaya_Village_85,Gaya,Bihar,2025,54,16,288,9.9
11211,Gaya_Village_86,Gaya,Bihar,2022,258,21,283,11.1
11211,Gaya_Village_86,Gaya,Bihar,2023,233,19,335,8.0
11211,Gaya_Village_86,Gaya,Bihar,2024,69,11,286,5.1
11211,Gaya_Village_86,Gaya,Bihar,2025,218,18,361,8.0
11212,Gaya_Village_87,Gaya,Bihar,2022,95,5,263,10.8
11212,Gaya_Village_87,Gaya,Bihar,2023,299,7,313,11.7
11212,Gaya_Village_87,Gaya,Bihar,2024,61,35,267,12.4
11212,Gaya_Village_87,Gaya,Bihar,2025,119,17,389,6.0
11213,Gaya_Village_88,Gaya,Bihar,2022,66,22,226,7.0
11213,Gaya_Village_88,Gaya,Bihar,2023,164,21,231,10.0
11213,Gaya_Village_88,Gaya,Bihar,2024,196,21,292,9.6
11213,Gaya_Village_88,Gaya,Bihar,2025,203,15,255,5.6
11214,Gaya_Village_89,Gaya,Bihar,2022,97,24,263,10.7
11214,Gaya_Village_89,Gaya,Bihar,2023,157,14,253,7.7
11214,Gaya_Village_89,Gaya,Bihar,2024,285,33,359,10.4
11214,Gaya_Village_89,Gaya,Bihar,2025,101,38,359,6.4
11215,Gaya_Village_90,Gaya,Bihar,2022,145,21,244,10.7
11215,Gaya_Village_90,Gaya,Bihar,2023,119,17,302,12.2
11215,Gaya_Village_90,Gaya,Bihar,2024,232,31,309,14.0
11215,Gaya_Village_90,Gaya,Bihar,2025,299,30,253,12.9
11216,Gaya_Village_91,Gaya,Bihar,2022,277,32,304,9.8
11216,Gaya_Village_91,Gaya,Bihar,2023,151,17,339,9.2
11216,Gaya_Village_91,Gaya,Bihar,2024,124,16,307,8.3
11216,Gaya_Village_91,Gaya,Bihar,2025,210,32,289,3.6
11217,Gaya_Village_92,Gaya,Bihar,2022,239,6,307,6.2
11217,Gaya_Village_92,Gaya,Bihar,2023,265,38,364,4.7
11217,Gaya_Village_92,Gaya,Bihar,2024,200,27,328,11.0
11217,Gaya_Village_92,Gaya,Bihar,2025,192,33,271,7.6
11218,Gaya_Village_93,Gaya,Bihar,2022,204,39,239,5.2
11218,Gaya_Village_93,Gaya,Bihar,2023,252,15,240,11.4
11218,Gaya_Village_93,Gaya,Bihar,2024,241,37,312,10.5
11218,Gaya_Village_93,Gaya,Bihar,2025,298,15,270,10.9
11219,Gaya_Village_94,Gaya,Bihar,2022,292,13,269,10.8
11219,Gaya_Village_94,Gaya,Bihar,2023,291,18,281,5.8
11219,Gaya_Village_94,Gaya,Bihar,2024,258,13,235,4.3
11219,Gaya_Village_94,Gaya,Bihar,2025,228,7,272,11.9
11220,Gaya_Village_95,Gaya,Bihar,2022,230,33,212,6.8
11220,Gaya_Village_95,Gaya,Bihar,2023,255,23,277,9.8
11220,Gaya_Village_95,Gaya,Bihar,2024,268,36,242,8.8
11220,Gaya_Village_95,Gaya,Bihar,2025,131,11,373,13.0
11221,Gaya_Village_96,Gaya,Bihar,2022,141,32,239,10.3
11221,Gaya_Village_96,Gaya,Bihar,2023,228,22,245,10.2
11221,Gaya_Village_96,Gaya,Bihar,2024,224,9,246,7.1
11221,Gaya_Village_96,Gaya,Bihar,2025,288,27,381,13.4
11222,Gaya_Village_97,Gaya,Bihar,2022,53,26,308,10.9
11222,Gaya_Village_97,Gaya,Bihar,2023,184,30,278,4.2
11222,Gaya_Village_97,Gaya,Bihar,2024,158,16,286,9.5
11222,Gaya_Village_97,Gaya,Bihar,2025,212,23,385,7.1
11223,Gaya_Village_98,Gaya,Bihar,2022,97,5,341,4.8
11223,Gaya_Village_98,Gaya,Bihar,2023,122,7,239,8.6
11223,Gaya_Village_98,Gaya,Bihar,2024,121,31,351,11.8
11223,Gaya_Village_98,Gaya,Bihar,2025,165,22,322,8.6
11224,Gaya_Village_99,Gaya,Bihar,2022,222,34,256,11.2
11224,Gaya_Village_99,Gaya,Bihar,2023,130,6,285,10.8
11224,Gaya_Village_99,Gaya,Bihar,2024,130,9,317,10.7
11224,Gaya_Village_99,Gaya,Bihar,2025,162,33,357,7.4
11225,Gaya_Village_100,Gaya,Bihar,2022,274,37,299,8.4
11225,Gaya_Village_100,Gaya,Bihar,2023,145,24,261,4.1
11225,Gaya_Village_100,Gaya,Bihar,2024,121,34,345,5.3
11225,Gaya_Village_100,Gaya,Bihar,2025,196,9,375,13.3
11226,Gaya_Village_101,Gaya,Bihar,2022,112,25,289,13.3
11226,Gaya_Village_101,Gaya,Bihar,2023,87,19,325,7.0
11226,Gaya_Village_101,Gaya,Bihar,2024,116,24,319,7.9
11226,Gaya_Village_101,Gaya,Bihar,2025,236,12,373,13.2
11227,Gaya_Village_102,Gaya,Bihar,2022,118,35,338,7.1
11227,Gaya_Village_102,Gaya,Bihar,2023,62,16,349,9.7
11227,Gaya_Village_102,Gaya,Bihar,2024,224,25,241,3.9
11227,Gaya_Village_102,Gaya,Bihar,2025,287,34,350,9.8
11228,Gaya_Village_103,Gaya,Bihar,2022,238,31,321,14.3
11228,Gaya_Village_103,Gaya,Bihar,2023,80,30,267,13.4
11228,Gaya_Village_103,Gaya,Bihar,2024,296,37,329,9.0
11228,Gaya_Village_103,Gaya,Bihar,2025,257,30,281,10.1
11229,Gaya_Village_104,Gaya,Bihar,2022,163,30,318,10.5
11229,Gaya_Village_104,Gaya,Bihar,2023,273,5,273,4.8
11229,Gaya_Village_104,Gaya,Bihar,2024,71,19,283,5.4
11229,Gaya_Village_104,Gaya,Bihar,2025,142,5,390,13.4
11230,Gaya_Village_105,Gaya,Bihar,2022,263,15,200,7.2
11230,Gaya_Village_105,Gaya,Bihar,2023,220,6,363,8.1
11230,Gaya_Village_105,Gaya,Bihar,2024,116,5,257,9.0
11230,Gaya_Village_105,Gaya,Bihar,2025,103,35,356,13.6
11231,Gaya_Village_106,Gaya,Bihar,2022,187,20,215,11.7
11231,Gaya_Village_106,Gaya,Bihar,2023,91,26,242,10.7
11231,Gaya_Village_106,Gaya,Bihar,2024,113,22,379,9.2
11231,Gaya_Village_106,Gaya,Bihar,2025,175,21,356,10.7
11232,Gaya_Village_107,Gaya,Bihar,2022,70,34,328,11.5
11232,Gaya_Village_107,Gaya,Bihar,2023,257,14,330,13.6
11232,Gaya_Village_107,Gaya,Bihar,2024,253,39,327,9.4
11232,Gaya_Village_107,Gaya,Bihar,2025,243,25,314,7.7
11233,Gaya_Village_108,Gaya,Bihar,2022,218,20,291,13.0
11233,Gaya_Village_108,Gaya,Bihar,2023,201,10,217,12.5
11233,Gaya_Village_108,Gaya,Bihar,2024,84,7,310,5.5
11233,Gaya_Village_108,Gaya,Bihar,2025,233,25,288,5.8
11234,Gaya_Village_109,Gaya,Bihar,2022,79,17,223,14.6
11234,Gaya_Village_109,Gaya,Bihar,2023,106,22,362,8.8
11234,Gaya_Village_109,Gaya,Bihar,2024,271,28,328,9.2
11234,Gaya_Village_109,Gaya,Bihar,2025,96,31,385,6.6
11235,Gaya_Village_110,Gaya,Bihar,2022,212,8,311,9.6
11235,Gaya_Village_110,Gaya,Bihar,2023,68,26,362,11.9
11235,Gaya_Village_110,Gaya,Bihar,2024,163,28,352,8.8
11235,Gaya_Village_110,Gaya,Bihar,2025,57,14,356,6.6
11236,Gaya_Village_111,Gaya,Bihar,2022,75,6,329,5.5
11236,Gaya_Village_111,Gaya,Bihar,2023,162,10,282,13.8
11236,Gaya_Village_111,Gaya,Bihar,2024,281,22,320,12.9
11236,Gaya_Village_111,Gaya,Bihar,2025,120,21,304,11.6
11237,Gaya_Village_112,Gaya,Bihar,2022,79,27,331,11.8
11237,Gaya_Village_112,Gaya,Bihar,2023,184,34,338,9.5
11237,Gaya_Village_112,Gaya,Bihar,2024,116,25,325,13.1
11237,Gaya_Village_112,Gaya,Bihar,2025,114,14,389,11.6
11238,Gaya_Village_113,Gaya,Bihar,2022,85,17,328,13.1
11238,Gaya_Village_113,Gaya,Bihar,2023,74,16,247,7.4
11238,Gaya_Village_113,Gaya,Bihar,2024,86,13,259,8.1
11238,Gaya_Village_113,Gaya,Bihar,2025,50,8,249,10.7
11239,Gaya_Village_114,Gaya,Bihar,2022,192,28,317,8.4
11239,Gaya_Village_114,Gaya,Bihar,2023,86,38,354,9.3
11239,Gaya_Village_114,Gaya,Bihar,2024,190,9,267,10.5
11239,Gaya_Village_114,Gaya,Bihar,2025,281,19,261,7.9
11240,Gaya_Village_115,Gaya,Bihar,2022,185,8,308,12.8
11240,Gaya_Village_115,Gaya,Bihar,2023,182,12,254,5.3
11240,Gaya_Village_115,Gaya,Bihar,2024,237,28,369,11.2
11240,Gaya_Village_115,Gaya,Bihar,2025,177,32,355,4.8
11241,Gaya_Village_116,Gaya,Bihar,2022,250,31,327,14.3
11241,Gaya_Village_116,Gaya,Bihar,2023,176,5,309,7.4
11241,Gaya_Village_116,Gaya,Bihar,2024,50,38,376,12.1
11241,Gaya_Village_116,Gaya,Bihar,2025,213,21,273,8.8
11242,Gaya_Village_117,Gaya,Bihar,2022,84,30,344,5.5
11242,Gaya_Village_117,Gaya,Bihar,2023,243,28,287,10.2
11242,Gaya_Village_117,Gaya,Bihar,2024,240,25,250,13.3
11242,Gaya_Village_117,Gaya,Bihar,2025,153,34,304,5.0
11243,Gaya_Village_118,Gaya,Bihar,2022,72,17,297,7.9
11243,Gaya_Village_118,Gaya,Bihar,2023,58,7,289,8.7
11243,Gaya_Village_118,Gaya,Bihar,2024,83,36,348,6.6
11243,Gaya_Village_118,Gaya,Bihar,2025,223,39,392,13.2
11244,Gaya_Village_119,Gaya,Bihar,2022,255,23,312,8.5
11244,Gaya_Village_119,Gaya,Bihar,2023,177,18,328,11.0
11244,Gaya_Village_119,Gaya,Bihar,2024,53,26,332,6.1
11244,Gaya_Village_119,Gaya,Bihar,2025,207,21,324,5.6
11245,Gaya_Village_120,Gaya,Bihar,2022,272,8,262,6.3
11245,Gaya_Village_120,Gaya,Bihar,2023,151,23,271,8.7
11245,Gaya_Village_120,Gaya,Bihar,2024,124,6,258,9.3
11245,Gaya_Village_120,Gaya,Bihar,2025,148,19,373,3.4
11246,Gaya_Village_121,Gaya,Bihar,2022,121,6,323,13.2
11246,Gaya_Village_121,Gaya,Bihar,2023,52,15,273,9.5
11246,Gaya_Village_121,Gaya,Bihar,2024,191,27,315,5.4
11246,Gaya_Village_121,Gaya,Bihar,2025,237,14,315,4.0
11247,Gaya_Village_122,Gaya,Bihar,2022,254,7,288,5.2
11247,Gaya_Village_122,Gaya,Bihar,2023,222,9,312,6.8
11247,Gaya_Village_122,Gaya,Bihar,2024,273,7,273,8.9
11247,Gaya_Village_122,Gaya,Bihar,2025,83,17,360,12.3
11248,Gaya_Village_123,Gaya,Bihar,2022,94,23,274,14.0
11248,Gaya_Village_123,Gaya,Bihar,2023,110,39,357,12.8
11248,Gaya_Village_123,Gaya,Bihar,2024,132,28,252,7.1
11248,Gaya_Village_123,Gaya,Bihar,2025,172,28,289,6.5
11249,Gaya_Village_124,Gaya,Bihar,2022,151,21,291,14.9
11249,Gaya_Village_124,Gaya,Bihar,2023,65,14,227,11.3
11249,Gaya_Village_124,Gaya,Bihar,2024,115,6,263,6.9
11249,Gaya_Village_124,Gaya,Bihar,2025,217,27,314,6.8
11250,Gaya_Village_125,Gaya,Bihar,2022,194,10,307,9.1
11250,Gaya_Village_125,Gaya,Bihar,2023,168,6,347,10.6
11250,Gaya_Village_125,Gaya,Bihar,2024,211,25,355,13.1
11250,Gaya_Village_125,Gaya,Bihar,2025,283,39,265,5.4
11251,Muzaffarpur_Village_1,Muzaffarpur,Bihar,2022,173,33,330,5.4
11251,Muzaffarpur_Village_1,Muzaffarpur,Bihar,2023,193,11,237,8.4
11251,Muzaffarpur_Village_1,Muzaffarpur,Bihar,2024,151,33,248,6.3
11251,Muzaffarpur_Village_1,Muzaffarpur,Bihar,2025,237,27,294,9.3
11252,Muzaffarpur_Village_2,Muzaffarpur,Bihar,2022,115,37,219,11.8
11252,Muzaffarpur_Village_2,Muzaffarpur,Bihar,2023,243,12,330,7.4
11252,Muzaffarpur_Village_2,Muzaffarpur,Bihar,2024,267,16,321,10.9
11252,Muzaffarpur_Village_2,Muzaffarpur,Bihar,2025,62,14,337,6.9
11253,Muzaffarpur_Village_3,Muzaffarpur,Bihar,2022,233,19,282,11.2
11253,Muzaffarpur_Village_3,Muzaffarpur,Bihar,2023,160,28,267,10.7
11253,Muzaffarpur_Village_3,Muzaffarpur,Bihar,2024,208,30,352,6.6
11253,Muzaffarpur_Village_3,Muzaffarpur,Bihar,2025,83,7,329,10.0
11254,Muzaffarpur_Village_4,Muzaffarpur,Bihar,2022,88,6,281,8.5
11254,Muzaffarpur_Village_4,Muzaffarpur,Bihar,2023,244,10,223,7.6
11254,Muzaffarpur_Village_4,Muzaffarpur,Bihar,2024,185,25,233,6.7
11254,Muzaffarpur_Village_4,Muzaffarpur,Bihar,2025,264,13,269,6.9
11255,Muzaffarpur_Village_5,Muzaffarpur,Bihar,2022,255,14,233,12.8
11255,Muzaffarpur_Village_5,Muzaffarpur,Bihar,2023,169,7,287,6.7
11255,Muzaffarpur_Village_5,Muzaffarpur,Bihar,2024,175,28,366,10.9
11255,Muzaffarpur_Village_5,Muzaffarpur,Bihar,2025,104,26,326,12.8
11256,Muzaffarpur_Village_6,Muzaffarpur,Bihar,2022,76,18,340,8.2
11256,Muzaffarpur_Village_6,Muzaffarpur,Bihar,2023,167,31,351,4.4
11256,Muzaffarpur_Village_6,Muzaffarpur,Bihar,2024,270,37,233,4.0
11256,Muzaffarpur_Village_6,Muzaffarpur,Bihar,2025,280,26,251,4.8
11257,Muzaffarpur_Village_7,Muzaffarpur,Bihar,2022,102,33,214,5.7
11257,Muzaffarpur_Village_7,Muzaffarpur,Bihar,2023,88,23,252,12.0
11257,Muzaffarpur_Village_7,Muzaffarpur,Bihar,2024,114,23,320,6.8
11257,Muzaffarpur_Village_7,Muzaffarpur,Bihar,2025,194,10,296,10.2
11258,Muzaffarpur_Village_8,Muzaffarpur,Bihar,2022,282,23,280,4.9
11258,Muzaffarpur_Village_8,Muzaffarpur,Bihar,2023,207,17,314,7.2
11258,Muzaffarpur_Village_8,Muzaffarpur,Bihar,2024,230,30,236,6.2
11258,Muzaffarpur_Village_8,Muzaffarpur,Bihar,2025,62,26,351,6.2
11259,Muzaffarpur_Village_9,Muzaffarpur,Bihar,2022,70,25,244,6.5
11259,Muzaffarpur_Village_9,Muzaffarpur,Bihar,2023,196,6,273,10.6
11259,Muzaffarpur_Village_9,Muzaffarpur,Bihar,2024,102,34,351,10.7
11259,Muzaffarpur_Village_9,Muzaffarpur,Bihar,2025,68,31,265,4.9
11260,Muzaffarpur_Village_10,Muzaffarpur,Bihar,2022,106,11,202,12.3
11260,Muzaffarpur_Village_10,Muzaffarpur,Bihar,2023,74,24,356,6.7
11260,Muzaffarpur_Village_10,Muzaffarpur,Bihar,2024,263,35,231,6.7
11260,Muzaffarpur_Village_10,Muzaffarpur,Bihar,2025,80,27,273,12.0
11261,Muzaffarpur_Village_11,Muzaffarpur,Bihar,2022,130,17,345,14.0
11261,Muzaffarpur_Village_11,Muzaffarpur,Bihar,2023,232,21,251,12.8
11261,Muzaffarpur_Village_11,Muzaffarpur,Bihar,2024,72,8,274,5.3
11261,Muzaffarpur_Village_11,Muzaffarpur,Bihar,2025,81,18,364,13.8
11262,Muzaffarpur_Village_12,Muzaffarpur,Bihar,2022,239,24,245,11.6
11262,Muzaffarpur_Village_12,Muzaffarpur,Bihar,2023,123,17,354,9.5
11262,Muzaffarpur_Village_12,Muzaffarpur,Bihar,2024,59,7,282,13.7
11262,Muzaffarpur_Village_12,Muzaffarpur,Bihar,2025,277,30,289,11.9
11263,Muzaffarpur_Village_13,Muzaffarpur,Bihar,2022,249,30,231,11.8
11263,Muzaffarpur_Village_13,Muzaffarpur,Bihar,2023,103,22,232,12.9
11263,Muzaffarpur_Village_13,Muzaffarpur,Bihar,2024,101,36,242,7.7
11263,Muzaffarpur_Village_13,Muzaffarpur,Bihar,2025,197,18,376,10.5
11264,Muzaffarpur_Village_14,Muzaffarpur,Bihar,2022,209,7,222,6.5
11264,Muzaffarpur_Village_14,Muzaffarpur,Bihar,2023,163,5,276,14.5
11264,Muzaffarpur_Village_14,Muzaffarpur,Bihar,2024,63,30,283,9.9
11264,Muzaffarpur_Village_14,Muzaffarpur,Bihar,2025,227,28,313,11.8
11265,Muzaffarpur_Village_15,Muzaffarpur,Bihar,2022,205,39,213,8.8
11265,Muzaffarpur_Village_15,Muzaffarpur,Bihar,2023,159,18,312,12.1
11265,Muzaffarpur_Village_15,Muzaffarpur,Bihar,2024,293,7,257,7.8
11265,Muzaffarpur_Village_15,Muzaffarpur,Bihar,2025,102,17,339,9.5
11266,Muzaffarpur_Village_16,Muzaffarpur,Bihar,2022,201,18,270,12.7
11266,Muzaffarpur_Village_16,Muzaffarpur,Bihar,2023,128,25,281,5.3
11266,Muzaffarpur_Village_16,Muzaffarpur,Bihar,2024,71,30,329,7.4
11266,Muzaffarpur_Village_16,Muzaffarpur,Bihar,2025,79,7,305,9.0
11267,Muzaffarpur_Village_17,Muzaffarpur,Bihar,2022,240,8,302,8.0
11267,Muzaffarpur_Village_17,Muzaffarpur,Bihar,2023,53,5,351,7.3
11267,Muzaffarpur_Village_17,Muzaffarpur,Bihar,2024,254,37,348,6.7
11267,Muzaffarpur_Village_17,Muzaffarpur,Bihar,2025,108,11,261,5.7
11268,Muzaffarpur_Village_18,Muzaffarpur,Bihar,2022,264,15,248,13.4
11268,Muzaffarpur_Village_18,Muzaffarpur,Bihar,2023,57,31,292,13.8
11268,Muzaffarpur_Village_18,Muzaffarpur,Bihar,2024,259,18,275,11.1
11268,Muzaffarpur_Village_18,Muzaffarpur,Bihar,2025,61,26,337,3.6
11269,Muzaffarpur_Village_19,Muzaffarpur,Bihar,2022,168,20,320,12.8
11269,Muzaffarpur_Village_19,Muzaffarpur,Bihar,2023,208,16,227,9.7
11269,Muzaffarpur_Village_19,Muzaffarpur,Bihar,2024,255,14,274,11.7
11269,Muzaffarpur_Village_19,Muzaffarpur,Bihar,2025,83,28,261,7.9
11270,Muzaffarpur_Village_20,Muzaffarpur,Bihar,2022,131,22,246,4.9
11270,Muzaffarpur_Village_20,Muzaffarpur,Bihar,2023,297,26,276,11.3
11270,Muzaffarpur_Village_20,Muzaffarpur,Bihar,2024,147,13,272,8.4
11270,Muzaffarpur_Village_20,Muzaffarpur,Bihar,2025,176,21,312,12.5
11271,Muzaffarpur_Village_21,Muzaffarpur,Bihar,2022,124,17,323,12.3
11271,Muzaffarpur_Village_21,Muzaffarpur,Bihar,2023,154,10,323,7.9
11271,Muzaffarpur_Village_21,Muzaffarpur,Bihar,2024,253,25,257,11.3
11271,Muzaffarpur_Village_21,Muzaffarpur,Bihar,2025,98,11,338,8.5
11272,Muzaffarpur_Village_22,Muzaffarpur,Bihar,2022,128,29,317,6.6
11272,Muzaffarpur_Village_22,Muzaffarpur,Bihar,2023,234,15,305,8.5
11272,Muzaffarpur_Village_22,Muzaffarpur,Bihar,2024,272,18,313,6.0
11272,Muzaffarpur_Village_22,Muzaffarpur,Bihar,2025,290,33,277,3.4
11273,Muzaffarpur_Village_23,Muzaffarpur,Bihar,2022,299,14,224,7.1
11273,Muzaffarpur_Village_23,Muzaffarpur,Bihar,2023,142,9,233,6.3
11273,Muzaffarpur_Village_23,Muzaffarpur,Bihar,2024,203,12,335,3.7
11273,Muzaffarpur_Village_23,Muzaffarpur,Bihar,2025,67,9,277,11.5
11274,Muzaffarpur_Village_24,Muzaffarpur,Bihar,2022,145,28,266,5.3
11274,Muzaffarpur_Village_24,Muzaffarpur,Bihar,2023,263,30,356,8.8
11274,Muzaffarpur_Village_24,Muzaffarpur,Bihar,2024,87,10,271,8.1
11274,Muzaffarpur_Village_24,Muzaffarpur,Bihar,2025,258,20,339,5.2
11275,Muzaffarpur_Village_25,Muzaffarpur,Bihar,2022,136,16,246,14.7
11275,Muzaffarpur_Village_25,Muzaffarpur,Bihar,2023,137,15,249,10.4
11275,Muzaffarpur_Village_25,Muzaffarpur,Bihar,2024,99,7,346,12.2
11275,Muzaffarpur_Village_25,Muzaffarpur,Bihar,2025,57,10,320,8.5
11276,Muzaffarpur_Village_26,Muzaffarpur,Bihar,2022,218,23,341,12.1
11276,Muzaffarpur_Village_26,Muzaffarpur,Bihar,2023,183,22,360,14.3
11276,Muzaffarpur_Village_26,Muzaffarpur,Bihar,2024,118,20,357,7.4
11276,Muzaffarpur_Village_26,Muzaffarpur,Bihar,2025,221,27,299,8.6
11277,Muzaffarpur_Village_27,Muzaffarpur,Bihar,2022,170,13,297,9.9
11277,Muzaffarpur_Village_27,Muzaffarpur,Bihar,2023,113,7,322,14.5
11277,Muzaffarpur_Village_27,Muzaffarpur,Bihar,2024,206,12,278,6.1
11277,Muzaffarpur_Village_27,Muzaffarpur,Bihar,2025,205,8,357,10.4
11278,Muzaffarpur_Village_28,Muzaffarpur,Bihar,2022,188,16,333,6.0
11278,Muzaffarpur_Village_28,Muzaffarpur,Bihar,2023,170,35,284,13.8
11278,Muzaffarpur_Village_28,Muzaffarpur,Bihar,2024,114,29,315,9.9
11278,Muzaffarpur_Village_28,Muzaffarpur,Bihar,2025,156,20,380,12.3
11279,Muzaffarpur_Village_29,Muzaffarpur,Bihar,2022,196,18,342,13.9
11279,Muzaffarpur_Village_29,Muzaffarpur,Bihar,2023,186,17,253,9.9
11279,Muzaffarpur_Village_29,Muzaffarpur,Bihar,2024,204,11,360,10.9
11279,Muzaffarpur_Village_29,Muzaffarpur,Bihar,2025,211,16,254,10.6
11280,Muzaffarpur_Village_30,Muzaffarpur,Bihar,2022,221,8,202,9.3
11280,Muzaffarpur_Village_30,Muzaffarpur,Bihar,2023,245,6,260,8.7
11280,Muzaffarpur_Village_30,Muzaffarpur,Bihar,2024,149,39,379,5.7
11280,Muzaffarpur_Village_30,Muzaffarpur,Bihar,2025,131,7,311,7.3
11281,Muzaffarpur_Village_31,Muzaffarpur,Bihar,2022,192,8,296,14.9
11281,Muzaffarpur_Village_31,Muzaffarpur,Bihar,2023,100,16,233,6.9
11281,Muzaffarpur_Village_31,Muzaffarpur,Bihar,2024,190,23,291,11.7
11281,Muzaffarpur_Village_31,Muzaffarpur,Bihar,2025,132,14,342,3.9
11282,Muzaffarpur_Village_32,Muzaffarpur,Bihar,2022,226,5,256,9.4
11282,Muzaffarpur_Village_32,Muzaffarpur,Bihar,2023,247,21,309,4.7
11282,Muzaffarpur_Village_32,Muzaffarpur,Bihar,2024,161,20,336,8.7
11282,Muzaffarpur_Village_32,Muzaffarpur,Bihar,2025,105,13,332,3.6
11283,Muzaffarpur_Village_33,Muzaffarpur,Bihar,2022,253,13,340,10.9
11283,Muzaffarpur_Village_33,Muzaffarpur,Bihar,2023,228,13,358,10.3
11283,Muzaffarpur_Village_33,Muzaffarpur,Bihar,2024,214,16,373,12.1
11283,Muzaffarpur_Village_33,Muzaffarpur,Bihar,2025,194,19,359,9.4
11284,Muzaffarpur_Village_34,Muzaffarpur,Bihar,2022,235,6,318,14.2
11284,Muzaffarpur_Village_34,Muzaffarpur,Bihar,2023,264,15,266,12.3
11284,Muzaffarpur_Village_34,Muzaffarpur,Bihar,2024,267,15,270,5.1
11284,Muzaffarpur_Village_34,Muzaffarpur,Bihar,2025,206,12,292,6.1
11285,Muzaffarpur_Village_35,Muzaffarpur,Bihar,2022,210,36,290,4.8
11285,Muzaffarpur_Village_35,Muzaffarpur,Bihar,2023,109,10,253,8.2
11285,Muzaffarpur_Village_35,Muzaffarpur,Bihar,2024,268,24,242,9.1
11285,Muzaffarpur_Village_35,Muzaffarpur,Bihar,2025,266,39,376,13.2
11286,Muzaffarpur_Village_36,Muzaffarpur,Bihar,2022,169,12,295,10.0
11286,Muzaffarpur_Village_36,Muzaffarpur,Bihar,2023,232,38,323,12.3
11286,Muzaffarpur_Village_36,Muzaffarpur,Bihar,2024,187,23,333,6.5
11286,Muzaffarpur_Village_36,Muzaffarpur,Bihar,2025,224,11,342,4.9
11287,Muzaffarpur_Village_37,Muzaffarpur,Bihar,2022,72,35,242,13.0
11287,Muzaffarpur_Village_37,Muzaffarpur,Bihar,2023,262,22,302,6.7
11287,Muzaffarpur_Village_37,Muzaffarpur,Bihar,2024,198,18,322,12.8
11287,Muzaffarpur_Village_37,Muzaffarpur,Bihar,2025,284,21,370,5.1
11288,Muzaffarpur_Village_38,Muzaffarpur,Bihar,2022,62,13,308,13.4
11288,Muzaffarpur_Village_38,Muzaffarpur,Bihar,2023,150,24,261,12.2
11288,Muzaffarpur_Village_38,Muzaffarpur,Bihar,2024,210,32,321,10.1
11288,Muzaffarpur_Village_38,Muzaffarpur,Bihar,2025,73,24,285,12.2
11289,Muzaffarpur_Village_39,Muzaffarpur,Bihar,2022,157,31,202,8.0
11289,Muzaffarpur_Village_39,Muzaffarpur,Bihar,2023,60,12,335,5.8
11289,Muzaffarpur_Village_39,Muzaffarpur,Bihar,2024,66,36,306,5.3
11289,Muzaffarpur_Village_39,Muzaffarpur,Bihar,2025,245,5,339,6.1
11290,Muzaffarpur_Village_40,Muzaffarpur,Bihar,2022,224,21,212,9.2
11290,Muzaffarpur_Village_40,Muzaffarpur,Bihar,2023,74,13,319,13.3
11290,Muzaffarpur_Village_40,Muzaffarpur,Bihar,2024,143,24,247,4.6
11290,Muzaffarpur_Village_40,Muzaffarpur,Bihar,2025,250,36,281,12.9
11291,Muzaffarpur_Village_41,Muzaffarpur,Bihar,2022,70,6,254,14.2
11291,Muzaffarpur_Village_41,Muzaffarpur,Bihar,2023,133,36,266,11.7
11291,Muzaffarpur_Village_41,Muzaffarpur,Bihar,2024,260,13,265,13.2
11291,Muzaffarpur_Village_41,Muzaffarpur,Bihar,2025,260,34,358,11.4
11292,Muzaffarpur_Village_42,Muzaffarpur,Bihar,2022,189,24,251,10.0
11292,Muzaffarpur_Village_42,Muzaffarpur,Bihar,2023,86,5,233,10.4
11292,Muzaffarpur_Village_42,Muzaffarpur,Bihar,2024,91,9,369,10.3
11292,Muzaffarpur_Village_42,Muzaffarpur,Bihar,2025,194,39,336,4.6
11293,Muzaffarpur_Village_43,Muzaffarpur,Bihar,2022,150,5,338,6.5
11293,Muzaffarpur_Village_43,Muzaffarpur,Bihar,2023,295,18,262,9.6
11293,Muzaffarpur_Village_43,Muzaffarpur,Bihar,2024,97,13,330,4.9
11293,Muzaffarpur_Village_43,Muzaffarpur,Bihar,2025,152,34,343,13.4
11294,Muzaffarpur_Village_44,Muzaffarpur,Bihar,2022,77,28,343,9.8
11294,Muzaffarpur_Village_44,Muzaffarpur,Bihar,2023,90,8,261,8.1
11294,Muzaffarpur_Village_44,Muzaffarpur,Bihar,2024,148,18,296,5.4
11294,Muzaffarpur_Village_44,Muzaffarpur,Bihar,2025,96,29,275,7.7
11295,Muzaffarpur_Village_45,Muzaffarpur,Bihar,2022,289,8,275,7.7
11295,Muzaffarpur_Village_45,Muzaffarpur,Bihar,2023,195,29,222,5.0
11295,Muzaffarpur_Village_45,Muzaffarpur,Bihar,2024,255,14,273,13.9
11295,Muzaffarpur_Village_45,Muzaffarpur,Bihar,2025,276,39,279,6.1
11296,Muzaffarpur_Village_46,Muzaffarpur,Bihar,2022,285,11,213,11.7
11296,Muzaffarpur_Village_46,Muzaffarpur,Bihar,2023,154,17,324,5.1
11296,Muzaffarpur_Village_46,Muzaffarpur,Bihar,2024,173,8,233,13.3
11296,Muzaffarpur_Village_46,Muzaffarpur,Bihar,2025,248,18,389,9.5
11297,Muzaffarpur_Village_47,Muzaffarpur,Bihar,2022,282,22,311,11.4
11297,Muzaffarpur_Village_47,Muzaffarpur,Bihar,2023,62,12,283,12.3
11297,Muzaffarpur_Village_47,Muzaffarpur,Bihar,2024,259,36,278,10.1
11297,Muzaffarpur_Village_47,Muzaffarpur,Bihar,2025,278,31,299,4.0
11298,Muzaffarpur_Village_48,Muzaffarpur,Bihar,2022,190,27,280,9.0
11298,Muzaffarpur_Village_48,Muzaffarpur,Bihar,2023,149,11,354,6.9
11298,Muzaffarpur_Village_48,Muzaffarpur,Bihar,2024,80,16,368,8.8
11298,Muzaffarpur_Village_48,Muzaffarpur,Bihar,2025,179,29,359,7.5
11299,Muzaffarpur_Village_49,Muzaffarpur,Bihar,2022,65,7,274,13.2
11299,Muzaffarpur_Village_49,Muzaffarpur,Bihar,2023,186,30,312,6.7
11299,Muzaffarpur_Village_49,Muzaffarpur,Bihar,2024,122,8,356,5.8
11299,Muzaffarpur_Village_49,Muzaffarpur,Bihar,2025,215,19,355,13.4
11300,Muzaffarpur_Village_50,Muzaffarpur,Bihar,2022,252,36,300,14.5
11300,Muzaffarpur_Village_50,Muzaffarpur,Bihar,2023,103,33,328,14.5
11300,Muzaffarpur_Village_50,Muzaffarpur,Bihar,2024,233,14,258,9.7
11300,Muzaffarpur_Village_50,Muzaffarpur,Bihar,2025,263,25,306,4.5
11301,Muzaffarpur_Village_51,Muzaffarpur,Bihar,2022,274,20,252,13.7
11301,Muzaffarpur_Village_51,Muzaffarpur,Bihar,2023,149,23,331,5.6
11301,Muzaffarpur_Village_51,Muzaffarpur,Bihar,2024,158,33,320,5.3
11301,Muzaffarpur_Village_51,Muzaffarpur,Bihar,2025,136,22,350,5.3
11302,Muzaffarpur_Village_52,Muzaffarpur,Bihar,2022,222,20,285,11.4
11302,Muzaffarpur_Village_52,Muzaffarpur,Bihar,2023,286,5,342,5.2
11302,Muzaffarpur_Village_52,Muzaffarpur,Bihar,2024,211,6,329,11.9
11302,Muzaffarpur_Village_52,Muzaffarpur,Bihar,2025,186,19,338,3.9
11303,Muzaffarpur_Village_53,Muzaffarpur,Bihar,2022,265,32,275,5.7
11303,Muzaffarpur_Village_53,Muzaffarpur,Bihar,2023,57,5,217,8.7
11303,Muzaffarpur_Village_53,Muzaffarpur,Bihar,2024,56,9,310,7.7
11303,Muzaffarpur_Village_53,Muzaffarpur,Bihar,2025,85,26,349,13.7
11304,Muzaffarpur_Village_54,Muzaffarpur,Bihar,2022,67,17,231,14.7
11304,Muzaffarpur_Village_54,Muzaffarpur,Bihar,2023,52,5,222,6.1
11304,Muzaffarpur_Village_54,Muzaffarpur,Bihar,2024,77,20,316,13.6
11304,Muzaffarpur_Village_54,Muzaffarpur,Bihar,2025,119,26,274,10.6
11305,Muzaffarpur_Village_55,Muzaffarpur,Bihar,2022,285,36,342,8.8
11305,Muzaffarpur_Village_55,Muzaffarpur,Bihar,2023,221,20,288,11.9
11305,Muzaffarpur_Village_55,Muzaffarpur,Bihar,2024,198,19,352,13.2
11305,Muzaffarpur_Village_55,Muzaffarpur,Bihar,2025,77,16,365,5.2
11306,Muzaffarpur_Village_56,Muzaffarpur,Bihar,2022,281,5,237,6.6
11306,Muzaffarpur_Village_56,Muzaffarpur,Bihar,2023,103,21,357,8.4
11306,Muzaffarpur_Village_56,Muzaffarpur,Bihar,2024,231,32,344,5.5
11306,Muzaffarpur_Village_56,Muzaffarpur,Bihar,2025,114,11,353,7.1
11307,Muzaffarpur_Village_57,Muzaffarpur,Bihar,2022,149,13,277,11.3
11307,Muzaffarpur_Village_57,Muzaffarpur,Bihar,2023,70,26,250,12.6
11307,Muzaffarpur_Village_57,Muzaffarpur,Bihar,2024,284,30,319,6.9
11307,Muzaffarpur_Village_57,Muzaffarpur,Bihar,2025,276,16,284,6.3
11308,Muzaffarpur_Village_58,Muzaffarpur,Bihar,2022,62,11,273,12.7
11308,Muzaffarpur_Village_58,Muzaffarpur,Bihar,2023,106,19,260,8.1
11308,Muzaffarpur_Village_58,Muzaffarpur,Bihar,2024,98,25,336,12.3
11308,Muzaffarpur_Village_58,Muzaffarpur,Bihar,2025,167,18,390,13.7
11309,Muzaffarpur_Village_59,Muzaffarpur,Bihar,2022,103,6,299,14.8
11309,Muzaffarpur_Village_59,Muzaffarpur,Bihar,2023,187,12,275,11.1
11309,Muzaffarpur_Village_59,Muzaffarpur,Bihar,2024,102,10,232,7.6
11309,Muzaffarpur_Village_59,Muzaffarpur,Bihar,2025,93,37,326,4.0
11310,Muzaffarpur_Village_60,Muzaffarpur,Bihar,2022,96,10,206,12.2
11310,Muzaffarpur_Village_60,Muzaffarpur,Bihar,2023,102,30,245,14.4
11310,Muzaffarpur_Village_60,Muzaffarpur,Bihar,2024,123,18,294,4.4
11310,Muzaffarpur_Village_60,Muzaffarpur,Bihar,2025,95,12,339,3.4
11311,Muzaffarpur_Village_61,Muzaffarpur,Bihar,2022,62,17,263,13.2
11311,Muzaffarpur_Village_61,Muzaffarpur,Bihar,2023,214,17,291,5.2
11311,Muzaffarpur_Village_61,Muzaffarpur,Bihar,2024,151,32,232,4.6
11311,Muzaffarpur_Village_61,Muzaffarpur,Bihar,2025,73,22,337,12.9
11312,Muzaffarpur_Village_62,Muzaffarpur,Bihar,2022,51,23,234,5.3
11312,Muzaffarpur_Village_62,Muzaffarpur,Bihar,2023,263,36,229,5.3
11312,Muzaffarpur_Village_62,Muzaffarpur,Bihar,2024,130,26,250,9.7
11312,Muzaffarpur_Village_62,Muzaffarpur,Bihar,2025,149,6,306,11.2
11313,Muzaffarpur_Village_63,Muzaffarpur,Bihar,2022,191,17,282,8.7
11313,Muzaffarpur_Village_63,Muzaffarpur,Bihar,2023,187,27,218,8.5
11313,Muzaffarpur_Village_63,Muzaffarpur,Bihar,2024,212,29,370,10.3
11313,Muzaffarpur_Village_63,Muzaffarpur,Bihar,2025,202,32,311,8.6
11314,Muzaffarpur_Village_64,Muzaffarpur,Bihar,2022,180,15,293,4.7
11314,Muzaffarpur_Village_64,Muzaffarpur,Bihar,2023,160,37,272,5.3
11314,Muzaffarpur_Village_64,Muzaffarpur,Bihar,2024,151,28,359,9.8
11314,Muzaffarpur_Village_64,Muzaffarpur,Bihar,2025,66,6,269,11.6
11315,Muzaffarpur_Village_65,Muzaffarpur,Bihar,2022,61,34,210,12.5
11315,Muzaffarpur_Village_65,Muzaffarpur,Bihar,2023,231,21,215,11.9
11315,Muzaffarpur_Village_65,Muzaffarpur,Bihar,2024,165,38,277,11.8
11315,Muzaffarpur_Village_65,Muzaffarpur,Bihar,2025,73,26,357,3.8
11316,Muzaffarpur_Village_66,Muzaffarpur,Bihar,2022,78,9,337,13.9
11316,Muzaffarpur_Village_66,Muzaffarpur,Bihar,2023,220,20,295,13.4
11316,Muzaffarpur_Village_66,Muzaffarpur,Bihar,2024,202,17,259,9.3
11316,Muzaffarpur_Village_66,Muzaffarpur,Bihar,2025,277,30,358,5.9
11317,Muzaffarpur_Village_67,Muzaffarpur,Bihar,2022,171,35,218,10.7
11317,Muzaffarpur_Village_67,Muzaffarpur,Bihar,2023,237,27,324,10.0
11317,Muzaffarpur_Village_67,Muzaffarpur,Bihar,2024,139,16,263,6.0
11317,Muzaffarpur_Village_67,Muzaffarpur,Bihar,2025,279,18,276,9.6
11318,Muzaffarpur_Village_68,Muzaffarpur,Bihar,2022,114,22,275,12.9
11318,Muzaffarpur_Village_68,Muzaffarpur,Bihar,2023,133,31,340,12.6
11318,Muzaffarpur_Village_68,Muzaffarpur,Bihar,2024,168,32,363,4.3
11318,Muzaffarpur_Village_68,Muzaffarpur,Bihar,2025,205,22,385,5.4
11319,Muzaffarpur_Village_69,Muzaffarpur,Bihar,2022,65,20,285,11.5
11319,Muzaffarpur_Village_69,Muzaffarpur,Bihar,2023,224,20,289,13.1
11319,Muzaffarpur_Village_69,Muzaffarpur,Bihar,2024,258,17,364,9.2
11319,Muzaffarpur_Village_69,Muzaffarpur,Bihar,2025,153,33,289,10.7
11320,Muzaffarpur_Village_70,Muzaffarpur,Bihar,2022,141,13,264,4.7
11320,Muzaffarpur_Village_70,Muzaffarpur,Bihar,2023,235,30,308,10.5
11320,Muzaffarpur_Village_70,Muzaffarpur,Bihar,2024,253,32,248,13.8
11320,Muzaffarpur_Village_70,Muzaffarpur,Bihar,2025,76,17,363,10.2
11321,Muzaffarpur_Village_71,Muzaffarpur,Bihar,2022,295,13,246,14.2
11321,Muzaffarpur_Village_71,Muzaffarpur,Bihar,2023,230,18,260,10.0
11321,Muzaffarpur_Village_71,Muzaffarpur,Bihar,2024,219,16,258,12.6
11321,Muzaffarpur_Village_71,Muzaffarpur,Bihar,2025,236,36,344,4.6
11322,Muzaffarpur_Village_72,Muzaffarpur,Bihar,2022,224,7,264,5.8
11322,Muzaffarpur_Village_72,Muzaffarpur,Bihar,2023,271,20,342,5.4
11322,Muzaffarpur_Village_72,Muzaffarpur,Bihar,2024,282,24,280,8.8
11322,Muzaffarpur_Village_72,Muzaffarpur,Bihar,2025,211,36,266,6.8
11323,Muzaffarpur_Village_73,Muzaffarpur,Bihar,2022,214,27,309,12.1
11323,Muzaffarpur_Village_73,Muzaffarpur,Bihar,2023,183,21,285,13.6
11323,Muzaffarpur_Village_73,Muzaffarpur,Bihar,2024,184,20,262,10.2
11323,Muzaffarpur_Village_73,Muzaffarpur,Bihar,2025,273,12,371,5.5
11324,Muzaffarpur_Village_74,Muzaffarpur,Bihar,2022,273,23,308,14.3
11324,Muzaffarpur_Village_74,Muzaffarpur,Bihar,2023,294,34,314,9.6
11324,Muzaffarpur_Village_74,Muzaffarpur,Bihar,2024,202,38,273,11.3
11324,Muzaffarpur_Village_74,Muzaffarpur,Bihar,2025,82,18,251,12.7
11325,Muzaffarpur_Village_75,Muzaffarpur,Bihar,2022,104,26,327,14.9
11325,Muzaffarpur_Village_75,Muzaffarpur,Bihar,2023,235,21,305,9.4
11325,Muzaffarpur_Village_75,Muzaffarpur,Bihar,2024,56,19,359,12.2
11325,Muzaffarpur_Village_75,Muzaffarpur,Bihar,2025,293,36,261,9.3
11326,Muzaffarpur_Village_76,Muzaffarpur,Bihar,2022,106,17,264,9.6
11326,Muzaffarpur_Village_76,Muzaffarpur,Bihar,2023,175,25,324,9.7
11326,Muzaffarpur_Village_76,Muzaffarpur,Bihar,2024,61,37,259,8.8
11326,Muzaffarpur_Village_76,Muzaffarpur,Bihar,2025,65,31,336,7.7
11327,Muzaffarpur_Village_77,Muzaffarpur,Bihar,2022,257,39,274,12.1
11327,Muzaffarpur_Village_77,Muzaffarpur,Bihar,2023,92,20,319,6.7
11327,Muzaffarpur_Village_77,Muzaffarpur,Bihar,2024,166,32,260,10.2
11327,Muzaffarpur_Village_77,Muzaffarpur,Bihar,2025,277,38,341,10.8
11328,Muzaffarpur_Village_78,Muzaffarpur,Bihar,2022,254,5,250,13.9
11328,Muzaffarpur_Village_78,Muzaffarpur,Bihar,2023,184,35,272,7.6
11328,Muzaffarpur_Village_78,Muzaffarpur,Bihar,2024,277,37,263,12.7
11328,Muzaffarpur_Village_78,Muzaffarpur,Bihar,2025,160,37,265,13.2
11329,Muzaffarpur_Village_79,Muzaffarpur,Bihar,2022,100,22,236,11.3
11329,Muzaffarpur_Village_79,Muzaffarpur,Bihar,2023,250,27,278,12.2
11329,Muzaffarpur_Village_79,Muzaffarpur,Bihar,2024,209,27,376,8.0
11329,Muzaffarpur_Village_79,Muzaffarpur,Bihar,2025,124,19,368,13.3
11330,Muzaffarpur_Village_80,Muzaffarpur,Bihar,2022,57,30,300,11.5
11330,Muzaffarpur_Village_80,Muzaffarpur,Bihar,2023,274,34,333,7.4
11330,Muzaffarpur_Village_80,Muzaffarpur,Bihar,2024,264,29,314,7.9
11330,Muzaffarpur_Village_80,Muzaffarpur,Bihar,2025,266,20,322,9.8
11331,Muzaffarpur_Village_81,Muzaffarpur,Bihar,2022,297,18,303,7.0
11331,Muzaffarpur_Village_81,Muzaffarpur,Bihar,2023,249,21,286,12.0
11331,Muzaffarpur_Village_81,Muzaffarpur,Bihar,2024,94,16,332,6.1
11331,Muzaffarpur_Village_81,Muzaffarpur,Bihar,2025,263,33,321,9.5
11332,Muzaffarpur_Village_82,Muzaffarpur,Bihar,2022,108,36,309,11.8
11332,Muzaffarpur_Village_82,Muzaffarpur,Bihar,2023,181,28,233,13.1
11332,Muzaffarpur_Village_82,Muzaffarpur,Bihar,2024,153,17,359,11.4
11332,Muzaffarpur_Village_82,Muzaffarpur,Bihar,2025,244,24,378,11.7
11333,Muzaffarpur_Village_83,Muzaffarpur,Bihar,2022,206,19,332,14.1
11333,Muzaffarpur_Village_83,Muzaffarpur,Bihar,2023,282,8,276,10.4
11333,Muzaffarpur_Village_83,Muzaffarpur,Bihar,2024,206,38,332,12.6
11333,Muzaffarpur_Village_83,Muzaffarpur,Bihar,2025,147,32,344,5.7
11334,Muzaffarpur_Village_84,Muzaffarpur,Bihar,2022,275,6,251,13.1
11334,Muzaffarpur_Village_84,Muzaffarpur,Bihar,2023,205,34,263,6.4
11334,Muzaffarpur_Village_84,Muzaffarpur,Bihar,2024,254,30,329,13.5
11334,Muzaffarpur_Village_84,Muzaffarpur,Bihar,2025,128,30,370,6.8
11335,Muzaffarpur_Village_85,Muzaffarpur,Bihar,2022,173,24,317,6.3
11335,Muzaffarpur_Village_85,Muzaffarpur,Bihar,2023,264,32,268,5.7
11335,Muzaffarpur_Village_85,Muzaffarpur,Bihar,2024,221,24,348,5.7
11335,Muzaffarpur_Village_85,Muzaffarpur,Bihar,2025,267,15,377,8.0
11336,Muzaffarpur_Village_86,Muzaffarpur,Bihar,2022,53,14,336,10.0
11336,Muzaffarpur_Village_86,Muzaffarpur,Bihar,2023,139,27,312,13.7
11336,Muzaffarpur_Village_86,Muzaffarpur,Bihar,2024,153,23,265,7.7
11336,Muzaffarpur_Village_86,Muzaffarpur,Bihar,2025,186,22,392,5.6
11337,Muzaffarpur_Village_87,Muzaffarpur,Bihar,2022,168,31,280,12.3
11337,Muzaffarpur_Village_87,Muzaffarpur,Bihar,2023,182,10,299,5.5
11337,Muzaffarpur_Village_87,Muzaffarpur,Bihar,2024,105,14,312,13.1
11337,Muzaffarpur_Village_87,Muzaffarpur,Bihar,2025,145,6,307,7.6
11338,Muzaffarpur_Village_88,Muzaffarpur,Bihar,2022,261,28,266,10.9
11338,Muzaffarpur_Village_88,Muzaffarpur,Bihar,2023,227,32,217,6.1
11338,Muzaffarpur_Village_88,Muzaffarpur,Bihar,2024,124,32,271,5.2
11338,Muzaffarpur_Village_88,Muzaffarpur,Bihar,2025,192,6,268,11.7
11339,Muzaffarpur_Village_89,Muzaffarpur,Bihar,2022,81,9,243,9.0
11339,Muzaffarpur_Village_89,Muzaffarpur,Bihar,2023,77,15,343,14.5
11339,Muzaffarpur_Village_89,Muzaffarpur,Bihar,2024,71,14,344,9.2
11339,Muzaffarpur_Village_89,Muzaffarpur,Bihar,2025,282,6,280,12.2
11340,Muzaffarpur_Village_90,Muzaffarpur,Bihar,2022,66,19,237,14.8
11340,Muzaffarpur_Village_90,Muzaffarpur,Bihar,2023,108,11,296,7.1
11340,Muzaffarpur_Village_90,Muzaffarpur,Bihar,2024,139,24,258,12.1
11340,Muzaffarpur_Village_90,Muzaffarpur,Bihar,2025,285,38,285,3.5
11341,Muzaffarpur_Village_91,Muzaffarpur,Bihar,2022,248,39,287,11.6
11341,Muzaffarpur_Village_91,Muzaffarpur,Bihar,2023,155,38,262,11.9
11341,Muzaffarpur_Village_91,Muzaffarpur,Bihar,2024,234,26,343,8.7
11341,Muzaffarpur_Village_91,Muzaffarpur,Bihar,2025,75,35,266,5.0
11342,Muzaffarpur_Village_92,Muzaffarpur,Bihar,2022,74,27,298,11.0
11342,Muzaffarpur_Village_92,Muzaffarpur,Bihar,2023,187,23,231,13.5
11342,Muzaffarpur_Village_92,Muzaffarpur,Bihar,2024,94,8,315,13.5
11342,Muzaffarpur_Village_92,Muzaffarpur,Bihar,2025,132,28,377,11.1
11343,Muzaffarpur_Village_93,Muzaffarpur,Bihar,2022,60,24,260,7.3
11343,Muzaffarpur_Village_93,Muzaffarpur,Bihar,2023,254,32,303,13.2
11343,Muzaffarpur_Village_93,Muzaffarpur,Bihar,2024,230,21,363,13.0
11343,Muzaffarpur_Village_93,Muzaffarpur,Bihar,2025,249,23,325,7.2
11344,Muzaffarpur_Village_94,Muzaffarpur,Bihar,2022,153,39,294,6.4
11344,Muzaffarpur_Village_94,Muzaffarpur,Bihar,2023,117,36,359,13.3
11344,Muzaffarpur_Village_94,Muzaffarpur,Bihar,2024,288,39,288,13.0
11344,Muzaffarpur_Village_94,Muzaffarpur,Bihar,2025,144,34,298,4.4
11345,Muzaffarpur_Village_95,Muzaffarpur,Bihar,2022,205,21,325,14.7
11345,Muzaffarpur_Village_95,Muzaffarpur,Bihar,2023,252,33,262,9.7
11345,Muzaffarpur_Village_95,Muzaffarpur,Bihar,2024,284,10,297,14.1
11345,Muzaffarpur_Village_95,Muzaffarpur,Bihar,2025,114,21,351,8.0
11346,Muzaffarpur_Village_96,Muzaffarpur,Bihar,2022,98,21,277,10.1
11346,Muzaffarpur_Village_96,Muzaffarpur,Bihar,2023,224,18,291,6.9
11346,Muzaffarpur_Village_96,Muzaffarpur,Bihar,2024,101,28,256,13.1
11346,Muzaffarpur_Village_96,Muzaffarpur,Bihar,2025,151,36,332,8.0
11347,Muzaffarpur_Village_97,Muzaffarpur,Bihar,2022,265,18,271,13.1
11347,Muzaffarpur_Village_97,Muzaffarpur,Bihar,2023,231,31,261,4.9
11347,Muzaffarpur_Village_97,Muzaffarpur,Bihar,2024,237,23,332,12.0
11347,Muzaffarpur_Village_97,Muzaffarpur,Bihar,2025,106,35,265,8.4
11348,Muzaffarpur_Village_98,Muzaffarpur,Bihar,2022,96,13,314,4.6
11348,Muzaffarpur_Village_98,Muzaffarpur,Bihar,2023,208,21,271,6.5
11348,Muzaffarpur_Village_98,Muzaffarpur,Bihar,2024,282,23,334,5.7
11348,Muzaffarpur_Village_98,Muzaffarpur,Bihar,2025,223,8,339,11.2
11349,Muzaffarpur_Village_99,Muzaffarpur,Bihar,2022,291,15,309,9.5
11349,Muzaffarpur_Village_99,Muzaffarpur,Bihar,2023,75,26,241,5.8
11349,Muzaffarpur_Village_99,Muzaffarpur,Bihar,2024,290,8,357,6.4
11349,Muzaffarpur_Village_99,Muzaffarpur,Bihar,2025,163,21,320,8.6
11350,Muzaffarpur_Village_100,Muzaffarpur,Bihar,2022,54,12,234,4.7
11350,Muzaffarpur_Village_100,Muzaffarpur,Bihar,2023,133,38,312,8.6
11350,Muzaffarpur_Village_100,Muzaffarpur,Bihar,2024,101,15,373,10.8
11350,Muzaffarpur_Village_100,Muzaffarpur,Bihar,2025,154,35,280,8.7
11351,Muzaffarpur_Village_101,Muzaffarpur,Bihar,2022,252,15,265,10.8
11351,Muzaffarpur_Village_101,Muzaffarpur,Bihar,2023,297,25,270,7.5
11351,Muzaffarpur_Village_101,Muzaffarpur,Bihar,2024,103,34,374,5.6
11351,Muzaffarpur_Village_101,Muzaffarpur,Bihar,2025,210,14,392,11.8
11352,Muzaffarpur_Village_102,Muzaffarpur,Bihar,2022,227,30,293,14.0
11352,Muzaffarpur_Village_102,Muzaffarpur,Bihar,2023,215,31,320,9.5
11352,Muzaffarpur_Village_102,Muzaffarpur,Bihar,2024,204,12,313,6.9
11352,Muzaffarpur_Village_102,Muzaffarpur,Bihar,2025,275,12,380,8.7
11353,Muzaffarpur_Village_103,Muzaffarpur,Bihar,2022,64,12,345,13.7
11353,Muzaffarpur_Village_103,Muzaffarpur,Bihar,2023,273,38,232,11.4
11353,Muzaffarpur_Village_103,Muzaffarpur,Bihar,2024,110,20,375,12.7
11353,Muzaffarpur_Village_103,Muzaffarpur,Bihar,2025,171,17,369,6.7
11354,Muzaffarpur_Village_104,Muzaffarpur,Bihar,2022,70,27,201,12.0
11354,Muzaffarpur_Village_104,Muzaffarpur,Bihar,2023,95,16,290,11.0
11354,Muzaffarpur_Village_104,Muzaffarpur,Bihar,2024,246,31,367,9.7
11354,Muzaffarpur_Village_104,Muzaffarpur,Bihar,2025,183,26,386,8.8
11355,Muzaffarpur_Village_105,Muzaffarpur,Bihar,2022,87,36,225,10.3
11355,Muzaffarpur_Village_105,Muzaffarpur,Bihar,2023,111,31,261,13.0
11355,Muzaffarpur_Village_105,Muzaffarpur,Bihar,2024,135,6,259,13.3
11355,Muzaffarpur_Village_105,Muzaffarpur,Bihar,2025,239,37,300,4.5
11356,Muzaffarpur_Village_106,Muzaffarpur,Bihar,2022,259,30,318,10.5
11356,Muzaffarpur_Village_106,Muzaffarpur,Bihar,2023,127,32,346,13.7
11356,Muzaffarpur_Village_106,Muzaffarpur,Bihar,2024,251,23,368,5.1
11356,Muzaffarpur_Village_106,Muzaffarpur,Bihar,2025,95,9,374,7.6
11357,Muzaffarpur_Village_107,Muzaffarpur,Bihar,2022,190,37,339,5.4
11357,Muzaffarpur_Village_107,Muzaffarpur,Bihar,2023,272,24,235,5.3
11357,Muzaffarpur_Village_107,Muzaffarpur,Bihar,2024,271,34,297,13.2
11357,Muzaffarpur_Village_107,Muzaffarpur,Bihar,2025,52,12,370,8.0
11358,Muzaffarpur_Village_108,Muzaffarpur,Bihar,2022,271,21,242,11.7
11358,Muzaffarpur_Village_108,Muzaffarpur,Bihar,2023,55,5,314,5.6
11358,Muzaffarpur_Village_108,Muzaffarpur,Bihar,2024,142,7,352,3.9
11358,Muzaffarpur_Village_108,Muzaffarpur,Bihar,2025,57,30,337,12.7
11359,Muzaffarpur_Village_109,Muzaffarpur,Bihar,2022,221,35,339,10.5
11359,Muzaffarpur_Village_109,Muzaffarpur,Bihar,2023,286,12,343,4.3
11359,Muzaffarpur_Village_109,Muzaffarpur,Bihar,2024,284,12,345,14.1
11359,Muzaffarpur_Village_109,Muzaffarpur,Bihar,2025,157,39,359,8.5
11360,Muzaffarpur_Village_110,Muzaffarpur,Bihar,2022,210,32,341,9.5
11360,Muzaffarpur_Village_110,Muzaffarpur,Bihar,2023,258,8,333,10.6
11360,Muzaffarpur_Village_110,Muzaffarpur,Bihar,2024,289,20,322,3.8
11360,Muzaffarpur_Village_110,Muzaffarpur,Bihar,2025,124,17,386,9.3
11361,Muzaffarpur_Village_111,Muzaffarpur,Bihar,2022,126,24,208,11.1
11361,Muzaffarpur_Village_111,Muzaffarpur,Bihar,2023,99,9,287,7.2
11361,Muzaffarpur_Village_111,Muzaffarpur,Bihar,2024,60,24,255,11.3
11361,Muzaffarpur_Village_111,Muzaffarpur,Bihar,2025,144,28,350,7.3
11362,Muzaffarpur_Village_112,Muzaffarpur,Bihar,2022,205,38,344,12.0
11362,Muzaffarpur_Village_112,Muzaffarpur,Bihar,2023,285,38,282,5.6
11362,Muzaffarpur_Village_112,Muzaffarpur,Bihar,2024,119,23,339,13.3
11362,Muzaffarpur_Village_112,Muzaffarpur,Bihar,2025,218,21,375,12.5
11363,Muzaffarpur_Village_113,Muzaffarpur,Bihar,2022,65,9,224,6.1
11363,Muzaffarpur_Village_113,Muzaffarpur,Bihar,2023,117,29,235,14.0
11363,Muzaffarpur_Village_113,Muzaffarpur,Bihar,2024,148,22,369,9.6
11363,Muzaffarpur_Village_113,Muzaffarpur,Bihar,2025,97,12,298,10.7
11364,Muzaffarpur_Village_114,Muzaffarpur,Bihar,2022,233,31,200,13.3
11364,Muzaffarpur_Village_114,Muzaffarpur,Bihar,2023,113,19,342,5.0
11364,Muzaffarpur_Village_114,Muzaffarpur,Bihar,2024,236,17,230,5.5
11364,Muzaffarpur_Village_114,Muzaffarpur,Bihar,2025,139,20,379,6.3
11365,Muzaffarpur_Village_115,Muzaffarpur,Bihar,2022,239,26,209,9.5
11365,Muzaffarpur_Village_115,Muzaffarpur,Bihar,2023,298,24,357,7.7
11365,Muzaffarpur_Village_115,Muzaffarpur,Bihar,2024,125,17,269,9.0
11365,Muzaffarpur_Village_115,Muzaffarpur,Bihar,2025,188,24,383,5.3
11366,Muzaffarpur_Village_116,Muzaffarpur,Bihar,2022,150,6,244,11.7
11366,Muzaffarpur_Village_116,Muzaffarpur,Bihar,2023,138,39,301,4.7
11366,Muzaffarpur_Village_116,Muzaffarpur,Bihar,2024,67,23,370,7.5
11366,Muzaffarpur_Village_116,Muzaffarpur,Bihar,2025,68,10,271,5.2
11367,Muzaffarpur_Village_117,Muzaffarpur,Bihar,2022,264,18,249,12.2
11367,Muzaffarpur_Village_117,Muzaffarpur,Bihar,2023,104,8,275,13.4
11367,Muzaffarpur_Village_117,Muzaffarpur,Bihar,2024,151,26,242,4.5
11367,Muzaffarpur_Village_117,Muzaffarpur,Bihar,2025,167,38,384,11.5
11368,Muzaffarpur_Village_118,Muzaffarpur,Bihar,2022,259,31,284,13.9
11368,Muzaffarpur_Village_118,Muzaffarpur,Bihar,2023,203,11,298,14.3
11368,Muzaffarpur_Village_118,Muzaffarpur,Bihar,2024,183,7,249,9.8
11368,Muzaffarpur_Village_118,Muzaffarpur,Bihar,2025,53,37,275,6.7
11369,Muzaffarpur_Village_119,Muzaffarpur,Bihar,2022,157,6,207,7.9
11369,Muzaffarpur_Village_119,Muzaffarpur,Bihar,2023,164,20,238,8.1
11369,Muzaffarpur_Village_119,Muzaffarpur,Bihar,2024,78,29,262,10.1
11369,Muzaffarpur_Village_119,Muzaffarpur,Bihar,2025,108,19,286,8.4
11370,Muzaffarpur_Village_120,Muzaffarpur,Bihar,2022,174,28,342,11.4
11370,Muzaffarpur_Village_120,Muzaffarpur,Bihar,2023,147,19,353,4.5
11370,Muzaffarpur_Village_120,Muzaffarpur,Bihar,2024,66,35,323,4.8
11370,Muzaffarpur_Village_120,Muzaffarpur,Bihar,2025,156,18,281,13.6
11371,Muzaffarpur_Village_121,Muzaffarpur,Bihar,2022,92,18,346,15.0
11371,Muzaffarpur_Village_121,Muzaffarpur,Bihar,2023,294,10,248,11.9
11371,Muzaffarpur_Village_121,Muzaffarpur,Bihar,2024,129,18,282,6.4
11371,Muzaffarpur_Village_121,Muzaffarpur,Bihar,2025,243,21,384,13.3
11372,Muzaffarpur_Village_122,Muzaffarpur,Bihar,2022,211,22,295,6.7
11372,Muzaffarpur_Village_122,Muzaffarpur,Bihar,2023,296,24,319,11.8
11372,Muzaffarpur_Village_122,Muzaffarpur,Bihar,2024,57,21,277,4.9
11372,Muzaffarpur_Village_122,Muzaffarpur,Bihar,2025,190,20,284,10.1
11373,Muzaffarpur_Village_123,Muzaffarpur,Bihar,2022,155,36,287,12.5
11373,Muzaffarpur_Village_123,Muzaffarpur,Bihar,2023,57,13,257,13.1
11373,Muzaffarpur_Village_123,Muzaffarpur,Bihar,2024,271,31,246,11.4
11373,Muzaffarpur_Village_123,Muzaffarpur,Bihar,2025,145,37,346,13.0
11374,Muzaffarpur_Village_124,Muzaffarpur,Bihar,2022,277,14,310,10.0
11374,Muzaffarpur_Village_124,Muzaffarpur,Bihar,2023,288,21,284,11.2
11374,Muzaffarpur_Village_124,Muzaffarpur,Bihar,2024,143,21,289,7.6
11374,Muzaffarpur_Village_124,Muzaffarpur,Bihar,2025,114,22,321,3.4
11375,Muzaffarpur_Village_125,Muzaffarpur,Bihar,2022,220,27,234,12.4
11375,Muzaffarpur_Village_125,Muzaffarpur,Bihar,2023,88,38,230,13.2
11375,Muzaffarpur_Village_125,Muzaffarpur,Bihar,2024,130,12,375,5.5
11375,Muzaffarpur_Village_125,Muzaffarpur,Bihar,2025,236,17,282,3.6
11376,Bhagalpur_Village_1,Bhagalpur,Bihar,2022,133,27,231,6.2
11376,Bhagalpur_Village_1,Bhagalpur,Bihar,2023,137,24,221,13.5
11376,Bhagalpur_Village_1,Bhagalpur,Bihar,2024,291,26,275,6.8
11376,Bhagalpur_Village_1,Bhagalpur,Bihar,2025,135,27,262,5.8
11377,Bhagalpur_Village_2,Bhagalpur,Bihar,2022,142,39,270,4.7
11377,Bhagalpur_Village_2,Bhagalpur,Bihar,2023,135,7,254,7.2
11377,Bhagalpur_Village_2,Bhagalpur,Bihar,2024,93,38,317,11.2
11377,Bhagalpur_Village_2,Bhagalpur,Bihar,2025,186,37,322,13.4
11378,Bhagalpur_Village_3,Bhagalpur,Bihar,2022,214,21,204,7.8
11378,Bhagalpur_Village_3,Bhagalpur,Bihar,2023,123,23,300,6.6
11378,Bhagalpur_Village_3,Bhagalpur,Bihar,2024,85,34,251,13.0
11378,Bhagalpur_Village_3,Bhagalpur,Bihar,2025,150,27,318,12.3
11379,Bhagalpur_Village_4,Bhagalpur,Bihar,2022,269,19,289,7.9
11379,Bhagalpur_Village_4,Bhagalpur,Bihar,2023,205,18,293,4.8
11379,Bhagalpur_Village_4,Bhagalpur,Bihar,2024,219,6,348,14.1
11379,Bhagalpur_Village_4,Bhagalpur,Bihar,2025,220,22,373,10.4
11380,Bhagalpur_Village_5,Bhagalpur,Bihar,2022,262,10,277,14.2
11380,Bhagalpur_Village_5,Bhagalpur,Bihar,2023,265,36,250,7.7
11380,Bhagalpur_Village_5,Bhagalpur,Bihar,2024,219,25,324,10.5
11380,Bhagalpur_Village_5,Bhagalpur,Bihar,2025,153,32,272,10.4
11381,Bhagalpur_Village_6,Bhagalpur,Bihar,2022,115,31,297,13.7
11381,Bhagalpur_Village_6,Bhagalpur,Bihar,2023,104,6,249,14.5
11381,Bhagalpur_Village_6,Bhagalpur,Bihar,2024,249,37,291,4.8
11381,Bhagalpur_Village_6,Bhagalpur,Bihar,2025,225,20,331,9.9
11382,Bhagalpur_Village_7,Bhagalpur,Bihar,2022,140,26,307,8.0
11382,Bhagalpur_Village_7,Bhagalpur,Bihar,2023,71,17,339,12.6
11382,Bhagalpur_Village_7,Bhagalpur,Bihar,2024,150,6,308,11.6
11382,Bhagalpur_Village_7,Bhagalpur,Bihar,2025,204,18,369,12.7
11383,Bhagalpur_Village_8,Bhagalpur,Bihar,2022,170,32,260,8.1
11383,Bhagalpur_Village_8,Bhagalpur,Bihar,2023,142,11,240,6.0
11383,Bhagalpur_Village_8,Bhagalpur,Bihar,2024,244,22,286,3.9
11383,Bhagalpur_Village_8,Bhagalpur,Bihar,2025,157,8,376,6.0
11384,Bhagalpur_Village_9,Bhagalpur,Bihar,2022,190,34,241,8.4
11384,Bhagalpur_Village_9,Bhagalpur,Bihar,2023,222,28,236,14.0
11384,Bhagalpur_Village_9,Bhagalpur,Bihar,2024,59,24,368,8.9
11384,Bhagalpur_Village_9,Bhagalpur,Bihar,2025,277,35,334,9.1
11385,Bhagalpur_Village_10,Bhagalpur,Bihar,2022,58,28,257,13.7
11385,Bhagalpur_Village_10,Bhagalpur,Bihar,2023,231,11,221,13.4
11385,Bhagalpur_Village_10,Bhagalpur,Bihar,2024,297,30,365,9.2
11385,Bhagalpur_Village_10,Bhagalpur,Bihar,2025,296,17,295,4.5
11386,Bhagalpur_Village_11,Bhagalpur,Bihar,2022,204,12,289,7.3
11386,Bhagalpur_Village_11,Bhagalpur,Bihar,2023,83,9,322,8.9
11386,Bhagalpur_Village_11,Bhagalpur,Bihar,2024,292,17,238,11.6
11386,Bhagalpur_Village_11,Bhagalpur,Bihar,2025,178,33,282,10.8
11387,Bhagalpur_Village_12,Bhagalpur,Bihar,2022,209,24,310,11.2
11387,Bhagalpur_Village_12,Bhagalpur,Bihar,2023,138,18,227,13.3
11387,Bhagalpur_Village_12,Bhagalpur,Bihar,2024,142,36,236,12.1
11387,Bhagalpur_Village_12,Bhagalpur,Bihar,2025,120,31,383,13.6
11388,Bhagalpur_Village_13,Bhagalpur,Bihar,2022,290,29,266,13.8
11388,Bhagalpur_Village_13,Bhagalpur,Bihar,2023,116,8,255,6.2
11388,Bhagalpur_Village_13,Bhagalpur,Bihar,2024,261,25,245,4.3
11388,Bhagalpur_Village_13,Bhagalpur,Bihar,2025,197,22,288,7.7
11389,Bhagalpur_Village_14,Bhagalpur,Bihar,2022,166,19,249,11.0
11389,Bhagalpur_Village_14,Bhagalpur,Bihar,2023,143,28,348,10.9
11389,Bhagalpur_Village_14,Bhagalpur,Bihar,2024,212,12,247,6.5
11389,Bhagalpur_Village_14,Bhagalpur,Bihar,2025,148,32,391,12.3
11390,Bhagalpur_Village_15,Bhagalpur,Bihar,2022,162,25,250,8.0
11390,Bhagalpur_Village_15,Bhagalpur,Bihar,2023,152,20,217,13.8
11390,Bhagalpur_Village_15,Bhagalpur,Bihar,2024,140,20,318,8.7
11390,Bhagalpur_Village_15,Bhagalpur,Bihar,2025,139,39,298,3.4
11391,Bhagalpur_Village_16,Bhagalpur,Bihar,2022,255,21,248,6.2
11391,Bhagalpur_Village_16,Bhagalpur,Bihar,2023,66,13,242,5.2
11391,Bhagalpur_Village_16,Bhagalpur,Bihar,2024,67,39,267,4.2
11391,Bhagalpur_Village_16,Bhagalpur,Bihar,2025,222,33,272,10.8
11392,Bhagalpur_Village_17,Bhagalpur,Bihar,2022,165,22,231,6.5
11392,Bhagalpur_Village_17,Bhagalpur,Bihar,2023,142,16,255,12.9
11392,Bhagalpur_Village_17,Bhagalpur,Bihar,2024,261,23,265,6.5
11392,Bhagalpur_Village_17,Bhagalpur,Bihar,2025,230,26,347,3.6
11393,Bhagalpur_Village_18,Bhagalpur,Bihar,2022,140,19,235,13.1
11393,Bhagalpur_Village_18,Bhagalpur,Bihar,2023,131,5,321,9.0
11393,Bhagalpur_Village_18,Bhagalpur,Bihar,2024,117,6,355,10.0
11393,Bhagalpur_Village_18,Bhagalpur,Bihar,2025,242,12,331,6.8
11394,Bhagalpur_Village_19,Bhagalpur,Bihar,2022,163,26,265,5.0
11394,Bhagalpur_Village_19,Bhagalpur,Bihar,2023,50,29,352,8.0
11394,Bhagalpur_Village_19,Bhagalpur,Bihar,2024,107,6,299,9.1
11394,Bhagalpur_Village_19,Bhagalpur,Bihar,2025,203,13,323,3.4
11395,Bhagalpur_Village_20,Bhagalpur,Bihar,2022,158,13,292,10.5
11395,Bhagalpur_Village_20,Bhagalpur,Bihar,2023,197,17,306,13.5
11395,Bhagalpur_Village_20,Bhagalpur,Bihar,2024,165,10,251,6.0
11395,Bhagalpur_Village_20,Bhagalpur,Bihar,2025,136,34,264,13.0
11396,Bhagalpur_Village_21,Bhagalpur,Bihar,2022,59,19,232,5.5
11396,Bhagalpur_Village_21,Bhagalpur,Bihar,2023,108,19,357,12.8
11396,Bhagalpur_Village_21,Bhagalpur,Bihar,2024,252,11,364,12.5
11396,Bhagalpur_Village_21,Bhagalpur,Bihar,2025,90,15,334,6.0
11397,Bhagalpur_Village_22,Bhagalpur,Bihar,2022,154,6,249,14.6
11397,Bhagalpur_Village_22,Bhagalpur,Bihar,2023,182,14,224,8.5
11397,Bhagalpur_Village_22,Bhagalpur,Bihar,2024,171,21,308,5.2
11397,Bhagalpur_Village_22,Bhagalpur,Bihar,2025,242,11,281,9.5
11398,Bhagalpur_Village_23,Bhagalpur,Bihar,2022,194,8,258,15.0
11398,Bhagalpur_Village_23,Bhagalpur,Bihar,2023,71,39,302,13.5
11398,Bhagalpur_Village_23,Bhagalpur,Bihar,2024,147,35,333,6.6
11398,Bhagalpur_Village_23,Bhagalpur,Bihar,2025,297,29,307,9.4
11399,Bhagalpur_Village_24,Bhagalpur,Bihar,2022,286,17,220,5.7
11399,Bhagalpur_Village_24,Bhagalpur,Bihar,2023,218,22,318,8.9
11399,Bhagalpur_Village_24,Bhagalpur,Bihar,2024,270,25,308,9.2
11399,Bhagalpur_Village_24,Bhagalpur,Bihar,2025,117,5,281,6.6
11400,Bhagalpur_Village_25,Bhagalpur,Bihar,2022,246,12,244,9.6
11400,Bhagalpur_Village_25,Bhagalpur,Bihar,2023,188,25,356,13.8
11400,Bhagalpur_Village_25,Bhagalpur,Bihar,2024,105,25,272,9.0
11400,Bhagalpur_Village_25,Bhagalpur,Bihar,2025,228,31,360,12.0
11401,Bhagalpur_Village_26,Bhagalpur,Bihar,2022,198,23,284,7.8
11401,Bhagalpur_Village_26,Bhagalpur,Bihar,2023,148,27,298,14.3
11401,Bhagalpur_Village_26,Bhagalpur,Bihar,2024,125,39,232,4.7
11401,Bhagalpur_Village_26,Bhagalpur,Bihar,2025,75,9,348,9.4
11402,Bhagalpur_Village_27,Bhagalpur,Bihar,2022,164,12,286,12.8
11402,Bhagalpur_Village_27,Bhagalpur,Bihar,2023,196,15,325,12.6
11402,Bhagalpur_Village_27,Bhagalpur,Bihar,2024,158,20,316,5.8
11402,Bhagalpur_Village_27,Bhagalpur,Bihar,2025,237,28,335,7.5
11403,Bhagalpur_Village_28,Bhagalpur,Bihar,2022,248,25,234,11.1
11403,Bhagalpur_Village_28,Bhagalpur,Bihar,2023,96,27,310,7.4
11403,Bhagalpur_Village_28,Bhagalpur,Bihar,2024,296,12,315,10.6
11403,Bhagalpur_Village_28,Bhagalpur,Bihar,2025,120,11,380,7.3
11404,Bhagalpur_Village_29,Bhagalpur,Bihar,2022,203,6,315,8.2
11404,Bhagalpur_Village_29,Bhagalpur,Bihar,2023,89,34,360,5.2
11404,Bhagalpur_Village_29,Bhagalpur,Bihar,2024,182,17,321,4.1
11404,Bhagalpur_Village_29,Bhagalpur,Bihar,2025,198,27,384,12.1
11405,Bhagalpur_Village_30,Bhagalpur,Bihar,2022,255,33,201,9.6
11405,Bhagalpur_Village_30,Bhagalpur,Bihar,2023,181,24,338,10.0
11405,Bhagalpur_Village_30,Bhagalpur,Bihar,2024,72,37,233,7.6
11405,Bhagalpur_Village_30,Bhagalpur,Bihar,2025,155,33,353,4.7
11406,Bhagalpur_Village_31,Bhagalpur,Bihar,2022,133,19,310,9.2
11406,Bhagalpur_Village_31,Bhagalpur,Bihar,2023,192,27,248,6.5
11406,Bhagalpur_Village_31,Bhagalpur,Bihar,2024,291,7,316,12.5
11406,Bhagalpur_Village_31,Bhagalpur,Bihar,2025,165,33,257,13.7
11407,Bhagalpur_Village_32,Bhagalpur,Bihar,2022,158,12,206,13.8
11407,Bhagalpur_Village_32,Bhagalpur,Bihar,2023,270,26,246,9.6
11407,Bhagalpur_Village_32,Bhagalpur,Bihar,2024,185,33,252,10.3
11407,Bhagalpur_Village_32,Bhagalpur,Bihar,2025,90,6,291,13.3
11408,Bhagalpur_Village_33,Bhagalpur,Bihar,2022,161,5,228,10.2
11408,Bhagalpur_Village_33,Bhagalpur,Bihar,2023,196,24,237,10.8
11408,Bhagalpur_Village_33,Bhagalpur,Bihar,2024,161,25,267,10.3
11408,Bhagalpur_Village_33,Bhagalpur,Bihar,2025,152,12,371,10.7
11409,Bhagalpur_Village_34,Bhagalpur,Bihar,2022,95,31,243,11.2
11409,Bhagalpur_Village_34,Bhagalpur,Bihar,2023,205,39,219,11.1
11409,Bhagalpur_Village_34,Bhagalpur,Bihar,2024,287,10,269,11.3
11409,Bhagalpur_Village_34,Bhagalpur,Bihar,2025,298,23,383,11.8
11410,Bhagalpur_Village_35,Bhagalpur,Bihar,2022,268,22,277,8.7
11410,Bhagalpur_Village_35,Bhagalpur,Bihar,2023,117,5,320,11.9
11410,Bhagalpur_Village_35,Bhagalpur,Bihar,2024,171,29,359,4.8
11410,Bhagalpur_Village_35,Bhagalpur,Bihar,2025,64,31,293,12.5
11411,Bhagalpur_Village_36,Bhagalpur,Bihar,2022,276,11,322,7.5
11411,Bhagalpur_Village_36,Bhagalpur,Bihar,2023,214,33,249,8.3
11411,Bhagalpur_Village_36,Bhagalpur,Bihar,2024,178,35,335,12.1
11411,Bhagalpur_Village_36,Bhagalpur,Bihar,2025,244,23,316,10.0
11412,Bhagalpur_Village_37,Bhagalpur,Bihar,2022,160,10,308,7.7
11412,Bhagalpur_Village_37,Bhagalpur,Bihar,2023,73,29,339,6.5
11412,Bhagalpur_Village_37,Bhagalpur,Bihar,2024,76,35,300,13.8
11412,Bhagalpur_Village_37,Bhagalpur,Bihar,2025,89,13,283,4.2
11413,Bhagalpur_Village_38,Bhagalpur,Bihar,2022,240,24,290,4.5
11413,Bhagalpur_Village_38,Bhagalpur,Bihar,2023,238,14,251,11.2
11413,Bhagalpur_Village_38,Bhagalpur,Bihar,2024,213,31,310,10.2
11413,Bhagalpur_Village_38,Bhagalpur,Bihar,2025,275,17,376,11.0
11414,Bhagalpur_Village_39,Bhagalpur,Bihar,2022,270,6,222,12.2
11414,Bhagalpur_Village_39,Bhagalpur,Bihar,2023,73,25,356,13.2
11414,Bhagalpur_Village_39,Bhagalpur,Bihar,2024,73,37,234,13.4
11414,Bhagalpur_Village_39,Bhagalpur,Bihar,2025,283,28,354,11.4
11415,Bhagalpur_Village_40,Bhagalpur,Bihar,2022,53,38,217,6.9
11415,Bhagalpur_Village_40,Bhagalpur,Bihar,2023,116,13,241,9.0
11415,Bhagalpur_Village_40,Bhagalpur,Bihar,2024,83,6,253,10.4
11415,Bhagalpur_Village_40,Bhagalpur,Bihar,2025,234,34,273,9.0
11416,Bhagalpur_Village_41,Bhagalpur,Bihar,2022,226,26,338,6.2
11416,Bhagalpur_Village_41,Bhagalpur,Bihar,2023,264,15,360,10.3
11416,Bhagalpur_Village_41,Bhagalpur,Bihar,2024,230,21,352,13.0
11416,Bhagalpur_Village_41,Bhagalpur,Bihar,2025,297,17,372,7.7
11417,Bhagalpur_Village_42,Bhagalpur,Bihar,2022,165,11,311,11.5
11417,Bhagalpur_Village_42,Bhagalpur,Bihar,2023,72,20,331,10.6
11417,Bhagalpur_Village_42,Bhagalpur,Bihar,2024,158,37,361,7.7
11417,Bhagalpur_Village_42,Bhagalpur,Bihar,2025,118,5,277,9.2
11418,Bhagalpur_Village_43,Bhagalpur,Bihar,2022,144,15,241,6.7
11418,Bhagalpur_Village_43,Bhagalpur,Bihar,2023,230,10,339,9.8
11418,Bhagalpur_Village_43,Bhagalpur,Bihar,2024,111,24,233,12.1
11418,Bhagalpur_Village_43,Bhagalpur,Bihar,2025,218,39,264,11.3
11419,Bhagalpur_Village_44,Bhagalpur,Bihar,2022,106,30,267,8.3
11419,Bhagalpur_Village_44,Bhagalpur,Bihar,2023,298,16,272,5.3
11419,Bhagalpur_Village_44,Bhagalpur,Bihar,2024,237,34,309,12.1
11419,Bhagalpur_Village_44,Bhagalpur,Bihar,2025,103,32,378,6.1
11420,Bhagalpur_Village_45,Bhagalpur,Bihar,2022,119,31,294,5.1
11420,Bhagalpur_Village_45,Bhagalpur,Bihar,2023,150,23,218,8.8
11420,Bhagalpur_Village_45,Bhagalpur,Bihar,2024,106,9,273,11.5
11420,Bhagalpur_Village_45,Bhagalpur,Bihar,2025,187,9,369,11.8
11421,Bhagalpur_Village_46,Bhagalpur,Bihar,2022,217,31,241,14.8
11421,Bhagalpur_Village_46,Bhagalpur,Bihar,2023,184,32,243,6.1
11421,Bhagalpur_Village_46,Bhagalpur,Bihar,2024,152,30,376,6.8
11421,Bhagalpur_Village_46,Bhagalpur,Bihar,2025,215,31,288,9.7
11422,Bhagalpur_Village_47,Bhagalpur,Bihar,2022,134,25,254,13.0
11422,Bhagalpur_Village_47,Bhagalpur,Bihar,2023,110,5,294,6.6
11422,Bhagalpur_Village_47,Bhagalpur,Bihar,2024,261,32,362,8.0
11422,Bhagalpur_Village_47,Bhagalpur,Bihar,2025,52,19,357,7.6
11423,Bhagalpur_Village_48,Bhagalpur,Bihar,2022,177,21,220,12.6
11423,Bhagalpur_Village_48,Bhagalpur,Bihar,2023,228,30,292,6.6
11423,Bhagalpur_Village_48,Bhagalpur,Bihar,2024,135,24,379,13.9
11423,Bhagalpur_Village_48,Bhagalpur,Bihar,2025,96,29,274,8.7
11424,Bhagalpur_Village_49,Bhagalpur,Bihar,2022,245,17,222,7.5
11424,Bhagalpur_Village_49,Bhagalpur,Bihar,2023,269,37,219,7.1
11424,Bhagalpur_Village_49,Bhagalpur,Bihar,2024,125,29,292,3.9
11424,Bhagalpur_Village_49,Bhagalpur,Bihar,2025,87,12,303,10.6
11425,Bhagalpur_Village_50,Bhagalpur,Bihar,2022,292,9,281,12.6
11425,Bhagalpur_Village_50,Bhagalpur,Bihar,2023,213,10,266,4.4
11425,Bhagalpur_Village_50,Bhagalpur,Bihar,2024,288,27,294,9.9
11425,Bhagalpur_Village_50,Bhagalpur,Bihar,2025,218,34,283,11.5
11426,Bhagalpur_Village_51,Bhagalpur,Bihar,2022,246,18,202,8.5
11426,Bhagalpur_Village_51,Bhagalpur,Bihar,2023,190,27,285,8.6
11426,Bhagalpur_Village_51,Bhagalpur,Bihar,2024,136,15,244,7.5
11426,Bhagalpur_Village_51,Bhagalpur,Bihar,2025,107,35,316,6.6
11427,Bhagalpur_Village_52,Bhagalpur,Bihar,2022,99,10,269,9.7
11427,Bhagalpur_Village_52,Bhagalpur,Bihar,2023,79,15,218,5.8
11427,Bhagalpur_Village_52,Bhagalpur,Bihar,2024,239,17,323,8.3
11427,Bhagalpur_Village_52,Bhagalpur,Bihar,2025,150,16,389,13.2
11428,Bhagalpur_Village_53,Bhagalpur,Bihar,2022,74,6,233,4.8
11428,Bhagalpur_Village_53,Bhagalpur,Bihar,2023,161,39,338,5.8
11428,Bhagalpur_Village_53,Bhagalpur,Bihar,2024,204,21,363,11.9
11428,Bhagalpur_Village_53,Bhagalpur,Bihar,2025,228,32,280,4.7
11429,Bhagalpur_Village_54,Bhagalpur,Bihar,2022,255,32,298,7.3
11429,Bhagalpur_Village_54,Bhagalpur,Bihar,2023,234,26,294,8.9
11429,Bhagalpur_Village_54,Bhagalpur,Bihar,2024,175,11,295,13.6
11429,Bhagalpur_Village_54,Bhagalpur,Bihar,2025,289,19,380,5.2
11430,Bhagalpur_Village_55,Bhagalpur,Bihar,2022,172,36,342,14.2
11430,Bhagalpur_Village_55,Bhagalpur,Bihar,2023,96,15,305,11.6
11430,Bhagalpur_Village_55,Bhagalpur,Bihar,2024,167,28,309,10.7
11430,Bhagalpur_Village_55,Bhagalpur,Bihar,2025,277,7,303,10.9
11431,Bhagalpur_Village_56,Bhagalpur,Bihar,2022,88,34,209,4.8
11431,Bhagalpur_Village_56,Bhagalpur,Bihar,2023,65,10,221,5.1
11431,Bhagalpur_Village_56,Bhagalpur,Bihar,2024,297,6,341,7.2
11431,Bhagalpur_Village_56,Bhagalpur,Bihar,2025,71,18,320,4.1
11432,Bhagalpur_Village_57,Bhagalpur,Bihar,2022,262,22,211,14.9
11432,Bhagalpur_Village_57,Bhagalpur,Bihar,2023,103,35,293,10.2
11432,Bhagalpur_Village_57,Bhagalpur,Bihar,2024,198,17,275,8.8
11432,Bhagalpur_Village_57,Bhagalpur,Bihar,2025,249,30,276,11.5
11433,Bhagalpur_Village_58,Bhagalpur,Bihar,2022,290,16,314,14.8
11433,Bhagalpur_Village_58,Bhagalpur,Bihar,2023,65,22,328,14.1
11433,Bhagalpur_Village_58,Bhagalpur,Bihar,2024,108,13,355,12.0
11433,Bhagalpur_Village_58,Bhagalpur,Bihar,2025,296,25,334,7.3
11434,Bhagalpur_Village_59,Bhagalpur,Bihar,2022,80,28,260,5.2
11434,Bhagalpur_Village_59,Bhagalpur,Bihar,2023,219,38,275,5.1
11434,Bhagalpur_Village_59,Bhagalpur,Bihar,2024,251,12,331,3.7
11434,Bhagalpur_Village_59,Bhagalpur,Bihar,2025,81,37,358,3.3
11435,Bhagalpur_Village_60,Bhagalpur,Bihar,2022,236,27,291,14.3
11435,Bhagalpur_Village_60,Bhagalpur,Bihar,2023,211,17,343,13.8
11435,Bhagalpur_Village_60,Bhagalpur,Bihar,2024,58,18,336,10.7
11435,Bhagalpur_Village_60,Bhagalpur,Bihar,2025,258,18,293,10.9
11436,Bhagalpur_Village_61,Bhagalpur,Bihar,2022,188,20,224,9.9
11436,Bhagalpur_Village_61,Bhagalpur,Bihar,2023,273,30,230,6.6
11436,Bhagalpur_Village_61,Bhagalpur,Bihar,2024,59,30,370,13.3
11436,Bhagalpur_Village_61,Bhagalpur,Bihar,2025,263,5,352,6.2
11437,Bhagalpur_Village_62,Bhagalpur,Bihar,2022,298,36,243,12.3
11437,Bhagalpur_Village_62,Bhagalpur,Bihar,2023,66,19,297,6.7
11437,Bhagalpur_Village_62,Bhagalpur,Bihar,2024,117,25,276,12.8
11437,Bhagalpur_Village_62,Bhagalpur,Bihar,2025,97,22,368,10.1
11438,Bhagalpur_Village_63,Bhagalpur,Bihar,2022,229,34,279,11.2
11438,Bhagalpur_Village_63,Bhagalpur,Bihar,2023,160,17,290,5.1
11438,Bhagalpur_Village_63,Bhagalpur,Bihar,2024,202,28,249,8.1
11438,Bhagalpur_Village_63,Bhagalpur,Bihar,2025,172,34,390,8.8
11439,Bhagalpur_Village_64,Bhagalpur,Bihar,2022,198,6,211,7.6
11439,Bhagalpur_Village_64,Bhagalpur,Bihar,2023,150,23,326,13.4
11439,Bhagalpur_Village_64,Bhagalpur,Bihar,2024,151,29,289,12.5
11439,Bhagalpur_Village_64,Bhagalpur,Bihar,2025,290,18,319,8.5
11440,Bhagalpur_Village_65,Bhagalpur,Bihar,2022,114,10,309,8.1
11440,Bhagalpur_Village_65,Bhagalpur,Bihar,2023,240,16,248,12.5
11440,Bhagalpur_Village_65,Bhagalpur,Bihar,2024,266,24,370,5.8
11440,Bhagalpur_Village_65,Bhagalpur,Bihar,2025,100,27,384,4.1
11441,Bhagalpur_Village_66,Bhagalpur,Bihar,2022,85,34,235,5.0
11441,Bhagalpur_Village_66,Bhagalpur,Bihar,2023,130,34,242,4.5
11441,Bhagalpur_Village_66,Bhagalpur,Bihar,2024,282,34,268,8.8
11441,Bhagalpur_Village_66,Bhagalpur,Bihar,2025,176,34,321,6.0
11442,Bhagalpur_Village_67,Bhagalpur,Bihar,2022,137,38,303,11.7
11442,Bhagalpur_Village_67,Bhagalpur,Bihar,2023,243,20,305,11.0
11442,Bhagalpur_Village_67,Bhagalpur,Bihar,2024,153,28,344,9.4
11442,Bhagalpur_Village_67,Bhagalpur,Bihar,2025,64,18,246,7.0
11443,Bhagalpur_Village_68,Bhagalpur,Bihar,2022,145,30,316,13.4
11443,Bhagalpur_Village_68,Bhagalpur,Bihar,2023,216,12,296,11.6
11443,Bhagalpur_Village_68,Bhagalpur,Bihar,2024,172,18,319,6.6
11443,Bhagalpur_Village_68,Bhagalpur,Bihar,2025,247,35,286,8.6
11444,Bhagalpur_Village_69,Bhagalpur,Bihar,2022,50,6,230,6.1
11444,Bhagalpur_Village_69,Bhagalpur,Bihar,2023,288,8,275,7.6
11444,Bhagalpur_Village_69,Bhagalpur,Bihar,2024,200,5,331,14.2
11444,Bhagalpur_Village_69,Bhagalpur,Bihar,2025,171,24,300,5.7
11445,Bhagalpur_Village_70,Bhagalpur,Bihar,2022,216,18,282,11.8
11445,Bhagalpur_Village_70,Bhagalpur,Bihar,2023,175,29,342,6.6
11445,Bhagalpur_Village_70,Bhagalpur,Bihar,2024,106,29,243,13.6
11445,Bhagalpur_Village_70,Bhagalpur,Bihar,2025,130,7,258,6.6
11446,Bhagalpur_Village_71,Bhagalpur,Bihar,2022,211,9,249,8.1
11446,Bhagalpur_Village_71,Bhagalpur,Bihar,2023,218,30,315,10.3
11446,Bhagalpur_Village_71,Bhagalpur,Bihar,2024,270,8,297,9.9
11446,Bhagalpur_Village_71,Bhagalpur,Bihar,2025,122,11,315,9.4
11447,Bhagalpur_Village_72,Bhagalpur,Bihar,2022,190,34,210,10.5
11447,Bhagalpur_Village_72,Bhagalpur,Bihar,2023,119,34,228,7.4
11447,Bhagalpur_Village_72,Bhagalpur,Bihar,2024,55,23,335,8.3
11447,Bhagalpur_Village_72,Bhagalpur,Bihar,2025,133,39,348,9.5
11448,Bhagalpur_Village_73,Bhagalpur,Bihar,2022,101,37,330,11.5
11448,Bhagalpur_Village_73,Bhagalpur,Bihar,2023,294,37,342,6.8
11448,Bhagalpur_Village_73,Bhagalpur,Bihar,2024,52,18,237,11.1
11448,Bhagalpur_Village_73,Bhagalpur,Bihar,2025,130,14,381,13.0
11449,Bhagalpur_Village_74,Bhagalpur,Bihar,2022,112,32,218,12.5
11449,Bhagalpur_Village_74,Bhagalpur,Bihar,2023,98,18,354,5.0
11449,Bhagalpur_Village_74,Bhagalpur,Bihar,2024,125,20,341,8.6
11449,Bhagalpur_Village_74,Bhagalpur,Bihar,2025,161,25,302,7.9
11450,Bhagalpur_Village_75,Bhagalpur,Bihar,2022,224,32,224,8.0
11450,Bhagalpur_Village_75,Bhagalpur,Bihar,2023,158,37,259,9.3
11450,Bhagalpur_Village_75,Bhagalpur,Bihar,2024,232,10,331,8.3
11450,Bhagalpur_Village_75,Bhagalpur,Bihar,2025,241,19,292,3.4
11451,Bhagalpur_Village_76,Bhagalpur,Bihar,2022,114,7,249,7.0
11451,Bhagalpur_Village_76,Bhagalpur,Bihar,2023,130,39,295,6.3
11451,Bhagalpur_Village_76,Bhagalpur,Bihar,2024,244,18,273,7.4
11451,Bhagalpur_Village_76,Bhagalpur,Bihar,2025,267,6,303,5.1
11452,Bhagalpur_Village_77,Bhagalpur,Bihar,2022,64,33,302,5.2
11452,Bhagalpur_Village_77,Bhagalpur,Bihar,2023,149,8,292,6.2
11452,Bhagalpur_Village_77,Bhagalpur,Bihar,2024,81,30,247,12.7
11452,Bhagalpur_Village_77,Bhagalpur,Bihar,2025,145,16,360,11.7
11453,Bhagalpur_Village_78,Bhagalpur,Bihar,2022,177,6,305,9.1
11453,Bhagalpur_Village_78,Bhagalpur,Bihar,2023,245,21,357,13.3
11453,Bhagalpur_Village_78,Bhagalpur,Bihar,2024,195,39,240,6.1
11453,Bhagalpur_Village_78,Bhagalpur,Bihar,2025,162,14,387,9.4
11454,Bhagalpur_Village_79,Bhagalpur,Bihar,2022,132,26,261,6.0
11454,Bhagalpur_Village_79,Bhagalpur,Bihar,2023,92,25,262,12.9
11454,Bhagalpur_Village_79,Bhagalpur,Bihar,2024,165,19,323,5.1
11454,Bhagalpur_Village_79,Bhagalpur,Bihar,2025,212,39,387,3.6
11455,Bhagalpur_Village_80,Bhagalpur,Bihar,2022,281,25,286,7.4
11455,Bhagalpur_Village_80,Bhagalpur,Bihar,2023,127,25,264,13.6
11455,Bhagalpur_Village_80,Bhagalpur,Bihar,2024,107,25,289,5.1
11455,Bhagalpur_Village_80,Bhagalpur,Bihar,2025,82,36,303,6.8
11456,Bhagalpur_Village_81,Bhagalpur,Bihar,2022,63,9,214,7.8
11456,Bhagalpur_Village_81,Bhagalpur,Bihar,2023,211,13,243,12.5
11456,Bhagalpur_Village_81,Bhagalpur,Bihar,2024,238,22,269,8.1
11456,Bhagalpur_Village_81,Bhagalpur,Bihar,2025,296,25,275,9.7
11457,Bhagalpur_Village_82,Bhagalpur,Bihar,2022,181,12,272,8.7
11457,Bhagalpur_Village_82,Bhagalpur,Bihar,2023,265,38,225,9.9
11457,Bhagalpur_Village_82,Bhagalpur,Bihar,2024,108,14,310,4.4
11457,Bhagalpur_Village_82,Bhagalpur,Bihar,2025,206,28,306,7.2
11458,Bhagalpur_Village_83,Bhagalpur,Bihar,2022,132,28,335,13.5
11458,Bhagalpur_Village_83,Bhagalpur,Bihar,2023,183,36,265,11.4
11458,Bhagalpur_Village_83,Bhagalpur,Bihar,2024,170,37,286,14.0
11458,Bhagalpur_Village_83,Bhagalpur,Bihar,2025,274,38,376,11.6
11459,Bhagalpur_Village_84,Bhagalpur,Bihar,2022,226,15,346,9.2
11459,Bhagalpur_Village_84,Bhagalpur,Bihar,2023,217,35,238,11.2
11459,Bhagalpur_Village_84,Bhagalpur,Bihar,2024,132,22,270,11.8
11459,Bhagalpur_Village_84,Bhagalpur,Bihar,2025,294,27,293,6.1
11460,Bhagalpur_Village_85,Bhagalpur,Bihar,2022,242,26,235,5.1
11460,Bhagalpur_Village_85,Bhagalpur,Bihar,2023,246,22,224,8.4
11460,Bhagalpur_Village_85,Bhagalpur,Bihar,2024,76,24,307,5.2
11460,Bhagalpur_Village_85,Bhagalpur,Bihar,2025,129,17,379,6.2
11461,Bhagalpur_Village_86,Bhagalpur,Bihar,2022,183,5,339,14.4
11461,Bhagalpur_Village_86,Bhagalpur,Bihar,2023,281,8,300,13.0
11461,Bhagalpur_Village_86,Bhagalpur,Bihar,2024,62,28,289,9.9
11461,Bhagalpur_Village_86,Bhagalpur,Bihar,2025,289,6,340,7.5
11462,Bhagalpur_Village_87,Bhagalpur,Bihar,2022,113,32,207,7.3
11462,Bhagalpur_Village_87,Bhagalpur,Bihar,2023,239,30,349,10.1
11462,Bhagalpur_Village_87,Bhagalpur,Bihar,2024,276,27,336,9.3
11462,Bhagalpur_Village_87,Bhagalpur,Bihar,2025,196,19,302,11.5
11463,Bhagalpur_Village_88,Bhagalpur,Bihar,2022,253,31,280,14.2
11463,Bhagalpur_Village_88,Bhagalpur,Bihar,2023,129,10,300,7.6
11463,Bhagalpur_Village_88,Bhagalpur,Bihar,2024,172,39,263,5.9
11463,Bhagalpur_Village_88,Bhagalpur,Bihar,2025,92,39,328,7.5
11464,Bhagalpur_Village_89,Bhagalpur,Bihar,2022,251,14,316,9.1
11464,Bhagalpur_Village_89,Bhagalpur,Bihar,2023,138,34,236,4.5
11464,Bhagalpur_Village_89,Bhagalpur,Bihar,2024,197,33,378,12.7
11464,Bhagalpur_Village_89,Bhagalpur,Bihar,2025,144,8,259,13.8
11465,Bhagalpur_Village_90,Bhagalpur,Bihar,2022,245,9,332,14.2
11465,Bhagalpur_Village_90,Bhagalpur,Bihar,2023,221,8,316,13.1
11465,Bhagalpur_Village_90,Bhagalpur,Bihar,2024,200,20,374,14.1
11465,Bhagalpur_Village_90,Bhagalpur,Bihar,2025,51,29,391,12.8
11466,Bhagalpur_Village_91,Bhagalpur,Bihar,2022,169,18,204,11.7
11466,Bhagalpur_Village_91,Bhagalpur,Bihar,2023,71,15,237,5.9
11466,Bhagalpur_Village_91,Bhagalpur,Bihar,2024,164,33,312,5.3
11466,Bhagalpur_Village_91,Bhagalpur,Bihar,2025,106,38,258,3.8
11467,Bhagalpur_Village_92,Bhagalpur,Bihar,2022,278,26,209,8.8
11467,Bhagalpur_Village_92,Bhagalpur,Bihar,2023,121,18,245,12.6
11467,Bhagalpur_Village_92,Bhagalpur,Bihar,2024,56,28,370,8.8
11467,Bhagalpur_Village_92,Bhagalpur,Bihar,2025,255,30,371,7.1
11468,Bhagalpur_Village_93,Bhagalpur,Bihar,2022,233,20,349,5.6
11468,Bhagalpur_Village_93,Bhagalpur,Bihar,2023,168,36,251,4.6
11468,Bhagalpur_Village_93,Bhagalpur,Bihar,2024,244,10,367,7.9
11468,Bhagalpur_Village_93,Bhagalpur,Bihar,2025,163,38,275,4.3
11469,Bhagalpur_Village_94,Bhagalpur,Bihar,2022,65,12,298,5.6
11469,Bhagalpur_Village_94,Bhagalpur,Bihar,2023,296,34,249,8.3
11469,Bhagalpur_Village_94,Bhagalpur,Bihar,2024,132,31,340,9.0
11469,Bhagalpur_Village_94,Bhagalpur,Bihar,2025,228,11,312,5.3
11470,Bhagalpur_Village_95,Bhagalpur,Bihar,2022,259,31,316,11.7
11470,Bhagalpur_Village_95,Bhagalpur,Bihar,2023,293,29,340,8.5
11470,Bhagalpur_Village_95,Bhagalpur,Bihar,2024,257,19,235,4.7
11470,Bhagalpur_Village_95,Bhagalpur,Bihar,2025,121,29,363,10.0
11471,Bhagalpur_Village_96,Bhagalpur,Bihar,2022,173,26,229,8.2
11471,Bhagalpur_Village_96,Bhagalpur,Bihar,2023,274,22,283,4.6
11471,Bhagalpur_Village_96,Bhagalpur,Bihar,2024,162,16,337,13.7
11471,Bhagalpur_Village_96,Bhagalpur,Bihar,2025,61,27,279,9.3
11472,Bhagalpur_Village_97,Bhagalpur,Bihar,2022,175,29,302,9.5
11472,Bhagalpur_Village_97,Bhagalpur,Bihar,2023,102,14,258,13.1
11472,Bhagalpur_Village_97,Bhagalpur,Bihar,2024,124,34,372,13.5
11472,Bhagalpur_Village_97,Bhagalpur,Bihar,2025,182,14,273,5.6
11473,Bhagalpur_Village_98,Bhagalpur,Bihar,2022,76,38,205,13.0
11473,Bhagalpur_Village_98,Bhagalpur,Bihar,2023,189,17,241,12.8
11473,Bhagalpur_Village_98,Bhagalpur,Bihar,2024,194,33,257,4.3
11473,Bhagalpur_Village_98,Bhagalpur,Bihar,2025,183,13,377,10.8
11474,Bhagalpur_Village_99,Bhagalpur,Bihar,2022,146,17,255,5.2
11474,Bhagalpur_Village_99,Bhagalpur,Bihar,2023,54,18,326,10.3
11474,Bhagalpur_Village_99,Bhagalpur,Bihar,2024,106,13,283,10.7
11474,Bhagalpur_Village_99,Bhagalpur,Bihar,2025,205,12,324,7.2
11475,Bhagalpur_Village_100,Bhagalpur,Bihar,2022,127,7,304,13.7
11475,Bhagalpur_Village_100,Bhagalpur,Bihar,2023,118,37,232,12.5
11475,Bhagalpur_Village_100,Bhagalpur,Bihar,2024,167,36,272,13.4
11475,Bhagalpur_Village_100,Bhagalpur,Bihar,2025,169,11,333,6.6
11476,Bhagalpur_Village_101,Bhagalpur,Bihar,2022,108,23,273,4.7
11476,Bhagalpur_Village_101,Bhagalpur,Bihar,2023,82,38,224,12.6
11476,Bhagalpur_Village_101,Bhagalpur,Bihar,2024,111,18,363,6.0
11476,Bhagalpur_Village_101,Bhagalpur,Bihar,2025,99,23,333,8.2
11477,Bhagalpur_Village_102,Bhagalpur,Bihar,2022,161,30,331,13.1
11477,Bhagalpur_Village_102,Bhagalpur,Bihar,2023,282,21,248,6.4
11477,Bhagalpur_Village_102,Bhagalpur,Bihar,2024,68,32,312,7.0
11477,Bhagalpur_Village_102,Bhagalpur,Bihar,2025,263,23,376,7.9
11478,Bhagalpur_Village_103,Bhagalpur,Bihar,2022,246,31,297,7.4
11478,Bhagalpur_Village_103,Bhagalpur,Bihar,2023,172,23,245,8.9
11478,Bhagalpur_Village_103,Bhagalpur,Bihar,2024,243,37,309,3.8
11478,Bhagalpur_Village_103,Bhagalpur,Bihar,2025,271,11,304,5.5
11479,Bhagalpur_Village_104,Bhagalpur,Bihar,2022,96,33,201,13.2
11479,Bhagalpur_Village_104,Bhagalpur,Bihar,2023,216,9,250,8.4
11479,Bhagalpur_Village_104,Bhagalpur,Bihar,2024,245,34,354,10.4
11479,Bhagalpur_Village_104,Bhagalpur,Bihar,2025,82,12,347,5.7
11480,Bhagalpur_Village_105,Bhagalpur,Bihar,2022,190,16,315,11.3
11480,Bhagalpur_Village_105,Bhagalpur,Bihar,2023,133,17,315,14.6
11480,Bhagalpur_Village_105,Bhagalpur,Bihar,2024,231,30,275,10.0
11480,Bhagalpur_Village_105,Bhagalpur,Bihar,2025,184,22,324,9.9
11481,Bhagalpur_Village_106,Bhagalpur,Bihar,2022,128,24,306,5.7
11481,Bhagalpur_Village_106,Bhagalpur,Bihar,2023,264,20,258,8.3
11481,Bhagalpur_Village_106,Bhagalpur,Bihar,2024,63,7,376,12.7
11481,Bhagalpur_Village_106,Bhagalpur,Bihar,2025,264,31,293,12.1
11482,Bhagalpur_Village_107,Bhagalpur,Bihar,2022,196,19,287,10.0
11482,Bhagalpur_Village_107,Bhagalpur,Bihar,2023,177,38,272,13.6
11482,Bhagalpur_Village_107,Bhagalpur,Bihar,2024,103,26,320,5.2
11482,Bhagalpur_Village_107,Bhagalpur,Bihar,2025,270,27,379,10.2
11483,Bhagalpur_Village_108,Bhagalpur,Bihar,2022,297,8,293,7.1
11483,Bhagalpur_Village_108,Bhagalpur,Bihar,2023,197,27,292,10.9
11483,Bhagalpur_Village_108,Bhagalpur,Bihar,2024,78,13,351,4.6
11483,Bhagalpur_Village_108,Bhagalpur,Bihar,2025,73,28,387,13.2
11484,Bhagalpur_Village_109,Bhagalpur,Bihar,2022,131,25,275,12.8
11484,Bhagalpur_Village_109,Bhagalpur,Bihar,2023,112,20,267,6.2
11484,Bhagalpur_Village_109,Bhagalpur,Bihar,2024,251,29,252,10.4
11484,Bhagalpur_Village_109,Bhagalpur,Bihar,2025,154,30,321,11.3
11485,Bhagalpur_Village_110,Bhagalpur,Bihar,2022,106,13,272,6.7
11485,Bhagalpur_Village_110,Bhagalpur,Bihar,2023,185,19,302,5.1
11485,Bhagalpur_Village_110,Bhagalpur,Bihar,2024,267,37,332,7.4
11485,Bhagalpur_Village_110,Bhagalpur,Bihar,2025,111,5,338,4.7
11486,Bhagalpur_Village_111,Bhagalpur,Bihar,2022,206,9,259,10.4
11486,Bhagalpur_Village_111,Bhagalpur,Bihar,2023,251,13,224,8.6
11486,Bhagalpur_Village_111,Bhagalpur,Bihar,2024,66,10,331,8.6
11486,Bhagalpur_Village_111,Bhagalpur,Bihar,2025,115,32,302,9.0
11487,Bhagalpur_Village_112,Bhagalpur,Bihar,2022,55,30,342,14.8
11487,Bhagalpur_Village_112,Bhagalpur,Bihar,2023,107,32,223,12.4
11487,Bhagalpur_Village_112,Bhagalpur,Bihar,2024,118,19,242,10.3
11487,Bhagalpur_Village_112,Bhagalpur,Bihar,2025,205,10,381,7.1
11488,Bhagalpur_Village_113,Bhagalpur,Bihar,2022,111,31,330,4.8
11488,Bhagalpur_Village_113,Bhagalpur,Bihar,2023,218,8,287,5.3
11488,Bhagalpur_Village_113,Bhagalpur,Bihar,2024,246,15,345,11.4
11488,Bhagalpur_Village_113,Bhagalpur,Bihar,2025,131,25,369,7.2
11489,Bhagalpur_Village_114,Bhagalpur,Bihar,2022,267,34,310,8.0
11489,Bhagalpur_Village_114,Bhagalpur,Bihar,2023,261,22,285,13.4
11489,Bhagalpur_Village_114,Bhagalpur,Bihar,2024,218,39,318,8.8
11489,Bhagalpur_Village_114,Bhagalpur,Bihar,2025,226,7,264,12.7
11490,Bhagalpur_Village_115,Bhagalpur,Bihar,2022,268,16,280,13.8
11490,Bhagalpur_Village_115,Bhagalpur,Bihar,2023,226,31,304,4.9
11490,Bhagalpur_Village_115,Bhagalpur,Bihar,2024,253,34,248,13.6
11490,Bhagalpur_Village_115,Bhagalpur,Bihar,2025,120,25,356,4.1
11491,Bhagalpur_Village_116,Bhagalpur,Bihar,2022,180,25,330,14.6
11491,Bhagalpur_Village_116,Bhagalpur,Bihar,2023,59,19,321,8.9
11491,Bhagalpur_Village_116,Bhagalpur,Bihar,2024,147,22,350,11.7
11491,Bhagalpur_Village_116,Bhagalpur,Bihar,2025,138,33,336,10.7
11492,Bhagalpur_Village_117,Bhagalpur,Bihar,2022,84,25,346,9.9
11492,Bhagalpur_Village_117,Bhagalpur,Bihar,2023,257,21,294,10.6
11492,Bhagalpur_Village_117,Bhagalpur,Bihar,2024,51,22,260,13.7
11492,Bhagalpur_Village_117,Bhagalpur,Bihar,2025,173,16,297,13.0
11493,Bhagalpur_Village_118,Bhagalpur,Bihar,2022,73,15,312,11.4
11493,Bhagalpur_Village_118,Bhagalpur,Bihar,2023,123,24,248,11.0
11493,Bhagalpur_Village_118,Bhagalpur,Bihar,2024,215,13,260,6.3
11493,Bhagalpur_Village_118,Bhagalpur,Bihar,2025,71,5,383,12.0
11494,Bhagalpur_Village_119,Bhagalpur,Bihar,2022,203,7,205,11.1
11494,Bhagalpur_Village_119,Bhagalpur,Bihar,2023,220,25,241,12.8
11494,Bhagalpur_Village_119,Bhagalpur,Bihar,2024,232,27,236,10.6
11494,Bhagalpur_Village_119,Bhagalpur,Bihar,2025,88,13,293,6.4
11495,Bhagalpur_Village_120,Bhagalpur,Bihar,2022,268,23,295,6.5
11495,Bhagalpur_Village_120,Bhagalpur,Bihar,2023,206,23,274,4.9
11495,Bhagalpur_Village_120,Bhagalpur,Bihar,2024,288,27,262,9.9
11495,Bhagalpur_Village_120,Bhagalpur,Bihar,2025,279,31,291,6.3
11496,Bhagalpur_Village_121,Bhagalpur,Bihar,2022,69,31,318,11.1
11496,Bhagalpur_Village_121,Bhagalpur,Bihar,2023,268,16,241,4.7
11496,Bhagalpur_Village_121,Bhagalpur,Bihar,2024,90,31,251,7.6
11496,Bhagalpur_Village_121,Bhagalpur,Bihar,2025,231,38,291,6.0
11497,Bhagalpur_Village_122,Bhagalpur,Bihar,2022,197,37,292,8.4
11497,Bhagalpur_Village_122,Bhagalpur,Bihar,2023,157,32,216,4.7
11497,Bhagalpur_Village_122,Bhagalpur,Bihar,2024,196,35,372,11.3
11497,Bhagalpur_Village_122,Bhagalpur,Bihar,2025,133,36,291,4.5
11498,Bhagalpur_Village_123,Bhagalpur,Bihar,2022,276,24,226,4.7
11498,Bhagalpur_Village_123,Bhagalpur,Bihar,2023,160,39,241,14.0
11498,Bhagalpur_Village_123,Bhagalpur,Bihar,2024,115,35,370,5.7
11498,Bhagalpur_Village_123,Bhagalpur,Bihar,2025,207,35,389,12.0
11499,Bhagalpur_Village_124,Bhagalpur,Bihar,2022,102,26,274,14.6
11499,Bhagalpur_Village_124,Bhagalpur,Bihar,2023,83,13,224,9.7
11499,Bhagalpur_Village_124,Bhagalpur,Bihar,2024,199,13,350,9.2
11499,Bhagalpur_Village_124,Bhagalpur,Bihar,2025,116,19,277,7.2
11500,Bhagalpur_Village_125,Bhagalpur,Bihar,2022,183,17,325,9.0
11500,Bhagalpur_Village_125,Bhagalpur,Bihar,2023,256,26,222,9.2
11500,Bhagalpur_Village_125,Bhagalpur,Bihar,2024,76,20,364,5.3
11500,Bhagalpur_Village_125,Bhagalpur,Bihar,2025,59,36,315,7.1
11501,Madurai_Village_1,Madurai,Tamil Nadu,2022,122,6,334,13.1
11501,Madurai_Village_1,Madurai,Tamil Nadu,2023,274,30,255,6.0
11501,Madurai_Village_1,Madurai,Tamil Nadu,2024,145,18,347,11.4
11501,Madurai_Village_1,Madurai,Tamil Nadu,2025,97,38,299,10.1
11502,Madurai_Village_2,Madurai,Tamil Nadu,2022,119,12,206,5.1
11502,Madurai_Village_2,Madurai,Tamil Nadu,2023,282,25,298,4.3
11502,Madurai_Village_2,Madurai,Tamil Nadu,2024,236,32,375,7.4
11502,Madurai_Village_2,Madurai,Tamil Nadu,2025,149,10,322,10.6
11503,Madurai_Village_3,Madurai,Tamil Nadu,2022,108,24,252,8.0
11503,Madurai_Village_3,Madurai,Tamil Nadu,2023,51,35,228,11.1
11503,Madurai_Village_3,Madurai,Tamil Nadu,2024,206,37,378,10.7
11503,Madurai_Village_3,Madurai,Tamil Nadu,2025,245,11,357,11.8
11504,Madurai_Village_4,Madurai,Tamil Nadu,2022,114,12,256,5.5
11504,Madurai_Village_4,Madurai,Tamil Nadu,2023,132,13,305,10.2
11504,Madurai_Village_4,Madurai,Tamil Nadu,2024,203,6,275,4.4
11504,Madurai_Village_4,Madurai,Tamil Nadu,2025,266,21,335,5.1
11505,Madurai_Village_5,Madurai,Tamil Nadu,2022,59,21,332,7.9
11505,Madurai_Village_5,Madurai,Tamil Nadu,2023,102,39,316,11.5
11505,Madurai_Village_5,Madurai,Tamil Nadu,2024,128,34,335,13.9
11505,Madurai_Village_5,Madurai,Tamil Nadu,2025,108,10,372,6.9
11506,Madurai_Village_6,Madurai,Tamil Nadu,2022,199,8,231,10.0
11506,Madurai_Village_6,Madurai,Tamil Nadu,2023,228,39,220,6.8
11506,Madurai_Village_6,Madurai,Tamil Nadu,2024,97,13,303,10.8
11506,Madurai_Village_6,Madurai,Tamil Nadu,2025,198,10,379,7.1
11507,Madurai_Village_7,Madurai,Tamil Nadu,2022,172,17,228,9.6
11507,Madurai_Village_7,Madurai,Tamil Nadu,2023,297,26,248,10.1
11507,Madurai_Village_7,Madurai,Tamil Nadu,2024,71,32,236,10.9
11507,Madurai_Village_7,Madurai,Tamil Nadu,2025,149,34,325,3.9
11508,Madurai_Village_8,Madurai,Tamil Nadu,2022,147,6,276,10.3
11508,Madurai_Village_8,Madurai,Tamil Nadu,2023,207,12,272,8.6
11508,Madurai_Village_8,Madurai,Tamil Nadu,2024,74,13,314,5.1
11508,Madurai_Village_8,Madurai,Tamil Nadu,2025,286,5,317,5.5
11509,Madurai_Village_9,Madurai,Tamil Nadu,2022,77,17,244,13.8
11509,Madurai_Village_9,Madurai,Tamil Nadu,2023,242,19,261,13.3
11509,Madurai_Village_9,Madurai,Tamil Nadu,2024,162,36,306,4.0
11509,Madurai_Village_9,Madurai,Tamil Nadu,2025,94,38,317,10.5
11510,Madurai_Village_10,Madurai,Tamil Nadu,2022,117,35,315,10.3
11510,Madurai_Village_10,Madurai,Tamil Nadu,2023,56,18,244,14.0
11510,Madurai_Village_10,Madurai,Tamil Nadu,2024,98,18,300,13.2
11510,Madurai_Village_10,Madurai,Tamil Nadu,2025,186,33,389,9.4
11511,Madurai_Village_11,Madurai,Tamil Nadu,2022,213,23,302,6.0
11511,Madurai_Village_11,Madurai,Tamil Nadu,2023,132,31,347,8.9
11511,Madurai_Village_11,Madurai,Tamil Nadu,2024,178,13,333,11.3
11511,Madurai_Village_11,Madurai,Tamil Nadu,2025,187,32,366,13.3
11512,Madurai_Village_12,Madurai,Tamil Nadu,2022,213,28,328,8.3
11512,Madurai_Village_12,Madurai,Tamil Nadu,2023,122,32,245,12.3
11512,Madurai_Village_12,Madurai,Tamil Nadu,2024,286,22,338,10.9
11512,Madurai_Village_12,Madurai,Tamil Nadu,2025,95,29,316,4.1
11513,Madurai_Village_13,Madurai,Tamil Nadu,2022,155,39,326,10.4
11513,Madurai_Village_13,Madurai,Tamil Nadu,2023,209,8,299,6.0
11513,Madurai_Village_13,Madurai,Tamil Nadu,2024,81,18,244,10.9
11513,Madurai_Village_13,Madurai,Tamil Nadu,2025,55,30,300,9.7
11514,Madurai_Village_14,Madurai,Tamil Nadu,2022,225,12,226,14.7
11514,Madurai_Village_14,Madurai,Tamil Nadu,2023,215,28,216,13.9
11514,Madurai_Village_14,Madurai,Tamil Nadu,2024,194,20,303,3.8
11514,Madurai_Village_14,Madurai,Tamil Nadu,2025,123,24,308,4.1
11515,Madurai_Village_15,Madurai,Tamil Nadu,2022,163,19,204,12.6
11515,Madurai_Village_15,Madurai,Tamil Nadu,2023,76,11,305,11.3
11515,Madurai_Village_15,Madurai,Tamil Nadu,2024,103,21,297,12.1
11515,Madurai_Village_15,Madurai,Tamil Nadu,2025,227,26,385,6.1
11516,Madurai_Village_16,Madurai,Tamil Nadu,2022,212,26,280,13.4
11516,Madurai_Village_16,Madurai,Tamil Nadu,2023,293,16,299,8.7
11516,Madurai_Village_16,Madurai,Tamil Nadu,2024,134,22,252,6.5
11516,Madurai_Village_16,Madurai,Tamil Nadu,2025,176,19,341,3.4
11517,Madurai_Village_17,Madurai,Tamil Nadu,2022,202,20,323,13.6
11517,Madurai_Village_17,Madurai,Tamil Nadu,2023,205,9,251,9.7
11517,Madurai_Village_17,Madurai,Tamil Nadu,2024,160,6,259,13.9
11517,Madurai_Village_17,Madurai,Tamil Nadu,2025,64,32,361,10.8
11518,Madurai_Village_18,Madurai,Tamil Nadu,2022,181,31,208,5.3
11518,Madurai_Village_18,Madurai,Tamil Nadu,2023,142,35,346,10.3
11518,Madurai_Village_18,Madurai,Tamil Nadu,2024,172,5,295,3.9
11518,Madurai_Village_18,Madurai,Tamil Nadu,2025,122,33,364,9.2
11519,Madurai_Village_19,Madurai,Tamil Nadu,2022,204,5,323,8.2
11519,Madurai_Village_19,Madurai,Tamil Nadu,2023,203,12,258,10.9
11519,Madurai_Village_19,Madurai,Tamil Nadu,2024,196,20,338,9.4
11519,Madurai_Village_19,Madurai,Tamil Nadu,2025,297,32,281,6.0
11520,Madurai_Village_20,Madurai,Tamil Nadu,2022,141,26,266,6.2
11520,Madurai_Village_20,Madurai,Tamil Nadu,2023,66,22,274,8.3
11520,Madurai_Village_20,Madurai,Tamil Nadu,2024,92,26,265,14.1
11520,Madurai_Village_20,Madurai,Tamil Nadu,2025,170,16,293,7.9
11521,Madurai_Village_21,Madurai,Tamil Nadu,2022,90,23,306,12.4
11521,Madurai_Village_21,Madurai,Tamil Nadu,2023,219,29,222,4.7
11521,Madurai_Village_21,Madurai,Tamil Nadu,2024,227,9,270,7.7
11521,Madurai_Village_21,Madurai,Tamil Nadu,2025,261,38,345,9.4
11522,Madurai_Village_22,Madurai,Tamil Nadu,2022,286,14,312,12.4
11522,Madurai_Village_22,Madurai,Tamil Nadu,2023,217,11,323,9.6
11522,Madurai_Village_22,Madurai,Tamil Nadu,2024,88,19,315,9.1
11522,Madurai_Village_22,Madurai,Tamil Nadu,2025,162,28,322,11.3
11523,Madurai_Village_23,Madurai,Tamil Nadu,2022,294,30,254,7.8
11523,Madurai_Village_23,Madurai,Tamil Nadu,2023,200,30,324,5.1
11523,Madurai_Village_23,Madurai,Tamil Nadu,2024,160,30,375,7.3
11523,Madurai_Village_23,Madurai,Tamil Nadu,2025,273,14,309,5.0
11524,Madurai_Village_24,Madurai,Tamil Nadu,2022,229,21,263,14.6
11524,Madurai_Village_24,Madurai,Tamil Nadu,2023,96,18,354,10.2
11524,Madurai_Village_24,Madurai,Tamil Nadu,2024,112,6,347,8.4
11524,Madurai_Village_24,Madurai,Tamil Nadu,2025,274,17,286,12.9
11525,Madurai_Village_25,Madurai,Tamil Nadu,2022,298,31,316,14.0
11525,Madurai_Village_25,Madurai,Tamil Nadu,2023,159,13,264,8.5
11525,Madurai_Village_25,Madurai,Tamil Nadu,2024,118,11,277,12.9
11525,Madurai_Village_25,Madurai,Tamil Nadu,2025,92,14,317,4.0
11526,Madurai_Village_26,Madurai,Tamil Nadu,2022,225,13,335,13.8
11526,Madurai_Village_26,Madurai,Tamil Nadu,2023,83,26,349,7.4
11526,Madurai_Village_26,Madurai,Tamil Nadu,2024,89,27,335,9.6
11526,Madurai_Village_26,Madurai,Tamil Nadu,2025,252,11,252,6.1
11527,Madurai_Village_27,Madurai,Tamil Nadu,2022,110,13,309,14.8
11527,Madurai_Village_27,Madurai,Tamil Nadu,2023,227,31,245,4.9
11527,Madurai_Village_27,Madurai,Tamil Nadu,2024,244,28,241,8.4
11527,Madurai_Village_27,Madurai,Tamil Nadu,2025,111,33,371,9.8
11528,Madurai_Village_28,Madurai,Tamil Nadu,2022,107,21,256,11.0
11528,Madurai_Village_28,Madurai,Tamil Nadu,2023,210,24,354,11.9
11528,Madurai_Village_28,Madurai,Tamil Nadu,2024,124,11,256,11.3
11528,Madurai_Village_28,Madurai,Tamil Nadu,2025,65,11,290,11.6
11529,Madurai_Village_29,Madurai,Tamil Nadu,2022,131,32,334,7.0
11529,Madurai_Village_29,Madurai,Tamil Nadu,2023,143,23,275,8.0
11529,Madurai_Village_29,Madurai,Tamil Nadu,2024,97,24,287,7.7
11529,Madurai_Village_29,Madurai,Tamil Nadu,2025,296,11,257,13.3
11530,Madurai_Village_30,Madurai,Tamil Nadu,2022,187,10,299,8.8
11530,Madurai_Village_30,Madurai,Tamil Nadu,2023,131,29,263,6.4
11530,Madurai_Village_30,Madurai,Tamil Nadu,2024,87,17,264,10.3
11530,Madurai_Village_30,Madurai,Tamil Nadu,2025,176,26,338,7.8
11531,Madurai_Village_31,Madurai,Tamil Nadu,2022,68,21,294,7.1
11531,Madurai_Village_31,Madurai,Tamil Nadu,2023,213,26,359,11.6
11531,Madurai_Village_31,Madurai,Tamil Nadu,2024,236,38,301,5.7
11531,Madurai_Village_31,Madurai,Tamil Nadu,2025,112,12,367,10.0
11532,Madurai_Village_32,Madurai,Tamil Nadu,2022,126,22,209,9.0
11532,Madurai_Village_32,Madurai,Tamil Nadu,2023,297,28,218,7.5
11532,Madurai_Village_32,Madurai,Tamil Nadu,2024,223,6,354,13.6
11532,Madurai_Village_32,Madurai,Tamil Nadu,2025,180,6,273,6.7
11533,Madurai_Village_33,Madurai,Tamil Nadu,2022,251,31,245,8.1
11533,Madurai_Village_33,Madurai,Tamil Nadu,2023,151,18,291,13.2
11533,Madurai_Village_33,Madurai,Tamil Nadu,2024,114,16,288,5.1
11533,Madurai_Village_33,Madurai,Tamil Nadu,2025,296,36,310,4.4
11534,Madurai_Village_34,Madurai,Tamil Nadu,2022,169,32,306,7.5
11534,Madurai_Village_34,Madurai,Tamil Nadu,2023,140,32,300,10.3
11534,Madurai_Village_34,Madurai,Tamil Nadu,2024,287,29,362,7.7
11534,Madurai_Village_34,Madurai,Tamil Nadu,2025,57,8,253,9.7
11535,Madurai_Village_35,Madurai,Tamil Nadu,2022,228,30,219,6.2
11535,Madurai_Village_35,Madurai,Tamil Nadu,2023,287,7,363,6.8
11535,Madurai_Village_35,Madurai,Tamil Nadu,2024,283,5,356,9.6
11535,Madurai_Village_35,Madurai,Tamil Nadu,2025,258,21,261,5.6
11536,Madurai_Village_36,Madurai,Tamil Nadu,2022,122,11,211,8.9
11536,Madurai_Village_36,Madurai,Tamil Nadu,2023,183,9,296,10.1
11536,Madurai_Village_36,Madurai,Tamil Nadu,2024,156,23,296,13.9
11536,Madurai_Village_36,Madurai,Tamil Nadu,2025,138,38,377,4.1
11537,Madurai_Village_37,Madurai,Tamil Nadu,2022,88,39,252,9.3
11537,Madurai_Village_37,Madurai,Tamil Nadu,2023,162,20,361,8.3
11537,Madurai_Village_37,Madurai,Tamil Nadu,2024,237,31,374,12.4
11537,Madurai_Village_37,Madurai,Tamil Nadu,2025,77,29,298,12.8
11538,Madurai_Village_38,Madurai,Tamil Nadu,2022,146,30,267,14.0
11538,Madurai_Village_38,Madurai,Tamil Nadu,2023,231,18,249,8.0
11538,Madurai_Village_38,Madurai,Tamil Nadu,2024,86,18,317,6.9
11538,Madurai_Village_38,Madurai,Tamil Nadu,2025,186,18,385,8.0
11539,Madurai_Village_39,Madurai,Tamil Nadu,2022,131,29,214,8.1
11539,Madurai_Village_39,Madurai,Tamil Nadu,2023,105,8,229,11.6
11539,Madurai_Village_39,Madurai,Tamil Nadu,2024,236,19,260,5.9
11539,Madurai_Village_39,Madurai,Tamil Nadu,2025,134,36,351,10.2
11540,Madurai_Village_40,Madurai,Tamil Nadu,2022,51,22,209,14.2
11540,Madurai_Village_40,Madurai,Tamil Nadu,2023,238,18,271,7.0
11540,Madurai_Village_40,Madurai,Tamil Nadu,2024,107,5,236,10.8
11540,Madurai_Village_40,Madurai,Tamil Nadu,2025,156,24,377,4.8
11541,Madurai_Village_41,Madurai,Tamil Nadu,2022,172,14,324,5.8
11541,Madurai_Village_41,Madurai,Tamil Nadu,2023,237,14,333,5.3
11541,Madurai_Village_41,Madurai,Tamil Nadu,2024,279,28,309,5.2
11541,Madurai_Village_41,Madurai,Tamil Nadu,2025,299,38,368,5.6
11542,Madurai_Village_42,Madurai,Tamil Nadu,2022,217,32,256,10.4
11542,Madurai_Village_42,Madurai,Tamil Nadu,2023,213,31,286,12.2
11542,Madurai_Village_42,Madurai,Tamil Nadu,2024,163,5,257,5.0
11542,Madurai_Village_42,Madurai,Tamil Nadu,2025,156,37,280,12.4
11543,Madurai_Village_43,Madurai,Tamil Nadu,2022,86,8,255,13.3
11543,Madurai_Village_43,Madurai,Tamil Nadu,2023,128,11,330,11.7
11543,Madurai_Village_43,Madurai,Tamil Nadu,2024,141,13,288,8.2
11543,Madurai_Village_43,Madurai,Tamil Nadu,2025,67,20,367,3.3
11544,Madurai_Village_44,Madurai,Tamil Nadu,2022,147,9,265,12.2
11544,Madurai_Village_44,Madurai,Tamil Nadu,2023,112,38,223,13.3
11544,Madurai_Village_44,Madurai,Tamil Nadu,2024,199,27,363,7.2
11544,Madurai_Village_44,Madurai,Tamil Nadu,2025,188,29,363,10.8
11545,Madurai_Village_45,Madurai,Tamil Nadu,2022,235,17,321,5.2
11545,Madurai_Village_45,Madurai,Tamil Nadu,2023,234,28,279,11.5
11545,Madurai_Village_45,Madurai,Tamil Nadu,2024,254,15,360,4.4
11545,Madurai_Village_45,Madurai,Tamil Nadu,2025,53,21,371,9.5
11546,Madurai_Village_46,Madurai,Tamil Nadu,2022,263,17,286,10.8
11546,Madurai_Village_46,Madurai,Tamil Nadu,2023,184,31,247,7.3
11546,Madurai_Village_46,Madurai,Tamil Nadu,2024,110,24,366,4.5
11546,Madurai_Village_46,Madurai,Tamil Nadu,2025,156,37,297,13.3
11547,Madurai_Village_47,Madurai,Tamil Nadu,2022,103,36,291,10.1
11547,Madurai_Village_47,Madurai,Tamil Nadu,2023,137,12,265,10.2
11547,Madurai_Village_47,Madurai,Tamil Nadu,2024,117,33,300,10.2
11547,Madurai_Village_47,Madurai,Tamil Nadu,2025,269,23,388,12.7
11548,Madurai_Village_48,Madurai,Tamil Nadu,2022,256,10,239,5.1
11548,Madurai_Village_48,Madurai,Tamil Nadu,2023,178,25,253,13.5
11548,Madurai_Village_48,Madurai,Tamil Nadu,2024,104,26,350,6.2
11548,Madurai_Village_48,Madurai,Tamil Nadu,2025,52,14,329,4.1
11549,Madurai_Village_49,Madurai,Tamil Nadu,2022,255,14,336,11.4
11549,Madurai_Village_49,Madurai,Tamil Nadu,2023,215,33,251,14.4
11549,Madurai_Village_49,Madurai,Tamil Nadu,2024,291,20,316,4.3
11549,Madurai_Village_49,Madurai,Tamil Nadu,2025,170,5,373,7.8
11550,Madurai_Village_50,Madurai,Tamil Nadu,2022,178,21,262,10.1
11550,Madurai_Village_50,Madurai,Tamil Nadu,2023,151,34,257,6.7
11550,Madurai_Village_50,Madurai,Tamil Nadu,2024,87,30,329,14.0
11550,Madurai_Village_50,Madurai,Tamil Nadu,2025,134,23,349,10.0
11551,Madurai_Village_51,Madurai,Tamil Nadu,2022,289,25,207,13.4
11551,Madurai_Village_51,Madurai,Tamil Nadu,2023,206,21,263,8.5
11551,Madurai_Village_51,Madurai,Tamil Nadu,2024,182,25,325,7.4
11551,Madurai_Village_51,Madurai,Tamil Nadu,2025,290,23,367,9.1
11552,Madurai_Village_52,Madurai,Tamil Nadu,2022,251,11,246,9.1
11552,Madurai_Village_52,Madurai,Tamil Nadu,2023,141,21,239,11.6
11552,Madurai_Village_52,Madurai,Tamil Nadu,2024,70,5,360,6.5
11552,Madurai_Village_52,Madurai,Tamil Nadu,2025,291,10,358,8.0
11553,Madurai_Village_53,Madurai,Tamil Nadu,2022,248,30,298,13.9
11553,Madurai_Village_53,Madurai,Tamil Nadu,2023,244,6,310,12.0
11553,Madurai_Village_53,Madurai,Tamil Nadu,2024,158,36,263,5.5
11553,Madurai_Village_53,Madurai,Tamil Nadu,2025,96,9,353,12.6
11554,Madurai_Village_54,Madurai,Tamil Nadu,2022,133,35,291,10.7
11554,Madurai_Village_54,Madurai,Tamil Nadu,2023,132,16,222,11.2
11554,Madurai_Village_54,Madurai,Tamil Nadu,2024,84,39,292,6.8
11554,Madurai_Village_54,Madurai,Tamil Nadu,2025,245,34,326,7.9
11555,Madurai_Village_55,Madurai,Tamil Nadu,2022,118,10,224,13.0
11555,Madurai_Village_55,Madurai,Tamil Nadu,2023,178,19,343,7.6
11555,Madurai_Village_55,Madurai,Tamil Nadu,2024,245,19,237,5.4
11555,Madurai_Village_55,Madurai,Tamil Nadu,2025,189,20,368,7.3
11556,Madurai_Village_56,Madurai,Tamil Nadu,2022,237,24,348,5.2
11556,Madurai_Village_56,Madurai,Tamil Nadu,2023,76,17,312,11.6
11556,Madurai_Village_56,Madurai,Tamil Nadu,2024,105,35,330,5.3
11556,Madurai_Village_56,Madurai,Tamil Nadu,2025,283,38,355,6.3
11557,Madurai_Village_57,Madurai,Tamil Nadu,2022,72,33,202,13.8
11557,Madurai_Village_57,Madurai,Tamil Nadu,2023,202,7,349,9.8
11557,Madurai_Village_57,Madurai,Tamil Nadu,2024,70,13,329,7.1
11557,Madurai_Village_57,Madurai,Tamil Nadu,2025,110,15,255,9.1
11558,Madurai_Village_58,Madurai,Tamil Nadu,2022,112,15,258,6.8
11558,Madurai_Village_58,Madurai,Tamil Nadu,2023,171,29,354,4.4
11558,Madurai_Village_58,Madurai,Tamil Nadu,2024,101,26,308,10.0
11558,Madurai_Village_58,Madurai,Tamil Nadu,2025,137,13,282,10.8
11559,Madurai_Village_59,Madurai,Tamil Nadu,2022,202,24,321,13.7
11559,Madurai_Village_59,Madurai,Tamil Nadu,2023,286,25,279,12.2
11559,Madurai_Village_59,Madurai,Tamil Nadu,2024,104,14,375,13.4
11559,Madurai_Village_59,Madurai,Tamil Nadu,2025,95,26,290,13.7
11560,Madurai_Village_60,Madurai,Tamil Nadu,2022,81,33,324,12.3
11560,Madurai_Village_60,Madurai,Tamil Nadu,2023,104,13,270,13.2
11560,Madurai_Village_60,Madurai,Tamil Nadu,2024,145,9,236,10.8
11560,Madurai_Village_60,Madurai,Tamil Nadu,2025,182,15,349,5.1
11561,Madurai_Village_61,Madurai,Tamil Nadu,2022,85,5,239,6.4
11561,Madurai_Village_61,Madurai,Tamil Nadu,2023,159,5,311,5.3
11561,Madurai_Village_61,Madurai,Tamil Nadu,2024,283,9,281,13.6
11561,Madurai_Village_61,Madurai,Tamil Nadu,2025,226,26,275,10.4
11562,Madurai_Village_62,Madurai,Tamil Nadu,2022,155,30,206,12.8
11562,Madurai_Village_62,Madurai,Tamil Nadu,2023,107,10,358,7.6
11562,Madurai_Village_62,Madurai,Tamil Nadu,2024,88,36,379,8.5
11562,Madurai_Village_62,Madurai,Tamil Nadu,2025,129,15,335,3.7
11563,Madurai_Village_63,Madurai,Tamil Nadu,2022,146,14,216,13.8
11563,Madurai_Village_63,Madurai,Tamil Nadu,2023,162,38,339,13.1
11563,Madurai_Village_63,Madurai,Tamil Nadu,2024,262,35,233,11.9
11563,Madurai_Village_63,Madurai,Tamil Nadu,2025,110,16,366,3.9
11564,Madurai_Village_64,Madurai,Tamil Nadu,2022,186,20,298,6.3
11564,Madurai_Village_64,Madurai,Tamil Nadu,2023,55,7,357,7.6
11564,Madurai_Village_64,Madurai,Tamil Nadu,2024,292,6,290,6.5
11564,Madurai_Village_64,Madurai,Tamil Nadu,2025,158,9,265,12.1
11565,Madurai_Village_65,Madurai,Tamil Nadu,2022,84,15,276,6.5
11565,Madurai_Village_65,Madurai,Tamil Nadu,2023,88,29,261,9.7
11565,Madurai_Village_65,Madurai,Tamil Nadu,2024,199,39,304,9.7
11565,Madurai_Village_65,Madurai,Tamil Nadu,2025,218,39,293,7.8
11566,Madurai_Village_66,Madurai,Tamil Nadu,2022,167,26,226,7.0
11566,Madurai_Village_66,Madurai,Tamil Nadu,2023,54,26,245,14.2
11566,Madurai_Village_66,Madurai,Tamil Nadu,2024,219,15,261,8.0
11566,Madurai_Village_66,Madurai,Tamil Nadu,2025,136,36,262,10.9
11567,Madurai_Village_67,Madurai,Tamil Nadu,2022,258,39,324,6.4
11567,Madurai_Village_67,Madurai,Tamil Nadu,2023,125,35,277,12.7
11567,Madurai_Village_67,Madurai,Tamil Nadu,2024,264,12,357,6.0
11567,Madurai_Village_67,Madurai,Tamil Nadu,2025,257,24,260,10.4
11568,Madurai_Village_68,Madurai,Tamil Nadu,2022,244,38,336,9.8
11568,Madurai_Village_68,Madurai,Tamil Nadu,2023,207,8,276,5.6
11568,Madurai_Village_68,Madurai,Tamil Nadu,2024,106,22,268,4.0
11568,Madurai_Village_68,Madurai,Tamil Nadu,2025,176,8,359,13.1
11569,Madurai_Village_69,Madurai,Tamil Nadu,2022,263,24,337,5.8
11569,Madurai_Village_69,Madurai,Tamil Nadu,2023,250,13,354,11.5
11569,Madurai_Village_69,Madurai,Tamil Nadu,2024,78,20,301,10.6
11569,Madurai_Village_69,Madurai,Tamil Nadu,2025,288,30,306,6.9
11570,Madurai_Village_70,Madurai,Tamil Nadu,2022,214,29,330,6.4
11570,Madurai_Village_70,Madurai,Tamil Nadu,2023,136,8,297,6.0
11570,Madurai_Village_70,Madurai,Tamil Nadu,2024,190,23,352,9.8
11570,Madurai_Village_70,Madurai,Tamil Nadu,2025,209,18,383,9.0
11571,Madurai_Village_71,Madurai,Tamil Nadu,2022,95,25,335,13.7
11571,Madurai_Village_71,Madurai,Tamil Nadu,2023,165,19,323,10.8
11571,Madurai_Village_71,Madurai,Tamil Nadu,2024,288,7,351,12.3
11571,Madurai_Village_71,Madurai,Tamil Nadu,2025,161,20,363,3.6
11572,Madurai_Village_72,Madurai,Tamil Nadu,2022,200,18,337,11.5
11572,Madurai_Village_72,Madurai,Tamil Nadu,2023,94,13,232,6.6
11572,Madurai_Village_72,Madurai,Tamil Nadu,2024,194,11,305,6.4
11572,Madurai_Village_72,Madurai,Tamil Nadu,2025,296,18,255,10.9
11573,Madurai_Village_73,Madurai,Tamil Nadu,2022,153,10,337,12.8
11573,Madurai_Village_73,Madurai,Tamil Nadu,2023,134,25,345,8.0
11573,Madurai_Village_73,Madurai,Tamil Nadu,2024,243,19,291,12.0
11573,Madurai_Village_73,Madurai,Tamil Nadu,2025,278,12,315,8.0
11574,Madurai_Village_74,Madurai,Tamil Nadu,2022,183,38,260,13.5
11574,Madurai_Village_74,Madurai,Tamil Nadu,2023,157,5,346,4.4
11574,Madurai_Village_74,Madurai,Tamil Nadu,2024,67,36,290,4.6
11574,Madurai_Village_74,Madurai,Tamil Nadu,2025,143,9,380,11.5
11575,Madurai_Village_75,Madurai,Tamil Nadu,2022,199,34,301,11.1
11575,Madurai_Village_75,Madurai,Tamil Nadu,2023,295,26,227,10.0
11575,Madurai_Village_75,Madurai,Tamil Nadu,2024,82,24,241,10.1
11575,Madurai_Village_75,Madurai,Tamil Nadu,2025,207,20,279,13.1
11576,Madurai_Village_76,Madurai,Tamil Nadu,2022,258,11,250,11.4
11576,Madurai_Village_76,Madurai,Tamil Nadu,2023,175,11,257,10.9
11576,Madurai_Village_76,Madurai,Tamil Nadu,2024,284,6,340,11.7
11576,Madurai_Village_76,Madurai,Tamil Nadu,2025,209,18,310,12.4
11577,Madurai_Village_77,Madurai,Tamil Nadu,2022,219,35,214,7.3
11577,Madurai_Village_77,Madurai,Tamil Nadu,2023,292,18,253,10.6
11577,Madurai_Village_77,Madurai,Tamil Nadu,2024,255,9,255,9.8
11577,Madurai_Village_77,Madurai,Tamil Nadu,2025,171,15,356,4.7
11578,Madurai_Village_78,Madurai,Tamil Nadu,2022,187,9,250,10.0
11578,Madurai_Village_78,Madurai,Tamil Nadu,2023,288,33,325,4.8
11578,Madurai_Village_78,Madurai,Tamil Nadu,2024,164,15,361,5.6
11578,Madurai_Village_78,Madurai,Tamil Nadu,2025,213,9,342,12.9
11579,Madurai_Village_79,Madurai,Tamil Nadu,2022,211,36,318,5.8
11579,Madurai_Village_79,Madurai,Tamil Nadu,2023,250,19,270,10.2
11579,Madurai_Village_79,Madurai,Tamil Nadu,2024,283,23,298,7.1
11579,Madurai_Village_79,Madurai,Tamil Nadu,2025,77,26,390,9.1
11580,Madurai_Village_80,Madurai,Tamil Nadu,2022,60,38,203,7.0
11580,Madurai_Village_80,Madurai,Tamil Nadu,2023,255,21,343,8.8
11580,Madurai_Village_80,Madurai,Tamil Nadu,2024,216,16,279,12.8
11580,Madurai_Village_80,Madurai,Tamil Nadu,2025,296,29,328,7.3
11581,Madurai_Village_81,Madurai,Tamil Nadu,2022,96,21,269,8.2
11581,Madurai_Village_81,Madurai,Tamil Nadu,2023,295,14,362,8.8
11581,Madurai_Village_81,Madurai,Tamil Nadu,2024,176,32,249,4.8
11581,Madurai_Village_81,Madurai,Tamil Nadu,2025,196,22,271,7.4
11582,Madurai_Village_82,Madurai,Tamil Nadu,2022,167,22,225,4.6
11582,Madurai_Village_82,Madurai,Tamil Nadu,2023,192,36,224,9.4
11582,Madurai_Village_82,Madurai,Tamil Nadu,2024,175,18,311,12.6
11582,Madurai_Village_82,Madurai,Tamil Nadu,2025,205,20,349,9.1
11583,Madurai_Village_83,Madurai,Tamil Nadu,2022,201,22,339,10.9
11583,Madurai_Village_83,Madurai,Tamil Nadu,2023,121,20,302,4.4
11583,Madurai_Village_83,Madurai,Tamil Nadu,2024,156,21,253,12.7
11583,Madurai_Village_83,Madurai,Tamil Nadu,2025,186,11,361,7.3
11584,Madurai_Village_84,Madurai,Tamil Nadu,2022,224,16,245,14.7
11584,Madurai_Village_84,Madurai,Tamil Nadu,2023,82,38,350,5.4
11584,Madurai_Village_84,Madurai,Tamil Nadu,2024,239,14,284,13.6
11584,Madurai_Village_84,Madurai,Tamil Nadu,2025,274,9,322,10.0
11585,Madurai_Village_85,Madurai,Tamil Nadu,2022,68,25,287,5.0
11585,Madurai_Village_85,Madurai,Tamil Nadu,2023,244,7,230,14.3
11585,Madurai_Village_85,Madurai,Tamil Nadu,2024,123,23,377,3.8
11585,Madurai_Village_85,Madurai,Tamil Nadu,2025,217,39,282,11.0
11586,Madurai_Village_86,Madurai,Tamil Nadu,2022,224,10,310,13.8
11586,Madurai_Village_86,Madurai,Tamil Nadu,2023,283,18,229,5.9
11586,Madurai_Village_86,Madurai,Tamil Nadu,2024,242,8,307,7.3
11586,Madurai_Village_86,Madurai,Tamil Nadu,2025,206,22,320,9.2
11587,Madurai_Village_87,Madurai,Tamil Nadu,2022,227,33,271,11.6
11587,Madurai_Village_87,Madurai,Tamil Nadu,2023,147,39,233,13.3
11587,Madurai_Village_87,Madurai,Tamil Nadu,2024,292,20,349,11.7
11587,Madurai_Village_87,Madurai,Tamil Nadu,2025,190,24,307,7.1
11588,Madurai_Village_88,Madurai,Tamil Nadu,2022,295,28,304,13.1
11588,Madurai_Village_88,Madurai,Tamil Nadu,2023,178,39,246,14.2
11588,Madurai_Village_88,Madurai,Tamil Nadu,2024,211,23,339,6.1
11588,Madurai_Village_88,Madurai,Tamil Nadu,2025,142,8,251,4.1
11589,Madurai_Village_89,Madurai,Tamil Nadu,2022,225,37,338,9.0
11589,Madurai_Village_89,Madurai,Tamil Nadu,2023,288,6,301,13.4
11589,Madurai_Village_89,Madurai,Tamil Nadu,2024,254,17,260,5.3
11589,Madurai_Village_89,Madurai,Tamil Nadu,2025,97,34,289,12.6
11590,Madurai_Village_90,Madurai,Tamil Nadu,2022,226,38,255,14.9
11590,Madurai_Village_90,Madurai,Tamil Nadu,2023,294,34,363,4.7
11590,Madurai_Village_90,Madurai,Tamil Nadu,2024,113,28,260,8.9
11590,Madurai_Village_90,Madurai,Tamil Nadu,2025,110,37,245,6.8
11591,Madurai_Village_91,Madurai,Tamil Nadu,2022,206,14,338,8.6
11591,Madurai_Village_91,Madurai,Tamil Nadu,2023,88,22,307,8.8
11591,Madurai_Village_91,Madurai,Tamil Nadu,2024,177,23,297,11.5
11591,Madurai_Village_91,Madurai,Tamil Nadu,2025,137,11,280,9.5
11592,Madurai_Village_92,Madurai,Tamil Nadu,2022,75,23,278,14.6
11592,Madurai_Village_92,Madurai,Tamil Nadu,2023,66,28,281,7.6
11592,Madurai_Village_92,Madurai,Tamil Nadu,2024,120,19,280,9.4
11592,Madurai_Village_92,Madurai,Tamil Nadu,2025,62,27,374,11.8
11593,Madurai_Village_93,Madurai,Tamil Nadu,2022,118,8,205,8.4
11593,Madurai_Village_93,Madurai,Tamil Nadu,2023,75,8,268,9.0
11593,Madurai_Village_93,Madurai,Tamil Nadu,2024,98,9,317,10.9
11593,Madurai_Village_93,Madurai,Tamil Nadu,2025,244,27,389,12.3
11594,Madurai_Village_94,Madurai,Tamil Nadu,2022,56,15,204,8.9
11594,Madurai_Village_94,Madurai,Tamil Nadu,2023,107,15,216,9.7
11594,Madurai_Village_94,Madurai,Tamil Nadu,2024,98,17,287,13.9
11594,Madurai_Village_94,Madurai,Tamil Nadu,2025,152,18,256,3.7
11595,Madurai_Village_95,Madurai,Tamil Nadu,2022,102,12,204,9.2
11595,Madurai_Village_95,Madurai,Tamil Nadu,2023,242,29,320,10.8
11595,Madurai_Village_95,Madurai,Tamil Nadu,2024,290,22,377,3.8
11595,Madurai_Village_95,Madurai,Tamil Nadu,2025,111,22,373,9.6
11596,Madurai_Village_96,Madurai,Tamil Nadu,2022,66,14,255,5.1
11596,Madurai_Village_96,Madurai,Tamil Nadu,2023,220,11,284,13.1
11596,Madurai_Village_96,Madurai,Tamil Nadu,2024,74,18,285,12.2
11596,Madurai_Village_96,Madurai,Tamil Nadu,2025,180,19,298,3.6
11597,Madurai_Village_97,Madurai,Tamil Nadu,2022,256,20,338,5.0
11597,Madurai_Village_97,Madurai,Tamil Nadu,2023,78,6,217,12.0
11597,Madurai_Village_97,Madurai,Tamil Nadu,2024,166,34,324,7.6
11597,Madurai_Village_97,Madurai,Tamil Nadu,2025,284,34,272,9.3
11598,Madurai_Village_98,Madurai,Tamil Nadu,2022,209,22,310,7.3
11598,Madurai_Village_98,Madurai,Tamil Nadu,2023,75,35,321,5.9
11598,Madurai_Village_98,Madurai,Tamil Nadu,2024,173,17,349,6.8
11598,Madurai_Village_98,Madurai,Tamil Nadu,2025,193,24,377,5.9
11599,Madurai_Village_99,Madurai,Tamil Nadu,2022,74,39,323,9.2
11599,Madurai_Village_99,Madurai,Tamil Nadu,2023,103,27,304,11.9
11599,Madurai_Village_99,Madurai,Tamil Nadu,2024,205,37,245,9.5
11599,Madurai_Village_99,Madurai,Tamil Nadu,2025,122,39,275,9.7
11600,Madurai_Village_100,Madurai,Tamil Nadu,2022,169,24,227,9.4
11600,Madurai_Village_100,Madurai,Tamil Nadu,2023,105,7,349,7.5
11600,Madurai_Village_100,Madurai,Tamil Nadu,2024,114,12,366,5.2
11600,Madurai_Village_100,Madurai,Tamil Nadu,2025,142,36,283,7.0
11601,Madurai_Village_101,Madurai,Tamil Nadu,2022,298,33,226,11.5
11601,Madurai_Village_101,Madurai,Tamil Nadu,2023,135,11,290,11.8
11601,Madurai_Village_101,Madurai,Tamil Nadu,2024,129,6,346,8.6
11601,Madurai_Village_101,Madurai,Tamil Nadu,2025,218,25,333,10.1
11602,Madurai_Village_102,Madurai,Tamil Nadu,2022,292,10,306,6.7
11602,Madurai_Village_102,Madurai,Tamil Nadu,2023,157,32,336,13.1
11602,Madurai_Village_102,Madurai,Tamil Nadu,2024,228,36,355,12.8
11602,Madurai_Village_102,Madurai,Tamil Nadu,2025,167,13,342,6.7
11603,Madurai_Village_103,Madurai,Tamil Nadu,2022,282,15,232,10.3
11603,Madurai_Village_103,Madurai,Tamil Nadu,2023,248,27,305,10.5
11603,Madurai_Village_103,Madurai,Tamil Nadu,2024,255,15,349,8.7
11603,Madurai_Village_103,Madurai,Tamil Nadu,2025,206,6,246,12.9
11604,Madurai_Village_104,Madurai,Tamil Nadu,2022,132,7,341,12.3
11604,Madurai_Village_104,Madurai,Tamil Nadu,2023,196,15,227,11.2
11604,Madurai_Village_104,Madurai,Tamil Nadu,2024,243,39,253,9.2
11604,Madurai_Village_104,Madurai,Tamil Nadu,2025,218,19,313,4.2
11605,Madurai_Village_105,Madurai,Tamil Nadu,2022,222,15,233,5.6
11605,Madurai_Village_105,Madurai,Tamil Nadu,2023,64,35,301,7.2
11605,Madurai_Village_105,Madurai,Tamil Nadu,2024,180,32,248,5.9
11605,Madurai_Village_105,Madurai,Tamil Nadu,2025,188,32,274,13.3
11606,Madurai_Village_106,Madurai,Tamil Nadu,2022,230,36,248,8.8
11606,Madurai_Village_106,Madurai,Tamil Nadu,2023,223,29,358,13.3
11606,Madurai_Village_106,Madurai,Tamil Nadu,2024,79,24,343,12.3
11606,Madurai_Village_106,Madurai,Tamil Nadu,2025,106,32,360,11.8
11607,Madurai_Village_107,Madurai,Tamil Nadu,2022,281,29,338,6.8
11607,Madurai_Village_107,Madurai,Tamil Nadu,2023,195,15,292,8.8
11607,Madurai_Village_107,Madurai,Tamil Nadu,2024,228,23,264,7.0
11607,Madurai_Village_107,Madurai,Tamil Nadu,2025,177,32,315,13.5
11608,Madurai_Village_108,Madurai,Tamil Nadu,2022,97,5,307,13.7
11608,Madurai_Village_108,Madurai,Tamil Nadu,2023,243,9,268,6.7
11608,Madurai_Village_108,Madurai,Tamil Nadu,2024,273,14,252,7.0
11608,Madurai_Village_108,Madurai,Tamil Nadu,2025,185,38,254,8.9
11609,Madurai_Village_109,Madurai,Tamil Nadu,2022,71,6,260,7.4
11609,Madurai_Village_109,Madurai,Tamil Nadu,2023,55,22,350,12.8
11609,Madurai_Village_109,Madurai,Tamil Nadu,2024,253,17,277,12.3
11609,Madurai_Village_109,Madurai,Tamil Nadu,2025,288,9,356,10.9
11610,Madurai_Village_110,Madurai,Tamil Nadu,2022,234,24,325,11.7
11610,Madurai_Village_110,Madurai,Tamil Nadu,2023,153,6,301,9.8
11610,Madurai_Village_110,Madurai,Tamil Nadu,2024,85,15,255,7.3
11610,Madurai_Village_110,Madurai,Tamil Nadu,2025,128,34,296,12.1
11611,Madurai_Village_111,Madurai,Tamil Nadu,2022,269,36,205,13.5
11611,Madurai_Village_111,Madurai,Tamil Nadu,2023,165,36,222,4.6
11611,Madurai_Village_111,Madurai,Tamil Nadu,2024,106,32,246,7.9
11611,Madurai_Village_111,Madurai,Tamil Nadu,2025,98,14,320,3.6
11612,Madurai_Village_112,Madurai,Tamil Nadu,2022,222,26,233,13.3
11612,Madurai_Village_112,Madurai,Tamil Nadu,2023,131,21,361,6.0
11612,Madurai_Village_112,Madurai,Tamil Nadu,2024,115,26,299,10.8
11612,Madurai_Village_112,Madurai,Tamil Nadu,2025,126,23,326,7.1
11613,Madurai_Village_113,Madurai,Tamil Nadu,2022,94,21,317,13.1
11613,Madurai_Village_113,Madurai,Tamil Nadu,2023,295,28,252,9.5
11613,Madurai_Village_113,Madurai,Tamil Nadu,2024,128,36,372,7.1
11613,Madurai_Village_113,Madurai,Tamil Nadu,2025,69,32,346,6.7
11614,Madurai_Village_114,Madurai,Tamil Nadu,2022,241,18,239,7.9
11614,Madurai_Village_114,Madurai,Tamil Nadu,2023,270,10,351,12.4
11614,Madurai_Village_114,Madurai,Tamil Nadu,2024,172,13,282,11.2
11614,Madurai_Village_114,Madurai,Tamil Nadu,2025,283,25,362,6.7
11615,Madurai_Village_115,Madurai,Tamil Nadu,2022,270,16,265,9.6
11615,Madurai_Village_115,Madurai,Tamil Nadu,2023,116,34,294,4.9
11615,Madurai_Village_115,Madurai,Tamil Nadu,2024,132,35,281,12.4
11615,Madurai_Village_115,Madurai,Tamil Nadu,2025,52,8,373,6.1
11616,Madurai_Village_116,Madurai,Tamil Nadu,2022,231,35,323,13.8
11616,Madurai_Village_116,Madurai,Tamil Nadu,2023,255,31,326,10.4
11616,Madurai_Village_116,Madurai,Tamil Nadu,2024,113,29,230,9.7
11616,Madurai_Village_116,Madurai,Tamil Nadu,2025,89,9,260,5.0
11617,Madurai_Village_117,Madurai,Tamil Nadu,2022,108,10,344,5.2
11617,Madurai_Village_117,Madurai,Tamil Nadu,2023,232,9,326,9.9
11617,Madurai_Village_117,Madurai,Tamil Nadu,2024,111,31,341,8.6
11617,Madurai_Village_117,Madurai,Tamil Nadu,2025,181,12,346,4.6
11618,Madurai_Village_118,Madurai,Tamil Nadu,2022,109,13,281,13.3
11618,Madurai_Village_118,Madurai,Tamil Nadu,2023,165,19,364,8.5
11618,Madurai_Village_118,Madurai,Tamil Nadu,2024,124,11,328,6.4
11618,Madurai_Village_118,Madurai,Tamil Nadu,2025,171,36,284,11.6
11619,Madurai_Village_119,Madurai,Tamil Nadu,2022,272,12,235,14.1
11619,Madurai_Village_119,Madurai,Tamil Nadu,2023,156,19,339,7.3
11619,Madurai_Village_119,Madurai,Tamil Nadu,2024,145,23,233,11.8
11619,Madurai_Village_119,Madurai,Tamil Nadu,2025,140,10,362,10.2
11620,Madurai_Village_120,Madurai,Tamil Nadu,2022,207,23,224,14.9
11620,Madurai_Village_120,Madurai,Tamil Nadu,2023,284,32,309,6.2
11620,Madurai_Village_120,Madurai,Tamil Nadu,2024,179,21,307,13.8
11620,Madurai_Village_120,Madurai,Tamil Nadu,2025,111,23,256,6.6
11621,Madurai_Village_121,Madurai,Tamil Nadu,2022,98,35,226,8.8
11621,Madurai_Village_121,Madurai,Tamil Nadu,2023,186,15,277,7.9
11621,Madurai_Village_121,Madurai,Tamil Nadu,2024,141,19,284,6.5
11621,Madurai_Village_121,Madurai,Tamil Nadu,2025,208,14,326,10.6
11622,Madurai_Village_122,Madurai,Tamil Nadu,2022,173,27,213,10.7
11622,Madurai_Village_122,Madurai,Tamil Nadu,2023,275,7,270,7.3
11622,Madurai_Village_122,Madurai,Tamil Nadu,2024,110,7,376,5.1
11622,Madurai_Village_122,Madurai,Tamil Nadu,2025,297,22,330,6.6
11623,Madurai_Village_123,Madurai,Tamil Nadu,2022,256,29,225,8.5
11623,Madurai_Village_123,Madurai,Tamil Nadu,2023,97,24,306,8.1
11623,Madurai_Village_123,Madurai,Tamil Nadu,2024,202,33,265,7.5
11623,Madurai_Village_123,Madurai,Tamil Nadu,2025,213,26,390,3.8
11624,Madurai_Village_124,Madurai,Tamil Nadu,2022,185,19,277,9.4
11624,Madurai_Village_124,Madurai,Tamil Nadu,2023,250,14,326,12.9
11624,Madurai_Village_124,Madurai,Tamil Nadu,2024,299,25,252,5.6
11624,Madurai_Village_124,Madurai,Tamil Nadu,2025,107,33,363,4.8
11625,Madurai_Village_125,Madurai,Tamil Nadu,2022,150,36,315,9.5
11625,Madurai_Village_125,Madurai,Tamil Nadu,2023,161,14,356,8.0
11625,Madurai_Village_125,Madurai,Tamil Nadu,2024,222,17,251,9.6
11625,Madurai_Village_125,Madurai,Tamil Nadu,2025,111,27,272,13.2
11626,Salem_Village_1,Salem,Tamil Nadu,2022,88,27,242,12.5
11626,Salem_Village_1,Salem,Tamil Nadu,2023,273,35,290,11.3
11626,Salem_Village_1,Salem,Tamil Nadu,2024,107,8,247,8.1
11626,Salem_Village_1,Salem,Tamil Nadu,2025,293,7,344,6.3
11627,Salem_Village_2,Salem,Tamil Nadu,2022,258,25,323,10.2
11627,Salem_Village_2,Salem,Tamil Nadu,2023,148,6,323,13.4
11627,Salem_Village_2,Salem,Tamil Nadu,2024,278,8,265,12.9
11627,Salem_Village_2,Salem,Tamil Nadu,2025,260,5,369,8.0
11628,Salem_Village_3,Salem,Tamil Nadu,2022,241,19,206,7.1
11628,Salem_Village_3,Salem,Tamil Nadu,2023,93,37,237,6.5
11628,Salem_Village_3,Salem,Tamil Nadu,2024,78,10,346,4.1
11628,Salem_Village_3,Salem,Tamil Nadu,2025,108,11,358,12.1
11629,Salem_Village_4,Salem,Tamil Nadu,2022,120,23,295,7.3
11629,Salem_Village_4,Salem,Tamil Nadu,2023,141,5,235,7.9
11629,Salem_Village_4,Salem,Tamil Nadu,2024,58,23,299,12.2
11629,Salem_Village_4,Salem,Tamil Nadu,2025,176,30,297,4.6
11630,Salem_Village_5,Salem,Tamil Nadu,2022,269,16,283,9.3
11630,Salem_Village_5,Salem,Tamil Nadu,2023,183,26,320,5.4
11630,Salem_Village_5,Salem,Tamil Nadu,2024,206,17,270,8.3
11630,Salem_Village_5,Salem,Tamil Nadu,2025,235,32,372,3.8
11631,Salem_Village_6,Salem,Tamil Nadu,2022,194,18,341,9.9
11631,Salem_Village_6,Salem,Tamil Nadu,2023,193,26,302,12.5
11631,Salem_Village_6,Salem,Tamil Nadu,2024,264,34,332,10.8
11631,Salem_Village_6,Salem,Tamil Nadu,2025,272,24,351,8.6
11632,Salem_Village_7,Salem,Tamil Nadu,2022,180,31,216,13.2
11632,Salem_Village_7,Salem,Tamil Nadu,2023,70,38,239,6.5
11632,Salem_Village_7,Salem,Tamil Nadu,2024,113,5,293,12.4
11632,Salem_Village_7,Salem,Tamil Nadu,2025,139,19,330,6.2
11633,Salem_Village_8,Salem,Tamil Nadu,2022,85,36,318,8.3
11633,Salem_Village_8,Salem,Tamil Nadu,2023,283,12,249,5.4
11633,Salem_Village_8,Salem,Tamil Nadu,2024,278,37,266,4.8
11633,Salem_Village_8,Salem,Tamil Nadu,2025,294,22,299,13.1
11634,Salem_Village_9,Salem,Tamil Nadu,2022,263,33,344,6.5
11634,Salem_Village_9,Salem,Tamil Nadu,2023,111,36,343,7.6
11634,Salem_Village_9,Salem,Tamil Nadu,2024,219,37,282,9.3
11634,Salem_Village_9,Salem,Tamil Nadu,2025,125,9,317,7.0
11635,Salem_Village_10,Salem,Tamil Nadu,2022,219,22,312,13.6
11635,Salem_Village_10,Salem,Tamil Nadu,2023,238,14,227,13.6
11635,Salem_Village_10,Salem,Tamil Nadu,2024,62,37,276,7.1
11635,Salem_Village_10,Salem,Tamil Nadu,2025,60,27,272,4.3
11636,Salem_Village_11,Salem,Tamil Nadu,2022,103,9,252,6.7
11636,Salem_Village_11,Salem,Tamil Nadu,2023,65,38,245,9.1
11636,Salem_Village_11,Salem,Tamil Nadu,2024,57,28,237,6.7
11636,Salem_Village_11,Salem,Tamil Nadu,2025,153,21,316,8.1
11637,Salem_Village_12,Salem,Tamil Nadu,2022,108,35,323,12.5
11637,Salem_Village_12,Salem,Tamil Nadu,2023,106,11,312,8.5
11637,Salem_Village_12,Salem,Tamil Nadu,2024,89,21,316,5.8
11637,Salem_Village_12,Salem,Tamil Nadu,2025,286,32,318,7.1
11638,Salem_Village_13,Salem,Tamil Nadu,2022,236,26,300,12.3
11638,Salem_Village_13,Salem,Tamil Nadu,2023,179,19,239,8.6
11638,Salem_Village_13,Salem,Tamil Nadu,2024,143,19,344,6.3
11638,Salem_Village_13,Salem,Tamil Nadu,2025,271,29,277,7.8
11639,Salem_Village_14,Salem,Tamil Nadu,2022,253,25,334,9.3
11639,Salem_Village_14,Salem,Tamil Nadu,2023,187,6,311,7.2
11639,Salem_Village_14,Salem,Tamil Nadu,2024,93,31,341,14.2
11639,Salem_Village_14,Salem,Tamil Nadu,2025,188,36,340,11.4
11640,Salem_Village_15,Salem,Tamil Nadu,2022,256,25,204,11.8
11640,Salem_Village_15,Salem,Tamil Nadu,2023,129,8,335,13.1
11640,Salem_Village_15,Salem,Tamil Nadu,2024,130,23,339,10.7
11640,Salem_Village_15,Salem,Tamil Nadu,2025,267,6,261,11.6
11641,Salem_Village_16,Salem,Tamil Nadu,2022,51,30,275,8.8
11641,Salem_Village_16,Salem,Tamil Nadu,2023,227,38,266,9.4
11641,Salem_Village_16,Salem,Tamil Nadu,2024,189,18,369,4.2
11641,Salem_Village_16,Salem,Tamil Nadu,2025,164,19,306,6.2
11642,Salem_Village_17,Salem,Tamil Nadu,2022,139,24,220,8.4
11642,Salem_Village_17,Salem,Tamil Nadu,2023,72,38,299,10.7
11642,Salem_Village_17,Salem,Tamil Nadu,2024,195,23,250,8.6
11642,Salem_Village_17,Salem,Tamil Nadu,2025,111,13,387,9.7
11643,Salem_Village_18,Salem,Tamil Nadu,2022,273,11,327,12.0
11643,Salem_Village_18,Salem,Tamil Nadu,2023,162,34,268,4.5
11643,Salem_Village_18,Salem,Tamil Nadu,2024,177,17,255,6.4
11643,Salem_Village_18,Salem,Tamil Nadu,2025,111,31,297,5.1
11644,Salem_Village_19,Salem,Tamil Nadu,2022,87,39,265,6.5
11644,Salem_Village_19,Salem,Tamil Nadu,2023,298,17,221,9.4
11644,Salem_Village_19,Salem,Tamil Nadu,2024,288,19,261,11.5
11644,Salem_Village_19,Salem,Tamil Nadu,2025,244,13,331,6.2
11645,Salem_Village_20,Salem,Tamil Nadu,2022,215,27,201,13.2
11645,Salem_Village_20,Salem,Tamil Nadu,2023,244,7,289,13.5
11645,Salem_Village_20,Salem,Tamil Nadu,2024,271,38,258,7.4
11645,Salem_Village_20,Salem,Tamil Nadu,2025,110,23,371,10.5
11646,Salem_Village_21,Salem,Tamil Nadu,2022,178,32,248,5.7
11646,Salem_Village_21,Salem,Tamil Nadu,2023,271,27,246,11.9
11646,Salem_Village_21,Salem,Tamil Nadu,2024,222,11,244,5.4
11646,Salem_Village_21,Salem,Tamil Nadu,2025,273,16,306,10.5
11647,Salem_Village_22,Salem,Tamil Nadu,2022,205,18,277,8.9
11647,Salem_Village_22,Salem,Tamil Nadu,2023,198,19,231,13.8
11647,Salem_Village_22,Salem,Tamil Nadu,2024,171,7,251,8.6
11647,Salem_Village_22,Salem,Tamil Nadu,2025,159,19,325,3.6
11648,Salem_Village_23,Salem,Tamil Nadu,2022,62,28,343,9.5
11648,Salem_Village_23,Salem,Tamil Nadu,2023,204,12,222,12.5
11648,Salem_Village_23,Salem,Tamil Nadu,2024,149,9,260,10.5
11648,Salem_Village_23,Salem,Tamil Nadu,2025,184,8,256,13.4
11649,Salem_Village_24,Salem,Tamil Nadu,2022,71,18,232,13.4
11649,Salem_Village_24,Salem,Tamil Nadu,2023,123,20,226,9.6
11649,Salem_Village_24,Salem,Tamil Nadu,2024,280,24,254,5.9
11649,Salem_Village_24,Salem,Tamil Nadu,2025,230,28,292,3.3
11650,Salem_Village_25,Salem,Tamil Nadu,2022,256,10,282,14.8
11650,Salem_Village_25,Salem,Tamil Nadu,2023,256,35,269,14.0
11650,Salem_Village_25,Salem,Tamil Nadu,2024,181,10,360,6.6
11650,Salem_Village_25,Salem,Tamil Nadu,2025,273,39,369,10.0
11651,Salem_Village_26,Salem,Tamil Nadu,2022,72,19,268,12.2
11651,Salem_Village_26,Salem,Tamil Nadu,2023,168,33,265,10.2
11651,Salem_Village_26,Salem,Tamil Nadu,2024,119,7,256,12.6
11651,Salem_Village_26,Salem,Tamil Nadu,2025,265,15,388,4.1
11652,Salem_Village_27,Salem,Tamil Nadu,2022,133,7,224,13.9
11652,Salem_Village_27,Salem,Tamil Nadu,2023,299,32,247,8.2
11652,Salem_Village_27,Salem,Tamil Nadu,2024,150,14,291,8.7
11652,Salem_Village_27,Salem,Tamil Nadu,2025,133,37,389,8.0
11653,Salem_Village_28,Salem,Tamil Nadu,2022,253,20,229,10.1
11653,Salem_Village_28,Salem,Tamil Nadu,2023,210,14,255,10.4
11653,Salem_Village_28,Salem,Tamil Nadu,2024,77,37,346,11.2
11653,Salem_Village_28,Salem,Tamil Nadu,2025,185,7,248,8.8
11654,Salem_Village_29,Salem,Tamil Nadu,2022,50,9,265,11.7
11654,Salem_Village_29,Salem,Tamil Nadu,2023,214,16,274,7.7
11654,Salem_Village_29,Salem,Tamil Nadu,2024,112,17,366,13.5
11654,Salem_Village_29,Salem,Tamil Nadu,2025,71,28,275,4.0
11655,Salem_Village_30,Salem,Tamil Nadu,2022,119,36,288,10.2
11655,Salem_Village_30,Salem,Tamil Nadu,2023,174,20,314,5.0
11655,Salem_Village_30,Salem,Tamil Nadu,2024,198,36,348,8.3
11655,Salem_Village_30,Salem,Tamil Nadu,2025,145,25,313,6.0
11656,Salem_Village_31,Salem,Tamil Nadu,2022,212,16,223,14.3
11656,Salem_Village_31,Salem,Tamil Nadu,2023,128,25,237,4.2
11656,Salem_Village_31,Salem,Tamil Nadu,2024,54,25,292,7.8
11656,Salem_Village_31,Salem,Tamil Nadu,2025,109,10,362,11.5
11657,Salem_Village_32,Salem,Tamil Nadu,2022,169,13,313,6.5
11657,Salem_Village_32,Salem,Tamil Nadu,2023,95,5,220,12.7
11657,Salem_Village_32,Salem,Tamil Nadu,2024,227,16,235,12.7
11657,Salem_Village_32,Salem,Tamil Nadu,2025,225,18,274,10.7
11658,Salem_Village_33,Salem,Tamil Nadu,2022,183,10,200,6.7
11658,Salem_Village_33,Salem,Tamil Nadu,2023,266,5,277,7.0
11658,Salem_Village_33,Salem,Tamil Nadu,2024,105,26,365,5.5
11658,Salem_Village_33,Salem,Tamil Nadu,2025,159,38,272,5.2
11659,Salem_Village_34,Salem,Tamil Nadu,2022,236,15,288,4.9
11659,Salem_Village_34,Salem,Tamil Nadu,2023,297,7,267,13.1
11659,Salem_Village_34,Salem,Tamil Nadu,2024,281,10,267,9.2
11659,Salem_Village_34,Salem,Tamil Nadu,2025,206,10,296,6.7
11660,Salem_Village_35,Salem,Tamil Nadu,2022,248,24,277,7.5
11660,Salem_Village_35,Salem,Tamil Nadu,2023,153,25,353,9.8
11660,Salem_Village_35,Salem,Tamil Nadu,2024,126,6,359,7.1
11660,Salem_Village_35,Salem,Tamil Nadu,2025,279,30,297,12.4
11661,Salem_Village_36,Salem,Tamil Nadu,2022,195,35,293,6.7
11661,Salem_Village_36,Salem,Tamil Nadu,2023,51,30,308,13.4
11661,Salem_Village_36,Salem,Tamil Nadu,2024,57,36,236,10.7
11661,Salem_Village_36,Salem,Tamil Nadu,2025,124,14,311,13.3
11662,Salem_Village_37,Salem,Tamil Nadu,2022,274,27,336,4.7
11662,Salem_Village_37,Salem,Tamil Nadu,2023,231,10,330,4.7
11662,Salem_Village_37,Salem,Tamil Nadu,2024,174,27,368,9.0
11662,Salem_Village_37,Salem,Tamil Nadu,2025,87,32,281,12.9
11663,Salem_Village_38,Salem,Tamil Nadu,2022,225,34,341,12.2
11663,Salem_Village_38,Salem,Tamil Nadu,2023,76,18,361,10.6
11663,Salem_Village_38,Salem,Tamil Nadu,2024,69,36,237,4.0
11663,Salem_Village_38,Salem,Tamil Nadu,2025,189,38,379,7.0
11664,Salem_Village_39,Salem,Tamil Nadu,2022,92,26,258,8.1
11664,Salem_Village_39,Salem,Tamil Nadu,2023,238,35,337,9.8
11664,Salem_Village_39,Salem,Tamil Nadu,2024,80,11,236,6.4
11664,Salem_Village_39,Salem,Tamil Nadu,2025,140,25,364,6.1
11665,Salem_Village_40,Salem,Tamil Nadu,2022,273,20,202,11.0
11665,Salem_Village_40,Salem,Tamil Nadu,2023,110,24,281,14.0
11665,Salem_Village_40,Salem,Tamil Nadu,2024,251,23,247,10.6
11665,Salem_Village_40,Salem,Tamil Nadu,2025,244,36,289,10.3
11666,Salem_Village_41,Salem,Tamil Nadu,2022,158,19,296,14.9
11666,Salem_Village_41,Salem,Tamil Nadu,2023,140,9,306,5.7
11666,Salem_Village_41,Salem,Tamil Nadu,2024,212,15,373,4.1
11666,Salem_Village_41,Salem,Tamil Nadu,2025,144,19,323,11.1
11667,Salem_Village_42,Salem,Tamil Nadu,2022,192,33,258,9.1
11667,Salem_Village_42,Salem,Tamil Nadu,2023,193,8,360,8.6
11667,Salem_Village_42,Salem,Tamil Nadu,2024,62,27,312,6.1
11667,Salem_Village_42,Salem,Tamil Nadu,2025,162,19,353,8.6
11668,Salem_Village_43,Salem,Tamil Nadu,2022,84,7,254,9.1
11668,Salem_Village_43,Salem,Tamil Nadu,2023,293,36,349,7.7
11668,Salem_Village_43,Salem,Tamil Nadu,2024,252,14,320,8.3
11668,Salem_Village_43,Salem,Tamil Nadu,2025,236,26,327,7.3
11669,Salem_Village_44,Salem,Tamil Nadu,2022,198,18,325,14.4
11669,Salem_Village_44,Salem,Tamil Nadu,2023,292,21,295,14.4
11669,Salem_Village_44,Salem,Tamil Nadu,2024,231,25,368,12.5
11669,Salem_Village_44,Salem,Tamil Nadu,2025,252,19,249,13.7
11670,Salem_Village_45,Salem,Tamil Nadu,2022,207,19,265,7.3
11670,Salem_Village_45,Salem,Tamil Nadu,2023,97,5,325,13.0
11670,Salem_Village_45,Salem,Tamil Nadu,2024,294,28,241,8.0
11670,Salem_Village_45,Salem,Tamil Nadu,2025,84,16,350,11.1
11671,Salem_Village_46,Salem,Tamil Nadu,2022,135,14,274,6.6
11671,Salem_Village_46,Salem,Tamil Nadu,2023,215,35,352,12.6
11671,Salem_Village_46,Salem,Tamil Nadu,2024,208,15,257,4.6
11671,Salem_Village_46,Salem,Tamil Nadu,2025,255,20,251,6.1
11672,Salem_Village_47,Salem,Tamil Nadu,2022,201,13,341,13.1
11672,Salem_Village_47,Salem,Tamil Nadu,2023,163,18,291,11.9
11672,Salem_Village_47,Salem,Tamil Nadu,2024,226,23,290,9.0
11672,Salem_Village_47,Salem,Tamil Nadu,2025,273,35,295,10.4
11673,Salem_Village_48,Salem,Tamil Nadu,2022,149,13,335,6.4
11673,Salem_Village_48,Salem,Tamil Nadu,2023,209,30,343,11.1
11673,Salem_Village_48,Salem,Tamil Nadu,2024,232,12,240,3.8
11673,Salem_Village_48,Salem,Tamil Nadu,2025,256,28,351,12.0
11674,Salem_Village_49,Salem,Tamil Nadu,2022,284,12,247,9.9
11674,Salem_Village_49,Salem,Tamil Nadu,2023,235,23,352,14.0
11674,Salem_Village_49,Salem,Tamil Nadu,2024,148,34,372,8.7
11674,Salem_Village_49,Salem,Tamil Nadu,2025,52,26,347,7.8
11675,Salem_Village_50,Salem,Tamil Nadu,2022,257,13,246,9.2
11675,Salem_Village_50,Salem,Tamil Nadu,2023,246,8,326,7.9
11675,Salem_Village_50,Salem,Tamil Nadu,2024,134,12,235,5.5
11675,Salem_Village_50,Salem,Tamil Nadu,2025,174,5,255,12.1
11676,Salem_Village_51,Salem,Tamil Nadu,2022,187,32,216,8.6
11676,Salem_Village_51,Salem,Tamil Nadu,2023,132,10,357,9.7
11676,Salem_Village_51,Salem,Tamil Nadu,2024,74,15,245,3.9
11676,Salem_Village_51,Salem,Tamil Nadu,2025,117,9,300,3.9
11677,Salem_Village_52,Salem,Tamil Nadu,2022,110,28,265,10.8
11677,Salem_Village_52,Salem,Tamil Nadu,2023,78,22,297,13.3
11677,Salem_Village_52,Salem,Tamil Nadu,2024,176,24,304,8.9
11677,Salem_Village_52,Salem,Tamil Nadu,2025,68,32,371,5.0
11678,Salem_Village_53,Salem,Tamil Nadu,2022,220,17,330,5.7
11678,Salem_Village_53,Salem,Tamil Nadu,2023,243,9,232,13.5
11678,Salem_Village_53,Salem,Tamil Nadu,2024,123,34,318,11.1
11678,Salem_Village_53,Salem,Tamil Nadu,2025,110,5,338,13.4
11679,Salem_Village_54,Salem,Tamil Nadu,2022,220,26,216,5.4
11679,Salem_Village_54,Salem,Tamil Nadu,2023,202,22,328,13.6
11679,Salem_Village_54,Salem,Tamil Nadu,2024,69,9,336,12.6
11679,Salem_Village_54,Salem,Tamil Nadu,2025,97,35,343,12.7
11680,Salem_Village_55,Salem,Tamil Nadu,2022,260,10,212,4.6
11680,Salem_Village_55,Salem,Tamil Nadu,2023,136,31,277,11.9
11680,Salem_Village_55,Salem,Tamil Nadu,2024,201,29,243,9.5
11680,Salem_Village_55,Salem,Tamil Nadu,2025,188,33,262,9.3
11681,Salem_Village_56,Salem,Tamil Nadu,2022,159,32,332,9.4
11681,Salem_Village_56,Salem,Tamil Nadu,2023,275,20,228,11.9
11681,Salem_Village_56,Salem,Tamil Nadu,2024,232,16,254,14.2
11681,Salem_Village_56,Salem,Tamil Nadu,2025,77,24,288,10.8
11682,Salem_Village_57,Salem,Tamil Nadu,2022,246,22,320,11.6
11682,Salem_Village_57,Salem,Tamil Nadu,2023,240,38,253,11.0
11682,Salem_Village_57,Salem,Tamil Nadu,2024,108,27,369,11.0
11682,Salem_Village_57,Salem,Tamil Nadu,2025,182,31,348,6.9
11683,Salem_Village_58,Salem,Tamil Nadu,2022,100,21,261,7.9
11683,Salem_Village_58,Salem,Tamil Nadu,2023,198,25,267,12.3
11683,Salem_Village_58,Salem,Tamil Nadu,2024,61,35,282,4.3
11683,Salem_Village_58,Salem,Tamil Nadu,2025,99,7,362,11.3
11684,Salem_Village_59,Salem,Tamil Nadu,2022,181,21,264,13.0
11684,Salem_Village_59,Salem,Tamil Nadu,2023,295,30,345,9.6
11684,Salem_Village_59,Salem,Tamil Nadu,2024,162,27,272,13.3
11684,Salem_Village_59,Salem,Tamil Nadu,2025,219,10,294,8.3
11685,Salem_Village_60,Salem,Tamil Nadu,2022,261,32,336,6.4
11685,Salem_Village_60,Salem,Tamil Nadu,2023,215,12,250,7.9
11685,Salem_Village_60,Salem,Tamil Nadu,2024,202,12,252,13.2
11685,Salem_Village_60,Salem,Tamil Nadu,2025,63,23,318,13.7
11686,Salem_Village_61,Salem,Tamil Nadu,2022,252,33,249,8.9
11686,Salem_Village_61,Salem,Tamil Nadu,2023,81,27,269,5.9
11686,Salem_Village_61,Salem,Tamil Nadu,2024,188,36,354,6.7
11686,Salem_Village_61,Salem,Tamil Nadu,2025,238,14,256,9.1
11687,Salem_Village_62,Salem,Tamil Nadu,2022,195,31,282,10.5
11687,Salem_Village_62,Salem,Tamil Nadu,2023,204,5,246,10.7
11687,Salem_Village_62,Salem,Tamil Nadu,2024,104,33,315,12.5
11687,Salem_Village_62,Salem,Tamil Nadu,2025,231,7,263,10.8
11688,Salem_Village_63,Salem,Tamil Nadu,2022,259,35,250,7.2
11688,Salem_Village_63,Salem,Tamil Nadu,2023,169,15,278,8.2
11688,Salem_Village_63,Salem,Tamil Nadu,2024,264,26,359,12.5
11688,Salem_Village_63,Salem,Tamil Nadu,2025,124,22,372,10.0
11689,Salem_Village_64,Salem,Tamil Nadu,2022,70,39,338,6.2
11689,Salem_Village_64,Salem,Tamil Nadu,2023,221,10,278,7.5
11689,Salem_Village_64,Salem,Tamil Nadu,2024,182,7,230,12.0
11689,Salem_Village_64,Salem,Tamil Nadu,2025,136,9,333,5.1
11690,Salem_Village_65,Salem,Tamil Nadu,2022,218,13,225,11.8
11690,Salem_Village_65,Salem,Tamil Nadu,2023,108,32,353,10.0
11690,Salem_Village_65,Salem,Tamil Nadu,2024,138,23,316,5.2
11690,Salem_Village_65,Salem,Tamil Nadu,2025,282,32,246,10.5
11691,Salem_Village_66,Salem,Tamil Nadu,2022,231,31,292,6.0
11691,Salem_Village_66,Salem,Tamil Nadu,2023,251,17,333,8.3
11691,Salem_Village_66,Salem,Tamil Nadu,2024,199,25,361,6.9
11691,Salem_Village_66,Salem,Tamil Nadu,2025,132,31,324,10.5
11692,Salem_Village_67,Salem,Tamil Nadu,2022,114,10,310,12.7
11692,Salem_Village_67,Salem,Tamil Nadu,2023,113,15,340,5.9
11692,Salem_Village_67,Salem,Tamil Nadu,2024,120,21,234,12.2
11692,Salem_Village_67,Salem,Tamil Nadu,2025,53,11,387,3.4
11693,Salem_Village_68,Salem,Tamil Nadu,2022,242,34,225,10.1
11693,Salem_Village_68,Salem,Tamil Nadu,2023,192,25,220,9.5
11693,Salem_Village_68,Salem,Tamil Nadu,2024,153,5,352,10.3
11693,Salem_Village_68,Salem,Tamil Nadu,2025,253,29,288,5.8
11694,Salem_Village_69,Salem,Tamil Nadu,2022,199,36,257,4.6
11694,Salem_Village_69,Salem,Tamil Nadu,2023,263,12,295,8.9
11694,Salem_Village_69,Salem,Tamil Nadu,2024,291,9,275,4.4
11694,Salem_Village_69,Salem,Tamil Nadu,2025,224,34,346,12.7
11695,Salem_Village_70,Salem,Tamil Nadu,2022,258,12,247,6.3
11695,Salem_Village_70,Salem,Tamil Nadu,2023,142,23,328,8.6
11695,Salem_Village_70,Salem,Tamil Nadu,2024,223,34,249,8.3
11695,Salem_Village_70,Salem,Tamil Nadu,2025,191,19,359,9.1
11696,Salem_Village_71,Salem,Tamil Nadu,2022,227,31,275,12.7
11696,Salem_Village_71,Salem,Tamil Nadu,2023,197,17,335,9.1
11696,Salem_Village_71,Salem,Tamil Nadu,2024,227,18,338,4.0
11696,Salem_Village_71,Salem,Tamil Nadu,2025,161,34,312,11.4
11697,Salem_Village_72,Salem,Tamil Nadu,2022,210,17,331,5.4
11697,Salem_Village_72,Salem,Tamil Nadu,2023,168,20,363,10.8
11697,Salem_Village_72,Salem,Tamil Nadu,2024,108,11,295,12.1
11697,Salem_Village_72,Salem,Tamil Nadu,2025,92,31,388,6.3
11698,Salem_Village_73,Salem,Tamil Nadu,2022,256,39,334,9.2
11698,Salem_Village_73,Salem,Tamil Nadu,2023,61,19,297,4.3
11698,Salem_Village_73,Salem,Tamil Nadu,2024,89,32,238,12.1
11698,Salem_Village_73,Salem,Tamil Nadu,2025,167,39,261,10.7
11699,Salem_Village_74,Salem,Tamil Nadu,2022,69,11,312,6.9
11699,Salem_Village_74,Salem,Tamil Nadu,2023,271,24,354,8.2
11699,Salem_Village_74,Salem,Tamil Nadu,2024,215,36,349,11.0
11699,Salem_Village_74,Salem,Tamil Nadu,2025,180,36,255,7.1
11700,Salem_Village_75,Salem,Tamil Nadu,2022,205,30,340,6.2
11700,Salem_Village_75,Salem,Tamil Nadu,2023,233,24,240,9.5
11700,Salem_Village_75,Salem,Tamil Nadu,2024,139,22,292,11.3
11700,Salem_Village_75,Salem,Tamil Nadu,2025,143,19,266,6.7
11701,Salem_Village_76,Salem,Tamil Nadu,2022,62,26,333,5.8
11701,Salem_Village_76,Salem,Tamil Nadu,2023,254,26,362,12.8
11701,Salem_Village_76,Salem,Tamil Nadu,2024,115,25,239,6.4
11701,Salem_Village_76,Salem,Tamil Nadu,2025,86,6,327,8.7
11702,Salem_Village_77,Salem,Tamil Nadu,2022,226,22,225,11.8
11702,Salem_Village_77,Salem,Tamil Nadu,2023,279,27,285,7.4
11702,Salem_Village_77,Salem,Tamil Nadu,2024,115,17,266,10.5
11702,Salem_Village_77,Salem,Tamil Nadu,2025,85,13,380,8.1
11703,Salem_Village_78,Salem,Tamil Nadu,2022,231,11,332,10.5
11703,Salem_Village_78,Salem,Tamil Nadu,2023,75,5,340,10.3
11703,Salem_Village_78,Salem,Tamil Nadu,2024,124,6,344,12.4
11703,Salem_Village_78,Salem,Tamil Nadu,2025,249,8,336,10.2
11704,Salem_Village_79,Salem,Tamil Nadu,2022,157,18,316,7.3
11704,Salem_Village_79,Salem,Tamil Nadu,2023,217,36,263,4.7
11704,Salem_Village_79,Salem,Tamil Nadu,2024,92,6,265,3.7
11704,Salem_Village_79,Salem,Tamil Nadu,2025,199,18,270,12.8
11705,Salem_Village_80,Salem,Tamil Nadu,2022,197,24,244,14.4
11705,Salem_Village_80,Salem,Tamil Nadu,2023,57,29,275,5.1
11705,Salem_Village_80,Salem,Tamil Nadu,2024,78,12,361,8.8
11705,Salem_Village_80,Salem,Tamil Nadu,2025,89,32,320,4.9
11706,Salem_Village_81,Salem,Tamil Nadu,2022,267,25,257,14.5
11706,Salem_Village_81,Salem,Tamil Nadu,2023,207,27,319,6.7
11706,Salem_Village_81,Salem,Tamil Nadu,2024,258,36,255,9.0
11706,Salem_Village_81,Salem,Tamil Nadu,2025,177,12,339,5.0
11707,Salem_Village_82,Salem,Tamil Nadu,2022,133,35,278,8.0
11707,Salem_Village_82,Salem,Tamil Nadu,2023,165,20,342,6.9
11707,Salem_Village_82,Salem,Tamil Nadu,2024,232,31,366,8.7
11707,Salem_Village_82,Salem,Tamil Nadu,2025,193,22,322,7.7
11708,Salem_Village_83,Salem,Tamil Nadu,2022,223,39,235,8.0
11708,Salem_Village_83,Salem,Tamil Nadu,2023,111,19,346,5.2
11708,Salem_Village_83,Salem,Tamil Nadu,2024,284,31,288,8.8
11708,Salem_Village_83,Salem,Tamil Nadu,2025,56,21,368,12.2
11709,Salem_Village_84,Salem,Tamil Nadu,2022,257,6,287,12.2
11709,Salem_Village_84,Salem,Tamil Nadu,2023,94,35,295,11.7
11709,Salem_Village_84,Salem,Tamil Nadu,2024,236,38,370,7.5
11709,Salem_Village_84,Salem,Tamil Nadu,2025,288,38,392,10.7
11710,Salem_Village_85,Salem,Tamil Nadu,2022,233,7,216,9.4
11710,Salem_Village_85,Salem,Tamil Nadu,2023,225,21,265,5.7
11710,Salem_Village_85,Salem,Tamil Nadu,2024,204,18,284,8.1
11710,Salem_Village_85,Salem,Tamil Nadu,2025,230,18,393,4.7
11711,Salem_Village_86,Salem,Tamil Nadu,2022,264,39,280,5.7
11711,Salem_Village_86,Salem,Tamil Nadu,2023,137,5,364,4.3
11711,Salem_Village_86,Salem,Tamil Nadu,2024,122,33,339,6.7
11711,Salem_Village_86,Salem,Tamil Nadu,2025,212,8,384,6.8
11712,Salem_Village_87,Salem,Tamil Nadu,2022,228,37,342,11.8
11712,Salem_Village_87,Salem,Tamil Nadu,2023,261,21,300,9.7
11712,Salem_Village_87,Salem,Tamil Nadu,2024,86,32,231,12.7
11712,Salem_Village_87,Salem,Tamil Nadu,2025,283,30,376,5.2
11713,Salem_Village_88,Salem,Tamil Nadu,2022,258,12,244,7.3
11713,Salem_Village_88,Salem,Tamil Nadu,2023,288,38,227,14.0
11713,Salem_Village_88,Salem,Tamil Nadu,2024,272,22,284,8.4
11713,Salem_Village_88,Salem,Tamil Nadu,2025,168,35,266,11.6
11714,Salem_Village_89,Salem,Tamil Nadu,2022,106,31,288,9.7
11714,Salem_Village_89,Salem,Tamil Nadu,2023,57,20,269,9.0
11714,Salem_Village_89,Salem,Tamil Nadu,2024,256,14,374,5.3
11714,Salem_Village_89,Salem,Tamil Nadu,2025,144,16,380,12.2
11715,Salem_Village_90,Salem,Tamil Nadu,2022,166,26,296,5.3
11715,Salem_Village_90,Salem,Tamil Nadu,2023,271,20,352,7.4
11715,Salem_Village_90,Salem,Tamil Nadu,2024,159,16,248,10.8
11715,Salem_Village_90,Salem,Tamil Nadu,2025,69,15,372,8.6
11716,Salem_Village_91,Salem,Tamil Nadu,2022,173,24,341,13.8
11716,Salem_Village_91,Salem,Tamil Nadu,2023,280,5,281,4.5
11716,Salem_Village_91,Salem,Tamil Nadu,2024,102,31,290,10.5
11716,Salem_Village_91,Salem,Tamil Nadu,2025,168,7,307,8.3
11717,Salem_Village_92,Salem,Tamil Nadu,2022,61,16,304,6.1
11717,Salem_Village_92,Salem,Tamil Nadu,2023,226,34,318,11.9
11717,Salem_Village_92,Salem,Tamil Nadu,2024,66,13,368,8.0
11717,Salem_Village_92,Salem,Tamil Nadu,2025,113,5,378,8.9
11718,Salem_Village_93,Salem,Tamil Nadu,2022,91,8,233,14.7
11718,Salem_Village_93,Salem,Tamil Nadu,2023,143,19,313,9.2
11718,Salem_Village_93,Salem,Tamil Nadu,2024,206,31,293,12.3
11718,Salem_Village_93,Salem,Tamil Nadu,2025,196,12,331,11.4
11719,Salem_Village_94,Salem,Tamil Nadu,2022,287,27,280,11.5
11719,Salem_Village_94,Salem,Tamil Nadu,2023,60,19,280,13.5
11719,Salem_Village_94,Salem,Tamil Nadu,2024,147,31,312,6.3
11719,Salem_Village_94,Salem,Tamil Nadu,2025,227,35,336,11.9
11720,Salem_Village_95,Salem,Tamil Nadu,2022,120,12,335,8.5
11720,Salem_Village_95,Salem,Tamil Nadu,2023,157,34,364,12.6
11720,Salem_Village_95,Salem,Tamil Nadu,2024,107,22,267,8.9
11720,Salem_Village_95,Salem,Tamil Nadu,2025,83,8,374,12.3
11721,Salem_Village_96,Salem,Tamil Nadu,2022,69,26,324,13.9
11721,Salem_Village_96,Salem,Tamil Nadu,2023,99,7,255,10.4
11721,Salem_Village_96,Salem,Tamil Nadu,2024,151,19,248,9.0
11721,Salem_Village_96,Salem,Tamil Nadu,2025,265,39,349,11.5
11722,Salem_Village_97,Salem,Tamil Nadu,2022,187,37,329,7.3
11722,Salem_Village_97,Salem,Tamil Nadu,2023,209,18,306,4.3
11722,Salem_Village_97,Salem,Tamil Nadu,2024,101,5,325,8.0
11722,Salem_Village_97,Salem,Tamil Nadu,2025,64,30,306,8.6
11723,Salem_Village_98,Salem,Tamil Nadu,2022,278,12,215,7.6
11723,Salem_Village_98,Salem,Tamil Nadu,2023,133,20,308,8.1
11723,Salem_Village_98,Salem,Tamil Nadu,2024,180,14,379,5.1
11723,Salem_Village_98,Salem,Tamil Nadu,2025,86,30,386,6.2
11724,Salem_Village_99,Salem,Tamil Nadu,2022,175,32,315,7.0
11724,Salem_Village_99,Salem,Tamil Nadu,2023,298,16,270,7.3
11724,Salem_Village_99,Salem,Tamil Nadu,2024,89,24,294,6.8
11724,Salem_Village_99,Salem,Tamil Nadu,2025,121,18,298,9.2
11725,Salem_Village_100,Salem,Tamil Nadu,2022,89,39,285,7.1
11725,Salem_Village_100,Salem,Tamil Nadu,2023,285,33,264,14.0
11725,Salem_Village_100,Salem,Tamil Nadu,2024,105,16,334,9.1
11725,Salem_Village_100,Salem,Tamil Nadu,2025,200,22,266,4.7
11726,Salem_Village_101,Salem,Tamil Nadu,2022,153,6,239,7.4
11726,Salem_Village_101,Salem,Tamil Nadu,2023,188,6,253,11.8
11726,Salem_Village_101,Salem,Tamil Nadu,2024,159,21,334,3.8
11726,Salem_Village_101,Salem,Tamil Nadu,2025,241,14,312,13.1
11727,Salem_Village_102,Salem,Tamil Nadu,2022,185,22,206,9.2
11727,Salem_Village_102,Salem,Tamil Nadu,2023,142,26,299,9.6
11727,Salem_Village_102,Salem,Tamil Nadu,2024,143,23,361,14.1
11727,Salem_Village_102,Salem,Tamil Nadu,2025,105,5,320,8.6
11728,Salem_Village_103,Salem,Tamil Nadu,2022,109,28,290,14.5
11728,Salem_Village_103,Salem,Tamil Nadu,2023,187,29,298,13.7
11728,Salem_Village_103,Salem,Tamil Nadu,2024,88,35,260,13.6
11728,Salem_Village_103,Salem,Tamil Nadu,2025,77,35,343,11.8
11729,Salem_Village_104,Salem,Tamil Nadu,2022,98,6,251,7.6
11729,Salem_Village_104,Salem,Tamil Nadu,2023,213,23,326,7.7
11729,Salem_Village_104,Salem,Tamil Nadu,2024,174,16,301,7.5
11729,Salem_Village_104,Salem,Tamil Nadu,2025,62,14,265,13.6
11730,Salem_Village_105,Salem,Tamil Nadu,2022,273,35,215,8.3
11730,Salem_Village_105,Salem,Tamil Nadu,2023,85,26,230,5.2
11730,Salem_Village_105,Salem,Tamil Nadu,2024,150,27,375,11.9
11730,Salem_Village_105,Salem,Tamil Nadu,2025,75,27,300,7.1
11731,Salem_Village_106,Salem,Tamil Nadu,2022,135,19,281,11.0
11731,Salem_Village_106,Salem,Tamil Nadu,2023,53,30,292,13.8
11731,Salem_Village_106,Salem,Tamil Nadu,2024,272,7,266,9.7
11731,Salem_Village_106,Salem,Tamil Nadu,2025,131,27,388,10.0
11732,Salem_Village_107,Salem,Tamil Nadu,2022,241,24,259,11.3
11732,Salem_Village_107,Salem,Tamil Nadu,2023,215,12,225,10.5
11732,Salem_Village_107,Salem,Tamil Nadu,2024,176,22,355,5.4
11732,Salem_Village_107,Salem,Tamil Nadu,2025,137,10,310,8.1
11733,Salem_Village_108,Salem,Tamil Nadu,2022,176,31,325,4.6
11733,Salem_Village_108,Salem,Tamil Nadu,2023,169,19,246,10.7
11733,Salem_Village_108,Salem,Tamil Nadu,2024,264,9,376,9.7
11733,Salem_Village_108,Salem,Tamil Nadu,2025,71,13,300,6.6
11734,Salem_Village_109,Salem,Tamil Nadu,2022,179,11,204,10.0
11734,Salem_Village_109,Salem,Tamil Nadu,2023,80,24,345,9.3
11734,Salem_Village_109,Salem,Tamil Nadu,2024,168,14,319,6.3
11734,Salem_Village_109,Salem,Tamil Nadu,2025,60,30,338,6.4
11735,Salem_Village_110,Salem,Tamil Nadu,2022,269,8,271,12.5
11735,Salem_Village_110,Salem,Tamil Nadu,2023,95,28,314,12.0
11735,Salem_Village_110,Salem,Tamil Nadu,2024,145,18,258,8.6
11735,Salem_Village_110,Salem,Tamil Nadu,2025,239,5,303,10.8
11736,Salem_Village_111,Salem,Tamil Nadu,2022,246,21,224,9.2
11736,Salem_Village_111,Salem,Tamil Nadu,2023,241,28,364,13.0
11736,Salem_Village_111,Salem,Tamil Nadu,2024,279,31,326,7.2
11736,Salem_Village_111,Salem,Tamil Nadu,2025,59,11,345,13.0
11737,Salem_Village_112,Salem,Tamil Nadu,2022,217,13,316,10.2
11737,Salem_Village_112,Salem,Tamil Nadu,2023,177,39,237,9.7
11737,Salem_Village_112,Salem,Tamil Nadu,2024,287,16,299,10.7
11737,Salem_Village_112,Salem,Tamil Nadu,2025,201,25,323,6.9
11738,Salem_Village_113,Salem,Tamil Nadu,2022,148,7,278,12.1
11738,Salem_Village_113,Salem,Tamil Nadu,2023,221,19,312,7.5
11738,Salem_Village_113,Salem,Tamil Nadu,2024,161,25,243,7.9
11738,Salem_Village_113,Salem,Tamil Nadu,2025,109,14,273,10.4
11739,Salem_Village_114,Salem,Tamil Nadu,2022,239,37,343,8.5
11739,Salem_Village_114,Salem,Tamil Nadu,2023,136,10,301,6.2
11739,Salem_Village_114,Salem,Tamil Nadu,2024,194,6,239,12.9
11739,Salem_Village_114,Salem,Tamil Nadu,2025,114,33,291,13.0
11740,Salem_Village_115,Salem,Tamil Nadu,2022,296,37,203,11.1
11740,Salem_Village_115,Salem,Tamil Nadu,2023,272,8,226,12.6
11740,Salem_Village_115,Salem,Tamil Nadu,2024,272,8,271,14.1
11740,Salem_Village_115,Salem,Tamil Nadu,2025,283,33,248,9.8
11741,Salem_Village_116,Salem,Tamil Nadu,2022,106,24,283,14.0
11741,Salem_Village_116,Salem,Tamil Nadu,2023,232,27,306,7.9
11741,Salem_Village_116,Salem,Tamil Nadu,2024,155,22,321,11.1
11741,Salem_Village_116,Salem,Tamil Nadu,2025,230,29,250,3.9
11742,Salem_Village_117,Salem,Tamil Nadu,2022,233,5,341,12.8
11742,Salem_Village_117,Salem,Tamil Nadu,2023,275,19,249,12.8
11742,Salem_Village_117,Salem,Tamil Nadu,2024,58,38,294,7.9
11742,Salem_Village_117,Salem,Tamil Nadu,2025,71,24,391,10.0
11743,Salem_Village_118,Salem,Tamil Nadu,2022,190,31,256,13.5
11743,Salem_Village_118,Salem,Tamil Nadu,2023,138,26,227,13.4
11743,Salem_Village_118,Salem,Tamil Nadu,2024,225,9,365,4.8
11743,Salem_Village_118,Salem,Tamil Nadu,2025,67,38,262,12.0
11744,Salem_Village_119,Salem,Tamil Nadu,2022,164,7,286,7.4
11744,Salem_Village_119,Salem,Tamil Nadu,2023,253,21,328,11.7
11744,Salem_Village_119,Salem,Tamil Nadu,2024,217,28,255,7.1
11744,Salem_Village_119,Salem,Tamil Nadu,2025,194,28,310,3.9
11745,Salem_Village_120,Salem,Tamil Nadu,2022,192,7,225,6.7
11745,Salem_Village_120,Salem,Tamil Nadu,2023,155,11,340,8.4
11745,Salem_Village_120,Salem,Tamil Nadu,2024,64,29,286,11.5
11745,Salem_Village_120,Salem,Tamil Nadu,2025,256,7,269,4.4
11746,Salem_Village_121,Salem,Tamil Nadu,2022,112,19,229,13.0
11746,Salem_Village_121,Salem,Tamil Nadu,2023,296,33,349,14.6
11746,Salem_Village_121,Salem,Tamil Nadu,2024,216,33,256,12.0
11746,Salem_Village_121,Salem,Tamil Nadu,2025,62,14,383,8.3
11747,Salem_Village_122,Salem,Tamil Nadu,2022,130,36,300,10.5
11747,Salem_Village_122,Salem,Tamil Nadu,2023,81,27,350,4.2
11747,Salem_Village_122,Salem,Tamil Nadu,2024,186,13,240,5.9
11747,Salem_Village_122,Salem,Tamil Nadu,2025,89,18,370,12.7
11748,Salem_Village_123,Salem,Tamil Nadu,2022,197,8,229,4.7
11748,Salem_Village_123,Salem,Tamil Nadu,2023,267,24,308,13.6
11748,Salem_Village_123,Salem,Tamil Nadu,2024,268,32,345,4.9
11748,Salem_Village_123,Salem,Tamil Nadu,2025,262,18,259,4.7
11749,Salem_Village_124,Salem,Tamil Nadu,2022,131,38,234,6.3
11749,Salem_Village_124,Salem,Tamil Nadu,2023,126,17,253,12.5
11749,Salem_Village_124,Salem,Tamil Nadu,2024,257,35,253,8.7
11749,Salem_Village_124,Salem,Tamil Nadu,2025,250,37,252,4.8
11750,Salem_Village_125,Salem,Tamil Nadu,2022,240,32,242,11.7
11750,Salem_Village_125,Salem,Tamil Nadu,2023,125,29,298,14.0
11750,Salem_Village_125,Salem,Tamil Nadu,2024,221,36,276,9.7
11750,Salem_Village_125,Salem,Tamil Nadu,2025,87,13,270,4.3
11751,Vellore_Village_1,Vellore,Tamil Nadu,2022,260,32,349,5.1
11751,Vellore_Village_1,Vellore,Tamil Nadu,2023,237,35,347,12.5
11751,Vellore_Village_1,Vellore,Tamil Nadu,2024,120,21,372,10.3
11751,Vellore_Village_1,Vellore,Tamil Nadu,2025,298,27,345,13.0
11752,Vellore_Village_2,Vellore,Tamil Nadu,2022,276,17,262,10.2
11752,Vellore_Village_2,Vellore,Tamil Nadu,2023,97,14,307,4.8
11752,Vellore_Village_2,Vellore,Tamil Nadu,2024,67,20,284,7.9
11752,Vellore_Village_2,Vellore,Tamil Nadu,2025,193,10,316,10.2
11753,Vellore_Village_3,Vellore,Tamil Nadu,2022,232,15,259,8.5
11753,Vellore_Village_3,Vellore,Tamil Nadu,2023,88,7,243,14.6
11753,Vellore_Village_3,Vellore,Tamil Nadu,2024,245,32,248,8.0
11753,Vellore_Village_3,Vellore,Tamil Nadu,2025,236,19,317,9.0
11754,Vellore_Village_4,Vellore,Tamil Nadu,2022,138,17,337,6.9
11754,Vellore_Village_4,Vellore,Tamil Nadu,2023,273,21,315,5.7
11754,Vellore_Village_4,Vellore,Tamil Nadu,2024,111,11,367,10.5
11754,Vellore_Village_4,Vellore,Tamil Nadu,2025,281,32,301,9.5
11755,Vellore_Village_5,Vellore,Tamil Nadu,2022,190,17,267,4.5
11755,Vellore_Village_5,Vellore,Tamil Nadu,2023,158,21,301,7.1
11755,Vellore_Village_5,Vellore,Tamil Nadu,2024,130,19,332,10.5
11755,Vellore_Village_5,Vellore,Tamil Nadu,2025,290,32,316,11.8
11756,Vellore_Village_6,Vellore,Tamil Nadu,2022,278,19,328,7.8
11756,Vellore_Village_6,Vellore,Tamil Nadu,2023,183,15,332,10.9
11756,Vellore_Village_6,Vellore,Tamil Nadu,2024,260,35,369,6.5
11756,Vellore_Village_6,Vellore,Tamil Nadu,2025,126,8,360,10.5
11757,Vellore_Village_7,Vellore,Tamil Nadu,2022,298,39,281,11.8
11757,Vellore_Village_7,Vellore,Tamil Nadu,2023,237,38,323,5.5
11757,Vellore_Village_7,Vellore,Tamil Nadu,2024,139,31,245,10.7
11757,Vellore_Village_7,Vellore,Tamil Nadu,2025,63,14,380,6.8
11758,Vellore_Village_8,Vellore,Tamil Nadu,2022,144,34,234,6.3
11758,Vellore_Village_8,Vellore,Tamil Nadu,2023,103,24,353,9.4
11758,Vellore_Village_8,Vellore,Tamil Nadu,2024,181,33,273,8.4
11758,Vellore_Village_8,Vellore,Tamil Nadu,2025,88,33,383,11.4
11759,Vellore_Village_9,Vellore,Tamil Nadu,2022,121,27,338,5.4
11759,Vellore_Village_9,Vellore,Tamil Nadu,2023,74,25,364,12.4
11759,Vellore_Village_9,Vellore,Tamil Nadu,2024,126,14,314,4.8
11759,Vellore_Village_9,Vellore,Tamil Nadu,2025,209,16,326,5.5
11760,Vellore_Village_10,Vellore,Tamil Nadu,2022,236,34,301,9.9
11760,Vellore_Village_10,Vellore,Tamil Nadu,2023,279,37,277,9.0
11760,Vellore_Village_10,Vellore,Tamil Nadu,2024,240,22,262,14.1
11760,Vellore_Village_10,Vellore,Tamil Nadu,2025,215,18,304,9.5
11761,Vellore_Village_11,Vellore,Tamil Nadu,2022,169,26,322,7.9
11761,Vellore_Village_11,Vellore,Tamil Nadu,2023,269,25,216,13.6
11761,Vellore_Village_11,Vellore,Tamil Nadu,2024,102,5,370,7.0
11761,Vellore_Village_11,Vellore,Tamil Nadu,2025,271,19,301,6.2
11762,Vellore_Village_12,Vellore,Tamil Nadu,2022,244,26,244,9.7
11762,Vellore_Village_12,Vellore,Tamil Nadu,2023,205,36,245,13.7
11762,Vellore_Village_12,Vellore,Tamil Nadu,2024,180,37,367,11.1
11762,Vellore_Village_12,Vellore,Tamil Nadu,2025,286,27,267,10.4
11763,Vellore_Village_13,Vellore,Tamil Nadu,2022,295,6,228,12.1
11763,Vellore_Village_13,Vellore,Tamil Nadu,2023,275,6,245,11.0
11763,Vellore_Village_13,Vellore,Tamil Nadu,2024,257,33,247,11.7
11763,Vellore_Village_13,Vellore,Tamil Nadu,2025,199,7,255,5.3
11764,Vellore_Village_14,Vellore,Tamil Nadu,2022,145,11,302,6.4
11764,Vellore_Village_14,Vellore,Tamil Nadu,2023,215,33,261,7.9
11764,Vellore_Village_14,Vellore,Tamil Nadu,2024,249,27,232,12.6
11764,Vellore_Village_14,Vellore,Tamil Nadu,2025,296,20,374,10.8
11765,Vellore_Village_15,Vellore,Tamil Nadu,2022,121,35,271,10.4
11765,Vellore_Village_15,Vellore,Tamil Nadu,2023,111,38,350,4.3
11765,Vellore_Village_15,Vellore,Tamil Nadu,2024,234,5,359,6.2
11765,Vellore_Village_15,Vellore,Tamil Nadu,2025,55,22,266,11.7
11766,Vellore_Village_16,Vellore,Tamil Nadu,2022,255,19,323,7.0
11766,Vellore_Village_16,Vellore,Tamil Nadu,2023,81,21,347,11.8
11766,Vellore_Village_16,Vellore,Tamil Nadu,2024,148,14,364,5.6
11766,Vellore_Village_16,Vellore,Tamil Nadu,2025,187,24,264,9.7
11767,Vellore_Village_17,Vellore,Tamil Nadu,2022,180,10,276,11.1
11767,Vellore_Village_17,Vellore,Tamil Nadu,2023,236,12,344,12.0
11767,Vellore_Village_17,Vellore,Tamil Nadu,2024,125,38,261,8.3
11767,Vellore_Village_17,Vellore,Tamil Nadu,2025,226,36,334,9.9
11768,Vellore_Village_18,Vellore,Tamil Nadu,2022,108,8,202,9.6
11768,Vellore_Village_18,Vellore,Tamil Nadu,2023,80,24,256,14.0
11768,Vellore_Village_18,Vellore,Tamil Nadu,2024,142,28,306,9.2
11768,Vellore_Village_18,Vellore,Tamil Nadu,2025,118,28,345,5.5
11769,Vellore_Village_19,Vellore,Tamil Nadu,2022,239,30,344,11.5
11769,Vellore_Village_19,Vellore,Tamil Nadu,2023,101,29,342,9.9
11769,Vellore_Village_19,Vellore,Tamil Nadu,2024,138,11,276,12.1
11769,Vellore_Village_19,Vellore,Tamil Nadu,2025,176,14,367,5.2
11770,Vellore_Village_20,Vellore,Tamil Nadu,2022,218,16,233,7.2
11770,Vellore_Village_20,Vellore,Tamil Nadu,2023,80,5,256,13.8
11770,Vellore_Village_20,Vellore,Tamil Nadu,2024,262,29,262,13.5
11770,Vellore_Village_20,Vellore,Tamil Nadu,2025,299,20,367,7.9
11771,Vellore_Village_21,Vellore,Tamil Nadu,2022,133,9,226,5.0
11771,Vellore_Village_21,Vellore,Tamil Nadu,2023,280,23,273,7.3
11771,Vellore_Village_21,Vellore,Tamil Nadu,2024,176,8,376,6.3
11771,Vellore_Village_21,Vellore,Tamil Nadu,2025,199,10,359,7.7
11772,Vellore_Village_22,Vellore,Tamil Nadu,2022,181,30,330,7.8
11772,Vellore_Village_22,Vellore,Tamil Nadu,2023,62,13,342,12.8
11772,Vellore_Village_22,Vellore,Tamil Nadu,2024,94,18,349,3.7
11772,Vellore_Village_22,Vellore,Tamil Nadu,2025,176,13,357,10.1
11773,Vellore_Village_23,Vellore,Tamil Nadu,2022,219,19,214,11.5
11773,Vellore_Village_23,Vellore,Tamil Nadu,2023,163,24,297,11.0
11773,Vellore_Village_23,Vellore,Tamil Nadu,2024,226,12,312,9.2
11773,Vellore_Village_23,Vellore,Tamil Nadu,2025,69,36,267,9.7
11774,Vellore_Village_24,Vellore,Tamil Nadu,2022,293,25,210,13.0
11774,Vellore_Village_24,Vellore,Tamil Nadu,2023,254,23,330,12.3
11774,Vellore_Village_24,Vellore,Tamil Nadu,2024,130,33,332,4.1
11774,Vellore_Village_24,Vellore,Tamil Nadu,2025,231,35,251,3.6
11775,Vellore_Village_25,Vellore,Tamil Nadu,2022,213,10,305,13.3
11775,Vellore_Village_25,Vellore,Tamil Nadu,2023,274,8,328,10.1
11775,Vellore_Village_25,Vellore,Tamil Nadu,2024,178,33,252,13.8
11775,Vellore_Village_25,Vellore,Tamil Nadu,2025,192,7,346,7.8
11776,Vellore_Village_26,Vellore,Tamil Nadu,2022,254,5,257,6.4
11776,Vellore_Village_26,Vellore,Tamil Nadu,2023,66,19,234,9.1
11776,Vellore_Village_26,Vellore,Tamil Nadu,2024,201,25,346,8.3
11776,Vellore_Village_26,Vellore,Tamil Nadu,2025,107,35,380,8.7
11777,Vellore_Village_27,Vellore,Tamil Nadu,2022,121,11,300,13.0
11777,Vellore_Village_27,Vellore,Tamil Nadu,2023,291,21,216,11.0
11777,Vellore_Village_27,Vellore,Tamil Nadu,2024,268,23,251,5.6
11777,Vellore_Village_27,Vellore,Tamil Nadu,2025,158,7,314,11.0
11778,Vellore_Village_28,Vellore,Tamil Nadu,2022,72,34,302,10.7
11778,Vellore_Village_28,Vellore,Tamil Nadu,2023,223,39,318,10.2
11778,Vellore_Village_28,Vellore,Tamil Nadu,2024,121,33,265,10.8
11778,Vellore_Village_28,Vellore,Tamil Nadu,2025,57,18,352,9.2
11779,Vellore_Village_29,Vellore,Tamil Nadu,2022,108,39,223,9.3
11779,Vellore_Village_29,Vellore,Tamil Nadu,2023,267,32,354,10.8
11779,Vellore_Village_29,Vellore,Tamil Nadu,2024,160,34,251,11.3
11779,Vellore_Village_29,Vellore,Tamil Nadu,2025,236,30,327,5.7
11780,Vellore_Village_30,Vellore,Tamil Nadu,2022,62,11,272,9.7
11780,Vellore_Village_30,Vellore,Tamil Nadu,2023,216,35,338,8.9
11780,Vellore_Village_30,Vellore,Tamil Nadu,2024,278,9,310,4.1
11780,Vellore_Village_30,Vellore,Tamil Nadu,2025,290,39,318,12.1
11781,Vellore_Village_31,Vellore,Tamil Nadu,2022,205,18,229,8.5
11781,Vellore_Village_31,Vellore,Tamil Nadu,2023,266,31,361,4.9
11781,Vellore_Village_31,Vellore,Tamil Nadu,2024,238,28,255,8.5
11781,Vellore_Village_31,Vellore,Tamil Nadu,2025,65,33,372,5.0
11782,Vellore_Village_32,Vellore,Tamil Nadu,2022,168,26,210,11.9
11782,Vellore_Village_32,Vellore,Tamil Nadu,2023,51,12,234,10.1
11782,Vellore_Village_32,Vellore,Tamil Nadu,2024,295,19,347,6.5
11782,Vellore_Village_32,Vellore,Tamil Nadu,2025,259,9,300,13.3
11783,Vellore_Village_33,Vellore,Tamil Nadu,2022,194,8,246,7.6
11783,Vellore_Village_33,Vellore,Tamil Nadu,2023,79,15,303,9.9
11783,Vellore_Village_33,Vellore,Tamil Nadu,2024,152,22,287,12.1
11783,Vellore_Village_33,Vellore,Tamil Nadu,2025,62,34,254,8.7
11784,Vellore_Village_34,Vellore,Tamil Nadu,2022,145,19,221,14.6
11784,Vellore_Village_34,Vellore,Tamil Nadu,2023,291,10,285,13.0
11784,Vellore_Village_34,Vellore,Tamil Nadu,2024,270,20,253,13.4
11784,Vellore_Village_34,Vellore,Tamil Nadu,2025,287,13,340,7.2
11785,Vellore_Village_35,Vellore,Tamil Nadu,2022,143,38,206,10.3
11785,Vellore_Village_35,Vellore,Tamil Nadu,2023,131,31,286,12.9
11785,Vellore_Village_35,Vellore,Tamil Nadu,2024,62,17,356,13.2
11785,Vellore_Village_35,Vellore,Tamil Nadu,2025,220,31,282,13.2
11786,Vellore_Village_36,Vellore,Tamil Nadu,2022,262,13,348,13.7
11786,Vellore_Village_36,Vellore,Tamil Nadu,2023,143,9,350,11.8
11786,Vellore_Village_36,Vellore,Tamil Nadu,2024,198,26,350,4.0
11786,Vellore_Village_36,Vellore,Tamil Nadu,2025,161,35,333,6.6
11787,Vellore_Village_37,Vellore,Tamil Nadu,2022,104,7,227,5.9
11787,Vellore_Village_37,Vellore,Tamil Nadu,2023,130,34,306,5.7
11787,Vellore_Village_37,Vellore,Tamil Nadu,2024,217,25,283,6.8
11787,Vellore_Village_37,Vellore,Tamil Nadu,2025,260,39,360,4.1
11788,Vellore_Village_38,Vellore,Tamil Nadu,2022,165,10,315,7.1
11788,Vellore_Village_38,Vellore,Tamil Nadu,2023,192,32,334,14.1
11788,Vellore_Village_38,Vellore,Tamil Nadu,2024,250,36,270,7.0
11788,Vellore_Village_38,Vellore,Tamil Nadu,2025,229,29,281,5.0
11789,Vellore_Village_39,Vellore,Tamil Nadu,2022,251,36,324,12.0
11789,Vellore_Village_39,Vellore,Tamil Nadu,2023,157,39,290,12.8
11789,Vellore_Village_39,Vellore,Tamil Nadu,2024,272,26,266,7.0
11789,Vellore_Village_39,Vellore,Tamil Nadu,2025,102,28,345,6.2
11790,Vellore_Village_40,Vellore,Tamil Nadu,2022,264,34,230,7.0
11790,Vellore_Village_40,Vellore,Tamil Nadu,2023,177,36,360,8.2
11790,Vellore_Village_40,Vellore,Tamil Nadu,2024,229,35,319,4.6
11790,Vellore_Village_40,Vellore,Tamil Nadu,2025,207,27,250,10.3
11791,Vellore_Village_41,Vellore,Tamil Nadu,2022,210,37,336,13.1
11791,Vellore_Village_41,Vellore,Tamil Nadu,2023,106,29,353,11.1
11791,Vellore_Village_41,Vellore,Tamil Nadu,2024,101,28,324,8.1
11791,Vellore_Village_41,Vellore,Tamil Nadu,2025,186,35,363,6.3
11792,Vellore_Village_42,Vellore,Tamil Nadu,2022,231,17,309,8.8
11792,Vellore_Village_42,Vellore,Tamil Nadu,2023,160,14,334,8.6
11792,Vellore_Village_42,Vellore,Tamil Nadu,2024,50,27,359,10.7
11792,Vellore_Village_42,Vellore,Tamil Nadu,2025,93,22,367,13.0
11793,Vellore_Village_43,Vellore,Tamil Nadu,2022,276,36,228,5.2
11793,Vellore_Village_43,Vellore,Tamil Nadu,2023,124,37,324,14.1
11793,Vellore_Village_43,Vellore,Tamil Nadu,2024,147,32,350,13.3
11793,Vellore_Village_43,Vellore,Tamil Nadu,2025,257,20,313,4.5
11794,Vellore_Village_44,Vellore,Tamil Nadu,2022,58,20,206,6.4
11794,Vellore_Village_44,Vellore,Tamil Nadu,2023,81,22,342,7.4
11794,Vellore_Village_44,Vellore,Tamil Nadu,2024,64,12,285,9.6
11794,Vellore_Village_44,Vellore,Tamil Nadu,2025,189,20,371,4.7
11795,Vellore_Village_45,Vellore,Tamil Nadu,2022,274,15,276,6.6
11795,Vellore_Village_45,Vellore,Tamil Nadu,2023,286,10,276,13.6
11795,Vellore_Village_45,Vellore,Tamil Nadu,2024,255,5,303,4.8
11795,Vellore_Village_45,Vellore,Tamil Nadu,2025,298,16,259,7.5
11796,Vellore_Village_46,Vellore,Tamil Nadu,2022,234,32,252,12.5
11796,Vellore_Village_46,Vellore,Tamil Nadu,2023,185,21,334,13.4
11796,Vellore_Village_46,Vellore,Tamil Nadu,2024,121,5,264,7.2
11796,Vellore_Village_46,Vellore,Tamil Nadu,2025,204,36,258,5.0
11797,Vellore_Village_47,Vellore,Tamil Nadu,2022,239,12,292,12.2
11797,Vellore_Village_47,Vellore,Tamil Nadu,2023,61,28,336,12.2
11797,Vellore_Village_47,Vellore,Tamil Nadu,2024,114,14,247,14.0
11797,Vellore_Village_47,Vellore,Tamil Nadu,2025,156,14,373,4.8
11798,Vellore_Village_48,Vellore,Tamil Nadu,2022,281,29,324,11.9
11798,Vellore_Village_48,Vellore,Tamil Nadu,2023,91,14,241,8.5
11798,Vellore_Village_48,Vellore,Tamil Nadu,2024,239,23,293,13.3
11798,Vellore_Village_48,Vellore,Tamil Nadu,2025,164,19,304,7.6
11799,Vellore_Village_49,Vellore,Tamil Nadu,2022,188,20,348,9.2
11799,Vellore_Village_49,Vellore,Tamil Nadu,2023,152,6,228,5.4
11799,Vellore_Village_49,Vellore,Tamil Nadu,2024,220,33,345,7.1
11799,Vellore_Village_49,Vellore,Tamil Nadu,2025,144,8,392,7.5
11800,Vellore_Village_50,Vellore,Tamil Nadu,2022,66,33,291,4.7
11800,Vellore_Village_50,Vellore,Tamil Nadu,2023,274,35,299,8.7
11800,Vellore_Village_50,Vellore,Tamil Nadu,2024,209,21,316,7.2
11800,Vellore_Village_50,Vellore,Tamil Nadu,2025,299,14,383,11.7
11801,Vellore_Village_51,Vellore,Tamil Nadu,2022,270,31,319,5.6
11801,Vellore_Village_51,Vellore,Tamil Nadu,2023,262,19,298,12.1
11801,Vellore_Village_51,Vellore,Tamil Nadu,2024,134,35,253,11.2
11801,Vellore_Village_51,Vellore,Tamil Nadu,2025,217,25,363,5.8
11802,Vellore_Village_52,Vellore,Tamil Nadu,2022,200,30,288,5.4
11802,Vellore_Village_52,Vellore,Tamil Nadu,2023,105,21,251,12.9
11802,Vellore_Village_52,Vellore,Tamil Nadu,2024,183,7,315,6.3
11802,Vellore_Village_52,Vellore,Tamil Nadu,2025,135,18,371,4.8
11803,Vellore_Village_53,Vellore,Tamil Nadu,2022,227,17,214,8.3
11803,Vellore_Village_53,Vellore,Tamil Nadu,2023,151,31,226,8.3
11803,Vellore_Village_53,Vellore,Tamil Nadu,2024,214,5,324,7.1
11803,Vellore_Village_53,Vellore,Tamil Nadu,2025,286,21,275,13.6
11804,Vellore_Village_54,Vellore,Tamil Nadu,2022,241,38,293,13.7
11804,Vellore_Village_54,Vellore,Tamil Nadu,2023,292,18,298,13.3
11804,Vellore_Village_54,Vellore,Tamil Nadu,2024,103,21,301,7.9
11804,Vellore_Village_54,Vellore,Tamil Nadu,2025,249,7,288,13.4
11805,Vellore_Village_55,Vellore,Tamil Nadu,2022,282,38,229,11.7
11805,Vellore_Village_55,Vellore,Tamil Nadu,2023,226,29,249,12.8
11805,Vellore_Village_55,Vellore,Tamil Nadu,2024,276,6,250,9.0
11805,Vellore_Village_55,Vellore,Tamil Nadu,2025,164,38,355,5.0
11806,Vellore_Village_56,Vellore,Tamil Nadu,2022,188,30,262,13.8
11806,Vellore_Village_56,Vellore,Tamil Nadu,2023,137,35,306,9.2
11806,Vellore_Village_56,Vellore,Tamil Nadu,2024,98,13,374,13.9
11806,Vellore_Village_56,Vellore,Tamil Nadu,2025,198,34,256,6.0
11807,Vellore_Village_57,Vellore,Tamil Nadu,2022,164,24,345,14.9
11807,Vellore_Village_57,Vellore,Tamil Nadu,2023,243,25,306,6.4
11807,Vellore_Village_57,Vellore,Tamil Nadu,2024,112,33,289,7.6
11807,Vellore_Village_57,Vellore,Tamil Nadu,2025,153,29,311,9.5
11808,Vellore_Village_58,Vellore,Tamil Nadu,2022,132,29,314,11.8
11808,Vellore_Village_58,Vellore,Tamil Nadu,2023,152,13,229,11.7
11808,Vellore_Village_58,Vellore,Tamil Nadu,2024,205,30,245,8.7
11808,Vellore_Village_58,Vellore,Tamil Nadu,2025,66,20,266,4.1
11809,Vellore_Village_59,Vellore,Tamil Nadu,2022,55,16,317,9.7
11809,Vellore_Village_59,Vellore,Tamil Nadu,2023,196,28,327,7.6
11809,Vellore_Village_59,Vellore,Tamil Nadu,2024,233,30,324,10.6
11809,Vellore_Village_59,Vellore,Tamil Nadu,2025,279,24,245,5.2
11810,Vellore_Village_60,Vellore,Tamil Nadu,2022,77,13,274,8.6
11810,Vellore_Village_60,Vellore,Tamil Nadu,2023,243,27,220,14.2
11810,Vellore_Village_60,Vellore,Tamil Nadu,2024,87,33,316,4.6
11810,Vellore_Village_60,Vellore,Tamil Nadu,2025,168,35,381,9.6
11811,Vellore_Village_61,Vellore,Tamil Nadu,2022,86,23,261,5.5
11811,Vellore_Village_61,Vellore,Tamil Nadu,2023,164,24,272,5.7
11811,Vellore_Village_61,Vellore,Tamil Nadu,2024,293,27,337,10.1
11811,Vellore_Village_61,Vellore,Tamil Nadu,2025,117,31,263,8.0
11812,Vellore_Village_62,Vellore,Tamil Nadu,2022,263,34,308,10.3
11812,Vellore_Village_62,Vellore,Tamil Nadu,2023,267,25,355,13.3
11812,Vellore_Village_62,Vellore,Tamil Nadu,2024,226,39,352,12.3
11812,Vellore_Village_62,Vellore,Tamil Nadu,2025,92,11,344,12.6
11813,Vellore_Village_63,Vellore,Tamil Nadu,2022,213,26,208,11.0
11813,Vellore_Village_63,Vellore,Tamil Nadu,2023,107,14,263,9.2
11813,Vellore_Village_63,Vellore,Tamil Nadu,2024,62,27,260,8.5
11813,Vellore_Village_63,Vellore,Tamil Nadu,2025,101,19,303,11.1
11814,Vellore_Village_64,Vellore,Tamil Nadu,2022,107,34,346,10.0
11814,Vellore_Village_64,Vellore,Tamil Nadu,2023,81,38,344,5.2
11814,Vellore_Village_64,Vellore,Tamil Nadu,2024,258,17,274,5.2
11814,Vellore_Village_64,Vellore,Tamil Nadu,2025,154,8,340,7.0
11815,Vellore_Village_65,Vellore,Tamil Nadu,2022,277,22,242,5.2
11815,Vellore_Village_65,Vellore,Tamil Nadu,2023,296,27,312,6.6
11815,Vellore_Village_65,Vellore,Tamil Nadu,2024,237,37,230,10.6
11815,Vellore_Village_65,Vellore,Tamil Nadu,2025,287,38,375,3.4
11816,Vellore_Village_66,Vellore,Tamil Nadu,2022,132,38,290,10.8
11816,Vellore_Village_66,Vellore,Tamil Nadu,2023,235,39,258,12.2
11816,Vellore_Village_66,Vellore,Tamil Nadu,2024,148,21,364,5.5
11816,Vellore_Village_66,Vellore,Tamil Nadu,2025,287,32,277,5.2
11817,Vellore_Village_67,Vellore,Tamil Nadu,2022,153,18,336,4.8
11817,Vellore_Village_67,Vellore,Tamil Nadu,2023,233,38,244,9.5
11817,Vellore_Village_67,Vellore,Tamil Nadu,2024,77,15,375,10.6
11817,Vellore_Village_67,Vellore,Tamil Nadu,2025,178,17,300,8.1
11818,Vellore_Village_68,Vellore,Tamil Nadu,2022,219,37,304,8.6
11818,Vellore_Village_68,Vellore,Tamil Nadu,2023,259,6,245,8.9
11818,Vellore_Village_68,Vellore,Tamil Nadu,2024,97,38,318,11.9
11818,Vellore_Village_68,Vellore,Tamil Nadu,2025,89,33,245,3.7
11819,Vellore_Village_69,Vellore,Tamil Nadu,2022,146,8,309,12.7
11819,Vellore_Village_69,Vellore,Tamil Nadu,2023,240,16,296,11.1
11819,Vellore_Village_69,Vellore,Tamil Nadu,2024,253,30,248,6.2
11819,Vellore_Village_69,Vellore,Tamil Nadu,2025,249,32,359,8.8
11820,Vellore_Village_70,Vellore,Tamil Nadu,2022,265,7,325,5.0
11820,Vellore_Village_70,Vellore,Tamil Nadu,2023,257,24,278,8.1
11820,Vellore_Village_70,Vellore,Tamil Nadu,2024,163,14,282,5.5
11820,Vellore_Village_70,Vellore,Tamil Nadu,2025,181,22,250,3.5
11821,Vellore_Village_71,Vellore,Tamil Nadu,2022,215,31,216,8.2
11821,Vellore_Village_71,Vellore,Tamil Nadu,2023,285,35,260,11.7
11821,Vellore_Village_71,Vellore,Tamil Nadu,2024,204,31,347,13.4
11821,Vellore_Village_71,Vellore,Tamil Nadu,2025,186,5,317,10.3
11822,Vellore_Village_72,Vellore,Tamil Nadu,2022,160,10,300,8.7
11822,Vellore_Village_72,Vellore,Tamil Nadu,2023,193,15,305,14.6
11822,Vellore_Village_72,Vellore,Tamil Nadu,2024,233,38,235,6.7
11822,Vellore_Village_72,Vellore,Tamil Nadu,2025,125,24,353,5.3
11823,Vellore_Village_73,Vellore,Tamil Nadu,2022,80,25,239,9.4
11823,Vellore_Village_73,Vellore,Tamil Nadu,2023,265,25,305,9.4
11823,Vellore_Village_73,Vellore,Tamil Nadu,2024,168,22,295,7.4
11823,Vellore_Village_73,Vellore,Tamil Nadu,2025,191,25,381,10.6
11824,Vellore_Village_74,Vellore,Tamil Nadu,2022,286,23,210,6.4
11824,Vellore_Village_74,Vellore,Tamil Nadu,2023,74,8,362,9.5
11824,Vellore_Village_74,Vellore,Tamil Nadu,2024,83,17,345,9.0
11824,Vellore_Village_74,Vellore,Tamil Nadu,2025,116,22,287,11.9
11825,Vellore_Village_75,Vellore,Tamil Nadu,2022,299,33,257,14.2
11825,Vellore_Village_75,Vellore,Tamil Nadu,2023,201,29,252,11.1
11825,Vellore_Village_75,Vellore,Tamil Nadu,2024,167,17,323,6.9
11825,Vellore_Village_75,Vellore,Tamil Nadu,2025,283,31,280,10.5
11826,Vellore_Village_76,Vellore,Tamil Nadu,2022,122,23,205,7.1
11826,Vellore_Village_76,Vellore,Tamil Nadu,2023,75,5,345,14.2
11826,Vellore_Village_76,Vellore,Tamil Nadu,2024,197,23,294,12.3
11826,Vellore_Village_76,Vellore,Tamil Nadu,2025,241,5,368,7.8
11827,Vellore_Village_77,Vellore,Tamil Nadu,2022,153,21,316,12.7
11827,Vellore_Village_77,Vellore,Tamil Nadu,2023,59,25,232,8.4
11827,Vellore_Village_77,Vellore,Tamil Nadu,2024,260,26,325,4.5
11827,Vellore_Village_77,Vellore,Tamil Nadu,2025,116,19,372,10.7
11828,Vellore_Village_78,Vellore,Tamil Nadu,2022,201,36,235,8.7
11828,Vellore_Village_78,Vellore,Tamil Nadu,2023,54,8,284,13.9
11828,Vellore_Village_78,Vellore,Tamil Nadu,2024,244,36,324,6.9
11828,Vellore_Village_78,Vellore,Tamil Nadu,2025,235,8,378,12.2
11829,Vellore_Village_79,Vellore,Tamil Nadu,2022,76,5,243,11.6
11829,Vellore_Village_79,Vellore,Tamil Nadu,2023,257,37,258,13.1
11829,Vellore_Village_79,Vellore,Tamil Nadu,2024,162,11,256,6.8
11829,Vellore_Village_79,Vellore,Tamil Nadu,2025,64,13,344,8.1
11830,Vellore_Village_80,Vellore,Tamil Nadu,2022,212,5,251,13.1
11830,Vellore_Village_80,Vellore,Tamil Nadu,2023,253,20,239,10.9
11830,Vellore_Village_80,Vellore,Tamil Nadu,2024,154,22,303,7.5
11830,Vellore_Village_80,Vellore,Tamil Nadu,2025,230,10,283,8.7
11831,Vellore_Village_81,Vellore,Tamil Nadu,2022,93,6,339,15.0
11831,Vellore_Village_81,Vellore,Tamil Nadu,2023,75,13,353,11.9
11831,Vellore_Village_81,Vellore,Tamil Nadu,2024,224,8,342,10.2
11831,Vellore_Village_81,Vellore,Tamil Nadu,2025,211,27,247,12.0
11832,Vellore_Village_82,Vellore,Tamil Nadu,2022,264,12,314,9.1
11832,Vellore_Village_82,Vellore,Tamil Nadu,2023,144,29,236,14.1
11832,Vellore_Village_82,Vellore,Tamil Nadu,2024,227,20,233,9.5
11832,Vellore_Village_82,Vellore,Tamil Nadu,2025,133,39,380,6.7
11833,Vellore_Village_83,Vellore,Tamil Nadu,2022,189,21,213,5.4
11833,Vellore_Village_83,Vellore,Tamil Nadu,2023,264,22,228,8.0
11833,Vellore_Village_83,Vellore,Tamil Nadu,2024,181,31,245,9.7
11833,Vellore_Village_83,Vellore,Tamil Nadu,2025,136,19,308,10.7
11834,Vellore_Village_84,Vellore,Tamil Nadu,2022,225,21,215,13.7
11834,Vellore_Village_84,Vellore,Tamil Nadu,2023,232,9,266,14.0
11834,Vellore_Village_84,Vellore,Tamil Nadu,2024,161,20,248,4.8
11834,Vellore_Village_84,Vellore,Tamil Nadu,2025,178,19,313,9.6
11835,Vellore_Village_85,Vellore,Tamil Nadu,2022,295,38,339,11.5
11835,Vellore_Village_85,Vellore,Tamil Nadu,2023,138,23,307,5.9
11835,Vellore_Village_85,Vellore,Tamil Nadu,2024,115,12,234,9.4
11835,Vellore_Village_85,Vellore,Tamil Nadu,2025,207,14,286,6.8
11836,Vellore_Village_86,Vellore,Tamil Nadu,2022,180,9,216,5.3
11836,Vellore_Village_86,Vellore,Tamil Nadu,2023,171,30,325,4.8
11836,Vellore_Village_86,Vellore,Tamil Nadu,2024,198,26,301,11.7
11836,Vellore_Village_86,Vellore,Tamil Nadu,2025,266,27,348,9.8
11837,Vellore_Village_87,Vellore,Tamil Nadu,2022,133,17,293,12.0
11837,Vellore_Village_87,Vellore,Tamil Nadu,2023,226,13,224,11.3
11837,Vellore_Village_87,Vellore,Tamil Nadu,2024,165,24,245,5.1
11837,Vellore_Village_87,Vellore,Tamil Nadu,2025,263,32,388,4.9
11838,Vellore_Village_88,Vellore,Tamil Nadu,2022,262,28,241,7.2
11838,Vellore_Village_88,Vellore,Tamil Nadu,2023,239,37,217,8.3
11838,Vellore_Village_88,Vellore,Tamil Nadu,2024,274,24,350,13.6
11838,Vellore_Village_88,Vellore,Tamil Nadu,2025,165,34,268,10.4
11839,Vellore_Village_89,Vellore,Tamil Nadu,2022,87,13,218,7.2
11839,Vellore_Village_89,Vellore,Tamil Nadu,2023,192,21,289,4.7
11839,Vellore_Village_89,Vellore,Tamil Nadu,2024,299,18,269,10.9
11839,Vellore_Village_89,Vellore,Tamil Nadu,2025,299,23,290,9.9
11840,Vellore_Village_90,Vellore,Tamil Nadu,2022,159,11,239,11.6
11840,Vellore_Village_90,Vellore,Tamil Nadu,2023,229,7,276,6.8
11840,Vellore_Village_90,Vellore,Tamil Nadu,2024,256,37,247,9.1
11840,Vellore_Village_90,Vellore,Tamil Nadu,2025,95,36,384,7.1
11841,Vellore_Village_91,Vellore,Tamil Nadu,2022,74,15,341,13.1
11841,Vellore_Village_91,Vellore,Tamil Nadu,2023,70,6,296,4.8
11841,Vellore_Village_91,Vellore,Tamil Nadu,2024,265,30,337,6.6
11841,Vellore_Village_91,Vellore,Tamil Nadu,2025,170,8,256,9.6
11842,Vellore_Village_92,Vellore,Tamil Nadu,2022,171,21,303,6.7
11842,Vellore_Village_92,Vellore,Tamil Nadu,2023,182,21,348,11.2
11842,Vellore_Village_92,Vellore,Tamil Nadu,2024,119,32,317,5.1
11842,Vellore_Village_92,Vellore,Tamil Nadu,2025,162,34,359,3.5
11843,Vellore_Village_93,Vellore,Tamil Nadu,2022,156,27,232,13.6
11843,Vellore_Village_93,Vellore,Tamil Nadu,2023,161,28,332,7.6
11843,Vellore_Village_93,Vellore,Tamil Nadu,2024,157,33,309,5.3
11843,Vellore_Village_93,Vellore,Tamil Nadu,2025,96,8,256,5.1
11844,Vellore_Village_94,Vellore,Tamil Nadu,2022,264,33,294,13.8
11844,Vellore_Village_94,Vellore,Tamil Nadu,2023,245,23,267,11.0
11844,Vellore_Village_94,Vellore,Tamil Nadu,2024,140,31,242,13.7
11844,Vellore_Village_94,Vellore,Tamil Nadu,2025,67,33,366,11.7
11845,Vellore_Village_95,Vellore,Tamil Nadu,2022,198,39,301,12.6
11845,Vellore_Village_95,Vellore,Tamil Nadu,2023,269,10,345,9.3
11845,Vellore_Village_95,Vellore,Tamil Nadu,2024,276,27,287,12.3
11845,Vellore_Village_95,Vellore,Tamil Nadu,2025,263,12,248,7.6
11846,Vellore_Village_96,Vellore,Tamil Nadu,2022,153,6,265,13.2
11846,Vellore_Village_96,Vellore,Tamil Nadu,2023,200,17,329,12.1
11846,Vellore_Village_96,Vellore,Tamil Nadu,2024,241,25,265,10.8
11846,Vellore_Village_96,Vellore,Tamil Nadu,2025,244,35,267,6.8
11847,Vellore_Village_97,Vellore,Tamil Nadu,2022,89,31,218,11.1
11847,Vellore_Village_97,Vellore,Tamil Nadu,2023,291,27,254,9.4
11847,Vellore_Village_97,Vellore,Tamil Nadu,2024,187,25,301,8.5
11847,Vellore_Village_97,Vellore,Tamil Nadu,2025,138,17,388,13.7
11848,Vellore_Village_98,Vellore,Tamil Nadu,2022,229,30,257,9.8
11848,Vellore_Village_98,Vellore,Tamil Nadu,2023,290,11,321,4.4
11848,Vellore_Village_98,Vellore,Tamil Nadu,2024,249,26,247,10.3
11848,Vellore_Village_98,Vellore,Tamil Nadu,2025,296,27,280,10.9
11849,Vellore_Village_99,Vellore,Tamil Nadu,2022,252,34,328,13.8
11849,Vellore_Village_99,Vellore,Tamil Nadu,2023,110,22,215,10.7
11849,Vellore_Village_99,Vellore,Tamil Nadu,2024,241,22,293,3.9
11849,Vellore_Village_99,Vellore,Tamil Nadu,2025,54,14,306,4.6
11850,Vellore_Village_100,Vellore,Tamil Nadu,2022,171,34,309,6.2
11850,Vellore_Village_100,Vellore,Tamil Nadu,2023,286,30,289,6.3
11850,Vellore_Village_100,Vellore,Tamil Nadu,2024,230,11,375,12.1
11850,Vellore_Village_100,Vellore,Tamil Nadu,2025,104,11,260,6.6
11851,Vellore_Village_101,Vellore,Tamil Nadu,2022,86,9,216,7.8
11851,Vellore_Village_101,Vellore,Tamil Nadu,2023,105,5,238,12.0
11851,Vellore_Village_101,Vellore,Tamil Nadu,2024,236,22,327,8.0
11851,Vellore_Village_101,Vellore,Tamil Nadu,2025,286,17,374,4.0
11852,Vellore_Village_102,Vellore,Tamil Nadu,2022,151,29,337,10.6
11852,Vellore_Village_102,Vellore,Tamil Nadu,2023,142,12,228,5.5
11852,Vellore_Village_102,Vellore,Tamil Nadu,2024,246,14,341,9.7
11852,Vellore_Village_102,Vellore,Tamil Nadu,2025,122,36,310,11.5
11853,Vellore_Village_103,Vellore,Tamil Nadu,2022,108,21,281,14.3
11853,Vellore_Village_103,Vellore,Tamil Nadu,2023,289,19,307,4.8
11853,Vellore_Village_103,Vellore,Tamil Nadu,2024,51,19,301,6.9
11853,Vellore_Village_103,Vellore,Tamil Nadu,2025,242,24,345,10.2
11854,Vellore_Village_104,Vellore,Tamil Nadu,2022,153,19,248,7.8
11854,Vellore_Village_104,Vellore,Tamil Nadu,2023,237,39,304,8.8
11854,Vellore_Village_104,Vellore,Tamil Nadu,2024,100,10,266,3.9
11854,Vellore_Village_104,Vellore,Tamil Nadu,2025,79,34,394,10.6
11855,Vellore_Village_105,Vellore,Tamil Nadu,2022,60,12,269,13.8
11855,Vellore_Village_105,Vellore,Tamil Nadu,2023,269,35,247,14.4
11855,Vellore_Village_105,Vellore,Tamil Nadu,2024,157,36,257,12.4
11855,Vellore_Village_105,Vellore,Tamil Nadu,2025,125,19,332,3.6
11856,Vellore_Village_106,Vellore,Tamil Nadu,2022,216,22,203,11.3
11856,Vellore_Village_106,Vellore,Tamil Nadu,2023,139,17,280,9.3
11856,Vellore_Village_106,Vellore,Tamil Nadu,2024,254,28,306,13.5
11856,Vellore_Village_106,Vellore,Tamil Nadu,2025,172,18,354,12.8
11857,Vellore_Village_107,Vellore,Tamil Nadu,2022,249,32,248,14.9
11857,Vellore_Village_107,Vellore,Tamil Nadu,2023,240,15,342,13.2
11857,Vellore_Village_107,Vellore,Tamil Nadu,2024,241,10,368,9.4
11857,Vellore_Village_107,Vellore,Tamil Nadu,2025,238,29,279,10.8
11858,Vellore_Village_108,Vellore,Tamil Nadu,2022,174,5,337,14.6
11858,Vellore_Village_108,Vellore,Tamil Nadu,2023,231,29,288,10.2
11858,Vellore_Village_108,Vellore,Tamil Nadu,2024,269,6,298,12.5
11858,Vellore_Village_108,Vellore,Tamil Nadu,2025,171,36,278,13.2
11859,Vellore_Village_109,Vellore,Tamil Nadu,2022,143,17,323,10.5
11859,Vellore_Village_109,Vellore,Tamil Nadu,2023,250,37,325,5.8
11859,Vellore_Village_109,Vellore,Tamil Nadu,2024,152,36,261,5.3
11859,Vellore_Village_109,Vellore,Tamil Nadu,2025,272,28,260,4.5
11860,Vellore_Village_110,Vellore,Tamil Nadu,2022,235,31,267,9.5
11860,Vellore_Village_110,Vellore,Tamil Nadu,2023,262,8,268,9.1
11860,Vellore_Village_110,Vellore,Tamil Nadu,2024,233,28,353,10.2
11860,Vellore_Village_110,Vellore,Tamil Nadu,2025,288,27,356,8.4
11861,Vellore_Village_111,Vellore,Tamil Nadu,2022,211,33,259,14.7
11861,Vellore_Village_111,Vellore,Tamil Nadu,2023,296,38,292,7.2
11861,Vellore_Village_111,Vellore,Tamil Nadu,2024,80,25,305,12.9
11861,Vellore_Village_111,Vellore,Tamil Nadu,2025,101,34,304,4.4
11862,Vellore_Village_112,Vellore,Tamil Nadu,2022,138,30,284,10.8
11862,Vellore_Village_112,Vellore,Tamil Nadu,2023,125,24,326,10.9
11862,Vellore_Village_112,Vellore,Tamil Nadu,2024,178,20,309,11.8
11862,Vellore_Village_112,Vellore,Tamil Nadu,2025,232,7,362,8.6
11863,Vellore_Village_113,Vellore,Tamil Nadu,2022,71,29,201,6.6
11863,Vellore_Village_113,Vellore,Tamil Nadu,2023,89,27,237,8.0
11863,Vellore_Village_113,Vellore,Tamil Nadu,2024,150,5,275,6.6
11863,Vellore_Village_113,Vellore,Tamil Nadu,2025,160,37,317,7.7
11864,Vellore_Village_114,Vellore,Tamil Nadu,2022,178,19,253,10.1
11864,Vellore_Village_114,Vellore,Tamil Nadu,2023,114,21,285,10.7
11864,Vellore_Village_114,Vellore,Tamil Nadu,2024,298,38,354,12.6
11864,Vellore_Village_114,Vellore,Tamil Nadu,2025,240,21,325,12.9
11865,Vellore_Village_115,Vellore,Tamil Nadu,2022,283,8,208,9.4
11865,Vellore_Village_115,Vellore,Tamil Nadu,2023,231,17,284,5.0
11865,Vellore_Village_115,Vellore,Tamil Nadu,2024,219,8,313,12.1
11865,Vellore_Village_115,Vellore,Tamil Nadu,2025,198,11,318,8.3
11866,Vellore_Village_116,Vellore,Tamil Nadu,2022,128,13,272,10.2
11866,Vellore_Village_116,Vellore,Tamil Nadu,2023,258,27,226,10.4
11866,Vellore_Village_116,Vellore,Tamil Nadu,2024,71,37,261,10.7
11866,Vellore_Village_116,Vellore,Tamil Nadu,2025,215,37,327,12.6
11867,Vellore_Village_117,Vellore,Tamil Nadu,2022,148,24,232,14.5
11867,Vellore_Village_117,Vellore,Tamil Nadu,2023,286,8,278,14.0
11867,Vellore_Village_117,Vellore,Tamil Nadu,2024,257,5,277,12.2
11867,Vellore_Village_117,Vellore,Tamil Nadu,2025,57,38,260,12.6
11868,Vellore_Village_118,Vellore,Tamil Nadu,2022,239,31,313,5.0
11868,Vellore_Village_118,Vellore,Tamil Nadu,2023,224,25,240,13.0
11868,Vellore_Village_118,Vellore,Tamil Nadu,2024,66,28,283,4.5
11868,Vellore_Village_118,Vellore,Tamil Nadu,2025,66,19,281,11.1
11869,Vellore_Village_119,Vellore,Tamil Nadu,2022,295,39,208,6.3
11869,Vellore_Village_119,Vellore,Tamil Nadu,2023,139,29,227,7.9
11869,Vellore_Village_119,Vellore,Tamil Nadu,2024,190,13,289,5.6
11869,Vellore_Village_119,Vellore,Tamil Nadu,2025,194,21,350,8.0
11870,Vellore_Village_120,Vellore,Tamil Nadu,2022,215,25,325,8.8
11870,Vellore_Village_120,Vellore,Tamil Nadu,2023,130,17,294,4.6
11870,Vellore_Village_120,Vellore,Tamil Nadu,2024,289,7,357,12.4
11870,Vellore_Village_120,Vellore,Tamil Nadu,2025,127,8,374,12.3
11871,Vellore_Village_121,Vellore,Tamil Nadu,2022,222,8,259,12.8
11871,Vellore_Village_121,Vellore,Tamil Nadu,2023,55,32,329,13.0
11871,Vellore_Village_121,Vellore,Tamil Nadu,2024,212,11,272,11.6
11871,Vellore_Village_121,Vellore,Tamil Nadu,2025,159,30,391,13.1
11872,Vellore_Village_122,Vellore,Tamil Nadu,2022,63,15,323,10.6
11872,Vellore_Village_122,Vellore,Tamil Nadu,2023,288,28,353,10.2
11872,Vellore_Village_122,Vellore,Tamil Nadu,2024,121,14,276,12.7
11872,Vellore_Village_122,Vellore,Tamil Nadu,2025,238,17,307,7.0
11873,Vellore_Village_123,Vellore,Tamil Nadu,2022,192,23,334,5.0
11873,Vellore_Village_123,Vellore,Tamil Nadu,2023,103,23,308,12.0
11873,Vellore_Village_123,Vellore,Tamil Nadu,2024,76,16,352,6.4
11873,Vellore_Village_123,Vellore,Tamil Nadu,2025,62,26,275,8.3
11874,Vellore_Village_124,Vellore,Tamil Nadu,2022,290,34,254,7.0
11874,Vellore_Village_124,Vellore,Tamil Nadu,2023,208,16,244,12.8
11874,Vellore_Village_124,Vellore,Tamil Nadu,2024,294,33,265,13.8
11874,Vellore_Village_124,Vellore,Tamil Nadu,2025,297,25,294,3.9
11875,Vellore_Village_125,Vellore,Tamil Nadu,2022,212,15,341,7.0
11875,Vellore_Village_125,Vellore,Tamil Nadu,2023,109,22,243,6.1
11875,Vellore_Village_125,Vellore,Tamil Nadu,2024,55,31,346,10.8
11875,Vellore_Village_125,Vellore,Tamil Nadu,2025,246,16,280,7.8
11876,Erode_Village_1,Erode,Tamil Nadu,2022,263,27,220,9.3
11876,Erode_Village_1,Erode,Tamil Nadu,2023,107,38,252,5.7
11876,Erode_Village_1,Erode,Tamil Nadu,2024,98,27,304,8.1
11876,Erode_Village_1,Erode,Tamil Nadu,2025,200,29,370,6.5
11877,Erode_Village_2,Erode,Tamil Nadu,2022,266,8,236,10.9
11877,Erode_Village_2,Erode,Tamil Nadu,2023,211,34,334,6.4
11877,Erode_Village_2,Erode,Tamil Nadu,2024,75,34,376,10.2
11877,Erode_Village_2,Erode,Tamil Nadu,2025,96,17,362,7.3
11878,Erode_Village_3,Erode,Tamil Nadu,2022,54,18,200,8.1
11878,Erode_Village_3,Erode,Tamil Nadu,2023,267,12,269,7.3
11878,Erode_Village_3,Erode,Tamil Nadu,2024,69,28,288,10.8
11878,Erode_Village_3,Erode,Tamil Nadu,2025,183,22,295,9.2
11879,Erode_Village_4,Erode,Tamil Nadu,2022,247,39,306,13.4
11879,Erode_Village_4,Erode,Tamil Nadu,2023,108,29,357,6.6
11879,Erode_Village_4,Erode,Tamil Nadu,2024,241,21,237,4.1
11879,Erode_Village_4,Erode,Tamil Nadu,2025,291,36,338,5.2
11880,Erode_Village_5,Erode,Tamil Nadu,2022,195,28,341,8.1
11880,Erode_Village_5,Erode,Tamil Nadu,2023,181,11,311,6.0
11880,Erode_Village_5,Erode,Tamil Nadu,2024,66,17,236,4.6
11880,Erode_Village_5,Erode,Tamil Nadu,2025,298,31,262,8.0
11881,Erode_Village_6,Erode,Tamil Nadu,2022,63,9,211,11.6
11881,Erode_Village_6,Erode,Tamil Nadu,2023,255,30,216,12.0
11881,Erode_Village_6,Erode,Tamil Nadu,2024,62,35,322,7.9
11881,Erode_Village_6,Erode,Tamil Nadu,2025,184,14,393,8.3
11882,Erode_Village_7,Erode,Tamil Nadu,2022,177,30,206,12.4
11882,Erode_Village_7,Erode,Tamil Nadu,2023,93,26,226,7.8
11882,Erode_Village_7,Erode,Tamil Nadu,2024,168,16,313,11.9
11882,Erode_Village_7,Erode,Tamil Nadu,2025,192,36,301,13.5
11883,Erode_Village_8,Erode,Tamil Nadu,2022,68,31,277,13.7
11883,Erode_Village_8,Erode,Tamil Nadu,2023,112,37,288,8.9
11883,Erode_Village_8,Erode,Tamil Nadu,2024,284,24,252,9.8
11883,Erode_Village_8,Erode,Tamil Nadu,2025,288,17,274,10.8
11884,Erode_Village_9,Erode,Tamil Nadu,2022,285,18,310,8.2
11884,Erode_Village_9,Erode,Tamil Nadu,2023,212,26,272,12.5
11884,Erode_Village_9,Erode,Tamil Nadu,2024,130,22,324,8.3
11884,Erode_Village_9,Erode,Tamil Nadu,2025,212,33,296,12.2
11885,Erode_Village_10,Erode,Tamil Nadu,2022,196,20,255,7.2
11885,Erode_Village_10,Erode,Tamil Nadu,2023,197,39,224,4.2
11885,Erode_Village_10,Erode,Tamil Nadu,2024,149,38,376,10.3
11885,Erode_Village_10,Erode,Tamil Nadu,2025,212,7,391,8.0
11886,Erode_Village_11,Erode,Tamil Nadu,2022,209,8,307,5.1
11886,Erode_Village_11,Erode,Tamil Nadu,2023,171,9,301,9.2
11886,Erode_Village_11,Erode,Tamil Nadu,2024,225,14,313,5.5
11886,Erode_Village_11,Erode,Tamil Nadu,2025,93,33,248,9.9
11887,Erode_Village_12,Erode,Tamil Nadu,2022,153,36,296,9.2
11887,Erode_Village_12,Erode,Tamil Nadu,2023,201,35,326,5.9
11887,Erode_Village_12,Erode,Tamil Nadu,2024,110,6,370,8.0
11887,Erode_Village_12,Erode,Tamil Nadu,2025,174,16,311,5.7
11888,Erode_Village_13,Erode,Tamil Nadu,2022,194,31,339,11.4
11888,Erode_Village_13,Erode,Tamil Nadu,2023,120,9,307,7.2
11888,Erode_Village_13,Erode,Tamil Nadu,2024,156,31,324,12.3
11888,Erode_Village_13,Erode,Tamil Nadu,2025,99,27,285,3.4
11889,Erode_Village_14,Erode,Tamil Nadu,2022,114,37,201,8.7
11889,Erode_Village_14,Erode,Tamil Nadu,2023,148,8,236,10.6
11889,Erode_Village_14,Erode,Tamil Nadu,2024,81,25,379,3.9
11889,Erode_Village_14,Erode,Tamil Nadu,2025,213,28,285,5.6
11890,Erode_Village_15,Erode,Tamil Nadu,2022,190,35,294,7.9
11890,Erode_Village_15,Erode,Tamil Nadu,2023,247,28,330,4.3
11890,Erode_Village_15,Erode,Tamil Nadu,2024,107,14,349,9.4
11890,Erode_Village_15,Erode,Tamil Nadu,2025,177,6,258,9.9
11891,Erode_Village_16,Erode,Tamil Nadu,2022,191,35,292,6.9
11891,Erode_Village_16,Erode,Tamil Nadu,2023,214,29,249,9.8
11891,Erode_Village_16,Erode,Tamil Nadu,2024,161,8,238,14.2
11891,Erode_Village_16,Erode,Tamil Nadu,2025,256,15,362,12.6
11892,Erode_Village_17,Erode,Tamil Nadu,2022,288,21,295,5.1
11892,Erode_Village_17,Erode,Tamil Nadu,2023,117,6,273,5.4
11892,Erode_Village_17,Erode,Tamil Nadu,2024,89,10,285,8.9
11892,Erode_Village_17,Erode,Tamil Nadu,2025,236,13,254,5.9
11893,Erode_Village_18,Erode,Tamil Nadu,2022,257,9,224,5.4
11893,Erode_Village_18,Erode,Tamil Nadu,2023,269,24,225,6.8
11893,Erode_Village_18,Erode,Tamil Nadu,2024,193,33,330,4.3
11893,Erode_Village_18,Erode,Tamil Nadu,2025,239,25,253,8.9
11894,Erode_Village_19,Erode,Tamil Nadu,2022,181,13,334,9.6
11894,Erode_Village_19,Erode,Tamil Nadu,2023,222,32,285,4.2
11894,Erode_Village_19,Erode,Tamil Nadu,2024,139,12,312,8.8
11894,Erode_Village_19,Erode,Tamil Nadu,2025,77,35,264,8.8
11895,Erode_Village_20,Erode,Tamil Nadu,2022,145,24,313,10.9
11895,Erode_Village_20,Erode,Tamil Nadu,2023,286,31,303,14.3
11895,Erode_Village_20,Erode,Tamil Nadu,2024,243,12,234,14.0
11895,Erode_Village_20,Erode,Tamil Nadu,2025,80,25,356,8.8
11896,Erode_Village_21,Erode,Tamil Nadu,2022,52,32,254,13.4
11896,Erode_Village_21,Erode,Tamil Nadu,2023,295,27,303,5.0
11896,Erode_Village_21,Erode,Tamil Nadu,2024,185,10,244,9.3
11896,Erode_Village_21,Erode,Tamil Nadu,2025,73,7,248,10.4
11897,Erode_Village_22,Erode,Tamil Nadu,2022,64,9,277,10.4
11897,Erode_Village_22,Erode,Tamil Nadu,2023,220,13,334,6.5
11897,Erode_Village_22,Erode,Tamil Nadu,2024,208,11,342,4.4
11897,Erode_Village_22,Erode,Tamil Nadu,2025,250,8,265,7.4
11898,Erode_Village_23,Erode,Tamil Nadu,2022,280,9,336,11.3
11898,Erode_Village_23,Erode,Tamil Nadu,2023,94,15,280,14.5
11898,Erode_Village_23,Erode,Tamil Nadu,2024,243,19,336,6.2
11898,Erode_Village_23,Erode,Tamil Nadu,2025,57,38,356,12.9
11899,Erode_Village_24,Erode,Tamil Nadu,2022,120,17,316,5.2
11899,Erode_Village_24,Erode,Tamil Nadu,2023,297,11,342,13.9
11899,Erode_Village_24,Erode,Tamil Nadu,2024,157,10,331,12.4
11899,Erode_Village_24,Erode,Tamil Nadu,2025,164,34,322,3.5
11900,Erode_Village_25,Erode,Tamil Nadu,2022,152,26,236,7.6
11900,Erode_Village_25,Erode,Tamil Nadu,2023,283,29,220,4.6
11900,Erode_Village_25,Erode,Tamil Nadu,2024,174,32,311,14.2
11900,Erode_Village_25,Erode,Tamil Nadu,2025,106,24,330,7.8
11901,Erode_Village_26,Erode,Tamil Nadu,2022,257,7,281,11.5
11901,Erode_Village_26,Erode,Tamil Nadu,2023,276,9,265,6.6
11901,Erode_Village_26,Erode,Tamil Nadu,2024,79,5,295,13.5
11901,Erode_Village_26,Erode,Tamil Nadu,2025,251,19,340,6.2
11902,Erode_Village_27,Erode,Tamil Nadu,2022,279,30,344,7.2
11902,Erode_Village_27,Erode,Tamil Nadu,2023,195,7,279,7.4
11902,Erode_Village_27,Erode,Tamil Nadu,2024,163,38,238,8.6
11902,Erode_Village_27,Erode,Tamil Nadu,2025,246,9,385,3.5
11903,Erode_Village_28,Erode,Tamil Nadu,2022,166,35,300,10.8
11903,Erode_Village_28,Erode,Tamil Nadu,2023,270,17,245,4.4
11903,Erode_Village_28,Erode,Tamil Nadu,2024,216,5,292,9.4
11903,Erode_Village_28,Erode,Tamil Nadu,2025,109,26,303,8.1
11904,Erode_Village_29,Erode,Tamil Nadu,2022,147,19,209,7.0
11904,Erode_Village_29,Erode,Tamil Nadu,2023,220,30,303,7.6
11904,Erode_Village_29,Erode,Tamil Nadu,2024,175,22,353,11.1
11904,Erode_Village_29,Erode,Tamil Nadu,2025,222,13,344,3.4
11905,Erode_Village_30,Erode,Tamil Nadu,2022,200,5,289,7.8
11905,Erode_Village_30,Erode,Tamil Nadu,2023,246,13,240,11.2
11905,Erode_Village_30,Erode,Tamil Nadu,2024,143,27,306,5.3
11905,Erode_Village_30,Erode,Tamil Nadu,2025,183,6,261,9.2
11906,Erode_Village_31,Erode,Tamil Nadu,2022,233,18,267,6.3
11906,Erode_Village_31,Erode,Tamil Nadu,2023,171,22,237,5.7
11906,Erode_Village_31,Erode,Tamil Nadu,2024,287,20,238,11.8
11906,Erode_Village_31,Erode,Tamil Nadu,2025,157,33,289,6.1
11907,Erode_Village_32,Erode,Tamil Nadu,2022,53,15,346,8.4
11907,Erode_Village_32,Erode,Tamil Nadu,2023,142,10,289,11.8
11907,Erode_Village_32,Erode,Tamil Nadu,2024,200,7,256,5.6
11907,Erode_Village_32,Erode,Tamil Nadu,2025,55,18,385,8.9
11908,Erode_Village_33,Erode,Tamil Nadu,2022,81,6,339,14.1
11908,Erode_Village_33,Erode,Tamil Nadu,2023,155,36,223,9.9
11908,Erode_Village_33,Erode,Tamil Nadu,2024,195,35,321,4.2
11908,Erode_Village_33,Erode,Tamil Nadu,2025,64,15,321,9.5
11909,Erode_Village_34,Erode,Tamil Nadu,2022,217,26,283,5.4
11909,Erode_Village_34,Erode,Tamil Nadu,2023,171,7,291,7.1
11909,Erode_Village_34,Erode,Tamil Nadu,2024,145,35,258,12.6
11909,Erode_Village_34,Erode,Tamil Nadu,2025,250,37,394,3.4
11910,Erode_Village_35,Erode,Tamil Nadu,2022,278,28,272,5.3
11910,Erode_Village_35,Erode,Tamil Nadu,2023,251,5,302,7.9
11910,Erode_Village_35,Erode,Tamil Nadu,2024,261,19,335,14.2
11910,Erode_Village_35,Erode,Tamil Nadu,2025,55,31,391,6.4
11911,Erode_Village_36,Erode,Tamil Nadu,2022,161,31,237,6.2
11911,Erode_Village_36,Erode,Tamil Nadu,2023,169,16,309,9.9
11911,Erode_Village_36,Erode,Tamil Nadu,2024,172,7,268,9.2
11911,Erode_Village_36,Erode,Tamil Nadu,2025,240,34,387,8.0
11912,Erode_Village_37,Erode,Tamil Nadu,2022,116,36,253,14.4
11912,Erode_Village_37,Erode,Tamil Nadu,2023,155,27,324,7.0
11912,Erode_Village_37,Erode,Tamil Nadu,2024,188,6,341,6.8
11912,Erode_Village_37,Erode,Tamil Nadu,2025,92,11,296,4.8
11913,Erode_Village_38,Erode,Tamil Nadu,2022,194,38,234,11.8
11913,Erode_Village_38,Erode,Tamil Nadu,2023,145,36,251,7.5
11913,Erode_Village_38,Erode,Tamil Nadu,2024,181,36,307,12.1
11913,Erode_Village_38,Erode,Tamil Nadu,2025,240,18,305,13.5
11914,Erode_Village_39,Erode,Tamil Nadu,2022,245,7,310,5.0
11914,Erode_Village_39,Erode,Tamil Nadu,2023,130,36,328,14.5
11914,Erode_Village_39,Erode,Tamil Nadu,2024,90,21,238,6.4
11914,Erode_Village_39,Erode,Tamil Nadu,2025,260,7,263,7.7
11915,Erode_Village_40,Erode,Tamil Nadu,2022,182,14,320,12.7
11915,Erode_Village_40,Erode,Tamil Nadu,2023,209,22,319,11.1
11915,Erode_Village_40,Erode,Tamil Nadu,2024,263,7,309,11.9
11915,Erode_Village_40,Erode,Tamil Nadu,2025,297,14,270,8.2
11916,Erode_Village_41,Erode,Tamil Nadu,2022,247,13,239,14.1
11916,Erode_Village_41,Erode,Tamil Nadu,2023,84,15,239,12.4
11916,Erode_Village_41,Erode,Tamil Nadu,2024,71,37,328,6.9
11916,Erode_Village_41,Erode,Tamil Nadu,2025,242,30,362,13.3
11917,Erode_Village_42,Erode,Tamil Nadu,2022,261,31,268,14.6
11917,Erode_Village_42,Erode,Tamil Nadu,2023,199,26,285,8.5
11917,Erode_Village_42,Erode,Tamil Nadu,2024,161,30,318,10.5
11917,Erode_Village_42,Erode,Tamil Nadu,2025,296,26,309,11.9
11918,Erode_Village_43,Erode,Tamil Nadu,2022,60,9,349,13.1
11918,Erode_Village_43,Erode,Tamil Nadu,2023,254,39,278,4.2
11918,Erode_Village_43,Erode,Tamil Nadu,2024,283,6,287,10.3
11918,Erode_Village_43,Erode,Tamil Nadu,2025,52,39,356,13.5
11919,Erode_Village_44,Erode,Tamil Nadu,2022,186,13,322,6.9
11919,Erode_Village_44,Erode,Tamil Nadu,2023,109,22,311,12.5
11919,Erode_Village_44,Erode,Tamil Nadu,2024,125,16,335,9.3
11919,Erode_Village_44,Erode,Tamil Nadu,2025,136,7,248,5.6
11920,Erode_Village_45,Erode,Tamil Nadu,2022,63,22,328,5.0
11920,Erode_Village_45,Erode,Tamil Nadu,2023,274,11,240,12.1
11920,Erode_Village_45,Erode,Tamil Nadu,2024,67,37,262,7.0
11920,Erode_Village_45,Erode,Tamil Nadu,2025,162,10,271,7.2
11921,Erode_Village_46,Erode,Tamil Nadu,2022,282,22,241,9.6
11921,Erode_Village_46,Erode,Tamil Nadu,2023,122,26,285,9.4
11921,Erode_Village_46,Erode,Tamil Nadu,2024,72,13,293,5.9
11921,Erode_Village_46,Erode,Tamil Nadu,2025,251,39,269,10.3
11922,Erode_Village_47,Erode,Tamil Nadu,2022,132,27,271,11.8
11922,Erode_Village_47,Erode,Tamil Nadu,2023,174,16,319,5.6
11922,Erode_Village_47,Erode,Tamil Nadu,2024,224,28,361,9.3
11922,Erode_Village_47,Erode,Tamil Nadu,2025,118,13,256,9.7
11923,Erode_Village_48,Erode,Tamil Nadu,2022,96,17,257,6.5
11923,Erode_Village_48,Erode,Tamil Nadu,2023,165,21,309,13.5
11923,Erode_Village_48,Erode,Tamil Nadu,2024,264,11,368,8.8
11923,Erode_Village_48,Erode,Tamil Nadu,2025,79,21,345,4.5
11924,Erode_Village_49,Erode,Tamil Nadu,2022,74,28,307,8.0
11924,Erode_Village_49,Erode,Tamil Nadu,2023,205,6,273,9.1
11924,Erode_Village_49,Erode,Tamil Nadu,2024,275,39,346,3.8
11924,Erode_Village_49,Erode,Tamil Nadu,2025,286,32,353,3.6
11925,Erode_Village_50,Erode,Tamil Nadu,2022,297,23,221,5.1
11925,Erode_Village_50,Erode,Tamil Nadu,2023,161,37,279,9.8
11925,Erode_Village_50,Erode,Tamil Nadu,2024,288,25,279,7.2
11925,Erode_Village_50,Erode,Tamil Nadu,2025,74,14,248,12.7
11926,Erode_Village_51,Erode,Tamil Nadu,2022,123,13,301,10.4
11926,Erode_Village_51,Erode,Tamil Nadu,2023,255,10,257,12.1
11926,Erode_Village_51,Erode,Tamil Nadu,2024,283,39,334,10.9
11926,Erode_Village_51,Erode,Tamil Nadu,2025,298,22,248,8.8
11927,Erode_Village_52,Erode,Tamil Nadu,2022,287,23,340,12.3
11927,Erode_Village_52,Erode,Tamil Nadu,2023,107,9,281,9.8
11927,Erode_Village_52,Erode,Tamil Nadu,2024,143,29,284,7.7
11927,Erode_Village_52,Erode,Tamil Nadu,2025,168,15,340,7.9
11928,Erode_Village_53,Erode,Tamil Nadu,2022,176,14,264,13.3
11928,Erode_Village_53,Erode,Tamil Nadu,2023,218,21,289,10.0
11928,Erode_Village_53,Erode,Tamil Nadu,2024,74,30,359,7.7
11928,Erode_Village_53,Erode,Tamil Nadu,2025,127,35,364,5.2
11929,Erode_Village_54,Erode,Tamil Nadu,2022,148,36,285,9.7
11929,Erode_Village_54,Erode,Tamil Nadu,2023,165,25,276,6.8
11929,Erode_Village_54,Erode,Tamil Nadu,2024,97,22,341,13.7
11929,Erode_Village_54,Erode,Tamil Nadu,2025,275,22,370,8.5
11930,Erode_Village_55,Erode,Tamil Nadu,2022,59,5,276,4.6
11930,Erode_Village_55,Erode,Tamil Nadu,2023,148,18,336,5.1
11930,Erode_Village_55,Erode,Tamil Nadu,2024,252,12,237,6.7
11930,Erode_Village_55,Erode,Tamil Nadu,2025,60,6,298,4.3
11931,Erode_Village_56,Erode,Tamil Nadu,2022,134,19,334,13.9
11931,Erode_Village_56,Erode,Tamil Nadu,2023,198,38,297,13.1
11931,Erode_Village_56,Erode,Tamil Nadu,2024,263,5,332,13.9
11931,Erode_Village_56,Erode,Tamil Nadu,2025,222,25,344,10.7
11932,Erode_Village_57,Erode,Tamil Nadu,2022,184,5,231,11.3
11932,Erode_Village_57,Erode,Tamil Nadu,2023,296,36,276,13.8
11932,Erode_Village_57,Erode,Tamil Nadu,2024,258,24,259,13.6
11932,Erode_Village_57,Erode,Tamil Nadu,2025,241,34,350,12.5
11933,Erode_Village_58,Erode,Tamil Nadu,2022,175,11,238,13.5
11933,Erode_Village_58,Erode,Tamil Nadu,2023,113,26,347,11.2
11933,Erode_Village_58,Erode,Tamil Nadu,2024,51,14,251,3.7
11933,Erode_Village_58,Erode,Tamil Nadu,2025,125,12,394,7.8
11934,Erode_Village_59,Erode,Tamil Nadu,2022,170,31,327,11.2
11934,Erode_Village_59,Erode,Tamil Nadu,2023,91,14,243,9.8
11934,Erode_Village_59,Erode,Tamil Nadu,2024,259,18,271,12.3
11934,Erode_Village_59,Erode,Tamil Nadu,2025,103,15,304,11.9
11935,Erode_Village_60,Erode,Tamil Nadu,2022,124,10,318,10.8
11935,Erode_Village_60,Erode,Tamil Nadu,2023,65,25,291,4.3
11935,Erode_Village_60,Erode,Tamil Nadu,2024,290,37,325,7.6
11935,Erode_Village_60,Erode,Tamil Nadu,2025,292,23,330,5.7
11936,Erode_Village_61,Erode,Tamil Nadu,2022,67,28,311,8.1
11936,Erode_Village_61,Erode,Tamil Nadu,2023,276,22,298,10.6
11936,Erode_Village_61,Erode,Tamil Nadu,2024,294,39,235,4.4
11936,Erode_Village_61,Erode,Tamil Nadu,2025,236,23,317,3.5
11937,Erode_Village_62,Erode,Tamil Nadu,2022,139,28,276,9.1
11937,Erode_Village_62,Erode,Tamil Nadu,2023,193,38,245,12.4
11937,Erode_Village_62,Erode,Tamil Nadu,2024,55,26,268,4.0
11937,Erode_Village_62,Erode,Tamil Nadu,2025,234,8,294,12.2
11938,Erode_Village_63,Erode,Tamil Nadu,2022,157,14,277,8.5
11938,Erode_Village_63,Erode,Tamil Nadu,2023,284,6,340,5.3
11938,Erode_Village_63,Erode,Tamil Nadu,2024,224,12,338,9.7
11938,Erode_Village_63,Erode,Tamil Nadu,2025,288,37,332,13.3
11939,Erode_Village_64,Erode,Tamil Nadu,2022,97,32,214,10.2
11939,Erode_Village_64,Erode,Tamil Nadu,2023,91,14,265,11.3
11939,Erode_Village_64,Erode,Tamil Nadu,2024,125,5,252,12.3
11939,Erode_Village_64,Erode,Tamil Nadu,2025,237,38,254,11.7
11940,Erode_Village_65,Erode,Tamil Nadu,2022,126,7,272,5.3
11940,Erode_Village_65,Erode,Tamil Nadu,2023,181,13,327,11.9
11940,Erode_Village_65,Erode,Tamil Nadu,2024,280,9,306,13.7
11940,Erode_Village_65,Erode,Tamil Nadu,2025,295,14,276,10.7
11941,Erode_Village_66,Erode,Tamil Nadu,2022,179,16,312,13.3
11941,Erode_Village_66,Erode,Tamil Nadu,2023,267,22,279,9.2
11941,Erode_Village_66,Erode,Tamil Nadu,2024,108,25,330,7.1
11941,Erode_Village_66,Erode,Tamil Nadu,2025,204,25,262,10.4
11942,Erode_Village_67,Erode,Tamil Nadu,2022,76,5,230,9.7
11942,Erode_Village_67,Erode,Tamil Nadu,2023,128,7,268,13.5
11942,Erode_Village_67,Erode,Tamil Nadu,2024,121,9,292,13.9
11942,Erode_Village_67,Erode,Tamil Nadu,2025,56,29,245,11.9
11943,Erode_Village_68,Erode,Tamil Nadu,2022,240,12,208,14.9
11943,Erode_Village_68,Erode,Tamil Nadu,2023,160,21,334,7.8
11943,Erode_Village_68,Erode,Tamil Nadu,2024,168,13,321,13.1
11943,Erode_Village_68,Erode,Tamil Nadu,2025,223,36,334,6.8
11944,Erode_Village_69,Erode,Tamil Nadu,2022,112,10,315,5.7
11944,Erode_Village_69,Erode,Tamil Nadu,2023,281,25,270,10.6
11944,Erode_Village_69,Erode,Tamil Nadu,2024,173,11,232,8.5
11944,Erode_Village_69,Erode,Tamil Nadu,2025,61,11,374,13.0
11945,Erode_Village_70,Erode,Tamil Nadu,2022,190,31,253,9.7
11945,Erode_Village_70,Erode,Tamil Nadu,2023,92,12,251,13.8
11945,Erode_Village_70,Erode,Tamil Nadu,2024,66,13,326,4.5
11945,Erode_Village_70,Erode,Tamil Nadu,2025,112,32,256,12.0
11946,Erode_Village_71,Erode,Tamil Nadu,2022,258,19,311,12.5
11946,Erode_Village_71,Erode,Tamil Nadu,2023,169,6,292,11.7
11946,Erode_Village_71,Erode,Tamil Nadu,2024,85,11,369,7.4
11946,Erode_Village_71,Erode,Tamil Nadu,2025,262,22,334,11.5
11947,Erode_Village_72,Erode,Tamil Nadu,2022,57,26,343,9.6
11947,Erode_Village_72,Erode,Tamil Nadu,2023,118,14,286,11.6
11947,Erode_Village_72,Erode,Tamil Nadu,2024,139,37,321,9.5
11947,Erode_Village_72,Erode,Tamil Nadu,2025,257,11,251,5.0
11948,Erode_Village_73,Erode,Tamil Nadu,2022,85,7,214,5.2
11948,Erode_Village_73,Erode,Tamil Nadu,2023,77,18,319,7.9
11948,Erode_Village_73,Erode,Tamil Nadu,2024,167,17,301,13.5
11948,Erode_Village_73,Erode,Tamil Nadu,2025,142,20,318,8.9
11949,Erode_Village_74,Erode,Tamil Nadu,2022,224,20,342,12.9
11949,Erode_Village_74,Erode,Tamil Nadu,2023,125,9,276,10.1
11949,Erode_Village_74,Erode,Tamil Nadu,2024,150,29,375,13.8
11949,Erode_Village_74,Erode,Tamil Nadu,2025,207,30,290,7.2
11950,Erode_Village_75,Erode,Tamil Nadu,2022,200,17,304,5.1
11950,Erode_Village_75,Erode,Tamil Nadu,2023,193,30,323,12.3
11950,Erode_Village_75,Erode,Tamil Nadu,2024,63,5,290,11.1
11950,Erode_Village_75,Erode,Tamil Nadu,2025,251,12,365,8.8
11951,Erode_Village_76,Erode,Tamil Nadu,2022,120,8,242,7.9
11951,Erode_Village_76,Erode,Tamil Nadu,2023,286,25,313,6.1
11951,Erode_Village_76,Erode,Tamil Nadu,2024,229,26,284,8.8
11951,Erode_Village_76,Erode,Tamil Nadu,2025,173,7,377,10.3
11952,Erode_Village_77,Erode,Tamil Nadu,2022,174,23,311,10.6
11952,Erode_Village_77,Erode,Tamil Nadu,2023,86,5,357,8.7
11952,Erode_Village_77,Erode,Tamil Nadu,2024,78,33,320,9.4
11952,Erode_Village_77,Erode,Tamil Nadu,2025,244,27,260,4.4
11953,Erode_Village_78,Erode,Tamil Nadu,2022,192,37,256,11.8
11953,Erode_Village_78,Erode,Tamil Nadu,2023,277,27,316,11.8
11953,Erode_Village_78,Erode,Tamil Nadu,2024,224,9,254,3.8
11953,Erode_Village_78,Erode,Tamil Nadu,2025,223,11,266,6.1
11954,Erode_Village_79,Erode,Tamil Nadu,2022,229,10,322,5.5
11954,Erode_Village_79,Erode,Tamil Nadu,2023,68,26,301,14.6
11954,Erode_Village_79,Erode,Tamil Nadu,2024,254,17,373,9.9
11954,Erode_Village_79,Erode,Tamil Nadu,2025,155,16,387,8.2
11955,Erode_Village_80,Erode,Tamil Nadu,2022,70,8,281,9.4
11955,Erode_Village_80,Erode,Tamil Nadu,2023,113,12,316,14.2
11955,Erode_Village_80,Erode,Tamil Nadu,2024,214,35,370,10.6
11955,Erode_Village_80,Erode,Tamil Nadu,2025,76,30,268,5.1
11956,Erode_Village_81,Erode,Tamil Nadu,2022,104,12,340,9.2
11956,Erode_Village_81,Erode,Tamil Nadu,2023,293,37,250,12.2
11956,Erode_Village_81,Erode,Tamil Nadu,2024,78,33,278,8.1
11956,Erode_Village_81,Erode,Tamil Nadu,2025,197,9,326,6.6
11957,Erode_Village_82,Erode,Tamil Nadu,2022,74,32,247,14.9
11957,Erode_Village_82,Erode,Tamil Nadu,2023,119,21,311,13.9
11957,Erode_Village_82,Erode,Tamil Nadu,2024,112,27,331,13.6
11957,Erode_Village_82,Erode,Tamil Nadu,2025,213,13,250,4.7
11958,Erode_Village_83,Erode,Tamil Nadu,2022,179,6,267,7.0
11958,Erode_Village_83,Erode,Tamil Nadu,2023,199,36,228,8.7
11958,Erode_Village_83,Erode,Tamil Nadu,2024,273,35,259,12.4
11958,Erode_Village_83,Erode,Tamil Nadu,2025,65,11,354,11.0
11959,Erode_Village_84,Erode,Tamil Nadu,2022,195,34,207,13.4
11959,Erode_Village_84,Erode,Tamil Nadu,2023,246,7,280,13.8
11959,Erode_Village_84,Erode,Tamil Nadu,2024,231,13,361,11.9
11959,Erode_Village_84,Erode,Tamil Nadu,2025,149,14,328,6.0
11960,Erode_Village_85,Erode,Tamil Nadu,2022,79,30,319,7.5
11960,Erode_Village_85,Erode,Tamil Nadu,2023,94,5,267,7.8
11960,Erode_Village_85,Erode,Tamil Nadu,2024,68,34,328,6.9
11960,Erode_Village_85,Erode,Tamil Nadu,2025,264,19,318,5.9
11961,Erode_Village_86,Erode,Tamil Nadu,2022,83,29,342,12.4
11961,Erode_Village_86,Erode,Tamil Nadu,2023,190,10,314,4.5
11961,Erode_Village_86,Erode,Tamil Nadu,2024,220,22,358,11.3
11961,Erode_Village_86,Erode,Tamil Nadu,2025,111,5,394,11.9
11962,Erode_Village_87,Erode,Tamil Nadu,2022,167,7,214,5.2
11962,Erode_Village_87,Erode,Tamil Nadu,2023,270,21,236,4.7
11962,Erode_Village_87,Erode,Tamil Nadu,2024,149,12,277,6.7
11962,Erode_Village_87,Erode,Tamil Nadu,2025,71,21,361,5.5
11963,Erode_Village_88,Erode,Tamil Nadu,2022,229,29,272,10.6
11963,Erode_Village_88,Erode,Tamil Nadu,2023,229,16,334,11.2
11963,Erode_Village_88,Erode,Tamil Nadu,2024,160,33,246,10.4
11963,Erode_Village_88,Erode,Tamil Nadu,2025,213,29,350,7.1
11964,Erode_Village_89,Erode,Tamil Nadu,2022,122,29,282,9.7
11964,Erode_Village_89,Erode,Tamil Nadu,2023,280,33,318,10.8
11964,Erode_Village_89,Erode,Tamil Nadu,2024,292,15,320,5.0
11964,Erode_Village_89,Erode,Tamil Nadu,2025,196,8,293,5.7
11965,Erode_Village_90,Erode,Tamil Nadu,2022,87,18,258,13.9
11965,Erode_Village_90,Erode,Tamil Nadu,2023,119,21,352,7.7
11965,Erode_Village_90,Erode,Tamil Nadu,2024,165,6,259,12.1
11965,Erode_Village_90,Erode,Tamil Nadu,2025,288,12,329,5.9
11966,Erode_Village_91,Erode,Tamil Nadu,2022,128,14,220,4.9
11966,Erode_Village_91,Erode,Tamil Nadu,2023,234,11,248,9.4
11966,Erode_Village_91,Erode,Tamil Nadu,2024,197,20,302,13.1
11966,Erode_Village_91,Erode,Tamil Nadu,2025,58,18,342,11.9
11967,Erode_Village_92,Erode,Tamil Nadu,2022,81,20,275,7.2
11967,Erode_Village_92,Erode,Tamil Nadu,2023,181,29,299,13.7
11967,Erode_Village_92,Erode,Tamil Nadu,2024,99,8,313,8.7
11967,Erode_Village_92,Erode,Tamil Nadu,2025,131,33,378,3.8
11968,Erode_Village_93,Erode,Tamil Nadu,2022,54,10,308,4.8
11968,Erode_Village_93,Erode,Tamil Nadu,2023,197,5,277,9.2
11968,Erode_Village_93,Erode,Tamil Nadu,2024,136,5,241,9.4
11968,Erode_Village_93,Erode,Tamil Nadu,2025,175,7,246,4.1
11969,Erode_Village_94,Erode,Tamil Nadu,2022,124,5,343,14.2
11969,Erode_Village_94,Erode,Tamil Nadu,2023,214,5,343,11.6
11969,Erode_Village_94,Erode,Tamil Nadu,2024,71,25,361,12.1
11969,Erode_Village_94,Erode,Tamil Nadu,2025,235,34,291,9.4
11970,Erode_Village_95,Erode,Tamil Nadu,2022,117,36,251,11.5
11970,Erode_Village_95,Erode,Tamil Nadu,2023,270,37,261,8.2
11970,Erode_Village_95,Erode,Tamil Nadu,2024,93,26,328,10.8
11970,Erode_Village_95,Erode,Tamil Nadu,2025,83,34,294,13.6
11971,Erode_Village_96,Erode,Tamil Nadu,2022,126,8,244,11.3
11971,Erode_Village_96,Erode,Tamil Nadu,2023,91,27,256,7.7
11971,Erode_Village_96,Erode,Tamil Nadu,2024,186,29,300,6.7
11971,Erode_Village_96,Erode,Tamil Nadu,2025,155,16,301,13.4
11972,Erode_Village_97,Erode,Tamil Nadu,2022,144,21,232,6.4
11972,Erode_Village_97,Erode,Tamil Nadu,2023,184,19,328,12.6
11972,Erode_Village_97,Erode,Tamil Nadu,2024,117,14,273,8.6
11972,Erode_Village_97,Erode,Tamil Nadu,2025,196,39,358,8.0
11973,Erode_Village_98,Erode,Tamil Nadu,2022,283,33,255,12.3
11973,Erode_Village_98,Erode,Tamil Nadu,2023,271,16,258,5.7
11973,Erode_Village_98,Erode,Tamil Nadu,2024,208,5,325,8.6
11973,Erode_Village_98,Erode,Tamil Nadu,2025,177,5,317,3.7
11974,Erode_Village_99,Erode,Tamil Nadu,2022,212,14,233,11.5
11974,Erode_Village_99,Erode,Tamil Nadu,2023,234,22,228,4.7
11974,Erode_Village_99,Erode,Tamil Nadu,2024,134,6,354,4.6
11974,Erode_Village_99,Erode,Tamil Nadu,2025,238,12,323,12.2
11975,Erode_Village_100,Erode,Tamil Nadu,2022,208,26,344,9.2
11975,Erode_Village_100,Erode,Tamil Nadu,2023,132,26,297,6.2
11975,Erode_Village_100,Erode,Tamil Nadu,2024,144,30,366,9.9
11975,Erode_Village_100,Erode,Tamil Nadu,2025,230,30,271,8.8
11976,Erode_Village_101,Erode,Tamil Nadu,2022,81,13,249,8.8
11976,Erode_Village_101,Erode,Tamil Nadu,2023,115,25,269,13.6
11976,Erode_Village_101,Erode,Tamil Nadu,2024,236,35,361,11.6
11976,Erode_Village_101,Erode,Tamil Nadu,2025,165,10,342,4.9
11977,Erode_Village_102,Erode,Tamil Nadu,2022,187,18,346,10.5
11977,Erode_Village_102,Erode,Tamil Nadu,2023,179,37,251,5.0
11977,Erode_Village_102,Erode,Tamil Nadu,2024,243,11,361,6.3
11977,Erode_Village_102,Erode,Tamil Nadu,2025,109,28,281,12.9
11978,Erode_Village_103,Erode,Tamil Nadu,2022,265,13,311,9.4
11978,Erode_Village_103,Erode,Tamil Nadu,2023,66,15,226,13.5
11978,Erode_Village_103,Erode,Tamil Nadu,2024,145,27,285,5.4
11978,Erode_Village_103,Erode,Tamil Nadu,2025,193,6,324,5.5
11979,Erode_Village_104,Erode,Tamil Nadu,2022,65,19,213,8.2
11979,Erode_Village_104,Erode,Tamil Nadu,2023,95,39,268,7.9
11979,Erode_Village_104,Erode,Tamil Nadu,2024,216,32,294,11.5
11979,Erode_Village_104,Erode,Tamil Nadu,2025,294,8,360,9.6
11980,Erode_Village_105,Erode,Tamil Nadu,2022,208,14,257,10.3
11980,Erode_Village_105,Erode,Tamil Nadu,2023,156,10,310,10.4
11980,Erode_Village_105,Erode,Tamil Nadu,2024,137,34,250,11.4
11980,Erode_Village_105,Erode,Tamil Nadu,2025,178,39,248,12.7
11981,Erode_Village_106,Erode,Tamil Nadu,2022,188,14,272,8.9
11981,Erode_Village_106,Erode,Tamil Nadu,2023,168,36,341,12.5
11981,Erode_Village_106,Erode,Tamil Nadu,2024,134,7,275,8.9
11981,Erode_Village_106,Erode,Tamil Nadu,2025,53,30,256,10.9
11982,Erode_Village_107,Erode,Tamil Nadu,2022,120,19,327,13.7
11982,Erode_Village_107,Erode,Tamil Nadu,2023,203,21,244,4.4
11982,Erode_Village_107,Erode,Tamil Nadu,2024,160,31,323,9.4
11982,Erode_Village_107,Erode,Tamil Nadu,2025,99,22,304,13.7
11983,Erode_Village_108,Erode,Tamil Nadu,2022,189,23,299,9.7
11983,Erode_Village_108,Erode,Tamil Nadu,2023,144,16,285,13.2
11983,Erode_Village_108,Erode,Tamil Nadu,2024,258,28,310,5.7
11983,Erode_Village_108,Erode,Tamil Nadu,2025,274,9,386,9.6
11984,Erode_Village_109,Erode,Tamil Nadu,2022,252,28,310,13.6
11984,Erode_Village_109,Erode,Tamil Nadu,2023,141,31,258,8.6
11984,Erode_Village_109,Erode,Tamil Nadu,2024,273,34,337,8.8
11984,Erode_Village_109,Erode,Tamil Nadu,2025,114,19,346,4.2
11985,Erode_Village_110,Erode,Tamil Nadu,2022,96,38,290,4.9
11985,Erode_Village_110,Erode,Tamil Nadu,2023,269,31,323,9.0
11985,Erode_Village_110,Erode,Tamil Nadu,2024,230,24,245,12.6
11985,Erode_Village_110,Erode,Tamil Nadu,2025,155,36,354,13.1
11986,Erode_Village_111,Erode,Tamil Nadu,2022,248,8,206,11.4
11986,Erode_Village_111,Erode,Tamil Nadu,2023,179,9,303,12.8
11986,Erode_Village_111,Erode,Tamil Nadu,2024,155,12,324,11.4
11986,Erode_Village_111,Erode,Tamil Nadu,2025,73,26,260,10.7
11987,Erode_Village_112,Erode,Tamil Nadu,2022,53,11,304,12.6
11987,Erode_Village_112,Erode,Tamil Nadu,2023,157,26,336,9.4
11987,Erode_Village_112,Erode,Tamil Nadu,2024,68,34,318,8.5
11987,Erode_Village_112,Erode,Tamil Nadu,2025,203,20,306,5.0
11988,Erode_Village_113,Erode,Tamil Nadu,2022,252,19,229,13.4
11988,Erode_Village_113,Erode,Tamil Nadu,2023,89,9,354,4.6
11988,Erode_Village_113,Erode,Tamil Nadu,2024,99,7,296,6.5
11988,Erode_Village_113,Erode,Tamil Nadu,2025,220,27,290,8.8
11989,Erode_Village_114,Erode,Tamil Nadu,2022,124,14,242,14.7
11989,Erode_Village_114,Erode,Tamil Nadu,2023,286,9,259,12.4
11989,Erode_Village_114,Erode,Tamil Nadu,2024,244,27,309,7.6
11989,Erode_Village_114,Erode,Tamil Nadu,2025,61,19,276,10.8
11990,Erode_Village_115,Erode,Tamil Nadu,2022,244,22,207,14.3
11990,Erode_Village_115,Erode,Tamil Nadu,2023,283,29,327,9.8
11990,Erode_Village_115,Erode,Tamil Nadu,2024,76,12,291,8.6
11990,Erode_Village_115,Erode,Tamil Nadu,2025,162,35,264,9.1
11991,Erode_Village_116,Erode,Tamil Nadu,2022,231,25,345,7.8
11991,Erode_Village_116,Erode,Tamil Nadu,2023,243,6,315,13.6
11991,Erode_Village_116,Erode,Tamil Nadu,2024,98,26,235,12.1
11991,Erode_Village_116,Erode,Tamil Nadu,2025,193,12,328,10.7
11992,Erode_Village_117,Erode,Tamil Nadu,2022,179,27,307,10.7
11992,Erode_Village_117,Erode,Tamil Nadu,2023,109,36,218,14.3
11992,Erode_Village_117,Erode,Tamil Nadu,2024,231,12,300,6.8
11992,Erode_Village_117,Erode,Tamil Nadu,2025,79,8,328,6.3
11993,Erode_Village_118,Erode,Tamil Nadu,2022,133,34,299,7.0
11993,Erode_Village_118,Erode,Tamil Nadu,2023,215,23,285,11.9
11993,Erode_Village_118,Erode,Tamil Nadu,2024,77,27,262,12.1
11993,Erode_Village_118,Erode,Tamil Nadu,2025,74,22,387,9.6
11994,Erode_Village_119,Erode,Tamil Nadu,2022,145,33,319,11.3
11994,Erode_Village_119,Erode,Tamil Nadu,2023,174,27,307,7.8
11994,Erode_Village_119,Erode,Tamil Nadu,2024,59,37,362,4.1
11994,Erode_Village_119,Erode,Tamil Nadu,2025,237,22,343,6.0
11995,Erode_Village_120,Erode,Tamil Nadu,2022,91,37,265,10.6
11995,Erode_Village_120,Erode,Tamil Nadu,2023,89,11,268,12.6
11995,Erode_Village_120,Erode,Tamil Nadu,2024,274,32,309,11.9
11995,Erode_Village_120,Erode,Tamil Nadu,2025,126,5,383,5.2
11996,Erode_Village_121,Erode,Tamil Nadu,2022,297,38,323,5.0
11996,Erode_Village_121,Erode,Tamil Nadu,2023,154,23,269,13.0
11996,Erode_Village_121,Erode,Tamil Nadu,2024,167,35,234,4.5
11996,Erode_Village_121,Erode,Tamil Nadu,2025,91,17,279,7.4
11997,Erode_Village_122,Erode,Tamil Nadu,2022,96,28,292,5.5
11997,Erode_Village_122,Erode,Tamil Nadu,2023,214,9,333,10.0
11997,Erode_Village_122,Erode,Tamil Nadu,2024,295,27,283,7.5
11997,Erode_Village_122,Erode,Tamil Nadu,2025,257,23,247,5.4
11998,Erode_Village_123,Erode,Tamil Nadu,2022,286,5,205,10.7
11998,Erode_Village_123,Erode,Tamil Nadu,2023,71,37,301,7.9
11998,Erode_Village_123,Erode,Tamil Nadu,2024,234,37,339,5.5
11998,Erode_Village_123,Erode,Tamil Nadu,2025,261,36,300,10.7
11999,Erode_Village_124,Erode,Tamil Nadu,2022,291,32,201,13.3
11999,Erode_Village_124,Erode,Tamil Nadu,2023,156,16,296,7.0
11999,Erode_Village_124,Erode,Tamil Nadu,2024,76,13,323,5.7
11999,Erode_Village_124,Erode,Tamil Nadu,2025,90,15,249,4.1
12000,Erode_Village_125,Erode,Tamil Nadu,2022,129,37,338,10.0
12000,Erode_Village_125,Erode,Tamil Nadu,2023,211,23,352,12.8
12000,Erode_Village_125,Erode,Tamil Nadu,2024,209,38,270,6.3
12000,Erode_Village_125,Erode,Tamil Nadu,2025,267,11,360,8.1
12001,Mysore_Village_1,Mysore,Karnataka,2022,138,35,243,6.2
12001,Mysore_Village_1,Mysore,Karnataka,2023,115,6,304,8.3
12001,Mysore_Village_1,Mysore,Karnataka,2024,61,23,262,3.9
12001,Mysore_Village_1,Mysore,Karnataka,2025,217,36,300,12.9
12002,Mysore_Village_2,Mysore,Karnataka,2022,122,14,339,11.6
12002,Mysore_Village_2,Mysore,Karnataka,2023,125,12,216,7.6
12002,Mysore_Village_2,Mysore,Karnataka,2024,139,30,230,13.0
12002,Mysore_Village_2,Mysore,Karnataka,2025,250,34,365,5.2
12003,Mysore_Village_3,Mysore,Karnataka,2022,59,15,324,5.3
12003,Mysore_Village_3,Mysore,Karnataka,2023,145,24,247,14.0
12003,Mysore_Village_3,Mysore,Karnataka,2024,298,24,332,6.9
12003,Mysore_Village_3,Mysore,Karnataka,2025,275,13,280,13.1
12004,Mysore_Village_4,Mysore,Karnataka,2022,225,12,348,11.2
12004,Mysore_Village_4,Mysore,Karnataka,2023,69,19,298,14.4
12004,Mysore_Village_4,Mysore,Karnataka,2024,88,38,255,11.6
12004,Mysore_Village_4,Mysore,Karnataka,2025,109,28,373,4.4
12005,Mysore_Village_5,Mysore,Karnataka,2022,115,37,341,13.4
12005,Mysore_Village_5,Mysore,Karnataka,2023,114,31,304,5.7
12005,Mysore_Village_5,Mysore,Karnataka,2024,228,25,275,11.0
12005,Mysore_Village_5,Mysore,Karnataka,2025,173,9,286,8.6
12006,Mysore_Village_6,Mysore,Karnataka,2022,213,39,334,11.9
12006,Mysore_Village_6,Mysore,Karnataka,2023,201,25,269,12.1
12006,Mysore_Village_6,Mysore,Karnataka,2024,295,8,285,12.1
12006,Mysore_Village_6,Mysore,Karnataka,2025,204,20,362,12.1
12007,Mysore_Village_7,Mysore,Karnataka,2022,179,35,275,13.4
12007,Mysore_Village_7,Mysore,Karnataka,2023,208,30,277,8.4
12007,Mysore_Village_7,Mysore,Karnataka,2024,106,39,312,13.0
12007,Mysore_Village_7,Mysore,Karnataka,2025,127,10,343,10.9
12008,Mysore_Village_8,Mysore,Karnataka,2022,243,37,331,13.3
12008,Mysore_Village_8,Mysore,Karnataka,2023,78,25,256,14.5
12008,Mysore_Village_8,Mysore,Karnataka,2024,64,20,325,4.9
12008,Mysore_Village_8,Mysore,Karnataka,2025,61,38,354,7.2
12009,Mysore_Village_9,Mysore,Karnataka,2022,150,19,269,13.0
12009,Mysore_Village_9,Mysore,Karnataka,2023,205,10,242,5.0
12009,Mysore_Village_9,Mysore,Karnataka,2024,133,6,355,9.4
12009,Mysore_Village_9,Mysore,Karnataka,2025,174,28,336,12.3
12010,Mysore_Village_10,Mysore,Karnataka,2022,152,32,239,4.7
12010,Mysore_Village_10,Mysore,Karnataka,2023,73,5,256,14.0
12010,Mysore_Village_10,Mysore,Karnataka,2024,198,5,347,14.0
12010,Mysore_Village_10,Mysore,Karnataka,2025,187,32,249,6.7
12011,Mysore_Village_11,Mysore,Karnataka,2022,159,24,300,12.6
12011,Mysore_Village_11,Mysore,Karnataka,2023,127,12,275,5.4
12011,Mysore_Village_11,Mysore,Karnataka,2024,150,5,270,11.8
12011,Mysore_Village_11,Mysore,Karnataka,2025,195,30,355,8.4
12012,Mysore_Village_12,Mysore,Karnataka,2022,265,29,208,13.5
12012,Mysore_Village_12,Mysore,Karnataka,2023,191,14,276,6.3
12012,Mysore_Village_12,Mysore,Karnataka,2024,211,16,283,10.8
12012,Mysore_Village_12,Mysore,Karnataka,2025,177,11,348,11.6
12013,Mysore_Village_13,Mysore,Karnataka,2022,107,16,325,6.6
12013,Mysore_Village_13,Mysore,Karnataka,2023,125,21,248,12.7
12013,Mysore_Village_13,Mysore,Karnataka,2024,199,9,271,13.8
12013,Mysore_Village_13,Mysore,Karnataka,2025,297,18,258,9.8
12014,Mysore_Village_14,Mysore,Karnataka,2022,247,38,232,12.7
12014,Mysore_Village_14,Mysore,Karnataka,2023,85,21,332,9.7
12014,Mysore_Village_14,Mysore,Karnataka,2024,222,39,327,10.0
12014,Mysore_Village_14,Mysore,Karnataka,2025,213,5,336,3.4
12015,Mysore_Village_15,Mysore,Karnataka,2022,71,19,299,10.0
12015,Mysore_Village_15,Mysore,Karnataka,2023,255,23,301,10.1
12015,Mysore_Village_15,Mysore,Karnataka,2024,176,9,374,10.7
12015,Mysore_Village_15,Mysore,Karnataka,2025,129,23,368,5.1
12016,Mysore_Village_16,Mysore,Karnataka,2022,238,9,231,7.0
12016,Mysore_Village_16,Mysore,Karnataka,2023,149,16,315,12.0
12016,Mysore_Village_16,Mysore,Karnataka,2024,233,23,268,5.5
12016,Mysore_Village_16,Mysore,Karnataka,2025,266,16,338,7.7
12017,Mysore_Village_17,Mysore,Karnataka,2022,145,16,209,7.1
12017,Mysore_Village_17,Mysore,Karnataka,2023,210,22,314,9.8
12017,Mysore_Village_17,Mysore,Karnataka,2024,222,38,287,14.1
12017,Mysore_Village_17,Mysore,Karnataka,2025,213,37,345,12.2
12018,Mysore_Village_18,Mysore,Karnataka,2022,197,22,263,7.3
12018,Mysore_Village_18,Mysore,Karnataka,2023,67,33,233,8.0
12018,Mysore_Village_18,Mysore,Karnataka,2024,87,9,330,13.3
12018,Mysore_Village_18,Mysore,Karnataka,2025,244,29,361,12.7
12019,Mysore_Village_19,Mysore,Karnataka,2022,200,28,335,6.2
12019,Mysore_Village_19,Mysore,Karnataka,2023,273,33,285,12.8
12019,Mysore_Village_19,Mysore,Karnataka,2024,158,37,269,6.8
12019,Mysore_Village_19,Mysore,Karnataka,2025,172,14,257,9.0
12020,Mysore_Village_20,Mysore,Karnataka,2022,193,37,300,4.6
12020,Mysore_Village_20,Mysore,Karnataka,2023,236,27,338,14.6
12020,Mysore_Village_20,Mysore,Karnataka,2024,246,15,311,11.7
12020,Mysore_Village_20,Mysore,Karnataka,2025,245,28,332,5.8
12021,Mysore_Village_21,Mysore,Karnataka,2022,198,28,304,11.7
12021,Mysore_Village_21,Mysore,Karnataka,2023,153,11,344,7.2
12021,Mysore_Village_21,Mysore,Karnataka,2024,292,25,245,4.6
12021,Mysore_Village_21,Mysore,Karnataka,2025,255,24,258,7.8
12022,Mysore_Village_22,Mysore,Karnataka,2022,280,14,327,10.9
12022,Mysore_Village_22,Mysore,Karnataka,2023,272,29,359,5.0
12022,Mysore_Village_22,Mysore,Karnataka,2024,255,19,289,9.1
12022,Mysore_Village_22,Mysore,Karnataka,2025,247,10,261,8.7
12023,Mysore_Village_23,Mysore,Karnataka,2022,189,6,244,11.1
12023,Mysore_Village_23,Mysore,Karnataka,2023,193,16,252,6.7
12023,Mysore_Village_23,Mysore,Karnataka,2024,130,8,353,3.9
12023,Mysore_Village_23,Mysore,Karnataka,2025,286,27,348,6.7
12024,Mysore_Village_24,Mysore,Karnataka,2022,136,17,263,8.7
12024,Mysore_Village_24,Mysore,Karnataka,2023,191,21,335,10.8
12024,Mysore_Village_24,Mysore,Karnataka,2024,110,35,235,13.5
12024,Mysore_Village_24,Mysore,Karnataka,2025,248,20,356,5.4
12025,Mysore_Village_25,Mysore,Karnataka,2022,95,30,301,11.7
12025,Mysore_Village_25,Mysore,Karnataka,2023,81,32,263,5.1
12025,Mysore_Village_25,Mysore,Karnataka,2024,64,5,250,5.7
12025,Mysore_Village_25,Mysore,Karnataka,2025,93,16,267,8.6
12026,Mysore_Village_26,Mysore,Karnataka,2022,194,24,275,11.9
12026,Mysore_Village_26,Mysore,Karnataka,2023,218,6,278,13.1
12026,Mysore_Village_26,Mysore,Karnataka,2024,103,19,256,11.5
12026,Mysore_Village_26,Mysore,Karnataka,2025,288,26,378,3.5
12027,Mysore_Village_27,Mysore,Karnataka,2022,93,36,348,11.7
12027,Mysore_Village_27,Mysore,Karnataka,2023,147,24,285,12.8
12027,Mysore_Village_27,Mysore,Karnataka,2024,54,37,336,9.2
12027,Mysore_Village_27,Mysore,Karnataka,2025,158,19,377,13.4
12028,Mysore_Village_28,Mysore,Karnataka,2022,76,7,342,4.5
12028,Mysore_Village_28,Mysore,Karnataka,2023,165,33,363,12.7
12028,Mysore_Village_28,Mysore,Karnataka,2024,136,31,287,7.2
12028,Mysore_Village_28,Mysore,Karnataka,2025,153,9,376,10.1
12029,Mysore_Village_29,Mysore,Karnataka,2022,172,35,334,11.8
12029,Mysore_Village_29,Mysore,Karnataka,2023,255,26,249,7.3
12029,Mysore_Village_29,Mysore,Karnataka,2024,128,39,350,14.2
12029,Mysore_Village_29,Mysore,Karnataka,2025,92,11,387,4.4
12030,Mysore_Village_30,Mysore,Karnataka,2022,146,10,329,6.1
12030,Mysore_Village_30,Mysore,Karnataka,2023,294,30,334,13.5
12030,Mysore_Village_30,Mysore,Karnataka,2024,80,5,234,5.0
12030,Mysore_Village_30,Mysore,Karnataka,2025,148,23,315,7.3
12031,Mysore_Village_31,Mysore,Karnataka,2022,66,11,285,12.2
12031,Mysore_Village_31,Mysore,Karnataka,2023,269,16,309,12.4
12031,Mysore_Village_31,Mysore,Karnataka,2024,132,24,270,13.7
12031,Mysore_Village_31,Mysore,Karnataka,2025,159,27,319,11.6
12032,Mysore_Village_32,Mysore,Karnataka,2022,231,29,282,13.4
12032,Mysore_Village_32,Mysore,Karnataka,2023,239,34,252,14.1
12032,Mysore_Village_32,Mysore,Karnataka,2024,264,33,271,9.5
12032,Mysore_Village_32,Mysore,Karnataka,2025,81,35,300,6.9
12033,Mysore_Village_33,Mysore,Karnataka,2022,217,22,270,12.5
12033,Mysore_Village_33,Mysore,Karnataka,2023,190,23,269,5.8
12033,Mysore_Village_33,Mysore,Karnataka,2024,261,8,251,4.4
12033,Mysore_Village_33,Mysore,Karnataka,2025,84,5,271,11.5
12034,Mysore_Village_34,Mysore,Karnataka,2022,182,19,304,14.5
12034,Mysore_Village_34,Mysore,Karnataka,2023,250,12,252,8.7
12034,Mysore_Village_34,Mysore,Karnataka,2024,78,19,341,5.4
12034,Mysore_Village_34,Mysore,Karnataka,2025,119,19,283,8.5
12035,Mysore_Village_35,Mysore,Karnataka,2022,202,26,342,8.6
12035,Mysore_Village_35,Mysore,Karnataka,2023,144,22,333,8.0
12035,Mysore_Village_35,Mysore,Karnataka,2024,71,20,289,10.3
12035,Mysore_Village_35,Mysore,Karnataka,2025,243,6,380,5.1
12036,Mysore_Village_36,Mysore,Karnataka,2022,222,24,243,8.5
12036,Mysore_Village_36,Mysore,Karnataka,2023,118,20,257,13.2
12036,Mysore_Village_36,Mysore,Karnataka,2024,268,7,363,11.4
12036,Mysore_Village_36,Mysore,Karnataka,2025,138,34,267,3.9
12037,Mysore_Village_37,Mysore,Karnataka,2022,121,6,321,9.9
12037,Mysore_Village_37,Mysore,Karnataka,2023,296,39,355,5.1
12037,Mysore_Village_37,Mysore,Karnataka,2024,178,30,313,13.8
12037,Mysore_Village_37,Mysore,Karnataka,2025,261,9,350,5.9
12038,Mysore_Village_38,Mysore,Karnataka,2022,221,6,263,14.3
12038,Mysore_Village_38,Mysore,Karnataka,2023,136,24,339,12.9
12038,Mysore_Village_38,Mysore,Karnataka,2024,145,38,281,9.5
12038,Mysore_Village_38,Mysore,Karnataka,2025,124,38,292,6.8
12039,Mysore_Village_39,Mysore,Karnataka,2022,216,24,260,13.5
12039,Mysore_Village_39,Mysore,Karnataka,2023,288,29,231,5.7
12039,Mysore_Village_39,Mysore,Karnataka,2024,103,24,269,5.6
12039,Mysore_Village_39,Mysore,Karnataka,2025,137,29,319,5.7
12040,Mysore_Village_40,Mysore,Karnataka,2022,252,18,288,10.8
12040,Mysore_Village_40,Mysore,Karnataka,2023,206,16,283,7.4
12040,Mysore_Village_40,Mysore,Karnataka,2024,103,9,314,14.1
12040,Mysore_Village_40,Mysore,Karnataka,2025,267,6,270,5.3
12041,Mysore_Village_41,Mysore,Karnataka,2022,65,20,239,13.0
12041,Mysore_Village_41,Mysore,Karnataka,2023,148,34,310,5.1
12041,Mysore_Village_41,Mysore,Karnataka,2024,69,28,346,7.4
12041,Mysore_Village_41,Mysore,Karnataka,2025,95,34,380,5.9
12042,Mysore_Village_42,Mysore,Karnataka,2022,244,15,272,14.8
12042,Mysore_Village_42,Mysore,Karnataka,2023,242,18,259,4.4
12042,Mysore_Village_42,Mysore,Karnataka,2024,176,27,246,11.3
12042,Mysore_Village_42,Mysore,Karnataka,2025,107,20,321,5.9
12043,Mysore_Village_43,Mysore,Karnataka,2022,230,25,336,13.0
12043,Mysore_Village_43,Mysore,Karnataka,2023,160,8,305,7.4
12043,Mysore_Village_43,Mysore,Karnataka,2024,178,37,335,5.7
12043,Mysore_Village_43,Mysore,Karnataka,2025,130,18,345,10.6
12044,Mysore_Village_44,Mysore,Karnataka,2022,243,23,302,7.2
12044,Mysore_Village_44,Mysore,Karnataka,2023,206,9,238,9.2
12044,Mysore_Village_44,Mysore,Karnataka,2024,133,35,302,5.1
12044,Mysore_Village_44,Mysore,Karnataka,2025,119,22,365,10.9
12045,Mysore_Village_45,Mysore,Karnataka,2022,57,35,305,8.8
12045,Mysore_Village_45,Mysore,Karnataka,2023,78,34,353,5.6
12045,Mysore_Village_45,Mysore,Karnataka,2024,161,25,264,11.5
12045,Mysore_Village_45,Mysore,Karnataka,2025,228,34,380,4.4
12046,Mysore_Village_46,Mysore,Karnataka,2022,210,8,216,10.5
12046,Mysore_Village_46,Mysore,Karnataka,2023,180,9,354,10.5
12046,Mysore_Village_46,Mysore,Karnataka,2024,237,14,322,13.5
12046,Mysore_Village_46,Mysore,Karnataka,2025,212,31,353,4.9
12047,Mysore_Village_47,Mysore,Karnataka,2022,246,20,249,11.4
12047,Mysore_Village_47,Mysore,Karnataka,2023,268,34,328,8.1
12047,Mysore_Village_47,Mysore,Karnataka,2024,157,17,253,7.9
12047,Mysore_Village_47,Mysore,Karnataka,2025,253,25,281,8.6
12048,Mysore_Village_48,Mysore,Karnataka,2022,261,19,210,7.0
12048,Mysore_Village_48,Mysore,Karnataka,2023,158,24,313,8.9
12048,Mysore_Village_48,Mysore,Karnataka,2024,69,24,284,10.9
12048,Mysore_Village_48,Mysore,Karnataka,2025,122,9,271,8.1
12049,Mysore_Village_49,Mysore,Karnataka,2022,216,36,266,4.9
12049,Mysore_Village_49,Mysore,Karnataka,2023,53,10,216,6.8
12049,Mysore_Village_49,Mysore,Karnataka,2024,292,34,297,7.4
12049,Mysore_Village_49,Mysore,Karnataka,2025,295,30,390,7.0
12050,Mysore_Village_50,Mysore,Karnataka,2022,68,17,347,5.4
12050,Mysore_Village_50,Mysore,Karnataka,2023,151,33,277,8.8
12050,Mysore_Village_50,Mysore,Karnataka,2024,268,9,301,11.0
12050,Mysore_Village_50,Mysore,Karnataka,2025,222,29,374,3.8
12051,Mysore_Village_51,Mysore,Karnataka,2022,220,17,282,12.4
12051,Mysore_Village_51,Mysore,Karnataka,2023,190,28,256,14.1
12051,Mysore_Village_51,Mysore,Karnataka,2024,190,35,336,3.8
12051,Mysore_Village_51,Mysore,Karnataka,2025,237,24,272,5.3
12052,Mysore_Village_52,Mysore,Karnataka,2022,234,12,304,10.2
12052,Mysore_Village_52,Mysore,Karnataka,2023,135,13,326,6.4
12052,Mysore_Village_52,Mysore,Karnataka,2024,269,25,362,11.7
12052,Mysore_Village_52,Mysore,Karnataka,2025,101,24,259,6.6
12053,Mysore_Village_53,Mysore,Karnataka,2022,160,19,309,7.6
12053,Mysore_Village_53,Mysore,Karnataka,2023,230,30,287,4.1
12053,Mysore_Village_53,Mysore,Karnataka,2024,158,15,319,6.5
12053,Mysore_Village_53,Mysore,Karnataka,2025,135,15,281,5.6
12054,Mysore_Village_54,Mysore,Karnataka,2022,92,31,342,8.1
12054,Mysore_Village_54,Mysore,Karnataka,2023,260,34,218,5.7
12054,Mysore_Village_54,Mysore,Karnataka,2024,249,23,313,9.9
12054,Mysore_Village_54,Mysore,Karnataka,2025,293,38,393,5.8
12055,Mysore_Village_55,Mysore,Karnataka,2022,249,27,259,13.2
12055,Mysore_Village_55,Mysore,Karnataka,2023,91,5,300,7.1
12055,Mysore_Village_55,Mysore,Karnataka,2024,139,7,300,5.9
12055,Mysore_Village_55,Mysore,Karnataka,2025,289,7,275,3.9
12056,Mysore_Village_56,Mysore,Karnataka,2022,164,32,216,12.3
12056,Mysore_Village_56,Mysore,Karnataka,2023,75,18,221,9.4
12056,Mysore_Village_56,Mysore,Karnataka,2024,200,34,355,4.9
12056,Mysore_Village_56,Mysore,Karnataka,2025,92,9,327,5.6
12057,Mysore_Village_57,Mysore,Karnataka,2022,126,19,227,15.0
12057,Mysore_Village_57,Mysore,Karnataka,2023,205,18,224,12.6
12057,Mysore_Village_57,Mysore,Karnataka,2024,186,18,256,7.4
12057,Mysore_Village_57,Mysore,Karnataka,2025,69,12,385,9.0
12058,Mysore_Village_58,Mysore,Karnataka,2022,233,12,326,8.9
12058,Mysore_Village_58,Mysore,Karnataka,2023,260,23,257,4.5
12058,Mysore_Village_58,Mysore,Karnataka,2024,289,36,298,11.9
12058,Mysore_Village_58,Mysore,Karnataka,2025,88,35,307,10.8
12059,Mysore_Village_59,Mysore,Karnataka,2022,228,33,269,8.8
12059,Mysore_Village_59,Mysore,Karnataka,2023,61,15,313,13.0
12059,Mysore_Village_59,Mysore,Karnataka,2024,256,17,300,9.3
12059,Mysore_Village_59,Mysore,Karnataka,2025,272,31,337,4.0
12060,Mysore_Village_60,Mysore,Karnataka,2022,232,23,342,7.2
12060,Mysore_Village_60,Mysore,Karnataka,2023,255,30,360,8.9
12060,Mysore_Village_60,Mysore,Karnataka,2024,60,13,361,4.8
12060,Mysore_Village_60,Mysore,Karnataka,2025,203,32,255,9.3
12061,Mysore_Village_61,Mysore,Karnataka,2022,91,36,333,5.8
12061,Mysore_Village_61,Mysore,Karnataka,2023,204,7,336,6.2
12061,Mysore_Village_61,Mysore,Karnataka,2024,60,36,247,13.1
12061,Mysore_Village_61,Mysore,Karnataka,2025,87,9,311,13.8
12062,Mysore_Village_62,Mysore,Karnataka,2022,147,12,344,10.3
12062,Mysore_Village_62,Mysore,Karnataka,2023,220,18,311,10.6
12062,Mysore_Village_62,Mysore,Karnataka,2024,68,7,263,12.1
12062,Mysore_Village_62,Mysore,Karnataka,2025,241,28,391,10.6
12063,Mysore_Village_63,Mysore,Karnataka,2022,183,17,336,6.4
12063,Mysore_Village_63,Mysore,Karnataka,2023,223,33,258,8.4
12063,Mysore_Village_63,Mysore,Karnataka,2024,165,12,324,9.3
12063,Mysore_Village_63,Mysore,Karnataka,2025,279,35,335,7.1
12064,Mysore_Village_64,Mysore,Karnataka,2022,162,30,310,6.3
12064,Mysore_Village_64,Mysore,Karnataka,2023,219,22,285,11.8
12064,Mysore_Village_64,Mysore,Karnataka,2024,269,22,282,5.8
12064,Mysore_Village_64,Mysore,Karnataka,2025,114,11,315,6.0
12065,Mysore_Village_65,Mysore,Karnataka,2022,148,20,252,7.5
12065,Mysore_Village_65,Mysore,Karnataka,2023,281,37,322,5.8
12065,Mysore_Village_65,Mysore,Karnataka,2024,121,7,248,12.6
12065,Mysore_Village_65,Mysore,Karnataka,2025,236,8,310,9.7
12066,Mysore_Village_66,Mysore,Karnataka,2022,101,8,200,13.3
12066,Mysore_Village_66,Mysore,Karnataka,2023,167,13,320,9.3
12066,Mysore_Village_66,Mysore,Karnataka,2024,224,21,284,9.2
12066,Mysore_Village_66,Mysore,Karnataka,2025,169,21,259,9.8
12067,Mysore_Village_67,Mysore,Karnataka,2022,56,37,326,8.4
12067,Mysore_Village_67,Mysore,Karnataka,2023,60,24,229,9.3
12067,Mysore_Village_67,Mysore,Karnataka,2024,152,18,350,9.4
12067,Mysore_Village_67,Mysore,Karnataka,2025,110,26,310,13.3
12068,Mysore_Village_68,Mysore,Karnataka,2022,117,31,313,13.8
12068,Mysore_Village_68,Mysore,Karnataka,2023,202,7,351,5.5
12068,Mysore_Village_68,Mysore,Karnataka,2024,189,28,375,4.1
12068,Mysore_Village_68,Mysore,Karnataka,2025,203,34,389,10.4
12069,Mysore_Village_69,Mysore,Karnataka,2022,151,12,271,5.0
12069,Mysore_Village_69,Mysore,Karnataka,2023,159,26,312,4.7
12069,Mysore_Village_69,Mysore,Karnataka,2024,189,29,273,5.4
12069,Mysore_Village_69,Mysore,Karnataka,2025,220,14,260,7.0
12070,Mysore_Village_70,Mysore,Karnataka,2022,100,33,277,9.1
12070,Mysore_Village_70,Mysore,Karnataka,2023,166,5,266,9.6
12070,Mysore_Village_70,Mysore,Karnataka,2024,214,25,231,14.1
12070,Mysore_Village_70,Mysore,Karnataka,2025,95,28,305,7.3
12071,Mysore_Village_71,Mysore,Karnataka,2022,102,13,331,7.0
12071,Mysore_Village_71,Mysore,Karnataka,2023,137,30,340,10.1
12071,Mysore_Village_71,Mysore,Karnataka,2024,257,13,281,6.0
12071,Mysore_Village_71,Mysore,Karnataka,2025,170,24,285,13.2
12072,Mysore_Village_72,Mysore,Karnataka,2022,62,39,230,7.2
12072,Mysore_Village_72,Mysore,Karnataka,2023,138,13,335,14.5
12072,Mysore_Village_72,Mysore,Karnataka,2024,174,26,280,8.1
12072,Mysore_Village_72,Mysore,Karnataka,2025,167,5,339,11.8
12073,Mysore_Village_73,Mysore,Karnataka,2022,103,9,210,11.3
12073,Mysore_Village_73,Mysore,Karnataka,2023,234,13,350,13.9
12073,Mysore_Village_73,Mysore,Karnataka,2024,165,23,241,10.3
12073,Mysore_Village_73,Mysore,Karnataka,2025,167,12,343,9.4
12074,Mysore_Village_74,Mysore,Karnataka,2022,53,36,244,11.4
12074,Mysore_Village_74,Mysore,Karnataka,2023,124,17,248,12.4
12074,Mysore_Village_74,Mysore,Karnataka,2024,273,24,301,13.1
12074,Mysore_Village_74,Mysore,Karnataka,2025,98,34,265,6.1
12075,Mysore_Village_75,Mysore,Karnataka,2022,56,14,240,6.6
12075,Mysore_Village_75,Mysore,Karnataka,2023,159,35,236,4.5
12075,Mysore_Village_75,Mysore,Karnataka,2024,171,29,250,7.6
12075,Mysore_Village_75,Mysore,Karnataka,2025,60,33,315,12.2
12076,Mysore_Village_76,Mysore,Karnataka,2022,141,28,213,5.2
12076,Mysore_Village_76,Mysore,Karnataka,2023,231,25,293,9.8
12076,Mysore_Village_76,Mysore,Karnataka,2024,282,13,302,11.0
12076,Mysore_Village_76,Mysore,Karnataka,2025,264,6,296,12.1
12077,Mysore_Village_77,Mysore,Karnataka,2022,222,8,275,10.6
12077,Mysore_Village_77,Mysore,Karnataka,2023,72,12,233,6.1
12077,Mysore_Village_77,Mysore,Karnataka,2024,291,36,256,13.8
12077,Mysore_Village_77,Mysore,Karnataka,2025,77,18,390,4.3
12078,Mysore_Village_78,Mysore,Karnataka,2022,284,17,212,12.6
12078,Mysore_Village_78,Mysore,Karnataka,2023,160,25,321,5.0
12078,Mysore_Village_78,Mysore,Karnataka,2024,106,28,358,5.2
12078,Mysore_Village_78,Mysore,Karnataka,2025,75,22,329,12.7
12079,Mysore_Village_79,Mysore,Karnataka,2022,202,30,340,12.4
12079,Mysore_Village_79,Mysore,Karnataka,2023,103,36,323,7.9
12079,Mysore_Village_79,Mysore,Karnataka,2024,78,37,344,10.4
12079,Mysore_Village_79,Mysore,Karnataka,2025,260,35,295,8.1
12080,Mysore_Village_80,Mysore,Karnataka,2022,146,22,200,5.2
12080,Mysore_Village_80,Mysore,Karnataka,2023,213,39,335,11.7
12080,Mysore_Village_80,Mysore,Karnataka,2024,63,16,352,11.7
12080,Mysore_Village_80,Mysore,Karnataka,2025,127,29,276,12.6
12081,Mysore_Village_81,Mysore,Karnataka,2022,84,35,341,10.2
12081,Mysore_Village_81,Mysore,Karnataka,2023,79,14,307,11.2
12081,Mysore_Village_81,Mysore,Karnataka,2024,141,38,297,8.3
12081,Mysore_Village_81,Mysore,Karnataka,2025,66,7,307,6.6
12082,Mysore_Village_82,Mysore,Karnataka,2022,244,12,281,8.8
12082,Mysore_Village_82,Mysore,Karnataka,2023,257,36,356,13.7
12082,Mysore_Village_82,Mysore,Karnataka,2024,287,33,270,5.4
12082,Mysore_Village_82,Mysore,Karnataka,2025,207,26,247,5.9
12083,Mysore_Village_83,Mysore,Karnataka,2022,293,24,293,10.9
12083,Mysore_Village_83,Mysore,Karnataka,2023,142,10,273,5.3
12083,Mysore_Village_83,Mysore,Karnataka,2024,222,33,247,13.1
12083,Mysore_Village_83,Mysore,Karnataka,2025,128,21,348,3.8
12084,Mysore_Village_84,Mysore,Karnataka,2022,159,35,273,12.4
12084,Mysore_Village_84,Mysore,Karnataka,2023,297,38,334,8.0
12084,Mysore_Village_84,Mysore,Karnataka,2024,266,8,305,4.2
12084,Mysore_Village_84,Mysore,Karnataka,2025,228,6,252,12.2
12085,Mysore_Village_85,Mysore,Karnataka,2022,151,16,280,11.2
12085,Mysore_Village_85,Mysore,Karnataka,2023,155,39,315,4.2
12085,Mysore_Village_85,Mysore,Karnataka,2024,96,10,238,6.5
12085,Mysore_Village_85,Mysore,Karnataka,2025,230,12,334,7.0
12086,Mysore_Village_86,Mysore,Karnataka,2022,113,25,247,7.9
12086,Mysore_Village_86,Mysore,Karnataka,2023,295,39,329,9.3
12086,Mysore_Village_86,Mysore,Karnataka,2024,293,19,316,9.2
12086,Mysore_Village_86,Mysore,Karnataka,2025,299,11,339,7.5
12087,Mysore_Village_87,Mysore,Karnataka,2022,215,19,313,8.0
12087,Mysore_Village_87,Mysore,Karnataka,2023,113,10,232,9.4
12087,Mysore_Village_87,Mysore,Karnataka,2024,136,21,258,4.1
12087,Mysore_Village_87,Mysore,Karnataka,2025,266,8,246,10.1
12088,Mysore_Village_88,Mysore,Karnataka,2022,283,26,277,10.9
12088,Mysore_Village_88,Mysore,Karnataka,2023,56,36,282,7.0
12088,Mysore_Village_88,Mysore,Karnataka,2024,71,26,327,5.6
12088,Mysore_Village_88,Mysore,Karnataka,2025,130,31,361,4.1
12089,Mysore_Village_89,Mysore,Karnataka,2022,259,19,309,10.7
12089,Mysore_Village_89,Mysore,Karnataka,2023,290,26,255,10.1
12089,Mysore_Village_89,Mysore,Karnataka,2024,218,32,344,9.3
12089,Mysore_Village_89,Mysore,Karnataka,2025,123,13,325,13.6
12090,Mysore_Village_90,Mysore,Karnataka,2022,187,38,321,10.1
12090,Mysore_Village_90,Mysore,Karnataka,2023,234,13,301,11.7
12090,Mysore_Village_90,Mysore,Karnataka,2024,184,19,251,4.9
12090,Mysore_Village_90,Mysore,Karnataka,2025,289,24,293,6.4
12091,Mysore_Village_91,Mysore,Karnataka,2022,174,12,215,7.4
12091,Mysore_Village_91,Mysore,Karnataka,2023,99,32,282,10.1
12091,Mysore_Village_91,Mysore,Karnataka,2024,279,23,251,7.2
12091,Mysore_Village_91,Mysore,Karnataka,2025,268,20,383,10.0
12092,Mysore_Village_92,Mysore,Karnataka,2022,101,15,284,11.7
12092,Mysore_Village_92,Mysore,Karnataka,2023,210,12,335,4.5
12092,Mysore_Village_92,Mysore,Karnataka,2024,50,37,309,10.4
12092,Mysore_Village_92,Mysore,Karnataka,2025,285,14,299,4.5
12093,Mysore_Village_93,Mysore,Karnataka,2022,230,22,234,9.4
12093,Mysore_Village_93,Mysore,Karnataka,2023,237,39,248,11.7
12093,Mysore_Village_93,Mysore,Karnataka,2024,211,7,302,11.1
12093,Mysore_Village_93,Mysore,Karnataka,2025,53,31,321,6.4
12094,Mysore_Village_94,Mysore,Karnataka,2022,194,32,331,7.4
12094,Mysore_Village_94,Mysore,Karnataka,2023,181,10,339,8.7
12094,Mysore_Village_94,Mysore,Karnataka,2024,220,18,240,5.7
12094,Mysore_Village_94,Mysore,Karnataka,2025,295,11,305,13.5
12095,Mysore_Village_95,Mysore,Karnataka,2022,267,14,321,8.1
12095,Mysore_Village_95,Mysore,Karnataka,2023,53,19,249,13.8
12095,Mysore_Village_95,Mysore,Karnataka,2024,50,35,298,13.2
12095,Mysore_Village_95,Mysore,Karnataka,2025,120,33,301,7.1
12096,Mysore_Village_96,Mysore,Karnataka,2022,271,21,338,7.2
12096,Mysore_Village_96,Mysore,Karnataka,2023,227,33,226,12.2
12096,Mysore_Village_96,Mysore,Karnataka,2024,250,19,354,6.1
12096,Mysore_Village_96,Mysore,Karnataka,2025,238,30,287,8.8
12097,Mysore_Village_97,Mysore,Karnataka,2022,84,16,346,5.7
12097,Mysore_Village_97,Mysore,Karnataka,2023,57,29,291,8.2
12097,Mysore_Village_97,Mysore,Karnataka,2024,201,9,297,4.5
12097,Mysore_Village_97,Mysore,Karnataka,2025,260,8,303,6.3
12098,Mysore_Village_98,Mysore,Karnataka,2022,85,35,201,11.5
12098,Mysore_Village_98,Mysore,Karnataka,2023,227,7,350,14.5
12098,Mysore_Village_98,Mysore,Karnataka,2024,293,7,379,6.4
12098,Mysore_Village_98,Mysore,Karnataka,2025,172,30,265,8.3
12099,Mysore_Village_99,Mysore,Karnataka,2022,92,21,300,9.2
12099,Mysore_Village_99,Mysore,Karnataka,2023,76,14,300,6.0
12099,Mysore_Village_99,Mysore,Karnataka,2024,81,6,351,10.1
12099,Mysore_Village_99,Mysore,Karnataka,2025,127,28,319,10.9
12100,Mysore_Village_100,Mysore,Karnataka,2022,170,15,274,6.0
12100,Mysore_Village_100,Mysore,Karnataka,2023,195,28,297,12.0
12100,Mysore_Village_100,Mysore,Karnataka,2024,205,39,307,11.1
12100,Mysore_Village_100,Mysore,Karnataka,2025,206,27,265,5.4
12101,Mysore_Village_101,Mysore,Karnataka,2022,65,36,319,11.3
12101,Mysore_Village_101,Mysore,Karnataka,2023,148,27,226,8.2
12101,Mysore_Village_101,Mysore,Karnataka,2024,96,38,312,10.9
12101,Mysore_Village_101,Mysore,Karnataka,2025,236,23,357,8.5
12102,Mysore_Village_102,Mysore,Karnataka,2022,80,6,214,5.0
12102,Mysore_Village_102,Mysore,Karnataka,2023,53,6,327,12.4
12102,Mysore_Village_102,Mysore,Karnataka,2024,214,19,370,9.5
12102,Mysore_Village_102,Mysore,Karnataka,2025,66,25,368,10.9
12103,Mysore_Village_103,Mysore,Karnataka,2022,88,39,340,5.8
12103,Mysore_Village_103,Mysore,Karnataka,2023,97,9,329,11.7
12103,Mysore_Village_103,Mysore,Karnataka,2024,223,31,376,8.0
12103,Mysore_Village_103,Mysore,Karnataka,2025,267,28,276,11.7
12104,Mysore_Village_104,Mysore,Karnataka,2022,225,11,298,10.8
12104,Mysore_Village_104,Mysore,Karnataka,2023,88,10,301,7.8
12104,Mysore_Village_104,Mysore,Karnataka,2024,282,37,378,5.8
12104,Mysore_Village_104,Mysore,Karnataka,2025,181,21,356,11.9
12105,Mysore_Village_105,Mysore,Karnataka,2022,79,34,341,10.4
12105,Mysore_Village_105,Mysore,Karnataka,2023,207,12,238,14.5
12105,Mysore_Village_105,Mysore,Karnataka,2024,71,11,278,7.6
12105,Mysore_Village_105,Mysore,Karnataka,2025,252,10,276,10.5
12106,Mysore_Village_106,Mysore,Karnataka,2022,115,8,274,11.0
12106,Mysore_Village_106,Mysore,Karnataka,2023,157,5,323,10.8
12106,Mysore_Village_106,Mysore,Karnataka,2024,61,19,240,11.4
12106,Mysore_Village_106,Mysore,Karnataka,2025,271,35,312,4.8
12107,Mysore_Village_107,Mysore,Karnataka,2022,85,29,289,10.3
12107,Mysore_Village_107,Mysore,Karnataka,2023,67,37,324,9.4
12107,Mysore_Village_107,Mysore,Karnataka,2024,139,39,362,7.3
12107,Mysore_Village_107,Mysore,Karnataka,2025,230,9,276,7.9
12108,Mysore_Village_108,Mysore,Karnataka,2022,248,9,270,9.9
12108,Mysore_Village_108,Mysore,Karnataka,2023,50,21,288,7.5
12108,Mysore_Village_108,Mysore,Karnataka,2024,176,18,367,6.8
12108,Mysore_Village_108,Mysore,Karnataka,2025,235,33,343,11.1
12109,Mysore_Village_109,Mysore,Karnataka,2022,139,12,220,5.2
12109,Mysore_Village_109,Mysore,Karnataka,2023,136,38,254,7.4
12109,Mysore_Village_109,Mysore,Karnataka,2024,139,5,271,10.6
12109,Mysore_Village_109,Mysore,Karnataka,2025,286,33,316,5.5
12110,Mysore_Village_110,Mysore,Karnataka,2022,183,33,245,10.5
12110,Mysore_Village_110,Mysore,Karnataka,2023,119,9,296,7.3
12110,Mysore_Village_110,Mysore,Karnataka,2024,93,36,302,12.6
12110,Mysore_Village_110,Mysore,Karnataka,2025,249,28,362,7.0
12111,Mysore_Village_111,Mysore,Karnataka,2022,201,23,240,6.9
12111,Mysore_Village_111,Mysore,Karnataka,2023,135,16,308,9.7
12111,Mysore_Village_111,Mysore,Karnataka,2024,68,5,361,5.1
12111,Mysore_Village_111,Mysore,Karnataka,2025,150,11,343,11.7
12112,Mysore_Village_112,Mysore,Karnataka,2022,195,21,341,11.6
12112,Mysore_Village_112,Mysore,Karnataka,2023,144,38,356,12.2
12112,Mysore_Village_112,Mysore,Karnataka,2024,150,11,282,7.9
12112,Mysore_Village_112,Mysore,Karnataka,2025,79,21,372,12.1
12113,Mysore_Village_113,Mysore,Karnataka,2022,298,7,228,9.7
12113,Mysore_Village_113,Mysore,Karnataka,2023,219,33,237,5.1
12113,Mysore_Village_113,Mysore,Karnataka,2024,82,26,314,6.1
12113,Mysore_Village_113,Mysore,Karnataka,2025,251,33,340,10.8
12114,Mysore_Village_114,Mysore,Karnataka,2022,278,9,270,13.9
12114,Mysore_Village_114,Mysore,Karnataka,2023,61,34,222,5.1
12114,Mysore_Village_114,Mysore,Karnataka,2024,167,27,305,12.8
12114,Mysore_Village_114,Mysore,Karnataka,2025,143,25,344,11.7
12115,Mysore_Village_115,Mysore,Karnataka,2022,204,30,215,8.2
12115,Mysore_Village_115,Mysore,Karnataka,2023,216,25,307,11.3
12115,Mysore_Village_115,Mysore,Karnataka,2024,186,24,235,5.7
12115,Mysore_Village_115,Mysore,Karnataka,2025,295,27,281,11.8
12116,Mysore_Village_116,Mysore,Karnataka,2022,198,8,294,11.4
12116,Mysore_Village_116,Mysore,Karnataka,2023,125,25,275,8.7
12116,Mysore_Village_116,Mysore,Karnataka,2024,296,25,247,12.8
12116,Mysore_Village_116,Mysore,Karnataka,2025,78,5,355,4.8
12117,Mysore_Village_117,Mysore,Karnataka,2022,210,19,294,13.4
12117,Mysore_Village_117,Mysore,Karnataka,2023,284,21,230,4.4
12117,Mysore_Village_117,Mysore,Karnataka,2024,239,18,333,11.6
12117,Mysore_Village_117,Mysore,Karnataka,2025,166,23,258,9.3
12118,Mysore_Village_118,Mysore,Karnataka,2022,64,38,302,11.8
12118,Mysore_Village_118,Mysore,Karnataka,2023,51,10,282,8.4
12118,Mysore_Village_118,Mysore,Karnataka,2024,229,10,259,12.8
12118,Mysore_Village_118,Mysore,Karnataka,2025,280,9,304,6.6
12119,Mysore_Village_119,Mysore,Karnataka,2022,166,11,252,7.4
12119,Mysore_Village_119,Mysore,Karnataka,2023,221,37,278,7.3
12119,Mysore_Village_119,Mysore,Karnataka,2024,231,17,243,11.8
12119,Mysore_Village_119,Mysore,Karnataka,2025,67,5,267,8.5
12120,Mysore_Village_120,Mysore,Karnataka,2022,52,17,321,10.1
12120,Mysore_Village_120,Mysore,Karnataka,2023,184,31,221,12.8
12120,Mysore_Village_120,Mysore,Karnataka,2024,220,11,239,12.5
12120,Mysore_Village_120,Mysore,Karnataka,2025,259,7,346,5.0
12121,Mysore_Village_121,Mysore,Karnataka,2022,285,29,212,10.3
12121,Mysore_Village_121,Mysore,Karnataka,2023,215,37,341,5.4
12121,Mysore_Village_121,Mysore,Karnataka,2024,214,21,277,12.8
12121,Mysore_Village_121,Mysore,Karnataka,2025,235,18,249,12.1
12122,Mysore_Village_122,Mysore,Karnataka,2022,210,27,260,13.4
12122,Mysore_Village_122,Mysore,Karnataka,2023,157,28,336,11.5
12122,Mysore_Village_122,Mysore,Karnataka,2024,236,33,319,8.6
12122,Mysore_Village_122,Mysore,Karnataka,2025,144,31,347,7.5
12123,Mysore_Village_123,Mysore,Karnataka,2022,171,27,289,8.6
12123,Mysore_Village_123,Mysore,Karnataka,2023,60,35,217,4.8
12123,Mysore_Village_123,Mysore,Karnataka,2024,117,21,253,13.7
12123,Mysore_Village_123,Mysore,Karnataka,2025,172,7,361,8.0
12124,Mysore_Village_124,Mysore,Karnataka,2022,259,9,297,14.3
12124,Mysore_Village_124,Mysore,Karnataka,2023,245,19,298,13.3
12124,Mysore_Village_124,Mysore,Karnataka,2024,162,10,348,12.4
12124,Mysore_Village_124,Mysore,Karnataka,2025,147,14,286,9.5
12125,Mysore_Village_125,Mysore,Karnataka,2022,142,36,347,5.6
12125,Mysore_Village_125,Mysore,Karnataka,2023,265,27,255,7.5
12125,Mysore_Village_125,Mysore,Karnataka,2024,71,21,311,10.0
12125,Mysore_Village_125,Mysore,Karnataka,2025,243,24,346,3.4
12126,Hubli_Village_1,Hubli,Karnataka,2022,221,19,347,4.9
12126,Hubli_Village_1,Hubli,Karnataka,2023,176,26,220,11.2
12126,Hubli_Village_1,Hubli,Karnataka,2024,183,10,351,13.0
12126,Hubli_Village_1,Hubli,Karnataka,2025,219,8,269,12.3
12127,Hubli_Village_2,Hubli,Karnataka,2022,74,27,240,6.3
12127,Hubli_Village_2,Hubli,Karnataka,2023,296,23,217,13.7
12127,Hubli_Village_2,Hubli,Karnataka,2024,234,35,337,11.0
12127,Hubli_Village_2,Hubli,Karnataka,2025,134,7,301,10.8
12128,Hubli_Village_3,Hubli,Karnataka,2022,104,32,282,7.7
12128,Hubli_Village_3,Hubli,Karnataka,2023,193,7,288,11.6
12128,Hubli_Village_3,Hubli,Karnataka,2024,144,18,362,11.2
12128,Hubli_Village_3,Hubli,Karnataka,2025,191,22,330,9.5
12129,Hubli_Village_4,Hubli,Karnataka,2022,216,31,296,8.3
12129,Hubli_Village_4,Hubli,Karnataka,2023,205,14,229,12.6
12129,Hubli_Village_4,Hubli,Karnataka,2024,273,19,317,13.5
12129,Hubli_Village_4,Hubli,Karnataka,2025,269,23,338,12.4
12130,Hubli_Village_5,Hubli,Karnataka,2022,228,13,325,7.1
12130,Hubli_Village_5,Hubli,Karnataka,2023,168,8,314,8.8
12130,Hubli_Village_5,Hubli,Karnataka,2024,226,19,268,7.3
12130,Hubli_Village_5,Hubli,Karnataka,2025,58,12,323,10.7
12131,Hubli_Village_6,Hubli,Karnataka,2022,235,5,238,13.2
12131,Hubli_Village_6,Hubli,Karnataka,2023,222,11,266,6.4
12131,Hubli_Village_6,Hubli,Karnataka,2024,199,35,360,13.6
12131,Hubli_Village_6,Hubli,Karnataka,2025,209,22,370,10.4
12132,Hubli_Village_7,Hubli,Karnataka,2022,246,16,265,6.8
12132,Hubli_Village_7,Hubli,Karnataka,2023,264,34,259,8.0
12132,Hubli_Village_7,Hubli,Karnataka,2024,246,37,251,4.8
12132,Hubli_Village_7,Hubli,Karnataka,2025,91,11,327,9.6
12133,Hubli_Village_8,Hubli,Karnataka,2022,102,32,337,6.3
12133,Hubli_Village_8,Hubli,Karnataka,2023,273,7,363,11.4
12133,Hubli_Village_8,Hubli,Karnataka,2024,236,10,246,11.4
12133,Hubli_Village_8,Hubli,Karnataka,2025,123,35,311,8.3
12134,Hubli_Village_9,Hubli,Karnataka,2022,88,19,206,5.5
12134,Hubli_Village_9,Hubli,Karnataka,2023,171,11,315,10.5
12134,Hubli_Village_9,Hubli,Karnataka,2024,64,34,265,7.6
12134,Hubli_Village_9,Hubli,Karnataka,2025,248,31,311,13.3
12135,Hubli_Village_10,Hubli,Karnataka,2022,206,21,276,9.9
12135,Hubli_Village_10,Hubli,Karnataka,2023,172,22,301,4.9
12135,Hubli_Village_10,Hubli,Karnataka,2024,160,26,301,10.4
12135,Hubli_Village_10,Hubli,Karnataka,2025,180,30,303,11.5
12136,Hubli_Village_11,Hubli,Karnataka,2022,132,31,219,6.2
12136,Hubli_Village_11,Hubli,Karnataka,2023,59,28,343,8.8
12136,Hubli_Village_11,Hubli,Karnataka,2024,141,12,338,11.5
12136,Hubli_Village_11,Hubli,Karnataka,2025,78,25,258,3.5
12137,Hubli_Village_12,Hubli,Karnataka,2022,256,33,223,4.8
12137,Hubli_Village_12,Hubli,Karnataka,2023,84,25,324,11.2
12137,Hubli_Village_12,Hubli,Karnataka,2024,55,7,363,11.3
12137,Hubli_Village_12,Hubli,Karnataka,2025,189,35,282,12.2
12138,Hubli_Village_13,Hubli,Karnataka,2022,160,31,328,8.7
12138,Hubli_Village_13,Hubli,Karnataka,2023,87,31,255,8.2
12138,Hubli_Village_13,Hubli,Karnataka,2024,126,13,260,9.5
12138,Hubli_Village_13,Hubli,Karnataka,2025,142,37,280,11.3
12139,Hubli_Village_14,Hubli,Karnataka,2022,196,37,304,11.2
12139,Hubli_Village_14,Hubli,Karnataka,2023,116,30,323,7.5
12139,Hubli_Village_14,Hubli,Karnataka,2024,185,32,260,7.3
12139,Hubli_Village_14,Hubli,Karnataka,2025,57,35,357,11.3
12140,Hubli_Village_15,Hubli,Karnataka,2022,296,5,330,10.1
12140,Hubli_Village_15,Hubli,Karnataka,2023,171,24,275,5.1
12140,Hubli_Village_15,Hubli,Karnataka,2024,133,16,235,5.3
12140,Hubli_Village_15,Hubli,Karnataka,2025,224,21,264,12.2
12141,Hubli_Village_16,Hubli,Karnataka,2022,181,19,310,15.0
12141,Hubli_Village_16,Hubli,Karnataka,2023,228,38,275,7.6
12141,Hubli_Village_16,Hubli,Karnataka,2024,134,20,370,7.8
12141,Hubli_Village_16,Hubli,Karnataka,2025,244,8,267,4.9
12142,Hubli_Village_17,Hubli,Karnataka,2022,94,12,278,7.0
12142,Hubli_Village_17,Hubli,Karnataka,2023,185,38,245,8.6
12142,Hubli_Village_17,Hubli,Karnataka,2024,136,29,233,6.7
12142,Hubli_Village_17,Hubli,Karnataka,2025,65,19,362,10.7
12143,Hubli_Village_18,Hubli,Karnataka,2022,126,32,265,10.1
12143,Hubli_Village_18,Hubli,Karnataka,2023,244,13,358,12.7
12143,Hubli_Village_18,Hubli,Karnataka,2024,289,6,344,11.3
12143,Hubli_Village_18,Hubli,Karnataka,2025,58,21,275,4.6
12144,Hubli_Village_19,Hubli,Karnataka,2022,109,14,322,5.8
12144,Hubli_Village_19,Hubli,Karnataka,2023,127,13,257,13.5
12144,Hubli_Village_19,Hubli,Karnataka,2024,126,35,233,12.3
12144,Hubli_Village_19,Hubli,Karnataka,2025,294,6,292,8.2
12145,Hubli_Village_20,Hubli,Karnataka,2022,298,28,343,5.9
12145,Hubli_Village_20,Hubli,Karnataka,2023,120,23,303,13.5
12145,Hubli_Village_20,Hubli,Karnataka,2024,64,21,355,6.1
12145,Hubli_Village_20,Hubli,Karnataka,2025,120,14,321,3.7
12146,Hubli_Village_21,Hubli,Karnataka,2022,151,32,264,14.2
12146,Hubli_Village_21,Hubli,Karnataka,2023,275,32,283,12.6
12146,Hubli_Village_21,Hubli,Karnataka,2024,218,5,243,11.0
12146,Hubli_Village_21,Hubli,Karnataka,2025,71,7,319,3.7
12147,Hubli_Village_22,Hubli,Karnataka,2022,201,19,228,10.0
12147,Hubli_Village_22,Hubli,Karnataka,2023,162,14,293,11.0
12147,Hubli_Village_22,Hubli,Karnataka,2024,278,25,323,11.7
12147,Hubli_Village_22,Hubli,Karnataka,2025,221,19,310,8.2
12148,Hubli_Village_23,Hubli,Karnataka,2022,50,27,314,14.5
12148,Hubli_Village_23,Hubli,Karnataka,2023,59,18,254,6.7
12148,Hubli_Village_23,Hubli,Karnataka,2024,284,19,372,4.4
12148,Hubli_Village_23,Hubli,Karnataka,2025,257,14,276,6.8
12149,Hubli_Village_24,Hubli,Karnataka,2022,159,13,219,11.4
12149,Hubli_Village_24,Hubli,Karnataka,2023,249,9,267,11.8
12149,Hubli_Village_24,Hubli,Karnataka,2024,233,29,278,11.5
12149,Hubli_Village_24,Hubli,Karnataka,2025,162,30,333,4.5
12150,Hubli_Village_25,Hubli,Karnataka,2022,266,12,281,13.8
12150,Hubli_Village_25,Hubli,Karnataka,2023,99,26,215,7.0
12150,Hubli_Village_25,Hubli,Karnataka,2024,61,29,290,5.9
12150,Hubli_Village_25,Hubli,Karnataka,2025,138,16,374,9.8
12151,Hubli_Village_26,Hubli,Karnataka,2022,258,13,293,6.7
12151,Hubli_Village_26,Hubli,Karnataka,2023,237,14,231,9.4
12151,Hubli_Village_26,Hubli,Karnataka,2024,203,14,346,8.0
12151,Hubli_Village_26,Hubli,Karnataka,2025,287,13,350,5.7
12152,Hubli_Village_27,Hubli,Karnataka,2022,161,30,331,7.6
12152,Hubli_Village_27,Hubli,Karnataka,2023,127,39,299,8.6
12152,Hubli_Village_27,Hubli,Karnataka,2024,218,31,272,7.3
12152,Hubli_Village_27,Hubli,Karnataka,2025,213,35,320,7.3
12153,Hubli_Village_28,Hubli,Karnataka,2022,170,23,339,12.2
12153,Hubli_Village_28,Hubli,Karnataka,2023,72,10,264,5.9
12153,Hubli_Village_28,Hubli,Karnataka,2024,220,19,290,10.3
12153,Hubli_Village_28,Hubli,Karnataka,2025,183,33,348,10.4
12154,Hubli_Village_29,Hubli,Karnataka,2022,288,9,250,12.9
12154,Hubli_Village_29,Hubli,Karnataka,2023,246,18,291,13.0
12154,Hubli_Village_29,Hubli,Karnataka,2024,220,6,327,5.4
12154,Hubli_Village_29,Hubli,Karnataka,2025,74,27,327,4.8
12155,Hubli_Village_30,Hubli,Karnataka,2022,67,23,277,11.0
12155,Hubli_Village_30,Hubli,Karnataka,2023,239,28,219,12.0
12155,Hubli_Village_30,Hubli,Karnataka,2024,190,24,367,6.6
12155,Hubli_Village_30,Hubli,Karnataka,2025,92,31,332,8.8
12156,Hubli_Village_31,Hubli,Karnataka,2022,127,28,216,12.6
12156,Hubli_Village_31,Hubli,Karnataka,2023,77,21,279,12.2
12156,Hubli_Village_31,Hubli,Karnataka,2024,195,29,353,10.6
12156,Hubli_Village_31,Hubli,Karnataka,2025,108,35,265,4.1
12157,Hubli_Village_32,Hubli,Karnataka,2022,237,32,310,5.0
12157,Hubli_Village_32,Hubli,Karnataka,2023,112,32,321,8.2
12157,Hubli_Village_32,Hubli,Karnataka,2024,234,26,251,4.0
12157,Hubli_Village_32,Hubli,Karnataka,2025,141,9,313,12.8
12158,Hubli_Village_33,Hubli,Karnataka,2022,228,12,235,4.7
12158,Hubli_Village_33,Hubli,Karnataka,2023,105,32,363,4.4
12158,Hubli_Village_33,Hubli,Karnataka,2024,204,16,302,5.4
12158,Hubli_Village_33,Hubli,Karnataka,2025,209,29,335,9.9
12159,Hubli_Village_34,Hubli,Karnataka,2022,160,19,325,10.2
12159,Hubli_Village_34,Hubli,Karnataka,2023,186,38,360,11.0
12159,Hubli_Village_34,Hubli,Karnataka,2024,281,17,328,13.1
12159,Hubli_Village_34,Hubli,Karnataka,2025,273,12,259,8.1
12160,Hubli_Village_35,Hubli,Karnataka,2022,261,17,243,5.0
12160,Hubli_Village_35,Hubli,Karnataka,2023,269,10,311,12.1
12160,Hubli_Village_35,Hubli,Karnataka,2024,274,36,265,12.2
12160,Hubli_Village_35,Hubli,Karnataka,2025,117,25,274,3.8
12161,Hubli_Village_36,Hubli,Karnataka,2022,95,11,225,7.0
12161,Hubli_Village_36,Hubli,Karnataka,2023,298,30,299,12.2
12161,Hubli_Village_36,Hubli,Karnataka,2024,275,19,330,7.6
12161,Hubli_Village_36,Hubli,Karnataka,2025,289,27,365,8.3
12162,Hubli_Village_37,Hubli,Karnataka,2022,116,19,230,13.1
12162,Hubli_Village_37,Hubli,Karnataka,2023,203,20,231,5.1
12162,Hubli_Village_37,Hubli,Karnataka,2024,185,36,327,10.8
12162,Hubli_Village_37,Hubli,Karnataka,2025,55,22,370,5.6
12163,Hubli_Village_38,Hubli,Karnataka,2022,257,24,223,5.2
12163,Hubli_Village_38,Hubli,Karnataka,2023,73,6,336,11.1
12163,Hubli_Village_38,Hubli,Karnataka,2024,225,27,361,5.0
12163,Hubli_Village_38,Hubli,Karnataka,2025,280,34,381,11.1
12164,Hubli_Village_39,Hubli,Karnataka,2022,143,7,329,6.6
12164,Hubli_Village_39,Hubli,Karnataka,2023,222,5,337,4.6
12164,Hubli_Village_39,Hubli,Karnataka,2024,62,26,267,4.7
12164,Hubli_Village_39,Hubli,Karnataka,2025,246,33,387,12.1
12165,Hubli_Village_40,Hubli,Karnataka,2022,74,18,330,8.4
12165,Hubli_Village_40,Hubli,Karnataka,2023,197,32,271,7.3
12165,Hubli_Village_40,Hubli,Karnataka,2024,167,25,271,8.9
12165,Hubli_Village_40,Hubli,Karnataka,2025,131,36,297,9.9
12166,Hubli_Village_41,Hubli,Karnataka,2022,160,10,318,4.9
12166,Hubli_Village_41,Hubli,Karnataka,2023,131,5,335,13.5
12166,Hubli_Village_41,Hubli,Karnataka,2024,115,25,285,13.8
12166,Hubli_Village_41,Hubli,Karnataka,2025,251,8,331,7.7
12167,Hubli_Village_42,Hubli,Karnataka,2022,296,7,275,8.8
12167,Hubli_Village_42,Hubli,Karnataka,2023,94,34,299,13.3
12167,Hubli_Village_42,Hubli,Karnataka,2024,163,35,314,8.2
12167,Hubli_Village_42,Hubli,Karnataka,2025,224,38,325,12.3
12168,Hubli_Village_43,Hubli,Karnataka,2022,112,23,207,4.8
12168,Hubli_Village_43,Hubli,Karnataka,2023,125,24,225,9.2
12168,Hubli_Village_43,Hubli,Karnataka,2024,288,27,367,13.7
12168,Hubli_Village_43,Hubli,Karnataka,2025,254,29,359,6.0
12169,Hubli_Village_44,Hubli,Karnataka,2022,163,19,280,7.3
12169,Hubli_Village_44,Hubli,Karnataka,2023,160,27,301,10.7
12169,Hubli_Village_44,Hubli,Karnataka,2024,298,6,271,13.4
12169,Hubli_Village_44,Hubli,Karnataka,2025,232,19,281,5.4
12170,Hubli_Village_45,Hubli,Karnataka,2022,252,39,291,14.2
12170,Hubli_Village_45,Hubli,Karnataka,2023,196,14,299,11.1
12170,Hubli_Village_45,Hubli,Karnataka,2024,84,18,288,14.1
12170,Hubli_Village_45,Hubli,Karnataka,2025,280,31,281,11.0
12171,Hubli_Village_46,Hubli,Karnataka,2022,102,18,220,11.5
12171,Hubli_Village_46,Hubli,Karnataka,2023,75,39,344,12.7
12171,Hubli_Village_46,Hubli,Karnataka,2024,287,37,312,5.5
12171,Hubli_Village_46,Hubli,Karnataka,2025,63,5,387,13.2
12172,Hubli_Village_47,Hubli,Karnataka,2022,167,38,200,6.2
12172,Hubli_Village_47,Hubli,Karnataka,2023,94,23,321,4.4
12172,Hubli_Village_47,Hubli,Karnataka,2024,221,28,257,11.0
12172,Hubli_Village_47,Hubli,Karnataka,2025,265,8,294,5.2
12173,Hubli_Village_48,Hubli,Karnataka,2022,282,17,234,12.5
12173,Hubli_Village_48,Hubli,Karnataka,2023,242,36,351,12.4
12173,Hubli_Village_48,Hubli,Karnataka,2024,100,13,361,6.2
12173,Hubli_Village_48,Hubli,Karnataka,2025,220,20,285,4.2
12174,Hubli_Village_49,Hubli,Karnataka,2022,168,7,266,9.8
12174,Hubli_Village_49,Hubli,Karnataka,2023,263,24,262,13.4
12174,Hubli_Village_49,Hubli,Karnataka,2024,200,14,315,12.6
12174,Hubli_Village_49,Hubli,Karnataka,2025,233,26,302,4.5
12175,Hubli_Village_50,Hubli,Karnataka,2022,295,7,238,14.6
12175,Hubli_Village_50,Hubli,Karnataka,2023,68,15,239,6.9
12175,Hubli_Village_50,Hubli,Karnataka,2024,131,29,289,7.4
12175,Hubli_Village_50,Hubli,Karnataka,2025,125,12,361,4.9
12176,Hubli_Village_51,Hubli,Karnataka,2022,232,13,285,8.5
12176,Hubli_Village_51,Hubli,Karnataka,2023,269,19,328,10.8
12176,Hubli_Village_51,Hubli,Karnataka,2024,141,36,313,9.0
12176,Hubli_Village_51,Hubli,Karnataka,2025,237,7,368,12.0
12177,Hubli_Village_52,Hubli,Karnataka,2022,236,8,310,11.2
12177,Hubli_Village_52,Hubli,Karnataka,2023,82,34,256,6.9
12177,Hubli_Village_52,Hubli,Karnataka,2024,196,17,281,9.6
12177,Hubli_Village_52,Hubli,Karnataka,2025,77,25,292,4.0
12178,Hubli_Village_53,Hubli,Karnataka,2022,172,23,231,10.6
12178,Hubli_Village_53,Hubli,Karnataka,2023,229,26,345,8.2
12178,Hubli_Village_53,Hubli,Karnataka,2024,175,24,347,4.7
12178,Hubli_Village_53,Hubli,Karnataka,2025,226,35,267,6.5
12179,Hubli_Village_54,Hubli,Karnataka,2022,86,14,334,13.9
12179,Hubli_Village_54,Hubli,Karnataka,2023,203,22,341,10.3
12179,Hubli_Village_54,Hubli,Karnataka,2024,148,24,266,13.2
12179,Hubli_Village_54,Hubli,Karnataka,2025,147,22,251,7.6
12180,Hubli_Village_55,Hubli,Karnataka,2022,176,15,276,14.8
12180,Hubli_Village_55,Hubli,Karnataka,2023,276,26,296,7.9
12180,Hubli_Village_55,Hubli,Karnataka,2024,217,22,324,11.6
12180,Hubli_Village_55,Hubli,Karnataka,2025,129,38,266,6.5
12181,Hubli_Village_56,Hubli,Karnataka,2022,87,27,277,5.6
12181,Hubli_Village_56,Hubli,Karnataka,2023,126,5,296,12.8
12181,Hubli_Village_56,Hubli,Karnataka,2024,175,14,374,11.7
12181,Hubli_Village_56,Hubli,Karnataka,2025,136,5,263,11.9
12182,Hubli_Village_57,Hubli,Karnataka,2022,103,13,294,7.6
12182,Hubli_Village_57,Hubli,Karnataka,2023,199,35,253,11.5
12182,Hubli_Village_57,Hubli,Karnataka,2024,65,11,346,6.0
12182,Hubli_Village_57,Hubli,Karnataka,2025,77,21,280,3.4
12183,Hubli_Village_58,Hubli,Karnataka,2022,289,39,214,13.6
12183,Hubli_Village_58,Hubli,Karnataka,2023,212,22,274,9.6
12183,Hubli_Village_58,Hubli,Karnataka,2024,237,37,373,14.0
12183,Hubli_Village_58,Hubli,Karnataka,2025,222,8,333,7.3
12184,Hubli_Village_59,Hubli,Karnataka,2022,95,27,215,14.5
12184,Hubli_Village_59,Hubli,Karnataka,2023,121,15,312,10.6
12184,Hubli_Village_59,Hubli,Karnataka,2024,285,13,333,9.1
12184,Hubli_Village_59,Hubli,Karnataka,2025,232,34,288,6.5
12185,Hubli_Village_60,Hubli,Karnataka,2022,296,12,250,13.2
12185,Hubli_Village_60,Hubli,Karnataka,2023,263,9,232,12.8
12185,Hubli_Village_60,Hubli,Karnataka,2024,134,16,234,8.1
12185,Hubli_Village_60,Hubli,Karnataka,2025,75,5,250,10.9
12186,Hubli_Village_61,Hubli,Karnataka,2022,281,19,275,9.2
12186,Hubli_Village_61,Hubli,Karnataka,2023,134,29,329,11.9
12186,Hubli_Village_61,Hubli,Karnataka,2024,202,22,241,14.1
12186,Hubli_Village_61,Hubli,Karnataka,2025,282,30,256,6.1
12187,Hubli_Village_62,Hubli,Karnataka,2022,114,7,272,11.2
12187,Hubli_Village_62,Hubli,Karnataka,2023,183,26,320,8.1
12187,Hubli_Village_62,Hubli,Karnataka,2024,200,30,379,9.5
12187,Hubli_Village_62,Hubli,Karnataka,2025,164,23,293,12.5
12188,Hubli_Village_63,Hubli,Karnataka,2022,113,25,203,8.1
12188,Hubli_Village_63,Hubli,Karnataka,2023,136,30,217,4.9
12188,Hubli_Village_63,Hubli,Karnataka,2024,220,17,373,12.1
12188,Hubli_Village_63,Hubli,Karnataka,2025,156,28,258,9.1
12189,Hubli_Village_64,Hubli,Karnataka,2022,200,30,263,9.2
12189,Hubli_Village_64,Hubli,Karnataka,2023,145,25,334,6.0
12189,Hubli_Village_64,Hubli,Karnataka,2024,207,22,297,4.7
12189,Hubli_Village_64,Hubli,Karnataka,2025,126,19,303,6.2
12190,Hubli_Village_65,Hubli,Karnataka,2022,284,19,329,12.0
12190,Hubli_Village_65,Hubli,Karnataka,2023,195,10,333,8.4
12190,Hubli_Village_65,Hubli,Karnataka,2024,136,35,239,9.7
12190,Hubli_Village_65,Hubli,Karnataka,2025,256,32,319,4.2
12191,Hubli_Village_66,Hubli,Karnataka,2022,274,12,289,5.8
12191,Hubli_Village_66,Hubli,Karnataka,2023,198,33,315,4.2
12191,Hubli_Village_66,Hubli,Karnataka,2024,106,25,361,10.8
12191,Hubli_Village_66,Hubli,Karnataka,2025,152,21,272,6.1
12192,Hubli_Village_67,Hubli,Karnataka,2022,200,28,329,14.7
12192,Hubli_Village_67,Hubli,Karnataka,2023,140,35,280,7.3
12192,Hubli_Village_67,Hubli,Karnataka,2024,94,38,373,7.5
12192,Hubli_Village_67,Hubli,Karnataka,2025,221,6,368,8.2
12193,Hubli_Village_68,Hubli,Karnataka,2022,259,7,256,7.9
12193,Hubli_Village_68,Hubli,Karnataka,2023,137,34,235,12.7
12193,Hubli_Village_68,Hubli,Karnataka,2024,164,12,332,12.9
12193,Hubli_Village_68,Hubli,Karnataka,2025,96,11,302,3.4
12194,Hubli_Village_69,Hubli,Karnataka,2022,217,16,236,11.4
12194,Hubli_Village_69,Hubli,Karnataka,2023,228,23,357,11.3
12194,Hubli_Village_69,Hubli,Karnataka,2024,219,30,361,13.8
12194,Hubli_Village_69,Hubli,Karnataka,2025,184,32,291,7.2
12195,Hubli_Village_70,Hubli,Karnataka,2022,99,19,302,6.6
12195,Hubli_Village_70,Hubli,Karnataka,2023,225,18,286,9.6
12195,Hubli_Village_70,Hubli,Karnataka,2024,133,18,318,8.4
12195,Hubli_Village_70,Hubli,Karnataka,2025,140,7,302,11.6
12196,Hubli_Village_71,Hubli,Karnataka,2022,183,33,304,14.0
12196,Hubli_Village_71,Hubli,Karnataka,2023,140,10,283,5.0
12196,Hubli_Village_71,Hubli,Karnataka,2024,186,27,275,12.6
12196,Hubli_Village_71,Hubli,Karnataka,2025,294,32,269,12.8
12197,Hubli_Village_72,Hubli,Karnataka,2022,158,18,320,14.2
12197,Hubli_Village_72,Hubli,Karnataka,2023,106,18,249,12.1
12197,Hubli_Village_72,Hubli,Karnataka,2024,80,24,244,11.5
12197,Hubli_Village_72,Hubli,Karnataka,2025,70,17,350,3.5
12198,Hubli_Village_73,Hubli,Karnataka,2022,139,31,327,14.2
12198,Hubli_Village_73,Hubli,Karnataka,2023,89,39,288,7.8
12198,Hubli_Village_73,Hubli,Karnataka,2024,161,6,317,4.1
12198,Hubli_Village_73,Hubli,Karnataka,2025,94,28,273,7.6
12199,Hubli_Village_74,Hubli,Karnataka,2022,126,33,237,12.2
12199,Hubli_Village_74,Hubli,Karnataka,2023,226,7,238,8.7
12199,Hubli_Village_74,Hubli,Karnataka,2024,136,8,248,11.7
12199,Hubli_Village_74,Hubli,Karnataka,2025,197,6,293,8.6
12200,Hubli_Village_75,Hubli,Karnataka,2022,150,24,243,7.6
12200,Hubli_Village_75,Hubli,Karnataka,2023,295,19,249,6.2
12200,Hubli_Village_75,Hubli,Karnataka,2024,166,36,371,8.1
12200,Hubli_Village_75,Hubli,Karnataka,2025,141,5,300,3.7
12201,Hubli_Village_76,Hubli,Karnataka,2022,194,39,333,8.9
12201,Hubli_Village_76,Hubli,Karnataka,2023,77,11,246,4.8
12201,Hubli_Village_76,Hubli,Karnataka,2024,218,17,255,12.9
12201,Hubli_Village_76,Hubli,Karnataka,2025,243,5,387,9.3
12202,Hubli_Village_77,Hubli,Karnataka,2022,74,18,255,11.3
12202,Hubli_Village_77,Hubli,Karnataka,2023,107,33,251,7.1
12202,Hubli_Village_77,Hubli,Karnataka,2024,291,7,354,6.1
12202,Hubli_Village_77,Hubli,Karnataka,2025,90,28,297,10.7
12203,Hubli_Village_78,Hubli,Karnataka,2022,183,5,300,11.6
12203,Hubli_Village_78,Hubli,Karnataka,2023,124,14,292,5.4
12203,Hubli_Village_78,Hubli,Karnataka,2024,298,17,265,6.2
12203,Hubli_Village_78,Hubli,Karnataka,2025,87,13,345,13.2
12204,Hubli_Village_79,Hubli,Karnataka,2022,183,18,210,7.7
12204,Hubli_Village_79,Hubli,Karnataka,2023,222,14,241,4.4
12204,Hubli_Village_79,Hubli,Karnataka,2024,124,27,231,4.4
12204,Hubli_Village_79,Hubli,Karnataka,2025,191,39,266,11.4
12205,Hubli_Village_80,Hubli,Karnataka,2022,115,11,265,12.5
12205,Hubli_Village_80,Hubli,Karnataka,2023,217,39,326,8.1
12205,Hubli_Village_80,Hubli,Karnataka,2024,52,6,246,5.3
12205,Hubli_Village_80,Hubli,Karnataka,2025,296,19,376,8.5
12206,Hubli_Village_81,Hubli,Karnataka,2022,166,13,213,8.0
12206,Hubli_Village_81,Hubli,Karnataka,2023,148,21,221,8.0
12206,Hubli_Village_81,Hubli,Karnataka,2024,274,22,308,6.4
12206,Hubli_Village_81,Hubli,Karnataka,2025,201,19,388,4.0
12207,Hubli_Village_82,Hubli,Karnataka,2022,68,22,303,12.8
12207,Hubli_Village_82,Hubli,Karnataka,2023,195,28,361,10.6
12207,Hubli_Village_82,Hubli,Karnataka,2024,241,27,230,12.5
12207,Hubli_Village_82,Hubli,Karnataka,2025,290,16,275,8.6
12208,Hubli_Village_83,Hubli,Karnataka,2022,165,27,327,14.8
12208,Hubli_Village_83,Hubli,Karnataka,2023,174,25,346,14.2
12208,Hubli_Village_83,Hubli,Karnataka,2024,137,30,320,6.6
12208,Hubli_Village_83,Hubli,Karnataka,2025,286,12,302,7.4
12209,Hubli_Village_84,Hubli,Karnataka,2022,84,34,255,12.4
12209,Hubli_Village_84,Hubli,Karnataka,2023,239,38,257,12.3
12209,Hubli_Village_84,Hubli,Karnataka,2024,50,6,303,13.3
12209,Hubli_Village_84,Hubli,Karnataka,2025,277,9,293,10.2
12210,Hubli_Village_85,Hubli,Karnataka,2022,202,35,311,9.5
12210,Hubli_Village_85,Hubli,Karnataka,2023,222,37,322,8.1
12210,Hubli_Village_85,Hubli,Karnataka,2024,226,8,289,8.1
12210,Hubli_Village_85,Hubli,Karnataka,2025,175,10,338,12.2
12211,Hubli_Village_86,Hubli,Karnataka,2022,284,27,343,14.8
12211,Hubli_Village_86,Hubli,Karnataka,2023,275,23,287,4.6
12211,Hubli_Village_86,Hubli,Karnataka,2024,138,12,328,9.8
12211,Hubli_Village_86,Hubli,Karnataka,2025,193,17,358,8.8
12212,Hubli_Village_87,Hubli,Karnataka,2022,275,5,214,8.4
12212,Hubli_Village_87,Hubli,Karnataka,2023,270,10,277,13.0
12212,Hubli_Village_87,Hubli,Karnataka,2024,196,11,257,9.7
12212,Hubli_Village_87,Hubli,Karnataka,2025,200,31,392,6.6
12213,Hubli_Village_88,Hubli,Karnataka,2022,260,19,235,9.2
12213,Hubli_Village_88,Hubli,Karnataka,2023,74,38,339,7.8
12213,Hubli_Village_88,Hubli,Karnataka,2024,65,27,370,8.2
12213,Hubli_Village_88,Hubli,Karnataka,2025,231,28,306,4.0
12214,Hubli_Village_89,Hubli,Karnataka,2022,292,19,212,5.7
12214,Hubli_Village_89,Hubli,Karnataka,2023,122,39,302,10.6
12214,Hubli_Village_89,Hubli,Karnataka,2024,178,8,269,10.9
12214,Hubli_Village_89,Hubli,Karnataka,2025,91,21,368,10.0
12215,Hubli_Village_90,Hubli,Karnataka,2022,196,35,224,12.5
12215,Hubli_Village_90,Hubli,Karnataka,2023,274,14,238,14.0
12215,Hubli_Village_90,Hubli,Karnataka,2024,211,31,326,12.7
12215,Hubli_Village_90,Hubli,Karnataka,2025,129,10,283,7.7
12216,Hubli_Village_91,Hubli,Karnataka,2022,285,10,308,6.8
12216,Hubli_Village_91,Hubli,Karnataka,2023,153,19,275,7.4
12216,Hubli_Village_91,Hubli,Karnataka,2024,232,8,249,9.9
12216,Hubli_Village_91,Hubli,Karnataka,2025,195,11,260,12.3
12217,Hubli_Village_92,Hubli,Karnataka,2022,83,30,348,11.9
12217,Hubli_Village_92,Hubli,Karnataka,2023,138,35,229,9.8
12217,Hubli_Village_92,Hubli,Karnataka,2024,174,6,271,10.0
12217,Hubli_Village_92,Hubli,Karnataka,2025,94,32,248,8.8
12218,Hubli_Village_93,Hubli,Karnataka,2022,183,17,330,14.7
12218,Hubli_Village_93,Hubli,Karnataka,2023,70,22,328,12.7
12218,Hubli_Village_93,Hubli,Karnataka,2024,171,34,358,11.9
12218,Hubli_Village_93,Hubli,Karnataka,2025,119,15,385,8.7
12219,Hubli_Village_94,Hubli,Karnataka,2022,145,17,253,8.0
12219,Hubli_Village_94,Hubli,Karnataka,2023,154,28,296,4.3
12219,Hubli_Village_94,Hubli,Karnataka,2024,97,33,269,4.2
12219,Hubli_Village_94,Hubli,Karnataka,2025,284,9,371,3.6
12220,Hubli_Village_95,Hubli,Karnataka,2022,88,39,338,14.8
12220,Hubli_Village_95,Hubli,Karnataka,2023,80,23,256,5.3
12220,Hubli_Village_95,Hubli,Karnataka,2024,283,17,322,5.2
12220,Hubli_Village_95,Hubli,Karnataka,2025,59,9,248,8.4
12221,Hubli_Village_96,Hubli,Karnataka,2022,79,18,224,9.6
12221,Hubli_Village_96,Hubli,Karnataka,2023,298,26,314,13.8
12221,Hubli_Village_96,Hubli,Karnataka,2024,293,13,354,4.5
12221,Hubli_Village_96,Hubli,Karnataka,2025,67,30,284,13.4
12222,Hubli_Village_97,Hubli,Karnataka,2022,237,9,291,6.8
12222,Hubli_Village_97,Hubli,Karnataka,2023,137,33,350,14.3
12222,Hubli_Village_97,Hubli,Karnataka,2024,293,26,314,9.4
12222,Hubli_Village_97,Hubli,Karnataka,2025,174,7,279,10.1
12223,Hubli_Village_98,Hubli,Karnataka,2022,122,32,345,7.8
12223,Hubli_Village_98,Hubli,Karnataka,2023,272,18,261,10.5
12223,Hubli_Village_98,Hubli,Karnataka,2024,64,18,234,11.2
12223,Hubli_Village_98,Hubli,Karnataka,2025,53,15,369,3.4
12224,Hubli_Village_99,Hubli,Karnataka,2022,240,13,310,4.9
12224,Hubli_Village_99,Hubli,Karnataka,2023,217,10,286,14.5
12224,Hubli_Village_99,Hubli,Karnataka,2024,58,5,316,8.5
12224,Hubli_Village_99,Hubli,Karnataka,2025,158,29,247,13.1
12225,Hubli_Village_100,Hubli,Karnataka,2022,186,20,292,12.2
12225,Hubli_Village_100,Hubli,Karnataka,2023,203,19,255,8.0
12225,Hubli_Village_100,Hubli,Karnataka,2024,181,38,377,5.3
12225,Hubli_Village_100,Hubli,Karnataka,2025,258,21,331,13.6
12226,Hubli_Village_101,Hubli,Karnataka,2022,65,7,284,10.6
12226,Hubli_Village_101,Hubli,Karnataka,2023,192,7,350,6.1
12226,Hubli_Village_101,Hubli,Karnataka,2024,148,21,362,10.9
12226,Hubli_Village_101,Hubli,Karnataka,2025,170,5,269,4.3
12227,Hubli_Village_102,Hubli,Karnataka,2022,101,11,238,13.6
12227,Hubli_Village_102,Hubli,Karnataka,2023,118,30,339,5.0
12227,Hubli_Village_102,Hubli,Karnataka,2024,296,23,334,6.2
12227,Hubli_Village_102,Hubli,Karnataka,2025,54,34,249,4.3
12228,Hubli_Village_103,Hubli,Karnataka,2022,69,18,335,5.6
12228,Hubli_Village_103,Hubli,Karnataka,2023,128,17,218,9.6
12228,Hubli_Village_103,Hubli,Karnataka,2024,195,24,289,10.9
12228,Hubli_Village_103,Hubli,Karnataka,2025,160,30,298,11.6
12229,Hubli_Village_104,Hubli,Karnataka,2022,51,31,349,11.8
12229,Hubli_Village_104,Hubli,Karnataka,2023,142,29,292,7.9
12229,Hubli_Village_104,Hubli,Karnataka,2024,62,13,248,9.6
12229,Hubli_Village_104,Hubli,Karnataka,2025,53,16,343,13.0
12230,Hubli_Village_105,Hubli,Karnataka,2022,219,14,267,8.6
12230,Hubli_Village_105,Hubli,Karnataka,2023,158,10,247,6.8
12230,Hubli_Village_105,Hubli,Karnataka,2024,123,38,379,9.2
12230,Hubli_Village_105,Hubli,Karnataka,2025,238,23,383,6.4
12231,Hubli_Village_106,Hubli,Karnataka,2022,144,10,215,7.2
12231,Hubli_Village_106,Hubli,Karnataka,2023,154,6,341,12.3
12231,Hubli_Village_106,Hubli,Karnataka,2024,57,19,322,13.1
12231,Hubli_Village_106,Hubli,Karnataka,2025,116,21,288,8.6
12232,Hubli_Village_107,Hubli,Karnataka,2022,289,20,208,12.7
12232,Hubli_Village_107,Hubli,Karnataka,2023,240,32,292,6.1
12232,Hubli_Village_107,Hubli,Karnataka,2024,159,25,308,9.5
12232,Hubli_Village_107,Hubli,Karnataka,2025,58,12,330,10.0
12233,Hubli_Village_108,Hubli,Karnataka,2022,271,14,214,9.7
12233,Hubli_Village_108,Hubli,Karnataka,2023,166,14,220,5.3
12233,Hubli_Village_108,Hubli,Karnataka,2024,60,14,230,11.4
12233,Hubli_Village_108,Hubli,Karnataka,2025,148,13,264,12.1
12234,Hubli_Village_109,Hubli,Karnataka,2022,278,32,329,11.2
12234,Hubli_Village_109,Hubli,Karnataka,2023,91,28,284,5.9
12234,Hubli_Village_109,Hubli,Karnataka,2024,190,23,231,4.5
12234,Hubli_Village_109,Hubli,Karnataka,2025,213,37,375,6.5
12235,Hubli_Village_110,Hubli,Karnataka,2022,169,8,206,4.9
12235,Hubli_Village_110,Hubli,Karnataka,2023,190,7,298,12.9
12235,Hubli_Village_110,Hubli,Karnataka,2024,61,16,283,11.1
12235,Hubli_Village_110,Hubli,Karnataka,2025,86,22,285,9.2
12236,Hubli_Village_111,Hubli,Karnataka,2022,123,27,314,13.8
12236,Hubli_Village_111,Hubli,Karnataka,2023,297,24,347,5.3
12236,Hubli_Village_111,Hubli,Karnataka,2024,122,10,331,11.2
12236,Hubli_Village_111,Hubli,Karnataka,2025,101,38,326,4.8
12237,Hubli_Village_112,Hubli,Karnataka,2022,248,6,262,5.1
12237,Hubli_Village_112,Hubli,Karnataka,2023,179,34,215,5.5
12237,Hubli_Village_112,Hubli,Karnataka,2024,295,13,254,13.7
12237,Hubli_Village_112,Hubli,Karnataka,2025,105,31,387,7.9
12238,Hubli_Village_113,Hubli,Karnataka,2022,109,38,344,5.0
12238,Hubli_Village_113,Hubli,Karnataka,2023,72,28,363,10.2
12238,Hubli_Village_113,Hubli,Karnataka,2024,152,21,284,5.8
12238,Hubli_Village_113,Hubli,Karnataka,2025,89,33,351,3.4
12239,Hubli_Village_114,Hubli,Karnataka,2022,113,16,337,12.5
12239,Hubli_Village_114,Hubli,Karnataka,2023,280,35,279,5.7
12239,Hubli_Village_114,Hubli,Karnataka,2024,134,13,266,13.6
12239,Hubli_Village_114,Hubli,Karnataka,2025,200,23,356,9.5
12240,Hubli_Village_115,Hubli,Karnataka,2022,206,21,206,5.4
12240,Hubli_Village_115,Hubli,Karnataka,2023,255,6,290,6.4
12240,Hubli_Village_115,Hubli,Karnataka,2024,267,9,269,10.1
12240,Hubli_Village_115,Hubli,Karnataka,2025,228,20,245,6.9
12241,Hubli_Village_116,Hubli,Karnataka,2022,246,21,347,10.1
12241,Hubli_Village_116,Hubli,Karnataka,2023,296,31,322,12.5
12241,Hubli_Village_116,Hubli,Karnataka,2024,272,11,297,12.0
12241,Hubli_Village_116,Hubli,Karnataka,2025,138,12,256,10.6
12242,Hubli_Village_117,Hubli,Karnataka,2022,80,12,349,13.8
12242,Hubli_Village_117,Hubli,Karnataka,2023,227,27,343,6.2
12242,Hubli_Village_117,Hubli,Karnataka,2024,69,36,355,5.6
12242,Hubli_Village_117,Hubli,Karnataka,2025,285,22,245,11.7
12243,Hubli_Village_118,Hubli,Karnataka,2022,232,16,330,7.9
12243,Hubli_Village_118,Hubli,Karnataka,2023,258,19,331,9.5
12243,Hubli_Village_118,Hubli,Karnataka,2024,286,32,378,11.5
12243,Hubli_Village_118,Hubli,Karnataka,2025,179,35,257,7.5
12244,Hubli_Village_119,Hubli,Karnataka,2022,202,13,340,5.9
12244,Hubli_Village_119,Hubli,Karnataka,2023,62,12,319,11.2
12244,Hubli_Village_119,Hubli,Karnataka,2024,171,23,363,12.3
12244,Hubli_Village_119,Hubli,Karnataka,2025,152,12,269,3.4
12245,Hubli_Village_120,Hubli,Karnataka,2022,269,38,287,10.4
12245,Hubli_Village_120,Hubli,Karnataka,2023,155,8,315,9.0
12245,Hubli_Village_120,Hubli,Karnataka,2024,168,35,255,6.4
12245,Hubli_Village_120,Hubli,Karnataka,2025,119,7,376,5.0
12246,Hubli_Village_121,Hubli,Karnataka,2022,244,39,301,6.5
12246,Hubli_Village_121,Hubli,Karnataka,2023,235,23,314,11.7
12246,Hubli_Village_121,Hubli,Karnataka,2024,148,33,254,9.3
12246,Hubli_Village_121,Hubli,Karnataka,2025,131,14,392,13.6
12247,Hubli_Village_122,Hubli,Karnataka,2022,124,16,200,7.1
12247,Hubli_Village_122,Hubli,Karnataka,2023,167,34,308,14.1
12247,Hubli_Village_122,Hubli,Karnataka,2024,133,34,297,9.1
12247,Hubli_Village_122,Hubli,Karnataka,2025,241,22,267,4.8
12248,Hubli_Village_123,Hubli,Karnataka,2022,118,28,305,6.1
12248,Hubli_Village_123,Hubli,Karnataka,2023,260,36,364,10.5
12248,Hubli_Village_123,Hubli,Karnataka,2024,263,13,324,12.4
12248,Hubli_Village_123,Hubli,Karnataka,2025,108,28,306,11.2
12249,Hubli_Village_124,Hubli,Karnataka,2022,237,30,328,11.4
12249,Hubli_Village_124,Hubli,Karnataka,2023,260,7,282,5.9
12249,Hubli_Village_124,Hubli,Karnataka,2024,175,27,376,4.8
12249,Hubli_Village_124,Hubli,Karnataka,2025,160,15,274,3.3
12250,Hubli_Village_125,Hubli,Karnataka,2022,111,14,328,5.6
12250,Hubli_Village_125,Hubli,Karnataka,2023,193,17,262,12.1
12250,Hubli_Village_125,Hubli,Karnataka,2024,177,33,248,13.1
12250,Hubli_Village_125,Hubli,Karnataka,2025,265,17,371,5.8
12251,Belagavi_Village_1,Belagavi,Karnataka,2022,154,30,349,12.8
12251,Belagavi_Village_1,Belagavi,Karnataka,2023,117,24,264,6.2
12251,Belagavi_Village_1,Belagavi,Karnataka,2024,64,9,363,6.3
12251,Belagavi_Village_1,Belagavi,Karnataka,2025,266,24,393,5.7
12252,Belagavi_Village_2,Belagavi,Karnataka,2022,285,18,346,5.0
12252,Belagavi_Village_2,Belagavi,Karnataka,2023,232,18,277,6.1
12252,Belagavi_Village_2,Belagavi,Karnataka,2024,84,12,358,7.6
12252,Belagavi_Village_2,Belagavi,Karnataka,2025,232,17,292,7.6
12253,Belagavi_Village_3,Belagavi,Karnataka,2022,63,28,288,7.7
12253,Belagavi_Village_3,Belagavi,Karnataka,2023,226,19,341,9.5
12253,Belagavi_Village_3,Belagavi,Karnataka,2024,260,5,378,7.7
12253,Belagavi_Village_3,Belagavi,Karnataka,2025,151,26,280,13.5
12254,Belagavi_Village_4,Belagavi,Karnataka,2022,149,38,280,13.0
12254,Belagavi_Village_4,Belagavi,Karnataka,2023,56,7,261,13.9
12254,Belagavi_Village_4,Belagavi,Karnataka,2024,79,30,377,9.6
12254,Belagavi_Village_4,Belagavi,Karnataka,2025,260,18,271,10.4
12255,Belagavi_Village_5,Belagavi,Karnataka,2022,98,12,251,6.3
12255,Belagavi_Village_5,Belagavi,Karnataka,2023,266,20,289,12.0
12255,Belagavi_Village_5,Belagavi,Karnataka,2024,193,25,321,6.2
12255,Belagavi_Village_5,Belagavi,Karnataka,2025,160,14,306,4.8
12256,Belagavi_Village_6,Belagavi,Karnataka,2022,295,29,265,4.9
12256,Belagavi_Village_6,Belagavi,Karnataka,2023,281,26,294,9.1
12256,Belagavi_Village_6,Belagavi,Karnataka,2024,228,8,369,6.7
12256,Belagavi_Village_6,Belagavi,Karnataka,2025,121,8,388,13.7
12257,Belagavi_Village_7,Belagavi,Karnataka,2022,259,34,329,7.1
12257,Belagavi_Village_7,Belagavi,Karnataka,2023,269,6,278,13.2
12257,Belagavi_Village_7,Belagavi,Karnataka,2024,129,33,258,7.0
12257,Belagavi_Village_7,Belagavi,Karnataka,2025,293,25,331,11.2
12258,Belagavi_Village_8,Belagavi,Karnataka,2022,132,25,295,11.4
12258,Belagavi_Village_8,Belagavi,Karnataka,2023,91,25,245,10.0
12258,Belagavi_Village_8,Belagavi,Karnataka,2024,66,8,312,8.1
12258,Belagavi_Village_8,Belagavi,Karnataka,2025,240,5,387,10.3
12259,Belagavi_Village_9,Belagavi,Karnataka,2022,222,30,232,8.8
12259,Belagavi_Village_9,Belagavi,Karnataka,2023,254,6,314,9.9
12259,Belagavi_Village_9,Belagavi,Karnataka,2024,56,13,377,9.9
12259,Belagavi_Village_9,Belagavi,Karnataka,2025,204,22,317,6.1
12260,Belagavi_Village_10,Belagavi,Karnataka,2022,59,15,330,8.1
12260,Belagavi_Village_10,Belagavi,Karnataka,2023,83,29,232,4.3
12260,Belagavi_Village_10,Belagavi,Karnataka,2024,85,30,355,12.6
12260,Belagavi_Village_10,Belagavi,Karnataka,2025,202,39,251,11.2
12261,Belagavi_Village_11,Belagavi,Karnataka,2022,55,7,323,6.4
12261,Belagavi_Village_11,Belagavi,Karnataka,2023,201,39,328,7.9
12261,Belagavi_Village_11,Belagavi,Karnataka,2024,195,26,313,8.1
12261,Belagavi_Village_11,Belagavi,Karnataka,2025,264,12,328,6.8
12262,Belagavi_Village_12,Belagavi,Karnataka,2022,183,19,282,12.9
12262,Belagavi_Village_12,Belagavi,Karnataka,2023,78,11,319,11.7
12262,Belagavi_Village_12,Belagavi,Karnataka,2024,175,23,331,11.8
12262,Belagavi_Village_12,Belagavi,Karnataka,2025,202,21,337,12.8
12263,Belagavi_Village_13,Belagavi,Karnataka,2022,232,5,259,10.7
12263,Belagavi_Village_13,Belagavi,Karnataka,2023,130,33,316,10.6
12263,Belagavi_Village_13,Belagavi,Karnataka,2024,223,17,253,11.3
12263,Belagavi_Village_13,Belagavi,Karnataka,2025,201,33,353,10.5
12264,Belagavi_Village_14,Belagavi,Karnataka,2022,124,10,339,13.6
12264,Belagavi_Village_14,Belagavi,Karnataka,2023,75,9,308,12.2
12264,Belagavi_Village_14,Belagavi,Karnataka,2024,176,38,293,5.0
12264,Belagavi_Village_14,Belagavi,Karnataka,2025,164,15,248,13.0
12265,Belagavi_Village_15,Belagavi,Karnataka,2022,175,13,293,11.7
12265,Belagavi_Village_15,Belagavi,Karnataka,2023,275,13,347,5.4
12265,Belagavi_Village_15,Belagavi,Karnataka,2024,77,12,245,11.8
12265,Belagavi_Village_15,Belagavi,Karnataka,2025,180,7,271,7.1
12266,Belagavi_Village_16,Belagavi,Karnataka,2022,124,17,331,13.0
12266,Belagavi_Village_16,Belagavi,Karnataka,2023,215,23,286,14.1
12266,Belagavi_Village_16,Belagavi,Karnataka,2024,238,38,277,6.4
12266,Belagavi_Village_16,Belagavi,Karnataka,2025,127,36,380,12.3
12267,Belagavi_Village_17,Belagavi,Karnataka,2022,228,20,280,12.6
12267,Belagavi_Village_17,Belagavi,Karnataka,2023,139,22,258,11.1
12267,Belagavi_Village_17,Belagavi,Karnataka,2024,225,18,281,7.7
12267,Belagavi_Village_17,Belagavi,Karnataka,2025,70,34,278,4.5
12268,Belagavi_Village_18,Belagavi,Karnataka,2022,103,6,220,9.6
12268,Belagavi_Village_18,Belagavi,Karnataka,2023,233,17,238,5.2
12268,Belagavi_Village_18,Belagavi,Karnataka,2024,152,31,273,9.0
12268,Belagavi_Village_18,Belagavi,Karnataka,2025,271,21,358,11.9
12269,Belagavi_Village_19,Belagavi,Karnataka,2022,108,35,302,15.0
12269,Belagavi_Village_19,Belagavi,Karnataka,2023,121,19,348,6.2
12269,Belagavi_Village_19,Belagavi,Karnataka,2024,228,24,285,5.9
12269,Belagavi_Village_19,Belagavi,Karnataka,2025,69,9,258,11.8
12270,Belagavi_Village_20,Belagavi,Karnataka,2022,161,11,300,9.4
12270,Belagavi_Village_20,Belagavi,Karnataka,2023,273,22,215,13.7
12270,Belagavi_Village_20,Belagavi,Karnataka,2024,263,15,241,11.8
12270,Belagavi_Village_20,Belagavi,Karnataka,2025,108,36,359,11.0
12271,Belagavi_Village_21,Belagavi,Karnataka,2022,120,31,305,5.6
12271,Belagavi_Village_21,Belagavi,Karnataka,2023,186,30,251,4.5
12271,Belagavi_Village_21,Belagavi,Karnataka,2024,158,32,232,7.0
12271,Belagavi_Village_21,Belagavi,Karnataka,2025,178,6,297,5.6
12272,Belagavi_Village_22,Belagavi,Karnataka,2022,206,24,299,12.0
12272,Belagavi_Village_22,Belagavi,Karnataka,2023,240,8,231,8.8
12272,Belagavi_Village_22,Belagavi,Karnataka,2024,249,17,342,9.2
12272,Belagavi_Village_22,Belagavi,Karnataka,2025,105,28,354,11.8
12273,Belagavi_Village_23,Belagavi,Karnataka,2022,295,33,342,9.5
12273,Belagavi_Village_23,Belagavi,Karnataka,2023,245,6,218,9.8
12273,Belagavi_Village_23,Belagavi,Karnataka,2024,84,22,374,12.5
12273,Belagavi_Village_23,Belagavi,Karnataka,2025,172,12,383,7.8
12274,Belagavi_Village_24,Belagavi,Karnataka,2022,180,19,211,5.4
12274,Belagavi_Village_24,Belagavi,Karnataka,2023,295,21,246,9.6
12274,Belagavi_Village_24,Belagavi,Karnataka,2024,286,27,272,9.8
12274,Belagavi_Village_24,Belagavi,Karnataka,2025,153,6,348,8.7
12275,Belagavi_Village_25,Belagavi,Karnataka,2022,56,10,292,7.2
12275,Belagavi_Village_25,Belagavi,Karnataka,2023,76,33,257,6.4
12275,Belagavi_Village_25,Belagavi,Karnataka,2024,50,31,360,7.6
12275,Belagavi_Village_25,Belagavi,Karnataka,2025,268,38,329,5.0
12276,Belagavi_Village_26,Belagavi,Karnataka,2022,257,22,234,11.5
12276,Belagavi_Village_26,Belagavi,Karnataka,2023,279,14,331,10.6
12276,Belagavi_Village_26,Belagavi,Karnataka,2024,248,21,249,10.3
12276,Belagavi_Village_26,Belagavi,Karnataka,2025,221,17,387,5.7
12277,Belagavi_Village_27,Belagavi,Karnataka,2022,136,31,284,7.1
12277,Belagavi_Village_27,Belagavi,Karnataka,2023,90,6,331,12.4
12277,Belagavi_Village_27,Belagavi,Karnataka,2024,172,38,335,10.9
12277,Belagavi_Village_27,Belagavi,Karnataka,2025,124,35,390,12.5
12278,Belagavi_Village_28,Belagavi,Karnataka,2022,91,27,304,8.7
12278,Belagavi_Village_28,Belagavi,Karnataka,2023,166,11,307,9.8
12278,Belagavi_Village_28,Belagavi,Karnataka,2024,210,37,270,11.5
12278,Belagavi_Village_28,Belagavi,Karnataka,2025,227,16,344,13.5
12279,Belagavi_Village_29,Belagavi,Karnataka,2022,112,16,268,14.9
12279,Belagavi_Village_29,Belagavi,Karnataka,2023,277,23,320,14.6
12279,Belagavi_Village_29,Belagavi,Karnataka,2024,214,13,368,13.1
12279,Belagavi_Village_29,Belagavi,Karnataka,2025,282,14,390,10.0
12280,Belagavi_Village_30,Belagavi,Karnataka,2022,236,21,339,4.6
12280,Belagavi_Village_30,Belagavi,Karnataka,2023,176,14,358,11.4
12280,Belagavi_Village_30,Belagavi,Karnataka,2024,258,16,256,6.2
12280,Belagavi_Village_30,Belagavi,Karnataka,2025,276,19,344,3.9
12281,Belagavi_Village_31,Belagavi,Karnataka,2022,225,35,344,11.8
12281,Belagavi_Village_31,Belagavi,Karnataka,2023,182,19,299,12.0
12281,Belagavi_Village_31,Belagavi,Karnataka,2024,97,32,348,10.6
12281,Belagavi_Village_31,Belagavi,Karnataka,2025,273,8,275,7.1
12282,Belagavi_Village_32,Belagavi,Karnataka,2022,52,5,308,9.9
12282,Belagavi_Village_32,Belagavi,Karnataka,2023,165,38,241,13.9
12282,Belagavi_Village_32,Belagavi,Karnataka,2024,224,21,316,11.4
12282,Belagavi_Village_32,Belagavi,Karnataka,2025,239,37,261,8.6
12283,Belagavi_Village_33,Belagavi,Karnataka,2022,148,25,210,10.7
12283,Belagavi_Village_33,Belagavi,Karnataka,2023,165,30,343,13.8
12283,Belagavi_Village_33,Belagavi,Karnataka,2024,63,9,311,7.8
12283,Belagavi_Village_33,Belagavi,Karnataka,2025,240,37,293,4.4
12284,Belagavi_Village_34,Belagavi,Karnataka,2022,161,5,240,7.9
12284,Belagavi_Village_34,Belagavi,Karnataka,2023,110,10,234,8.5
12284,Belagavi_Village_34,Belagavi,Karnataka,2024,208,6,300,6.6
12284,Belagavi_Village_34,Belagavi,Karnataka,2025,144,9,281,8.9
12285,Belagavi_Village_35,Belagavi,Karnataka,2022,66,30,325,7.7
12285,Belagavi_Village_35,Belagavi,Karnataka,2023,173,17,358,5.2
12285,Belagavi_Village_35,Belagavi,Karnataka,2024,73,16,268,5.7
12285,Belagavi_Village_35,Belagavi,Karnataka,2025,165,9,353,12.9
12286,Belagavi_Village_36,Belagavi,Karnataka,2022,200,6,263,11.1
12286,Belagavi_Village_36,Belagavi,Karnataka,2023,131,8,237,7.4
12286,Belagavi_Village_36,Belagavi,Karnataka,2024,99,31,261,7.6
12286,Belagavi_Village_36,Belagavi,Karnataka,2025,295,14,367,8.5
12287,Belagavi_Village_37,Belagavi,Karnataka,2022,255,17,218,11.6
12287,Belagavi_Village_37,Belagavi,Karnataka,2023,291,6,320,10.2
12287,Belagavi_Village_37,Belagavi,Karnataka,2024,128,30,296,13.5
12287,Belagavi_Village_37,Belagavi,Karnataka,2025,128,19,333,9.9
12288,Belagavi_Village_38,Belagavi,Karnataka,2022,119,14,259,14.1
12288,Belagavi_Village_38,Belagavi,Karnataka,2023,76,26,225,4.2
12288,Belagavi_Village_38,Belagavi,Karnataka,2024,64,29,278,13.1
12288,Belagavi_Village_38,Belagavi,Karnataka,2025,99,19,387,10.9
12289,Belagavi_Village_39,Belagavi,Karnataka,2022,85,17,327,6.3
12289,Belagavi_Village_39,Belagavi,Karnataka,2023,296,12,275,6.9
12289,Belagavi_Village_39,Belagavi,Karnataka,2024,57,25,372,9.4
12289,Belagavi_Village_39,Belagavi,Karnataka,2025,128,25,249,4.6
12290,Belagavi_Village_40,Belagavi,Karnataka,2022,180,26,228,12.7
12290,Belagavi_Village_40,Belagavi,Karnataka,2023,239,37,283,12.4
12290,Belagavi_Village_40,Belagavi,Karnataka,2024,96,31,379,6.9
12290,Belagavi_Village_40,Belagavi,Karnataka,2025,254,26,257,4.0
12291,Belagavi_Village_41,Belagavi,Karnataka,2022,154,34,315,14.9
12291,Belagavi_Village_41,Belagavi,Karnataka,2023,147,13,324,6.7
12291,Belagavi_Village_41,Belagavi,Karnataka,2024,265,39,309,4.4
12291,Belagavi_Village_41,Belagavi,Karnataka,2025,281,22,344,6.8
12292,Belagavi_Village_42,Belagavi,Karnataka,2022,145,9,216,14.7
12292,Belagavi_Village_42,Belagavi,Karnataka,2023,238,31,362,12.4
12292,Belagavi_Village_42,Belagavi,Karnataka,2024,209,10,343,8.7
12292,Belagavi_Village_42,Belagavi,Karnataka,2025,271,36,250,6.5
12293,Belagavi_Village_43,Belagavi,Karnataka,2022,165,12,221,8.9
12293,Belagavi_Village_43,Belagavi,Karnataka,2023,290,25,351,4.3
12293,Belagavi_Village_43,Belagavi,Karnataka,2024,62,22,317,11.2
12293,Belagavi_Village_43,Belagavi,Karnataka,2025,50,18,277,4.3
12294,Belagavi_Village_44,Belagavi,Karnataka,2022,83,19,269,9.9
12294,Belagavi_Village_44,Belagavi,Karnataka,2023,239,30,263,10.0
12294,Belagavi_Village_44,Belagavi,Karnataka,2024,128,36,333,3.7
12294,Belagavi_Village_44,Belagavi,Karnataka,2025,285,32,346,13.6
12295,Belagavi_Village_45,Belagavi,Karnataka,2022,127,36,343,7.7
12295,Belagavi_Village_45,Belagavi,Karnataka,2023,170,17,320,4.9
12295,Belagavi_Village_45,Belagavi,Karnataka,2024,142,19,311,12.7
12295,Belagavi_Village_45,Belagavi,Karnataka,2025,147,22,330,4.9
12296,Belagavi_Village_46,Belagavi,Karnataka,2022,131,10,213,4.8
12296,Belagavi_Village_46,Belagavi,Karnataka,2023,295,15,263,9.3
12296,Belagavi_Village_46,Belagavi,Karnataka,2024,248,36,279,5.1
12296,Belagavi_Village_46,Belagavi,Karnataka,2025,270,24,267,13.6
12297,Belagavi_Village_47,Belagavi,Karnataka,2022,296,37,265,4.6
12297,Belagavi_Village_47,Belagavi,Karnataka,2023,208,12,329,4.6
12297,Belagavi_Village_47,Belagavi,Karnataka,2024,241,39,257,12.4
12297,Belagavi_Village_47,Belagavi,Karnataka,2025,202,9,264,5.8
12298,Belagavi_Village_48,Belagavi,Karnataka,2022,87,39,320,14.1
12298,Belagavi_Village_48,Belagavi,Karnataka,2023,63,18,311,7.4
12298,Belagavi_Village_48,Belagavi,Karnataka,2024,185,25,348,4.4
12298,Belagavi_Village_48,Belagavi,Karnataka,2025,140,28,353,3.4
12299,Belagavi_Village_49,Belagavi,Karnataka,2022,103,21,225,7.5
12299,Belagavi_Village_49,Belagavi,Karnataka,2023,179,22,361,9.1
12299,Belagavi_Village_49,Belagavi,Karnataka,2024,258,38,335,3.7
12299,Belagavi_Village_49,Belagavi,Karnataka,2025,150,16,385,9.4
12300,Belagavi_Village_50,Belagavi,Karnataka,2022,255,20,261,8.0
12300,Belagavi_Village_50,Belagavi,Karnataka,2023,138,8,340,8.2
12300,Belagavi_Village_50,Belagavi,Karnataka,2024,105,29,371,6.4
12300,Belagavi_Village_50,Belagavi,Karnataka,2025,143,38,383,8.9
12301,Belagavi_Village_51,Belagavi,Karnataka,2022,142,32,266,6.9
12301,Belagavi_Village_51,Belagavi,Karnataka,2023,133,15,226,5.5
12301,Belagavi_Village_51,Belagavi,Karnataka,2024,134,17,264,13.1
12301,Belagavi_Village_51,Belagavi,Karnataka,2025,238,35,354,7.4
12302,Belagavi_Village_52,Belagavi,Karnataka,2022,294,29,213,5.3
12302,Belagavi_Village_52,Belagavi,Karnataka,2023,71,14,315,6.5
12302,Belagavi_Village_52,Belagavi,Karnataka,2024,84,28,289,7.0
12302,Belagavi_Village_52,Belagavi,Karnataka,2025,278,5,287,11.4
12303,Belagavi_Village_53,Belagavi,Karnataka,2022,65,29,254,4.7
12303,Belagavi_Village_53,Belagavi,Karnataka,2023,99,32,323,9.1
12303,Belagavi_Village_53,Belagavi,Karnataka,2024,171,22,322,8.0
12303,Belagavi_Village_53,Belagavi,Karnataka,2025,177,10,339,13.5
12304,Belagavi_Village_54,Belagavi,Karnataka,2022,162,6,346,6.4
12304,Belagavi_Village_54,Belagavi,Karnataka,2023,220,7,309,10.7
12304,Belagavi_Village_54,Belagavi,Karnataka,2024,66,12,377,5.8
12304,Belagavi_Village_54,Belagavi,Karnataka,2025,129,35,272,9.1
12305,Belagavi_Village_55,Belagavi,Karnataka,2022,235,23,202,10.3
12305,Belagavi_Village_55,Belagavi,Karnataka,2023,296,10,300,4.9
12305,Belagavi_Village_55,Belagavi,Karnataka,2024,179,18,337,8.5
12305,Belagavi_Village_55,Belagavi,Karnataka,2025,181,7,361,8.1
12306,Belagavi_Village_56,Belagavi,Karnataka,2022,134,5,307,7.9
12306,Belagavi_Village_56,Belagavi,Karnataka,2023,216,34,229,7.0
12306,Belagavi_Village_56,Belagavi,Karnataka,2024,275,23,291,6.1
12306,Belagavi_Village_56,Belagavi,Karnataka,2025,143,23,275,3.4
12307,Belagavi_Village_57,Belagavi,Karnataka,2022,183,13,225,4.5
12307,Belagavi_Village_57,Belagavi,Karnataka,2023,130,11,362,10.3
12307,Belagavi_Village_57,Belagavi,Karnataka,2024,280,11,295,6.8
12307,Belagavi_Village_57,Belagavi,Karnataka,2025,266,13,393,5.1
12308,Belagavi_Village_58,Belagavi,Karnataka,2022,118,8,314,11.7
12308,Belagavi_Village_58,Belagavi,Karnataka,2023,118,29,274,9.7
12308,Belagavi_Village_58,Belagavi,Karnataka,2024,197,16,292,13.3
12308,Belagavi_Village_58,Belagavi,Karnataka,2025,241,10,345,12.0
12309,Belagavi_Village_59,Belagavi,Karnataka,2022,65,22,299,12.1
12309,Belagavi_Village_59,Belagavi,Karnataka,2023,100,25,353,5.4
12309,Belagavi_Village_59,Belagavi,Karnataka,2024,154,19,348,10.7
12309,Belagavi_Village_59,Belagavi,Karnataka,2025,214,7,301,10.6
12310,Belagavi_Village_60,Belagavi,Karnataka,2022,281,6,330,12.5
12310,Belagavi_Village_60,Belagavi,Karnataka,2023,250,8,251,6.9
12310,Belagavi_Village_60,Belagavi,Karnataka,2024,246,36,340,10.4
12310,Belagavi_Village_60,Belagavi,Karnataka,2025,219,6,393,9.8
12311,Belagavi_Village_61,Belagavi,Karnataka,2022,234,33,311,8.5
12311,Belagavi_Village_61,Belagavi,Karnataka,2023,115,6,215,11.1
12311,Belagavi_Village_61,Belagavi,Karnataka,2024,58,38,252,4.6
12311,Belagavi_Village_61,Belagavi,Karnataka,2025,156,31,351,10.1
12312,Belagavi_Village_62,Belagavi,Karnataka,2022,149,22,312,10.9
12312,Belagavi_Village_62,Belagavi,Karnataka,2023,135,23,303,6.3
12312,Belagavi_Village_62,Belagavi,Karnataka,2024,113,31,364,12.3
12312,Belagavi_Village_62,Belagavi,Karnataka,2025,263,24,282,12.5
12313,Belagavi_Village_63,Belagavi,Karnataka,2022,71,25,246,6.7
12313,Belagavi_Village_63,Belagavi,Karnataka,2023,211,27,317,4.9
12313,Belagavi_Village_63,Belagavi,Karnataka,2024,232,34,291,10.0
12313,Belagavi_Village_63,Belagavi,Karnataka,2025,206,29,317,8.3
12314,Belagavi_Village_64,Belagavi,Karnataka,2022,215,35,202,9.0
12314,Belagavi_Village_64,Belagavi,Karnataka,2023,159,31,316,12.1
12314,Belagavi_Village_64,Belagavi,Karnataka,2024,146,38,377,13.9
12314,Belagavi_Village_64,Belagavi,Karnataka,2025,67,12,349,8.3
12315,Belagavi_Village_65,Belagavi,Karnataka,2022,120,23,243,4.6
12315,Belagavi_Village_65,Belagavi,Karnataka,2023,242,30,314,10.4
12315,Belagavi_Village_65,Belagavi,Karnataka,2024,176,32,255,10.6
12315,Belagavi_Village_65,Belagavi,Karnataka,2025,146,8,292,12.0
12316,Belagavi_Village_66,Belagavi,Karnataka,2022,50,35,204,6.6
12316,Belagavi_Village_66,Belagavi,Karnataka,2023,265,20,273,9.6
12316,Belagavi_Village_66,Belagavi,Karnataka,2024,181,14,290,8.4
12316,Belagavi_Village_66,Belagavi,Karnataka,2025,53,14,293,10.3
12317,Belagavi_Village_67,Belagavi,Karnataka,2022,174,13,344,5.2
12317,Belagavi_Village_67,Belagavi,Karnataka,2023,131,23,284,13.4
12317,Belagavi_Village_67,Belagavi,Karnataka,2024,76,23,244,9.1
12317,Belagavi_Village_67,Belagavi,Karnataka,2025,220,16,245,12.5
12318,Belagavi_Village_68,Belagavi,Karnataka,2022,108,17,340,8.1
12318,Belagavi_Village_68,Belagavi,Karnataka,2023,81,29,342,11.0
12318,Belagavi_Village_68,Belagavi,Karnataka,2024,210,29,354,13.7
12318,Belagavi_Village_68,Belagavi,Karnataka,2025,77,32,263,13.2
12319,Belagavi_Village_69,Belagavi,Karnataka,2022,155,34,318,14.4
12319,Belagavi_Village_69,Belagavi,Karnataka,2023,154,9,278,4.6
12319,Belagavi_Village_69,Belagavi,Karnataka,2024,232,21,295,7.9
12319,Belagavi_Village_69,Belagavi,Karnataka,2025,277,22,301,3.9
12320,Belagavi_Village_70,Belagavi,Karnataka,2022,237,25,243,7.7
12320,Belagavi_Village_70,Belagavi,Karnataka,2023,119,26,226,5.9
12320,Belagavi_Village_70,Belagavi,Karnataka,2024,111,10,351,10.2
12320,Belagavi_Village_70,Belagavi,Karnataka,2025,257,20,268,11.5
12321,Belagavi_Village_71,Belagavi,Karnataka,2022,83,6,338,9.9
12321,Belagavi_Village_71,Belagavi,Karnataka,2023,136,5,215,12.5
12321,Belagavi_Village_71,Belagavi,Karnataka,2024,163,34,257,3.8
12321,Belagavi_Village_71,Belagavi,Karnataka,2025,155,27,312,11.9
12322,Belagavi_Village_72,Belagavi,Karnataka,2022,265,5,304,6.4
12322,Belagavi_Village_72,Belagavi,Karnataka,2023,105,23,308,8.9
12322,Belagavi_Village_72,Belagavi,Karnataka,2024,162,7,353,8.3
12322,Belagavi_Village_72,Belagavi,Karnataka,2025,62,6,368,12.5
12323,Belagavi_Village_73,Belagavi,Karnataka,2022,233,21,221,14.6
12323,Belagavi_Village_73,Belagavi,Karnataka,2023,67,32,303,6.8
12323,Belagavi_Village_73,Belagavi,Karnataka,2024,231,22,274,4.4
12323,Belagavi_Village_73,Belagavi,Karnataka,2025,254,37,368,10.1
12324,Belagavi_Village_74,Belagavi,Karnataka,2022,162,19,344,9.8
12324,Belagavi_Village_74,Belagavi,Karnataka,2023,278,26,293,10.0
12324,Belagavi_Village_74,Belagavi,Karnataka,2024,220,31,268,4.2
12324,Belagavi_Village_74,Belagavi,Karnataka,2025,88,36,272,11.4
12325,Belagavi_Village_75,Belagavi,Karnataka,2022,238,23,329,6.9
12325,Belagavi_Village_75,Belagavi,Karnataka,2023,219,32,363,7.6
12325,Belagavi_Village_75,Belagavi,Karnataka,2024,258,32,316,6.1
12325,Belagavi_Village_75,Belagavi,Karnataka,2025,128,14,379,13.2
12326,Belagavi_Village_76,Belagavi,Karnataka,2022,195,24,251,6.3
12326,Belagavi_Village_76,Belagavi,Karnataka,2023,200,29,340,11.8
12326,Belagavi_Village_76,Belagavi,Karnataka,2024,231,25,376,6.3
12326,Belagavi_Village_76,Belagavi,Karnataka,2025,292,18,317,7.8
12327,Belagavi_Village_77,Belagavi,Karnataka,2022,79,26,339,15.0
12327,Belagavi_Village_77,Belagavi,Karnataka,2023,299,30,308,5.2
12327,Belagavi_Village_77,Belagavi,Karnataka,2024,147,15,231,13.0
12327,Belagavi_Village_77,Belagavi,Karnataka,2025,107,11,261,13.2
12328,Belagavi_Village_78,Belagavi,Karnataka,2022,245,21,324,11.8
12328,Belagavi_Village_78,Belagavi,Karnataka,2023,116,22,345,4.2
12328,Belagavi_Village_78,Belagavi,Karnataka,2024,120,11,250,12.3
12328,Belagavi_Village_78,Belagavi,Karnataka,2025,297,24,322,12.6
12329,Belagavi_Village_79,Belagavi,Karnataka,2022,195,15,278,14.8
12329,Belagavi_Village_79,Belagavi,Karnataka,2023,155,20,265,12.9
12329,Belagavi_Village_79,Belagavi,Karnataka,2024,56,31,335,8.4
12329,Belagavi_Village_79,Belagavi,Karnataka,2025,89,15,349,10.5
12330,Belagavi_Village_80,Belagavi,Karnataka,2022,119,20,209,9.6
12330,Belagavi_Village_80,Belagavi,Karnataka,2023,263,27,330,7.8
12330,Belagavi_Village_80,Belagavi,Karnataka,2024,299,16,284,10.3
12330,Belagavi_Village_80,Belagavi,Karnataka,2025,242,7,280,11.4
12331,Belagavi_Village_81,Belagavi,Karnataka,2022,117,6,250,11.2
12331,Belagavi_Village_81,Belagavi,Karnataka,2023,287,28,288,12.8
12331,Belagavi_Village_81,Belagavi,Karnataka,2024,98,33,246,5.6
12331,Belagavi_Village_81,Belagavi,Karnataka,2025,101,38,305,7.2
12332,Belagavi_Village_82,Belagavi,Karnataka,2022,163,24,290,7.8
12332,Belagavi_Village_82,Belagavi,Karnataka,2023,156,22,355,6.1
12332,Belagavi_Village_82,Belagavi,Karnataka,2024,78,18,324,8.4
12332,Belagavi_Village_82,Belagavi,Karnataka,2025,198,22,324,13.3
12333,Belagavi_Village_83,Belagavi,Karnataka,2022,267,6,302,10.1
12333,Belagavi_Village_83,Belagavi,Karnataka,2023,127,5,262,7.1
12333,Belagavi_Village_83,Belagavi,Karnataka,2024,58,24,315,7.4
12333,Belagavi_Village_83,Belagavi,Karnataka,2025,224,38,314,9.7
12334,Belagavi_Village_84,Belagavi,Karnataka,2022,125,15,246,8.2
12334,Belagavi_Village_84,Belagavi,Karnataka,2023,91,31,224,9.8
12334,Belagavi_Village_84,Belagavi,Karnataka,2024,228,27,309,6.6
12334,Belagavi_Village_84,Belagavi,Karnataka,2025,233,7,257,6.9
12335,Belagavi_Village_85,Belagavi,Karnataka,2022,228,16,257,11.9
12335,Belagavi_Village_85,Belagavi,Karnataka,2023,247,34,298,10.2
12335,Belagavi_Village_85,Belagavi,Karnataka,2024,177,35,297,4.7
12335,Belagavi_Village_85,Belagavi,Karnataka,2025,69,27,328,13.5
12336,Belagavi_Village_86,Belagavi,Karnataka,2022,265,5,285,5.0
12336,Belagavi_Village_86,Belagavi,Karnataka,2023,204,24,358,5.0
12336,Belagavi_Village_86,Belagavi,Karnataka,2024,215,10,292,11.1
12336,Belagavi_Village_86,Belagavi,Karnataka,2025,121,15,287,10.7
12337,Belagavi_Village_87,Belagavi,Karnataka,2022,114,39,229,4.7
12337,Belagavi_Village_87,Belagavi,Karnataka,2023,231,8,281,10.8
12337,Belagavi_Village_87,Belagavi,Karnataka,2024,290,33,253,4.0
12337,Belagavi_Village_87,Belagavi,Karnataka,2025,162,14,345,13.4
12338,Belagavi_Village_88,Belagavi,Karnataka,2022,73,33,305,11.8
12338,Belagavi_Village_88,Belagavi,Karnataka,2023,177,5,315,6.1
12338,Belagavi_Village_88,Belagavi,Karnataka,2024,224,12,237,5.4
12338,Belagavi_Village_88,Belagavi,Karnataka,2025,248,21,340,9.3
12339,Belagavi_Village_89,Belagavi,Karnataka,2022,132,23,234,11.2
12339,Belagavi_Village_89,Belagavi,Karnataka,2023,263,37,310,12.8
12339,Belagavi_Village_89,Belagavi,Karnataka,2024,112,19,279,13.2
12339,Belagavi_Village_89,Belagavi,Karnataka,2025,234,35,389,7.4
12340,Belagavi_Village_90,Belagavi,Karnataka,2022,232,25,201,13.4
12340,Belagavi_Village_90,Belagavi,Karnataka,2023,109,7,258,9.8
12340,Belagavi_Village_90,Belagavi,Karnataka,2024,148,6,331,8.6
12340,Belagavi_Village_90,Belagavi,Karnataka,2025,111,39,374,10.6
12341,Belagavi_Village_91,Belagavi,Karnataka,2022,79,20,271,5.6
12341,Belagavi_Village_91,Belagavi,Karnataka,2023,270,25,324,6.9
12341,Belagavi_Village_91,Belagavi,Karnataka,2024,71,16,366,12.3
12341,Belagavi_Village_91,Belagavi,Karnataka,2025,252,32,373,8.6
12342,Belagavi_Village_92,Belagavi,Karnataka,2022,261,16,302,14.0
12342,Belagavi_Village_92,Belagavi,Karnataka,2023,175,37,351,5.0
12342,Belagavi_Village_92,Belagavi,Karnataka,2024,206,24,371,7.0
12342,Belagavi_Village_92,Belagavi,Karnataka,2025,292,25,271,7.0
12343,Belagavi_Village_93,Belagavi,Karnataka,2022,218,26,336,8.9
12343,Belagavi_Village_93,Belagavi,Karnataka,2023,91,30,307,14.5
12343,Belagavi_Village_93,Belagavi,Karnataka,2024,147,11,329,7.0
12343,Belagavi_Village_93,Belagavi,Karnataka,2025,242,11,375,8.7
12344,Belagavi_Village_94,Belagavi,Karnataka,2022,80,12,316,10.1
12344,Belagavi_Village_94,Belagavi,Karnataka,2023,207,30,336,12.2
12344,Belagavi_Village_94,Belagavi,Karnataka,2024,161,28,339,9.1
12344,Belagavi_Village_94,Belagavi,Karnataka,2025,195,28,317,9.7
12345,Belagavi_Village_95,Belagavi,Karnataka,2022,296,16,229,12.4
12345,Belagavi_Village_95,Belagavi,Karnataka,2023,171,12,233,5.2
12345,Belagavi_Village_95,Belagavi,Karnataka,2024,66,13,331,13.8
12345,Belagavi_Village_95,Belagavi,Karnataka,2025,87,7,311,12.2
12346,Belagavi_Village_96,Belagavi,Karnataka,2022,191,25,249,8.6
12346,Belagavi_Village_96,Belagavi,Karnataka,2023,264,35,262,11.7
12346,Belagavi_Village_96,Belagavi,Karnataka,2024,266,28,232,11.7
12346,Belagavi_Village_96,Belagavi,Karnataka,2025,256,8,310,12.2
12347,Belagavi_Village_97,Belagavi,Karnataka,2022,159,24,305,6.5
12347,Belagavi_Village_97,Belagavi,Karnataka,2023,233,20,325,11.5
12347,Belagavi_Village_97,Belagavi,Karnataka,2024,71,14,269,4.1
12347,Belagavi_Village_97,Belagavi,Karnataka,2025,244,30,369,4.5
12348,Belagavi_Village_98,Belagavi,Karnataka,2022,105,33,217,12.6
12348,Belagavi_Village_98,Belagavi,Karnataka,2023,168,9,353,12.6
12348,Belagavi_Village_98,Belagavi,Karnataka,2024,196,15,248,9.9
12348,Belagavi_Village_98,Belagavi,Karnataka,2025,106,33,333,9.4
12349,Belagavi_Village_99,Belagavi,Karnataka,2022,221,19,334,12.4
12349,Belagavi_Village_99,Belagavi,Karnataka,2023,275,10,271,13.6
12349,Belagavi_Village_99,Belagavi,Karnataka,2024,84,19,359,8.1
12349,Belagavi_Village_99,Belagavi,Karnataka,2025,163,24,282,4.5
12350,Belagavi_Village_100,Belagavi,Karnataka,2022,174,38,332,13.3
12350,Belagavi_Village_100,Belagavi,Karnataka,2023,178,6,296,7.7
12350,Belagavi_Village_100,Belagavi,Karnataka,2024,101,20,265,5.1
12350,Belagavi_Village_100,Belagavi,Karnataka,2025,134,23,332,9.8
12351,Belagavi_Village_101,Belagavi,Karnataka,2022,270,38,318,10.6
12351,Belagavi_Village_101,Belagavi,Karnataka,2023,247,18,299,9.1
12351,Belagavi_Village_101,Belagavi,Karnataka,2024,214,28,377,12.7
12351,Belagavi_Village_101,Belagavi,Karnataka,2025,114,32,377,6.2
12352,Belagavi_Village_102,Belagavi,Karnataka,2022,228,36,223,4.6
12352,Belagavi_Village_102,Belagavi,Karnataka,2023,178,14,244,7.5
12352,Belagavi_Village_102,Belagavi,Karnataka,2024,268,13,257,3.8
12352,Belagavi_Village_102,Belagavi,Karnataka,2025,70,28,353,9.0
12353,Belagavi_Village_103,Belagavi,Karnataka,2022,230,33,334,8.5
12353,Belagavi_Village_103,Belagavi,Karnataka,2023,65,33,249,12.6
12353,Belagavi_Village_103,Belagavi,Karnataka,2024,285,27,348,12.1
12353,Belagavi_Village_103,Belagavi,Karnataka,2025,172,31,278,7.9
12354,Belagavi_Village_104,Belagavi,Karnataka,2022,110,35,302,6.8
12354,Belagavi_Village_104,Belagavi,Karnataka,2023,103,11,331,8.5
12354,Belagavi_Village_104,Belagavi,Karnataka,2024,217,8,305,10.4
12354,Belagavi_Village_104,Belagavi,Karnataka,2025,75,18,298,5.3
12355,Belagavi_Village_105,Belagavi,Karnataka,2022,129,14,228,12.6
12355,Belagavi_Village_105,Belagavi,Karnataka,2023,269,38,352,7.6
12355,Belagavi_Village_105,Belagavi,Karnataka,2024,114,30,256,13.5
12355,Belagavi_Village_105,Belagavi,Karnataka,2025,149,27,257,8.7
12356,Belagavi_Village_106,Belagavi,Karnataka,2022,123,13,241,13.4
12356,Belagavi_Village_106,Belagavi,Karnataka,2023,241,12,235,10.6
12356,Belagavi_Village_106,Belagavi,Karnataka,2024,220,18,360,9.5
12356,Belagavi_Village_106,Belagavi,Karnataka,2025,66,11,380,10.5
12357,Belagavi_Village_107,Belagavi,Karnataka,2022,170,11,269,13.0
12357,Belagavi_Village_107,Belagavi,Karnataka,2023,236,13,359,10.9
12357,Belagavi_Village_107,Belagavi,Karnataka,2024,72,7,239,12.1
12357,Belagavi_Village_107,Belagavi,Karnataka,2025,184,18,385,5.3
12358,Belagavi_Village_108,Belagavi,Karnataka,2022,221,21,305,7.4
12358,Belagavi_Village_108,Belagavi,Karnataka,2023,230,26,226,6.5
12358,Belagavi_Village_108,Belagavi,Karnataka,2024,120,30,357,12.1
12358,Belagavi_Village_108,Belagavi,Karnataka,2025,157,32,372,4.2
12359,Belagavi_Village_109,Belagavi,Karnataka,2022,128,18,260,12.9
12359,Belagavi_Village_109,Belagavi,Karnataka,2023,211,13,240,8.2
12359,Belagavi_Village_109,Belagavi,Karnataka,2024,95,30,244,4.5
12359,Belagavi_Village_109,Belagavi,Karnataka,2025,286,6,266,7.8
12360,Belagavi_Village_110,Belagavi,Karnataka,2022,245,15,288,7.7
12360,Belagavi_Village_110,Belagavi,Karnataka,2023,255,21,279,10.3
12360,Belagavi_Village_110,Belagavi,Karnataka,2024,127,38,250,8.7
12360,Belagavi_Village_110,Belagavi,Karnataka,2025,65,23,260,6.4
12361,Belagavi_Village_111,Belagavi,Karnataka,2022,120,22,215,13.6
12361,Belagavi_Village_111,Belagavi,Karnataka,2023,145,17,256,8.4
12361,Belagavi_Village_111,Belagavi,Karnataka,2024,196,9,270,8.6
12361,Belagavi_Village_111,Belagavi,Karnataka,2025,51,27,352,12.2
12362,Belagavi_Village_112,Belagavi,Karnataka,2022,59,28,324,5.4
12362,Belagavi_Village_112,Belagavi,Karnataka,2023,227,33,227,8.2
12362,Belagavi_Village_112,Belagavi,Karnataka,2024,174,12,308,7.9
12362,Belagavi_Village_112,Belagavi,Karnataka,2025,130,30,382,8.5
12363,Belagavi_Village_113,Belagavi,Karnataka,2022,278,19,241,5.6
12363,Belagavi_Village_113,Belagavi,Karnataka,2023,189,5,335,5.2
12363,Belagavi_Village_113,Belagavi,Karnataka,2024,119,32,360,8.1
12363,Belagavi_Village_113,Belagavi,Karnataka,2025,199,18,260,3.6
12364,Belagavi_Village_114,Belagavi,Karnataka,2022,81,38,243,7.2
12364,Belagavi_Village_114,Belagavi,Karnataka,2023,154,35,335,6.2
12364,Belagavi_Village_114,Belagavi,Karnataka,2024,133,10,253,8.8
12364,Belagavi_Village_114,Belagavi,Karnataka,2025,178,9,270,3.4
12365,Belagavi_Village_115,Belagavi,Karnataka,2022,231,35,257,11.6
12365,Belagavi_Village_115,Belagavi,Karnataka,2023,288,19,223,13.1
12365,Belagavi_Village_115,Belagavi,Karnataka,2024,294,19,355,11.1
12365,Belagavi_Village_115,Belagavi,Karnataka,2025,107,9,263,11.9
12366,Belagavi_Village_116,Belagavi,Karnataka,2022,247,32,227,11.3
12366,Belagavi_Village_116,Belagavi,Karnataka,2023,260,37,349,9.4
12366,Belagavi_Village_116,Belagavi,Karnataka,2024,195,15,274,6.0
12366,Belagavi_Village_116,Belagavi,Karnataka,2025,183,10,372,6.2
12367,Belagavi_Village_117,Belagavi,Karnataka,2022,94,27,293,7.8
12367,Belagavi_Village_117,Belagavi,Karnataka,2023,146,6,230,4.5
12367,Belagavi_Village_117,Belagavi,Karnataka,2024,72,19,234,13.3
12367,Belagavi_Village_117,Belagavi,Karnataka,2025,72,27,296,12.8
12368,Belagavi_Village_118,Belagavi,Karnataka,2022,203,26,205,5.6
12368,Belagavi_Village_118,Belagavi,Karnataka,2023,254,13,263,9.9
12368,Belagavi_Village_118,Belagavi,Karnataka,2024,184,34,309,8.6
12368,Belagavi_Village_118,Belagavi,Karnataka,2025,128,20,342,10.5
12369,Belagavi_Village_119,Belagavi,Karnataka,2022,93,34,306,10.8
12369,Belagavi_Village_119,Belagavi,Karnataka,2023,76,13,251,5.4
12369,Belagavi_Village_119,Belagavi,Karnataka,2024,75,5,345,10.6
12369,Belagavi_Village_119,Belagavi,Karnataka,2025,146,12,261,9.7
12370,Belagavi_Village_120,Belagavi,Karnataka,2022,256,22,231,10.1
12370,Belagavi_Village_120,Belagavi,Karnataka,2023,85,31,239,8.3
12370,Belagavi_Village_120,Belagavi,Karnataka,2024,158,22,251,13.7
12370,Belagavi_Village_120,Belagavi,Karnataka,2025,104,36,305,12.2
12371,Belagavi_Village_121,Belagavi,Karnataka,2022,241,36,325,10.6
12371,Belagavi_Village_121,Belagavi,Karnataka,2023,268,25,258,4.2
12371,Belagavi_Village_121,Belagavi,Karnataka,2024,234,36,331,8.2
12371,Belagavi_Village_121,Belagavi,Karnataka,2025,118,35,264,10.7
12372,Belagavi_Village_122,Belagavi,Karnataka,2022,110,20,308,5.7
12372,Belagavi_Village_122,Belagavi,Karnataka,2023,179,18,302,8.4
12372,Belagavi_Village_122,Belagavi,Karnataka,2024,104,28,276,5.7
12372,Belagavi_Village_122,Belagavi,Karnataka,2025,171,29,295,6.9
12373,Belagavi_Village_123,Belagavi,Karnataka,2022,146,39,238,4.8
12373,Belagavi_Village_123,Belagavi,Karnataka,2023,129,21,228,5.4
12373,Belagavi_Village_123,Belagavi,Karnataka,2024,136,8,250,8.5
12373,Belagavi_Village_123,Belagavi,Karnataka,2025,87,15,387,12.7
12374,Belagavi_Village_124,Belagavi,Karnataka,2022,168,19,299,9.7
12374,Belagavi_Village_124,Belagavi,Karnataka,2023,257,34,311,8.9
12374,Belagavi_Village_124,Belagavi,Karnataka,2024,127,28,230,12.0
12374,Belagavi_Village_124,Belagavi,Karnataka,2025,206,6,353,6.1
12375,Belagavi_Village_125,Belagavi,Karnataka,2022,203,38,281,5.5
12375,Belagavi_Village_125,Belagavi,Karnataka,2023,84,27,352,6.3
12375,Belagavi_Village_125,Belagavi,Karnataka,2024,128,35,247,12.0
12375,Belagavi_Village_125,Belagavi,Karnataka,2025,116,17,302,10.4
12376,Bellary_Village_1,Bellary,Karnataka,2022,136,37,325,5.5
12376,Bellary_Village_1,Bellary,Karnataka,2023,206,11,287,11.1
12376,Bellary_Village_1,Bellary,Karnataka,2024,83,36,339,13.5
12376,Bellary_Village_1,Bellary,Karnataka,2025,146,11,296,3.8
12377,Bellary_Village_2,Bellary,Karnataka,2022,218,17,245,11.0
12377,Bellary_Village_2,Bellary,Karnataka,2023,218,28,321,8.1
12377,Bellary_Village_2,Bellary,Karnataka,2024,200,32,242,9.0
12377,Bellary_Village_2,Bellary,Karnataka,2025,120,36,340,8.8
12378,Bellary_Village_3,Bellary,Karnataka,2022,52,22,216,12.6
12378,Bellary_Village_3,Bellary,Karnataka,2023,107,38,281,9.9
12378,Bellary_Village_3,Bellary,Karnataka,2024,81,38,290,9.9
12378,Bellary_Village_3,Bellary,Karnataka,2025,80,5,309,6.8
12379,Bellary_Village_4,Bellary,Karnataka,2022,131,35,332,5.8
12379,Bellary_Village_4,Bellary,Karnataka,2023,92,5,303,11.3
12379,Bellary_Village_4,Bellary,Karnataka,2024,184,20,285,3.7
12379,Bellary_Village_4,Bellary,Karnataka,2025,154,19,249,6.8
12380,Bellary_Village_5,Bellary,Karnataka,2022,50,37,300,6.8
12380,Bellary_Village_5,Bellary,Karnataka,2023,110,27,301,8.2
12380,Bellary_Village_5,Bellary,Karnataka,2024,63,38,290,7.0
12380,Bellary_Village_5,Bellary,Karnataka,2025,229,21,313,10.7
12381,Bellary_Village_6,Bellary,Karnataka,2022,273,29,262,7.2
12381,Bellary_Village_6,Bellary,Karnataka,2023,55,10,258,10.0
12381,Bellary_Village_6,Bellary,Karnataka,2024,152,35,257,8.5
12381,Bellary_Village_6,Bellary,Karnataka,2025,59,9,257,11.7
12382,Bellary_Village_7,Bellary,Karnataka,2022,120,34,229,9.0
12382,Bellary_Village_7,Bellary,Karnataka,2023,139,9,277,13.2
12382,Bellary_Village_7,Bellary,Karnataka,2024,275,16,302,3.7
12382,Bellary_Village_7,Bellary,Karnataka,2025,207,11,301,9.7
12383,Bellary_Village_8,Bellary,Karnataka,2022,277,17,263,4.6
12383,Bellary_Village_8,Bellary,Karnataka,2023,198,8,266,11.6
12383,Bellary_Village_8,Bellary,Karnataka,2024,175,7,292,6.2
12383,Bellary_Village_8,Bellary,Karnataka,2025,237,16,385,7.3
12384,Bellary_Village_9,Bellary,Karnataka,2022,258,5,292,8.5
12384,Bellary_Village_9,Bellary,Karnataka,2023,146,31,321,13.0
12384,Bellary_Village_9,Bellary,Karnataka,2024,123,17,338,4.8
12384,Bellary_Village_9,Bellary,Karnataka,2025,164,21,332,10.3
12385,Bellary_Village_10,Bellary,Karnataka,2022,240,12,244,14.8
12385,Bellary_Village_10,Bellary,Karnataka,2023,288,36,322,4.3
12385,Bellary_Village_10,Bellary,Karnataka,2024,219,24,275,13.8
12385,Bellary_Village_10,Bellary,Karnataka,2025,100,21,321,3.5
12386,Bellary_Village_11,Bellary,Karnataka,2022,241,38,245,13.3
12386,Bellary_Village_11,Bellary,Karnataka,2023,253,39,343,14.2
12386,Bellary_Village_11,Bellary,Karnataka,2024,105,39,321,14.1
12386,Bellary_Village_11,Bellary,Karnataka,2025,257,28,256,8.1
12387,Bellary_Village_12,Bellary,Karnataka,2022,90,22,287,13.6
12387,Bellary_Village_12,Bellary,Karnataka,2023,81,37,287,5.4
12387,Bellary_Village_12,Bellary,Karnataka,2024,64,27,331,8.2
12387,Bellary_Village_12,Bellary,Karnataka,2025,111,29,343,6.5
12388,Bellary_Village_13,Bellary,Karnataka,2022,204,31,257,8.6
12388,Bellary_Village_13,Bellary,Karnataka,2023,77,5,342,11.5
12388,Bellary_Village_13,Bellary,Karnataka,2024,258,25,346,4.6
12388,Bellary_Village_13,Bellary,Karnataka,2025,113,14,279,13.8
12389,Bellary_Village_14,Bellary,Karnataka,2022,287,35,283,11.2
12389,Bellary_Village_14,Bellary,Karnataka,2023,236,29,280,13.3
12389,Bellary_Village_14,Bellary,Karnataka,2024,291,24,255,12.4
12389,Bellary_Village_14,Bellary,Karnataka,2025,235,6,286,11.3
12390,Bellary_Village_15,Bellary,Karnataka,2022,179,19,276,4.9
12390,Bellary_Village_15,Bellary,Karnataka,2023,176,32,244,9.5
12390,Bellary_Village_15,Bellary,Karnataka,2024,85,17,345,7.1
12390,Bellary_Village_15,Bellary,Karnataka,2025,163,18,280,4.5
12391,Bellary_Village_16,Bellary,Karnataka,2022,248,6,218,8.1
12391,Bellary_Village_16,Bellary,Karnataka,2023,62,38,236,10.9
12391,Bellary_Village_16,Bellary,Karnataka,2024,64,39,294,6.1
12391,Bellary_Village_16,Bellary,Karnataka,2025,138,29,301,8.0
12392,Bellary_Village_17,Bellary,Karnataka,2022,264,19,210,8.7
12392,Bellary_Village_17,Bellary,Karnataka,2023,237,16,240,4.7
12392,Bellary_Village_17,Bellary,Karnataka,2024,71,13,248,10.3
12392,Bellary_Village_17,Bellary,Karnataka,2025,240,35,327,9.8
12393,Bellary_Village_18,Bellary,Karnataka,2022,267,18,339,14.6
12393,Bellary_Village_18,Bellary,Karnataka,2023,274,33,281,7.2
12393,Bellary_Village_18,Bellary,Karnataka,2024,252,12,285,8.1
12393,Bellary_Village_18,Bellary,Karnataka,2025,123,7,262,7.5
12394,Bellary_Village_19,Bellary,Karnataka,2022,74,6,312,14.2
12394,Bellary_Village_19,Bellary,Karnataka,2023,150,20,219,8.4
12394,Bellary_Village_19,Bellary,Karnataka,2024,225,23,341,8.3
12394,Bellary_Village_19,Bellary,Karnataka,2025,220,34,359,5.9
12395,Bellary_Village_20,Bellary,Karnataka,2022,166,20,266,4.5
12395,Bellary_Village_20,Bellary,Karnataka,2023,215,35,284,5.3
12395,Bellary_Village_20,Bellary,Karnataka,2024,90,32,281,11.1
12395,Bellary_Village_20,Bellary,Karnataka,2025,222,8,371,10.5
12396,Bellary_Village_21,Bellary,Karnataka,2022,137,14,264,7.9
12396,Bellary_Village_21,Bellary,Karnataka,2023,217,22,294,9.1
12396,Bellary_Village_21,Bellary,Karnataka,2024,159,36,342,6.8
12396,Bellary_Village_21,Bellary,Karnataka,2025,169,34,355,11.0
12397,Bellary_Village_22,Bellary,Karnataka,2022,146,13,252,13.3
12397,Bellary_Village_22,Bellary,Karnataka,2023,194,33,351,13.5
12397,Bellary_Village_22,Bellary,Karnataka,2024,265,20,362,5.5
12397,Bellary_Village_22,Bellary,Karnataka,2025,278,32,360,10.6
12398,Bellary_Village_23,Bellary,Karnataka,2022,106,25,271,14.6
12398,Bellary_Village_23,Bellary,Karnataka,2023,179,6,235,10.9
12398,Bellary_Village_23,Bellary,Karnataka,2024,145,39,332,7.4
12398,Bellary_Village_23,Bellary,Karnataka,2025,170,32,351,10.0
12399,Bellary_Village_24,Bellary,Karnataka,2022,111,35,262,11.7
12399,Bellary_Village_24,Bellary,Karnataka,2023,265,37,362,8.3
12399,Bellary_Village_24,Bellary,Karnataka,2024,186,27,379,4.8
12399,Bellary_Village_24,Bellary,Karnataka,2025,117,21,321,9.7
12400,Bellary_Village_25,Bellary,Karnataka,2022,130,5,274,12.9
12400,Bellary_Village_25,Bellary,Karnataka,2023,66,27,277,14.6
12400,Bellary_Village_25,Bellary,Karnataka,2024,166,31,296,6.0
12400,Bellary_Village_25,Bellary,Karnataka,2025,99,29,280,10.7
12401,Bellary_Village_26,Bellary,Karnataka,2022,161,36,333,4.8
12401,Bellary_Village_26,Bellary,Karnataka,2023,143,23,251,14.3
12401,Bellary_Village_26,Bellary,Karnataka,2024,217,28,322,3.8
12401,Bellary_Village_26,Bellary,Karnataka,2025,235,7,319,7.1
12402,Bellary_Village_27,Bellary,Karnataka,2022,252,16,314,5.3
12402,Bellary_Village_27,Bellary,Karnataka,2023,134,39,291,10.6
12402,Bellary_Village_27,Bellary,Karnataka,2024,198,19,242,7.3
12402,Bellary_Village_27,Bellary,Karnataka,2025,195,21,282,11.0
12403,Bellary_Village_28,Bellary,Karnataka,2022,232,36,347,9.6
12403,Bellary_Village_28,Bellary,Karnataka,2023,206,11,231,8.5
12403,Bellary_Village_28,Bellary,Karnataka,2024,201,23,352,7.4
12403,Bellary_Village_28,Bellary,Karnataka,2025,123,11,358,4.2
12404,Bellary_Village_29,Bellary,Karnataka,2022,158,9,225,6.7
12404,Bellary_Village_29,Bellary,Karnataka,2023,194,25,246,10.8
12404,Bellary_Village_29,Bellary,Karnataka,2024,67,11,315,8.9
12404,Bellary_Village_29,Bellary,Karnataka,2025,91,27,342,4.0
12405,Bellary_Village_30,Bellary,Karnataka,2022,289,15,290,10.2
12405,Bellary_Village_30,Bellary,Karnataka,2023,261,14,335,4.7
12405,Bellary_Village_30,Bellary,Karnataka,2024,150,25,286,9.1
12405,Bellary_Village_30,Bellary,Karnataka,2025,94,37,351,13.4
12406,Bellary_Village_31,Bellary,Karnataka,2022,131,24,221,7.7
12406,Bellary_Village_31,Bellary,Karnataka,2023,66,37,326,11.7
12406,Bellary_Village_31,Bellary,Karnataka,2024,122,39,314,11.5
12406,Bellary_Village_31,Bellary,Karnataka,2025,63,38,324,7.6
12407,Bellary_Village_32,Bellary,Karnataka,2022,226,31,272,10.7
12407,Bellary_Village_32,Bellary,Karnataka,2023,206,23,291,9.1
12407,Bellary_Village_32,Bellary,Karnataka,2024,272,9,303,6.7
12407,Bellary_Village_32,Bellary,Karnataka,2025,181,33,371,11.2
12408,Bellary_Village_33,Bellary,Karnataka,2022,131,14,320,11.9
12408,Bellary_Village_33,Bellary,Karnataka,2023,197,17,299,13.6
12408,Bellary_Village_33,Bellary,Karnataka,2024,169,33,379,10.2
12408,Bellary_Village_33,Bellary,Karnataka,2025,169,9,326,7.4
12409,Bellary_Village_34,Bellary,Karnataka,2022,96,16,220,12.0
12409,Bellary_Village_34,Bellary,Karnataka,2023,156,17,356,10.6
12409,Bellary_Village_34,Bellary,Karnataka,2024,157,26,303,10.2
12409,Bellary_Village_34,Bellary,Karnataka,2025,58,19,253,12.2
12410,Bellary_Village_35,Bellary,Karnataka,2022,254,17,345,14.1
12410,Bellary_Village_35,Bellary,Karnataka,2023,128,5,227,6.0
12410,Bellary_Village_35,Bellary,Karnataka,2024,204,5,246,7.0
12410,Bellary_Village_35,Bellary,Karnataka,2025,64,15,370,10.1
12411,Bellary_Village_36,Bellary,Karnataka,2022,269,26,286,10.4
12411,Bellary_Village_36,Bellary,Karnataka,2023,278,39,230,10.9
12411,Bellary_Village_36,Bellary,Karnataka,2024,296,10,253,8.2
12411,Bellary_Village_36,Bellary,Karnataka,2025,68,32,319,7.6
12412,Bellary_Village_37,Bellary,Karnataka,2022,139,35,302,5.7
12412,Bellary_Village_37,Bellary,Karnataka,2023,229,12,300,10.6
12412,Bellary_Village_37,Bellary,Karnataka,2024,75,9,334,5.5
12412,Bellary_Village_37,Bellary,Karnataka,2025,266,21,286,10.3
12413,Bellary_Village_38,Bellary,Karnataka,2022,203,13,217,14.7
12413,Bellary_Village_38,Bellary,Karnataka,2023,203,14,292,6.8
12413,Bellary_Village_38,Bellary,Karnataka,2024,223,24,321,5.2
12413,Bellary_Village_38,Bellary,Karnataka,2025,141,18,255,3.6
12414,Bellary_Village_39,Bellary,Karnataka,2022,226,18,325,8.5
12414,Bellary_Village_39,Bellary,Karnataka,2023,131,30,311,6.4
12414,Bellary_Village_39,Bellary,Karnataka,2024,273,33,282,8.9
12414,Bellary_Village_39,Bellary,Karnataka,2025,230,31,327,8.8
12415,Bellary_Village_40,Bellary,Karnataka,2022,180,29,246,8.2
12415,Bellary_Village_40,Bellary,Karnataka,2023,243,20,266,12.0
12415,Bellary_Village_40,Bellary,Karnataka,2024,274,38,286,13.2
12415,Bellary_Village_40,Bellary,Karnataka,2025,91,20,319,5.5
12416,Bellary_Village_41,Bellary,Karnataka,2022,68,37,258,13.3
12416,Bellary_Village_41,Bellary,Karnataka,2023,66,7,283,5.5
12416,Bellary_Village_41,Bellary,Karnataka,2024,285,27,315,6.1
12416,Bellary_Village_41,Bellary,Karnataka,2025,210,15,390,9.2
12417,Bellary_Village_42,Bellary,Karnataka,2022,125,22,270,7.7
12417,Bellary_Village_42,Bellary,Karnataka,2023,226,33,247,4.5
12417,Bellary_Village_42,Bellary,Karnataka,2024,233,9,232,6.8
12417,Bellary_Village_42,Bellary,Karnataka,2025,112,28,272,12.8
12418,Bellary_Village_43,Bellary,Karnataka,2022,180,33,200,6.3
12418,Bellary_Village_43,Bellary,Karnataka,2023,156,33,340,12.1
12418,Bellary_Village_43,Bellary,Karnataka,2024,98,30,342,11.3
12418,Bellary_Village_43,Bellary,Karnataka,2025,104,7,291,4.4
12419,Bellary_Village_44,Bellary,Karnataka,2022,203,6,236,8.0
12419,Bellary_Village_44,Bellary,Karnataka,2023,148,29,300,6.1
12419,Bellary_Village_44,Bellary,Karnataka,2024,249,23,277,3.9
12419,Bellary_Village_44,Bellary,Karnataka,2025,101,6,352,5.1
12420,Bellary_Village_45,Bellary,Karnataka,2022,149,23,218,6.6
12420,Bellary_Village_45,Bellary,Karnataka,2023,166,5,356,5.8
12420,Bellary_Village_45,Bellary,Karnataka,2024,167,31,312,4.7
12420,Bellary_Village_45,Bellary,Karnataka,2025,56,39,309,8.8
12421,Bellary_Village_46,Bellary,Karnataka,2022,95,9,225,7.9
12421,Bellary_Village_46,Bellary,Karnataka,2023,95,8,352,13.6
12421,Bellary_Village_46,Bellary,Karnataka,2024,149,21,328,5.7
12421,Bellary_Village_46,Bellary,Karnataka,2025,193,25,321,9.6
12422,Bellary_Village_47,Bellary,Karnataka,2022,201,35,269,14.0
12422,Bellary_Village_47,Bellary,Karnataka,2023,238,26,257,4.6
12422,Bellary_Village_47,Bellary,Karnataka,2024,103,15,299,9.1
12422,Bellary_Village_47,Bellary,Karnataka,2025,111,38,303,8.0
12423,Bellary_Village_48,Bellary,Karnataka,2022,178,19,202,14.3
12423,Bellary_Village_48,Bellary,Karnataka,2023,98,14,347,11.1
12423,Bellary_Village_48,Bellary,Karnataka,2024,74,36,314,7.4
12423,Bellary_Village_48,Bellary,Karnataka,2025,59,35,339,10.8
12424,Bellary_Village_49,Bellary,Karnataka,2022,167,32,277,10.6
12424,Bellary_Village_49,Bellary,Karnataka,2023,257,35,315,7.7
12424,Bellary_Village_49,Bellary,Karnataka,2024,193,10,312,11.9
12424,Bellary_Village_49,Bellary,Karnataka,2025,235,18,328,10.3
12425,Bellary_Village_50,Bellary,Karnataka,2022,249,27,320,4.6
12425,Bellary_Village_50,Bellary,Karnataka,2023,206,20,349,13.2
12425,Bellary_Village_50,Bellary,Karnataka,2024,280,29,282,7.9
12425,Bellary_Village_50,Bellary,Karnataka,2025,141,6,358,10.1
12426,Bellary_Village_51,Bellary,Karnataka,2022,183,38,205,8.7
12426,Bellary_Village_51,Bellary,Karnataka,2023,193,29,349,13.4
12426,Bellary_Village_51,Bellary,Karnataka,2024,197,20,247,10.5
12426,Bellary_Village_51,Bellary,Karnataka,2025,129,22,298,9.4
12427,Bellary_Village_52,Bellary,Karnataka,2022,120,17,326,14.8
12427,Bellary_Village_52,Bellary,Karnataka,2023,282,31,239,7.0
12427,Bellary_Village_52,Bellary,Karnataka,2024,127,38,292,4.4
12427,Bellary_Village_52,Bellary,Karnataka,2025,92,15,359,8.7
12428,Bellary_Village_53,Bellary,Karnataka,2022,203,5,340,9.0
12428,Bellary_Village_53,Bellary,Karnataka,2023,139,17,265,8.9
12428,Bellary_Village_53,Bellary,Karnataka,2024,127,34,257,10.2
12428,Bellary_Village_53,Bellary,Karnataka,2025,248,9,317,9.8
12429,Bellary_Village_54,Bellary,Karnataka,2022,210,22,271,8.6
12429,Bellary_Village_54,Bellary,Karnataka,2023,75,18,299,13.2
12429,Bellary_Village_54,Bellary,Karnataka,2024,170,17,339,10.5
12429,Bellary_Village_54,Bellary,Karnataka,2025,94,36,274,12.6
12430,Bellary_Village_55,Bellary,Karnataka,2022,261,11,208,14.1
12430,Bellary_Village_55,Bellary,Karnataka,2023,112,12,355,5.9
12430,Bellary_Village_55,Bellary,Karnataka,2024,244,11,311,10.8
12430,Bellary_Village_55,Bellary,Karnataka,2025,229,20,308,6.6
12431,Bellary_Village_56,Bellary,Karnataka,2022,117,35,237,13.3
12431,Bellary_Village_56,Bellary,Karnataka,2023,203,31,333,11.8
12431,Bellary_Village_56,Bellary,Karnataka,2024,252,37,251,5.8
12431,Bellary_Village_56,Bellary,Karnataka,2025,51,33,343,13.2
12432,Bellary_Village_57,Bellary,Karnataka,2022,191,12,305,11.7
12432,Bellary_Village_57,Bellary,Karnataka,2023,157,37,278,14.1
12432,Bellary_Village_57,Bellary,Karnataka,2024,79,23,238,5.8
12432,Bellary_Village_57,Bellary,Karnataka,2025,98,25,370,12.4
12433,Bellary_Village_58,Bellary,Karnataka,2022,189,25,294,11.5
12433,Bellary_Village_58,Bellary,Karnataka,2023,267,29,302,9.9
12433,Bellary_Village_58,Bellary,Karnataka,2024,93,27,342,12.3
12433,Bellary_Village_58,Bellary,Karnataka,2025,210,15,316,9.9
12434,Bellary_Village_59,Bellary,Karnataka,2022,62,37,249,11.5
12434,Bellary_Village_59,Bellary,Karnataka,2023,127,24,362,6.8
12434,Bellary_Village_59,Bellary,Karnataka,2024,265,29,310,12.3
12434,Bellary_Village_59,Bellary,Karnataka,2025,175,30,277,10.1
12435,Bellary_Village_60,Bellary,Karnataka,2022,147,16,262,13.4
12435,Bellary_Village_60,Bellary,Karnataka,2023,285,36,319,7.8
12435,Bellary_Village_60,Bellary,Karnataka,2024,75,37,328,7.2
12435,Bellary_Village_60,Bellary,Karnataka,2025,198,14,250,3.6
12436,Bellary_Village_61,Bellary,Karnataka,2022,205,8,334,12.6
12436,Bellary_Village_61,Bellary,Karnataka,2023,97,19,223,7.6
12436,Bellary_Village_61,Bellary,Karnataka,2024,277,10,330,7.1
12436,Bellary_Village_61,Bellary,Karnataka,2025,217,31,305,10.5
12437,Bellary_Village_62,Bellary,Karnataka,2022,115,9,298,7.2
12437,Bellary_Village_62,Bellary,Karnataka,2023,283,9,362,13.6
12437,Bellary_Village_62,Bellary,Karnataka,2024,250,22,287,9.3
12437,Bellary_Village_62,Bellary,Karnataka,2025,136,32,304,13.5
12438,Bellary_Village_63,Bellary,Karnataka,2022,128,39,234,5.3
12438,Bellary_Village_63,Bellary,Karnataka,2023,254,26,261,7.6
12438,Bellary_Village_63,Bellary,Karnataka,2024,72,38,275,7.7
12438,Bellary_Village_63,Bellary,Karnataka,2025,130,8,331,11.0
12439,Bellary_Village_64,Bellary,Karnataka,2022,97,22,203,6.7
12439,Bellary_Village_64,Bellary,Karnataka,2023,173,30,224,8.0
12439,Bellary_Village_64,Bellary,Karnataka,2024,179,26,336,13.3
12439,Bellary_Village_64,Bellary,Karnataka,2025,133,37,319,4.5
12440,Bellary_Village_65,Bellary,Karnataka,2022,69,18,239,12.3
12440,Bellary_Village_65,Bellary,Karnataka,2023,236,35,341,11.5
12440,Bellary_Village_65,Bellary,Karnataka,2024,95,14,348,5.1
12440,Bellary_Village_65,Bellary,Karnataka,2025,180,28,317,10.5
12441,Bellary_Village_66,Bellary,Karnataka,2022,232,25,239,10.5
12441,Bellary_Village_66,Bellary,Karnataka,2023,61,12,310,7.1
12441,Bellary_Village_66,Bellary,Karnataka,2024,89,36,252,7.0
12441,Bellary_Village_66,Bellary,Karnataka,2025,115,35,387,12.0
12442,Bellary_Village_67,Bellary,Karnataka,2022,149,38,314,6.9
12442,Bellary_Village_67,Bellary,Karnataka,2023,127,27,330,9.5
12442,Bellary_Village_67,Bellary,Karnataka,2024,65,29,362,10.9
12442,Bellary_Village_67,Bellary,Karnataka,2025,132,11,390,4.7
12443,Bellary_Village_68,Bellary,Karnataka,2022,211,23,220,14.3
12443,Bellary_Village_68,Bellary,Karnataka,2023,93,11,217,6.8
12443,Bellary_Village_68,Bellary,Karnataka,2024,287,12,275,7.0
12443,Bellary_Village_68,Bellary,Karnataka,2025,183,18,334,10.3
12444,Bellary_Village_69,Bellary,Karnataka,2022,254,5,278,5.3
12444,Bellary_Village_69,Bellary,Karnataka,2023,241,17,341,10.7
12444,Bellary_Village_69,Bellary,Karnataka,2024,149,7,282,13.3
12444,Bellary_Village_69,Bellary,Karnataka,2025,71,32,392,5.9
12445,Bellary_Village_70,Bellary,Karnataka,2022,67,19,220,8.3
12445,Bellary_Village_70,Bellary,Karnataka,2023,61,7,304,6.5
12445,Bellary_Village_70,Bellary,Karnataka,2024,229,8,342,12.3
12445,Bellary_Village_70,Bellary,Karnataka,2025,172,9,295,5.1
12446,Bellary_Village_71,Bellary,Karnataka,2022,295,30,267,8.1
12446,Bellary_Village_71,Bellary,Karnataka,2023,271,29,330,10.4
12446,Bellary_Village_71,Bellary,Karnataka,2024,166,14,367,7.9
12446,Bellary_Village_71,Bellary,Karnataka,2025,100,12,327,4.0
12447,Bellary_Village_72,Bellary,Karnataka,2022,281,16,294,14.5
12447,Bellary_Village_72,Bellary,Karnataka,2023,120,7,351,7.6
12447,Bellary_Village_72,Bellary,Karnataka,2024,273,31,258,8.4
12447,Bellary_Village_72,Bellary,Karnataka,2025,97,27,354,5.1
12448,Bellary_Village_73,Bellary,Karnataka,2022,68,37,270,13.6
12448,Bellary_Village_73,Bellary,Karnataka,2023,55,18,252,7.2
12448,Bellary_Village_73,Bellary,Karnataka,2024,133,27,356,3.9
12448,Bellary_Village_73,Bellary,Karnataka,2025,204,35,316,6.6
12449,Bellary_Village_74,Bellary,Karnataka,2022,102,17,258,14.8
12449,Bellary_Village_74,Bellary,Karnataka,2023,156,16,242,5.6
12449,Bellary_Village_74,Bellary,Karnataka,2024,150,39,275,4.0
12449,Bellary_Village_74,Bellary,Karnataka,2025,97,22,315,9.4
12450,Bellary_Village_75,Bellary,Karnataka,2022,184,25,237,8.4
12450,Bellary_Village_75,Bellary,Karnataka,2023,236,5,331,12.4
12450,Bellary_Village_75,Bellary,Karnataka,2024,118,13,337,11.4
12450,Bellary_Village_75,Bellary,Karnataka,2025,60,27,390,5.2
12451,Bellary_Village_76,Bellary,Karnataka,2022,192,18,294,10.4
12451,Bellary_Village_76,Bellary,Karnataka,2023,241,15,277,4.4
12451,Bellary_Village_76,Bellary,Karnataka,2024,180,11,332,8.3
12451,Bellary_Village_76,Bellary,Karnataka,2025,171,35,249,10.8
12452,Bellary_Village_77,Bellary,Karnataka,2022,118,28,306,8.9
12452,Bellary_Village_77,Bellary,Karnataka,2023,72,30,356,5.3
12452,Bellary_Village_77,Bellary,Karnataka,2024,230,34,287,4.3
12452,Bellary_Village_77,Bellary,Karnataka,2025,86,38,390,12.3
12453,Bellary_Village_78,Bellary,Karnataka,2022,58,9,206,13.9
12453,Bellary_Village_78,Bellary,Karnataka,2023,64,9,301,7.7
12453,Bellary_Village_78,Bellary,Karnataka,2024,180,23,326,5.4
12453,Bellary_Village_78,Bellary,Karnataka,2025,142,32,289,13.6
12454,Bellary_Village_79,Bellary,Karnataka,2022,247,30,215,10.2
12454,Bellary_Village_79,Bellary,Karnataka,2023,66,27,278,9.1
12454,Bellary_Village_79,Bellary,Karnataka,2024,203,34,266,11.5
12454,Bellary_Village_79,Bellary,Karnataka,2025,198,7,253,5.1
12455,Bellary_Village_80,Bellary,Karnataka,2022,121,32,336,10.6
12455,Bellary_Village_80,Bellary,Karnataka,2023,198,37,354,13.4
12455,Bellary_Village_80,Bellary,Karnataka,2024,170,7,375,3.9
12455,Bellary_Village_80,Bellary,Karnataka,2025,60,9,334,10.4
12456,Bellary_Village_81,Bellary,Karnataka,2022,215,23,273,10.3
12456,Bellary_Village_81,Bellary,Karnataka,2023,121,5,339,14.1
12456,Bellary_Village_81,Bellary,Karnataka,2024,155,13,280,6.4
12456,Bellary_Village_81,Bellary,Karnataka,2025,265,9,276,12.3
12457,Bellary_Village_82,Bellary,Karnataka,2022,174,38,287,7.7
12457,Bellary_Village_82,Bellary,Karnataka,2023,84,37,350,8.6
12457,Bellary_Village_82,Bellary,Karnataka,2024,168,29,255,5.9
12457,Bellary_Village_82,Bellary,Karnataka,2025,63,33,310,12.4
12458,Bellary_Village_83,Bellary,Karnataka,2022,296,29,272,6.6
12458,Bellary_Village_83,Bellary,Karnataka,2023,63,13,264,13.1
12458,Bellary_Village_83,Bellary,Karnataka,2024,59,7,274,8.5
12458,Bellary_Village_83,Bellary,Karnataka,2025,189,19,331,12.1
12459,Bellary_Village_84,Bellary,Karnataka,2022,87,8,232,7.3
12459,Bellary_Village_84,Bellary,Karnataka,2023,157,24,233,5.5
12459,Bellary_Village_84,Bellary,Karnataka,2024,168,27,370,9.5
12459,Bellary_Village_84,Bellary,Karnataka,2025,287,12,357,8.6
12460,Bellary_Village_85,Bellary,Karnataka,2022,83,37,221,8.2
12460,Bellary_Village_85,Bellary,Karnataka,2023,218,37,362,11.1
12460,Bellary_Village_85,Bellary,Karnataka,2024,59,11,326,4.7
12460,Bellary_Village_85,Bellary,Karnataka,2025,171,26,249,9.8
12461,Bellary_Village_86,Bellary,Karnataka,2022,194,9,325,6.7
12461,Bellary_Village_86,Bellary,Karnataka,2023,194,19,292,5.5
12461,Bellary_Village_86,Bellary,Karnataka,2024,244,25,259,13.3
12461,Bellary_Village_86,Bellary,Karnataka,2025,239,29,335,8.1
12462,Bellary_Village_87,Bellary,Karnataka,2022,272,21,281,12.5
12462,Bellary_Village_87,Bellary,Karnataka,2023,164,11,302,5.0
12462,Bellary_Village_87,Bellary,Karnataka,2024,50,23,361,4.3
12462,Bellary_Village_87,Bellary,Karnataka,2025,61,11,349,8.5
12463,Bellary_Village_88,Bellary,Karnataka,2022,152,28,266,7.8
12463,Bellary_Village_88,Bellary,Karnataka,2023,53,15,332,4.2
12463,Bellary_Village_88,Bellary,Karnataka,2024,219,5,259,5.6
12463,Bellary_Village_88,Bellary,Karnataka,2025,190,36,355,5.6
12464,Bellary_Village_89,Bellary,Karnataka,2022,147,6,343,7.5
12464,Bellary_Village_89,Bellary,Karnataka,2023,155,19,253,13.3
12464,Bellary_Village_89,Bellary,Karnataka,2024,134,25,315,8.1
12464,Bellary_Village_89,Bellary,Karnataka,2025,263,28,285,10.4
12465,Bellary_Village_90,Bellary,Karnataka,2022,170,21,230,4.7
12465,Bellary_Village_90,Bellary,Karnataka,2023,181,13,355,12.6
12465,Bellary_Village_90,Bellary,Karnataka,2024,131,39,356,6.2
12465,Bellary_Village_90,Bellary,Karnataka,2025,246,24,308,6.5
12466,Bellary_Village_91,Bellary,Karnataka,2022,68,23,316,5.0
12466,Bellary_Village_91,Bellary,Karnataka,2023,179,22,233,8.4
12466,Bellary_Village_91,Bellary,Karnataka,2024,61,24,340,12.7
12466,Bellary_Village_91,Bellary,Karnataka,2025,130,34,358,7.3
12467,Bellary_Village_92,Bellary,Karnataka,2022,123,5,224,14.0
12467,Bellary_Village_92,Bellary,Karnataka,2023,147,28,335,13.2
12467,Bellary_Village_92,Bellary,Karnataka,2024,55,28,328,4.4
12467,Bellary_Village_92,Bellary,Karnataka,2025,185,23,334,6.5
12468,Bellary_Village_93,Bellary,Karnataka,2022,174,34,202,14.1
12468,Bellary_Village_93,Bellary,Karnataka,2023,100,30,344,4.4
12468,Bellary_Village_93,Bellary,Karnataka,2024,60,33,234,11.7
12468,Bellary_Village_93,Bellary,Karnataka,2025,240,17,264,12.8
12469,Bellary_Village_94,Bellary,Karnataka,2022,234,8,237,12.6
12469,Bellary_Village_94,Bellary,Karnataka,2023,176,21,315,11.9
12469,Bellary_Village_94,Bellary,Karnataka,2024,189,37,357,12.6
12469,Bellary_Village_94,Bellary,Karnataka,2025,122,9,346,10.3
12470,Bellary_Village_95,Bellary,Karnataka,2022,51,32,235,8.9
12470,Bellary_Village_95,Bellary,Karnataka,2023,57,28,313,4.8
12470,Bellary_Village_95,Bellary,Karnataka,2024,299,21,342,12.0
12470,Bellary_Village_95,Bellary,Karnataka,2025,188,15,281,12.8
12471,Bellary_Village_96,Bellary,Karnataka,2022,173,16,253,9.9
12471,Bellary_Village_96,Bellary,Karnataka,2023,102,17,363,9.7
12471,Bellary_Village_96,Bellary,Karnataka,2024,277,12,378,7.9
12471,Bellary_Village_96,Bellary,Karnataka,2025,59,5,336,12.3
12472,Bellary_Village_97,Bellary,Karnataka,2022,262,13,269,4.7
12472,Bellary_Village_97,Bellary,Karnataka,2023,261,32,298,10.7
12472,Bellary_Village_97,Bellary,Karnataka,2024,161,6,240,13.2
12472,Bellary_Village_97,Bellary,Karnataka,2025,57,18,332,4.4
12473,Bellary_Village_98,Bellary,Karnataka,2022,85,17,286,14.6
12473,Bellary_Village_98,Bellary,Karnataka,2023,270,6,245,14.3
12473,Bellary_Village_98,Bellary,Karnataka,2024,155,8,330,13.5
12473,Bellary_Village_98,Bellary,Karnataka,2025,253,16,304,8.2
12474,Bellary_Village_99,Bellary,Karnataka,2022,63,14,260,8.5
12474,Bellary_Village_99,Bellary,Karnataka,2023,289,7,281,11.5
12474,Bellary_Village_99,Bellary,Karnataka,2024,231,8,308,7.0
12474,Bellary_Village_99,Bellary,Karnataka,2025,291,10,315,4.0
12475,Bellary_Village_100,Bellary,Karnataka,2022,262,27,266,14.0
12475,Bellary_Village_100,Bellary,Karnataka,2023,135,9,342,10.8
12475,Bellary_Village_100,Bellary,Karnataka,2024,198,7,340,5.9
12475,Bellary_Village_100,Bellary,Karnataka,2025,285,14,260,3.5
12476,Bellary_Village_101,Bellary,Karnataka,2022,99,23,244,12.1
12476,Bellary_Village_101,Bellary,Karnataka,2023,271,18,248,13.1
12476,Bellary_Village_101,Bellary,Karnataka,2024,216,25,273,8.0
12476,Bellary_Village_101,Bellary,Karnataka,2025,69,32,361,4.1
12477,Bellary_Village_102,Bellary,Karnataka,2022,265,25,324,11.3
12477,Bellary_Village_102,Bellary,Karnataka,2023,136,28,317,7.2
12477,Bellary_Village_102,Bellary,Karnataka,2024,184,21,349,5.2
12477,Bellary_Village_102,Bellary,Karnataka,2025,186,26,279,8.7
12478,Bellary_Village_103,Bellary,Karnataka,2022,178,23,325,9.6
12478,Bellary_Village_103,Bellary,Karnataka,2023,203,14,289,9.5
12478,Bellary_Village_103,Bellary,Karnataka,2024,215,15,313,12.4
12478,Bellary_Village_103,Bellary,Karnataka,2025,87,6,297,8.4
12479,Bellary_Village_104,Bellary,Karnataka,2022,295,37,257,14.0
12479,Bellary_Village_104,Bellary,Karnataka,2023,238,35,357,12.9
12479,Bellary_Village_104,Bellary,Karnataka,2024,93,39,279,10.5
12479,Bellary_Village_104,Bellary,Karnataka,2025,135,27,385,3.9
12480,Bellary_Village_105,Bellary,Karnataka,2022,93,30,310,13.6
12480,Bellary_Village_105,Bellary,Karnataka,2023,123,29,325,13.6
12480,Bellary_Village_105,Bellary,Karnataka,2024,168,21,349,7.6
12480,Bellary_Village_105,Bellary,Karnataka,2025,239,19,309,8.8
12481,Bellary_Village_106,Bellary,Karnataka,2022,171,8,305,7.5
12481,Bellary_Village_106,Bellary,Karnataka,2023,183,26,305,4.3
12481,Bellary_Village_106,Bellary,Karnataka,2024,194,21,375,8.7
12481,Bellary_Village_106,Bellary,Karnataka,2025,100,26,270,4.7
12482,Bellary_Village_107,Bellary,Karnataka,2022,291,21,271,6.4
12482,Bellary_Village_107,Bellary,Karnataka,2023,87,18,258,9.1
12482,Bellary_Village_107,Bellary,Karnataka,2024,201,18,319,12.8
12482,Bellary_Village_107,Bellary,Karnataka,2025,100,21,377,12.2
12483,Bellary_Village_108,Bellary,Karnataka,2022,59,12,323,14.6
12483,Bellary_Village_108,Bellary,Karnataka,2023,169,38,219,9.2
12483,Bellary_Village_108,Bellary,Karnataka,2024,249,30,356,9.5
12483,Bellary_Village_108,Bellary,Karnataka,2025,198,34,357,11.9
12484,Bellary_Village_109,Bellary,Karnataka,2022,297,26,310,11.8
12484,Bellary_Village_109,Bellary,Karnataka,2023,119,20,291,6.0
12484,Bellary_Village_109,Bellary,Karnataka,2024,134,34,242,7.9
12484,Bellary_Village_109,Bellary,Karnataka,2025,106,20,302,13.1
12485,Bellary_Village_110,Bellary,Karnataka,2022,175,28,329,6.0
12485,Bellary_Village_110,Bellary,Karnataka,2023,88,39,302,6.3
12485,Bellary_Village_110,Bellary,Karnataka,2024,265,10,265,7.9
12485,Bellary_Village_110,Bellary,Karnataka,2025,82,8,269,13.2
12486,Bellary_Village_111,Bellary,Karnataka,2022,236,22,233,5.7
12486,Bellary_Village_111,Bellary,Karnataka,2023,67,10,354,11.2
12486,Bellary_Village_111,Bellary,Karnataka,2024,233,30,248,5.1
12486,Bellary_Village_111,Bellary,Karnataka,2025,269,31,358,8.8
12487,Bellary_Village_112,Bellary,Karnataka,2022,106,15,305,10.1
12487,Bellary_Village_112,Bellary,Karnataka,2023,293,20,251,4.5
12487,Bellary_Village_112,Bellary,Karnataka,2024,145,23,336,13.7
12487,Bellary_Village_112,Bellary,Karnataka,2025,253,19,373,11.8
12488,Bellary_Village_113,Bellary,Karnataka,2022,97,30,259,7.7
12488,Bellary_Village_113,Bellary,Karnataka,2023,91,35,281,5.5
12488,Bellary_Village_113,Bellary,Karnataka,2024,76,23,308,7.3
12488,Bellary_Village_113,Bellary,Karnataka,2025,123,28,355,12.7
12489,Bellary_Village_114,Bellary,Karnataka,2022,159,13,247,5.9
12489,Bellary_Village_114,Bellary,Karnataka,2023,298,27,361,7.8
12489,Bellary_Village_114,Bellary,Karnataka,2024,229,8,317,8.9
12489,Bellary_Village_114,Bellary,Karnataka,2025,219,14,284,3.6
12490,Bellary_Village_115,Bellary,Karnataka,2022,81,13,333,7.3
12490,Bellary_Village_115,Bellary,Karnataka,2023,283,23,310,10.4
12490,Bellary_Village_115,Bellary,Karnataka,2024,75,19,290,7.1
12490,Bellary_Village_115,Bellary,Karnataka,2025,74,38,249,12.4
12491,Bellary_Village_116,Bellary,Karnataka,2022,124,23,236,14.3
12491,Bellary_Village_116,Bellary,Karnataka,2023,72,25,353,8.7
12491,Bellary_Village_116,Bellary,Karnataka,2024,275,38,335,9.3
12491,Bellary_Village_116,Bellary,Karnataka,2025,106,21,343,9.9
12492,Bellary_Village_117,Bellary,Karnataka,2022,229,22,207,11.5
12492,Bellary_Village_117,Bellary,Karnataka,2023,281,21,301,4.8
12492,Bellary_Village_117,Bellary,Karnataka,2024,175,6,313,4.3
12492,Bellary_Village_117,Bellary,Karnataka,2025,136,5,255,12.4
12493,Bellary_Village_118,Bellary,Karnataka,2022,270,14,270,6.8
12493,Bellary_Village_118,Bellary,Karnataka,2023,80,9,308,10.2
12493,Bellary_Village_118,Bellary,Karnataka,2024,113,16,352,10.3
12493,Bellary_Village_118,Bellary,Karnataka,2025,248,35,385,5.0
12494,Bellary_Village_119,Bellary,Karnataka,2022,281,13,305,12.5
12494,Bellary_Village_119,Bellary,Karnataka,2023,82,30,263,13.2
12494,Bellary_Village_119,Bellary,Karnataka,2024,262,19,236,6.7
12494,Bellary_Village_119,Bellary,Karnataka,2025,51,20,345,12.5
12495,Bellary_Village_120,Bellary,Karnataka,2022,67,17,250,5.4
12495,Bellary_Village_120,Bellary,Karnataka,2023,224,29,219,12.5
12495,Bellary_Village_120,Bellary,Karnataka,2024,210,34,242,10.4
12495,Bellary_Village_120,Bellary,Karnataka,2025,278,11,286,9.4
12496,Bellary_Village_121,Bellary,Karnataka,2022,275,8,324,6.9
12496,Bellary_Village_121,Bellary,Karnataka,2023,133,34,347,7.9
12496,Bellary_Village_121,Bellary,Karnataka,2024,84,14,291,13.3
12496,Bellary_Village_121,Bellary,Karnataka,2025,228,34,373,8.2
12497,Bellary_Village_122,Bellary,Karnataka,2022,163,11,273,10.7
12497,Bellary_Village_122,Bellary,Karnataka,2023,295,39,328,13.9
12497,Bellary_Village_122,Bellary,Karnataka,2024,195,28,283,8.6
12497,Bellary_Village_122,Bellary,Karnataka,2025,159,24,360,7.4
12498,Bellary_Village_123,Bellary,Karnataka,2022,137,36,330,13.9
12498,Bellary_Village_123,Bellary,Karnataka,2023,121,30,297,13.7
12498,Bellary_Village_123,Bellary,Karnataka,2024,174,30,359,7.4
12498,Bellary_Village_123,Bellary,Karnataka,2025,79,39,293,9.5
12499,Bellary_Village_124,Bellary,Karnataka,2022,221,39,230,14.6
12499,Bellary_Village_124,Bellary,Karnataka,2023,102,16,288,4.7
12499,Bellary_Village_124,Bellary,Karnataka,2024,187,37,346,4.1
12499,Bellary_Village_124,Bellary,Karnataka,2025,136,18,247,8.7
12500,Bellary_Village_125,Bellary,Karnataka,2022,229,37,323,7.6
12500,Bellary_Village_125,Bellary,Karnataka,2023,226,28,299,10.2
12500,Bellary_Village_125,Bellary,Karnataka,2024,188,19,293,11.3
12500,Bellary_Village_125,Bellary,Karnataka,2025,243,35,262,4.0
