Village_ID,Year,Irrigated_Area_Hectares,Crop_Yield_MT_per_Hec,Fertilizer_Usage_Tons,Tractor_Availability
10001,2022,538,4.36,31,12
10001,2023,400,3.31,36,10
10001,2024,359,4.12,72,4
10001,2025,291,3.93,36,9
10002,2022,370,2.36,30,3
10002,2023,715,3.41,62,8
10002,2024,531,4.47,44,2
10002,2025,795,3.44,56,5
10003,2022,316,3.27,59,13
10003,2023,190,3.24,19,13
10003,2024,297,2.65,37,6
10003,2025,498,3.88,46,2
10004,2022,138,3.03,50,7
10004,2023,570,2.35,70,11
10004,2024,178,4.49,60,11
10004,2025,193,4.8,17,5
10005,2022,783,1.67,67,10
10005,2023,142,3.52,70,13
10005,2024,231,3.05,42,4
10005,2025,176,3.53,28,4
10006,2022,331,2.62,39,2
10006,2023,138,3.07,87,12
10006,2024,665,2.77,23,9
10006,2025,250,2.3,45,1
10007,2022,799,2.41,16,1
10007,2023,518,3.66,43,4
10007,2024,285,1.95,59,3
10007,2025,417,3.1,41,9
10008,2022,563,1.63,51,13
10008,2023,531,2.72,42,7
10008,2024,234,2.06,23,11
10008,2025,602,2.97,98,2
10009,2022,784,4.01,37,4
10009,2023,368,3.49,48,5
10009,2024,536,3.85,40,10
10009,2025,726,3.46,33,12
10010,2022,597,4.27,13,14
10010,2023,650,3.27,87,4
10010,2024,439,2.11,18,13
10010,2025,341,4.75,79,14
10011,2022,320,1.9,33,4
10011,2023,757,4.65,99,4
10011,2024,775,3.11,74,8
10011,2025,460,2.17,96,7
10012,2022,289,4.09,26,4
10012,2023,512,1.93,46,11
10012,2024,428,2.32,59,1
10012,2025,321,3.2,54,6
10013,2022,785,3.53,29,5
10013,2023,191,2.01,68,11
10013,2024,539,3.67,68,5
10013,2025,205,4.29,99,11
10014,2022,344,1.87,20,12
10014,2023,404,3.59,64,6
10014,2024,654,4.68,93,12
10014,2025,697,4.85,74,8
10015,2022,196,1.98,86,6
10015,2023,576,3.93,67,14
10015,2024,365,4.34,53,6
10015,2025,674,4.62,86,7
10016,2022,202,2.47,23,11
10016,2023,353,2.46,85,8
10016,2024,554,1.94,61,4
10016,2025,612,3.15,43,7
10017,2022,765,1.87,72,8
10017,2023,592,4.01,36,6
10017,2024,360,2.23,21,9
10017,2025,134,4.41,47,13
10018,2022,480,1.82,65,6
10018,2023,496,3.09,74,4
10018,2024,126,2.95,99,14
10018,2025,405,3.75,49,6
10019,2022,798,3.06,30,2
10019,2023,770,3.45,41,11
10019,2024,680,1.8,98,8
10019,2025,264,2.33,21,14
10020,2022,357,3.05,98,11
10020,2023,201,2.34,35,6
10020,2024,554,2.03,45,4
10020,2025,292,2.6,25,7
10021,2022,398,3.84,87,8
10021,2023,120,3.28,43,3
10021,2024,144,2.37,33,10
10021,2025,579,2.0,81,3
10022,2022,595,2.57,48,10
10022,2023,782,2.72,73,3
10022,2024,789,4.01,86,3
10022,2025,322,4.71,38,2
10023,2022,398,2.62,40,5
10023,2023,580,3.71,72,6
10023,2024,123,3.7,52,1
10023,2025,437,3.22,28,6
10024,2022,183,1.7,19,7
10024,2023,159,3.07,65,2
10024,2024,387,2.86,69,1
10024,2025,733,3.6,52,7
10025,2022,616,1.88,57,6
10025,2023,253,3.82,49,14
10025,2024,380,4.16,43,3
10025,2025,533,3.12,10,13
10026,2022,441,2.03,28,2
10026,2023,185,3.52,10,13
10026,2024,686,4.67,97,2
10026,2025,290,4.05,34,14
10027,2022,351,1.87,77,12
10027,2023,167,2.84,97,2
10027,2024,245,4.55,93,8
10027,2025,733,3.85,37,1
10028,2022,653,1.94,54,12
10028,2023,761,3.82,33,3
10028,2024,673,2.86,53,8
10028,2025,354,3.42,11,6
10029,2022,230,2.75,32,7
10029,2023,476,3.83,87,2
10029,2024,631,2.45,71,14
10029,2025,298,3.12,24,9
10030,2022,320,3.73,41,7
10030,2023,509,3.76,96,3
10030,2024,742,2.41,13,9
10030,2025,270,3.0,93,3
10031,2022,244,1.54,40,14
10031,2023,587,3.24,68,10
10031,2024,453,2.64,80,8
10031,2025,280,1.99,10,7
10032,2022,260,2.77,78,13
10032,2023,563,4.43,23,3
10032,2024,159,4.57,32,14
10032,2025,314,3.07,80,5
10033,2022,679,2.85,25,7
10033,2023,291,2.38,18,3
10033,2024,587,2.0,40,13
10033,2025,324,4.03,70,2
10034,2022,491,3.9,54,9
10034,2023,260,4.29,16,2
10034,2024,554,4.61,66,3
10034,2025,210,4.7,73,12
10035,2022,158,1.58,11,1
10035,2023,644,4.58,15,13
10035,2024,652,2.94,70,1
10035,2025,772,4.61,43,1
10036,2022,128,2.82,26,10
10036,2023,284,2.92,35,3
10036,2024,323,1.83,85,14
10036,2025,456,2.11,29,6
10037,2022,591,3.51,50,10
10037,2023,697,4.46,67,3
10037,2024,677,2.47,63,4
10037,2025,213,2.23,38,2
10038,2022,477,2.14,57,7
10038,2023,384,2.29,86,4
10038,2024,196,2.68,99,11
10038,2025,223,2.23,31,1
10039,2022,255,2.21,81,4
10039,2023,209,4.41,80,4
10039,2024,152,4.47,14,11
10039,2025,273,2.9,61,3
10040,2022,778,4.49,10,8
10040,2023,687,2.55,54,7
10040,2024,413,3.97,49,10
10040,2025,793,3.88,73,10
10041,2022,489,1.69,20,3
10041,2023,144,2.68,61,4
10041,2024,762,4.65,16,8
10041,2025,216,2.1,60,13
10042,2022,221,2.02,30,10
10042,2023,581,4.56,48,3
10042,2024,269,1.92,53,5
10042,2025,777,3.29,66,5
10043,2022,499,4.26,50,5
10043,2023,760,4.48,48,5
10043,2024,599,4.74,29,9
10043,2025,173,3.39,31,10
10044,2022,248,1.76,38,13
10044,2023,636,3.97,55,5
10044,2024,160,3.93,77,11
10044,2025,153,3.69,12,14
10045,2022,322,4.16,82,11
10045,2023,572,4.38,14,14
10045,2024,415,3.85,65,9
10045,2025,269,2.29,76,13
10046,2022,131,1.79,98,9
10046,2023,152,2.88,41,14
10046,2024,238,2.68,91,11
10046,2025,473,2.35,50,14
10047,2022,146,3.33,38,10
10047,2023,189,3.7,75,12
10047,2024,135,3.89,20,4
10047,2025,324,2.48,68,14
10048,2022,653,2.42,13,9
10048,2023,368,2.25,63,11
10048,2024,285,3.6,76,12
10048,2025,470,3.65,11,13
10049,2022,334,3.01,87,2
10049,2023,221,2.54,57,3
10049,2024,523,2.51,77,1
10049,2025,488,4.62,53,11
10050,2022,216,1.65,71,7
10050,2023,565,3.62,92,10
10050,2024,528,1.86,28,14
10050,2025,541,2.53,53,11
10051,2022,138,2.37,40,14
10051,2023,261,4.31,71,9
10051,2024,720,2.21,24,13
10051,2025,625,4.76,38,3
10052,2022,265,3.95,76,8
10052,2023,544,3.69,92,1
10052,2024,542,3.04,95,6
10052,2025,430,4.67,56,6
10053,2022,434,3.08,93,5
10053,2023,211,2.76,16,4
10053,2024,238,3.56,77,3
10053,2025,265,2.65,10,13
10054,2022,513,2.32,80,14
10054,2023,268,4.41,31,4
10054,2024,223,4.18,66,7
10054,2025,649,3.49,82,14
10055,2022,197,2.75,67,7
10055,2023,159,4.07,36,3
10055,2024,118,3.51,47,11
10055,2025,223,3.2,96,10
10056,2022,325,3.05,85,3
10056,2023,711,2.35,22,3
10056,2024,423,2.41,24,5
10056,2025,116,4.92,89,1
10057,2022,179,4.41,82,10
10057,2023,696,2.91,57,11
10057,2024,555,3.35,24,13
10057,2025,640,4.43,49,14
10058,2022,745,3.68,39,14
10058,2023,730,1.95,32,7
10058,2024,477,2.92,18,13
10058,2025,290,2.7,41,8
10059,2022,764,4.48,44,7
10059,2023,590,3.9,58,8
10059,2024,504,1.94,54,9
10059,2025,371,4.65,25,4
10060,2022,743,4.28,41,3
10060,2023,529,2.65,34,7
10060,2024,619,3.73,46,12
10060,2025,745,4.0,46,9
10061,2022,483,3.69,44,13
10061,2023,291,3.73,54,12
10061,2024,702,3.48,17,9
10061,2025,534,4.81,56,12
10062,2022,162,3.04,45,8
10062,2023,315,1.98,98,14
10062,2024,233,2.04,91,13
10062,2025,718,2.01,19,3
10063,2022,260,2.78,10,6
10063,2023,357,2.47,77,14
10063,2024,524,4.49,99,2
10063,2025,627,4.55,84,6
10064,2022,457,4.01,24,5
10064,2023,474,4.25,88,4
10064,2024,670,2.69,96,3
10064,2025,108,3.23,12,8
10065,2022,296,2.44,41,10
10065,2023,216,1.91,29,6
10065,2024,109,4.57,65,9
10065,2025,618,3.8,87,3
10066,2022,448,1.9,51,5
10066,2023,503,2.27,82,4
10066,2024,734,3.15,69,6
10066,2025,674,2.11,65,2
10067,2022,103,2.32,56,6
10067,2023,427,3.76,33,3
10067,2024,611,4.56,50,8
10067,2025,229,4.74,13,10
10068,2022,686,3.06,85,10
10068,2023,583,2.59,60,11
10068,2024,457,4.56,97,6
10068,2025,484,4.31,10,12
10069,2022,353,3.26,23,8
10069,2023,266,4.15,19,7
10069,2024,779,3.18,45,6
10069,2025,568,2.29,51,9
10070,2022,592,4.31,57,11
10070,2023,437,3.25,27,9
10070,2024,150,3.89,98,10
10070,2025,155,3.13,85,10
10071,2022,172,1.91,69,4
10071,2023,699,2.47,37,8
10071,2024,151,1.93,62,3
10071,2025,224,2.21,18,14
10072,2022,361,2.11,33,11
10072,2023,674,3.33,29,5
10072,2024,647,4.78,99,12
10072,2025,620,4.48,78,3
10073,2022,429,1.76,36,10
10073,2023,422,4.18,49,4
10073,2024,340,3.41,80,5
10073,2025,384,3.93,92,13
10074,2022,701,1.89,63,8
10074,2023,363,2.84,95,14
10074,2024,398,4.45,91,10
10074,2025,304,3.23,24,8
10075,2022,390,1.88,60,14
10075,2023,310,2.58,78,3
10075,2024,465,2.46,49,8
10075,2025,563,4.01,78,10
10076,2022,421,4.23,52,13
10076,2023,457,3.85,73,4
10076,2024,193,4.33,16,11
10076,2025,268,4.37,11,2
10077,2022,396,1.54,39,14
10077,2023,615,2.02,84,3
10077,2024,197,3.07,61,8
10077,2025,449,2.29,42,12
10078,2022,678,3.7,18,5
10078,2023,749,1.86,20,2
10078,2024,500,3.05,85,7
10078,2025,550,3.13,19,5
10079,2022,574,3.13,63,6
10079,2023,518,3.54,84,14
10079,2024,103,4.64,29,2
10079,2025,423,2.76,14,11
10080,2022,468,3.5,33,7
10080,2023,713,1.76,41,1
10080,2024,494,1.8,40,10
10080,2025,655,2.03,53,10
10081,2022,218,2.85,87,5
10081,2023,799,3.32,28,9
10081,2024,289,1.82,33,7
10081,2025,721,3.14,21,14
10082,2022,515,1.62,59,9
10082,2023,205,3.61,94,9
10082,2024,264,3.69,34,1
10082,2025,737,4.3,60,8
10083,2022,445,3.14,23,12
10083,2023,197,3.52,81,7
10083,2024,585,2.64,38,11
10083,2025,430,2.21,34,2
10084,2022,469,3.71,96,3
10084,2023,541,3.49,68,6
10084,2024,219,4.61,66,11
10084,2025,398,4.92,21,11
10085,2022,242,4.04,59,3
10085,2023,741,4.61,21,8
10085,2024,715,3.74,91,4
10085,2025,192,2.23,57,13
10086,2022,396,1.77,59,7
10086,2023,546,4.07,28,4
10086,2024,579,2.51,62,2
10086,2025,357,2.13,44,7
10087,2022,621,2.92,36,8
10087,2023,782,2.59,76,1
10087,2024,474,3.56,86,5
10087,2025,526,3.75,60,10
10088,2022,200,3.54,28,14
10088,2023,721,3.38,52,8
10088,2024,343,2.94,44,1
10088,2025,122,2.02,24,12
10089,2022,453,4.22,25,3
10089,2023,565,2.63,78,2
10089,2024,324,3.32,80,14
10089,2025,543,3.62,94,3
10090,2022,368,2.44,50,3
10090,2023,632,2.58,63,3
10090,2024,413,2.58,74,13
10090,2025,219,2.68,98,1
10091,2022,580,1.59,39,3
10091,2023,219,4.52,28,14
10091,2024,235,3.59,97,2
10091,2025,176,2.27,55,13
10092,2022,453,3.28,69,9
10092,2023,157,2.35,88,10
10092,2024,185,2.73,33,8
10092,2025,100,4.35,45,13
10093,2022,176,4.16,58,13
10093,2023,621,3.75,68,6
10093,2024,543,4.6,23,7
10093,2025,680,4.67,95,14
10094,2022,247,3.15,48,1
10094,2023,673,4.37,17,7
10094,2024,624,3.43,57,8
10094,2025,285,2.26,89,8
10095,2022,776,3.99,90,6
10095,2023,621,2.04,78,7
10095,2024,261,2.75,50,11
10095,2025,389,3.09,44,2
10096,2022,520,3.92,73,4
10096,2023,295,1.9,62,8
10096,2024,133,3.13,63,11
10096,2025,771,3.26,46,4
10097,2022,696,3.25,61,8
10097,2023,669,2.71,27,10
10097,2024,507,3.53,30,14
10097,2025,396,4.91,51,12
10098,2022,636,1.71,74,4
10098,2023,135,4.27,90,9
10098,2024,363,2.73,17,1
10098,2025,481,3.35,93,6
10099,2022,213,3.72,48,1
10099,2023,716,4.38,70,12
10099,2024,704,1.83,69,6
10099,2025,700,3.94,78,4
10100,2022,542,1.71,68,8
10100,2023,262,3.23,19,13
10100,2024,137,4.05,72,8
10100,2025,191,2.46,79,13
10101,2022,730,3.79,16,9
10101,2023,771,2.58,44,7
10101,2024,200,3.63,51,13
10101,2025,606,3.92,94,11
10102,2022,278,3.45,97,13
10102,2023,383,1.71,38,8
10102,2024,454,2.26,36,13
10102,2025,396,4.52,47,11
10103,2022,634,4.32,11,3
10103,2023,587,3.34,34,10
10103,2024,378,3.59,75,4
10103,2025,643,4.22,47,4
10104,2022,749,2.72,68,6
10104,2023,692,2.63,91,7
10104,2024,454,4.1,16,9
10104,2025,418,2.03,58,14
10105,2022,294,4.16,77,10
10105,2023,192,2.97,50,6
10105,2024,532,3.31,83,2
10105,2025,657,3.85,60,10
10106,2022,126,2.32,33,10
10106,2023,514,3.44,45,7
10106,2024,261,3.88,89,13
10106,2025,200,2.3,19,10
10107,2022,798,3.06,30,14
10107,2023,572,2.64,36,9
10107,2024,257,3.47,64,8
10107,2025,591,2.01,94,4
10108,2022,108,3.73,14,2
10108,2023,311,2.16,95,8
10108,2024,538,3.87,68,6
10108,2025,778,4.26,45,12
10109,2022,210,3.76,83,8
10109,2023,302,4.1,43,11
10109,2024,164,2.72,61,9
10109,2025,260,4.85,15,3
10110,2022,513,1.57,23,8
10110,2023,744,3.09,68,14
10110,2024,789,2.61,66,10
10110,2025,365,4.17,46,8
10111,2022,671,3.92,67,5
10111,2023,304,4.12,92,6
10111,2024,766,2.69,41,5
10111,2025,683,2.77,29,6
10112,2022,255,3.53,94,1
10112,2023,272,4.43,88,10
10112,2024,407,2.56,90,10
10112,2025,549,4.68,70,10
10113,2022,161,3.27,66,2
10113,2023,472,3.86,61,8
10113,2024,559,3.12,97,14
10113,2025,574,4.37,94,1
10114,2022,480,4.41,57,9
10114,2023,671,2.16,88,7
10114,2024,185,2.96,20,1
10114,2025,242,4.54,39,14
10115,2022,106,2.03,69,5
10115,2023,394,2.89,27,2
10115,2024,790,2.3,86,14
10115,2025,618,3.9,83,11
10116,2022,751,2.21,56,12
10116,2023,625,2.79,21,1
10116,2024,133,3.27,59,1
10116,2025,428,2.84,49,14
10117,2022,708,3.54,99,13
10117,2023,737,1.98,73,5
10117,2024,133,4.44,28,4
10117,2025,505,3.39,96,5
10118,2022,117,3.22,36,6
10118,2023,529,3.52,61,1
10118,2024,527,1.98,89,2
10118,2025,392,4.22,16,2
10119,2022,679,4.34,72,5
10119,2023,179,3.21,86,12
10119,2024,185,2.97,64,10
10119,2025,671,4.3,85,9
10120,2022,147,3.66,40,7
10120,2023,790,3.6,20,10
10120,2024,183,4.7,26,4
10120,2025,706,3.7,75,5
10121,2022,407,2.25,76,11
10121,2023,351,1.72,41,7
10121,2024,580,3.16,33,14
10121,2025,279,3.91,97,10
10122,2022,695,2.02,22,9
10122,2023,409,1.73,31,12
10122,2024,525,4.53,28,10
10122,2025,585,2.86,62,7
10123,2022,761,2.9,48,11
10123,2023,138,1.92,30,13
10123,2024,378,2.94,96,2
10123,2025,724,3.22,25,4
10124,2022,475,4.21,16,10
10124,2023,738,4.25,93,13
10124,2024,140,2.37,87,4
10124,2025,769,3.62,35,14
10125,2022,146,3.69,95,11
10125,2023,583,2.53,99,9
10125,2024,284,2.98,85,8
10125,2025,171,4.9,40,6
10126,2022,668,3.78,77,8
10126,2023,673,2.96,49,7
10126,2024,441,3.4,36,8
10126,2025,668,3.83,18,13
10127,2022,342,3.0,85,7
10127,2023,427,2.88,25,2
10127,2024,735,2.88,81,11
10127,2025,252,2.46,22,12
10128,2022,354,4.42,87,6
10128,2023,523,1.92,69,4
10128,2024,331,3.6,88,4
10128,2025,628,4.83,69,10
10129,2022,691,2.62,18,6
10129,2023,595,2.41,62,8
10129,2024,275,4.67,41,5
10129,2025,650,4.36,95,14
10130,2022,242,3.47,64,3
10130,2023,116,3.49,34,12
10130,2024,348,2.88,50,1
10130,2025,134,3.87,35,5
10131,2022,245,3.68,38,3
10131,2023,264,1.75,91,3
10131,2024,210,2.15,45,4
10131,2025,746,2.9,93,9
10132,2022,173,2.47,93,4
10132,2023,767,4.35,12,5
10132,2024,453,3.85,68,10
10132,2025,373,3.07,43,5
10133,2022,378,3.93,15,1
10133,2023,759,2.62,40,7
10133,2024,130,4.77,41,2
10133,2025,625,4.29,51,6
10134,2022,634,3.93,66,14
10134,2023,609,2.43,82,11
10134,2024,613,2.24,55,4
10134,2025,277,3.12,97,14
10135,2022,428,2.5,65,5
10135,2023,670,3.96,59,12
10135,2024,787,2.32,95,5
10135,2025,271,3.53,39,4
10136,2022,495,3.38,45,14
10136,2023,694,2.81,35,2
10136,2024,134,2.4,59,12
10136,2025,396,4.64,11,8
10137,2022,568,1.92,16,1
10137,2023,594,2.56,36,9
10137,2024,721,4.07,89,6
10137,2025,334,3.77,58,4
10138,2022,138,3.69,55,6
10138,2023,318,4.08,94,11
10138,2024,316,4.49,35,9
10138,2025,774,2.86,91,13
10139,2022,727,2.92,74,14
10139,2023,772,3.71,11,12
10139,2024,700,4.18,87,12
10139,2025,519,3.68,88,9
10140,2022,752,3.04,73,3
10140,2023,273,3.73,73,13
10140,2024,212,2.95,97,8
10140,2025,273,4.63,69,1
10141,2022,173,2.14,98,9
10141,2023,736,4.3,18,7
10141,2024,635,3.73,24,14
10141,2025,131,3.75,46,10
10142,2022,353,2.91,15,7
10142,2023,596,2.11,52,6
10142,2024,212,4.39,54,1
10142,2025,294,2.11,85,13
10143,2022,627,2.31,80,2
10143,2023,540,1.98,37,11
10143,2024,588,2.12,61,3
10143,2025,596,3.12,85,1
10144,2022,719,1.98,44,5
10144,2023,123,3.39,75,11
10144,2024,389,3.68,35,5
10144,2025,407,4.6,29,6
10145,2022,403,2.4,98,14
10145,2023,730,2.58,71,13
10145,2024,792,2.54,94,7
10145,2025,137,4.3,10,10
10146,2022,485,2.78,62,9
10146,2023,680,3.31,86,13
10146,2024,181,2.92,39,7
10146,2025,217,2.42,69,13
10147,2022,149,1.81,19,6
10147,2023,768,4.25,31,13
10147,2024,173,2.6,38,9
10147,2025,794,4.77,78,2
10148,2022,205,4.34,17,6
10148,2023,698,3.09,62,5
10148,2024,425,4.68,20,12
10148,2025,783,2.04,35,6
10149,2022,455,1.77,28,10
10149,2023,567,2.38,28,1
10149,2024,755,2.43,39,11
10149,2025,383,2.71,45,5
10150,2022,284,2.86,51,12
10150,2023,253,1.84,65,8
10150,2024,217,3.47,18,3
10150,2025,366,2.88,16,14
10151,2022,484,1.71,27,3
10151,2023,354,3.91,18,13
10151,2024,340,3.76,15,13
10151,2025,270,4.33,79,11
10152,2022,716,4.32,54,7
10152,2023,647,3.41,31,7
10152,2024,677,4.16,90,12
10152,2025,284,2.55,88,2
10153,2022,766,2.73,82,13
10153,2023,509,3.24,79,8
10153,2024,752,3.42,96,5
10153,2025,687,4.11,90,9
10154,2022,245,3.89,41,13
10154,2023,137,3.65,76,1
10154,2024,589,1.94,25,11
10154,2025,361,3.0,11,4
10155,2022,225,3.22,76,8
10155,2023,703,3.17,50,9
10155,2024,444,1.93,60,9
10155,2025,360,4.89,23,10
10156,2022,542,4.37,87,11
10156,2023,207,3.97,58,1
10156,2024,656,1.97,58,1
10156,2025,536,3.24,36,7
10157,2022,613,2.73,90,11
10157,2023,189,3.32,48,13
10157,2024,314,1.97,82,12
10157,2025,726,3.22,45,6
10158,2022,418,3.77,19,14
10158,2023,703,4.64,13,7
10158,2024,797,3.59,94,8
10158,2025,769,4.77,11,11
10159,2022,156,4.5,88,6
10159,2023,658,2.95,37,10
10159,2024,501,3.81,98,14
10159,2025,321,2.59,35,10
10160,2022,574,2.93,82,12
10160,2023,207,1.89,39,10
10160,2024,279,1.89,18,7
10160,2025,276,4.63,10,11
10161,2022,586,4.08,65,7
10161,2023,513,2.59,65,7
10161,2024,791,3.17,85,13
10161,2025,136,3.43,70,14
10162,2022,674,3.06,54,2
10162,2023,367,2.05,22,3
10162,2024,487,4.13,23,10
10162,2025,453,2.99,19,9
10163,2022,369,1.6,26,1
10163,2023,368,3.68,26,13
10163,2024,541,4.29,40,8
10163,2025,404,4.7,55,7
10164,2022,345,3.52,58,6
10164,2023,277,2.22,99,1
10164,2024,166,3.57,84,9
10164,2025,376,4.69,89,2
10165,2022,307,2.55,27,10
10165,2023,406,4.51,84,12
10165,2024,649,2.09,20,5
10165,2025,730,4.13,82,9
10166,2022,637,1.86,98,12
10166,2023,617,4.05,64,8
10166,2024,373,2.09,12,10
10166,2025,332,2.93,87,14
10167,2022,213,3.83,98,4
10167,2023,233,3.03,25,8
10167,2024,524,4.45,18,9
10167,2025,789,3.16,77,12
10168,2022,124,4.48,54,11
10168,2023,659,1.71,11,5
10168,2024,379,3.89,98,1
10168,2025,442,4.7,31,11
10169,2022,171,3.11,78,6
10169,2023,300,4.62,58,4
10169,2024,425,3.92,30,6
10169,2025,132,3.24,83,1
10170,2022,196,3.05,96,4
10170,2023,656,4.28,64,5
10170,2024,362,4.67,13,6
10170,2025,169,3.62,67,14
10171,2022,392,2.42,79,5
10171,2023,306,2.37,68,2
10171,2024,271,3.23,35,3
10171,2025,494,2.84,83,5
10172,2022,355,2.76,78,11
10172,2023,363,4.15,48,7
10172,2024,363,3.22,10,4
10172,2025,616,3.87,66,11
10173,2022,109,1.77,57,6
10173,2023,370,3.94,81,9
10173,2024,411,3.25,30,10
10173,2025,469,3.03,40,7
10174,2022,666,3.33,67,3
10174,2023,652,1.96,56,11
10174,2024,749,3.04,32,5
10174,2025,490,4.38,84,9
10175,2022,214,2.29,89,5
10175,2023,674,4.39,16,3
10175,2024,443,3.61,58,8
10175,2025,509,3.57,97,7
10176,2022,645,2.7,40,12
10176,2023,477,3.88,56,5
10176,2024,555,3.49,77,5
10176,2025,522,4.34,44,1
10177,2022,543,2.5,84,8
10177,2023,296,3.76,43,6
10177,2024,462,4.63,67,5
10177,2025,509,2.79,24,13
10178,2022,673,4.44,87,7
10178,2023,493,2.88,94,2
10178,2024,608,1.92,80,3
10178,2025,665,3.02,90,9
10179,2022,770,1.95,51,5
10179,2023,393,2.56,27,6
10179,2024,124,2.09,87,8
10179,2025,336,2.48,47,14
10180,2022,560,1.88,73,3
10180,2023,420,1.78,38,1
10180,2024,199,2.69,19,14
10180,2025,789,4.77,26,13
10181,2022,507,4.35,41,4
10181,2023,254,4.19,70,14
10181,2024,533,1.84,93,2
10181,2025,533,2.03,90,9
10182,2022,242,1.53,55,4
10182,2023,628,2.75,80,9
10182,2024,384,4.74,65,7
10182,2025,104,4.64,70,7
10183,2022,622,2.25,53,1
10183,2023,535,2.88,47,2
10183,2024,517,4.27,59,7
10183,2025,180,4.23,83,12
10184,2022,644,1.9,41,5
10184,2023,476,1.97,99,7
10184,2024,258,3.43,62,3
10184,2025,726,2.26,57,8
10185,2022,316,3.98,90,4
10185,2023,769,2.41,10,8
10185,2024,144,2.36,99,6
10185,2025,731,2.51,39,9
10186,2022,314,1.64,18,6
10186,2023,610,3.58,42,4
10186,2024,227,2.29,35,3
10186,2025,353,2.65,51,14
10187,2022,649,3.75,83,4
10187,2023,451,1.82,51,11
10187,2024,705,2.41,48,7
10187,2025,640,2.4,70,8
10188,2022,263,1.51,56,2
10188,2023,748,3.27,51,9
10188,2024,634,2.37,57,7
10188,2025,230,3.85,61,7
10189,2022,697,3.01,42,13
10189,2023,795,3.65,36,12
10189,2024,603,4.74,52,10
10189,2025,523,2.61,38,14
10190,2022,283,3.5,28,4
10190,2023,770,4.15,91,7
10190,2024,622,4.67,37,2
10190,2025,653,3.82,19,11
10191,2022,334,1.89,76,10
10191,2023,230,1.81,25,14
10191,2024,796,2.64,10,14
10191,2025,113,4.73,91,3
10192,2022,758,3.11,13,2
10192,2023,479,3.39,78,12
10192,2024,159,3.63,94,5
10192,2025,391,2.95,13,1
10193,2022,259,2.04,29,14
10193,2023,546,4.51,72,13
10193,2024,637,4.07,92,2
10193,2025,676,3.48,44,11
10194,2022,485,2.63,54,6
10194,2023,169,3.1,66,6
10194,2024,481,1.9,33,12
10194,2025,784,2.69,29,8
10195,2022,324,2.25,37,9
10195,2023,607,2.99,47,9
10195,2024,764,2.51,33,7
10195,2025,139,2.51,93,12
10196,2022,245,3.8,33,10
10196,2023,465,4.33,79,1
10196,2024,709,2.0,34,4
10196,2025,347,2.58,90,7
10197,2022,111,3.82,90,2
10197,2023,635,4.1,78,12
10197,2024,609,3.3,26,9
10197,2025,344,4.03,67,13
10198,2022,270,1.73,82,1
10198,2023,131,4.2,29,9
10198,2024,725,4.3,11,7
10198,2025,528,4.03,92,13
10199,2022,134,4.25,18,10
10199,2023,304,1.79,72,6
10199,2024,483,2.49,92,14
10199,2025,365,3.04,77,12
10200,2022,676,1.98,15,7
10200,2023,542,4.09,20,2
10200,2024,709,4.07,30,10
10200,2025,796,4.27,72,12
10201,2022,584,2.37,98,2
10201,2023,569,3.94,39,14
10201,2024,365,2.17,91,3
10201,2025,208,2.27,98,6
10202,2022,588,3.25,30,1
10202,2023,277,1.8,32,11
10202,2024,348,4.62,70,4
10202,2025,104,2.94,39,8
10203,2022,256,2.93,55,8
10203,2023,329,4.09,69,14
10203,2024,727,3.0,27,5
10203,2025,360,3.24,71,7
10204,2022,420,2.54,54,5
10204,2023,226,2.71,70,4
10204,2024,127,3.2,68,6
10204,2025,609,4.79,44,14
10205,2022,327,4.31,31,8
10205,2023,740,3.29,33,12
10205,2024,640,3.17,96,10
10205,2025,278,4.37,60,1
10206,2022,775,3.54,74,3
10206,2023,771,4.29,24,4
10206,2024,387,3.99,37,5
10206,2025,593,4.81,51,1
10207,2022,364,4.16,29,9
10207,2023,566,4.22,52,8
10207,2024,494,2.97,89,2
10207,2025,531,3.11,78,5
10208,2022,534,3.72,72,9
10208,2023,487,1.9,52,13
10208,2024,636,2.77,88,3
10208,2025,244,4.75,11,5
10209,2022,274,2.85,97,9
10209,2023,619,2.46,86,6
10209,2024,413,3.23,32,13
10209,2025,720,2.82,21,5
10210,2022,228,3.8,55,8
10210,2023,613,4.2,42,14
10210,2024,109,4.15,53,5
10210,2025,446,2.4,34,9
10211,2022,216,2.51,44,11
10211,2023,510,2.29,44,13
10211,2024,496,1.93,74,3
10211,2025,110,4.17,52,1
10212,2022,497,2.79,77,4
10212,2023,707,2.48,71,7
10212,2024,192,2.72,40,13
10212,2025,201,2.36,37,3
10213,2022,197,3.98,20,13
10213,2023,381,2.08,41,10
10213,2024,767,2.81,75,8
10213,2025,756,1.97,69,2
10214,2022,520,2.81,60,9
10214,2023,463,2.71,68,14
10214,2024,310,3.96,86,3
10214,2025,766,4.1,26,11
10215,2022,607,1.62,77,14
10215,2023,175,2.0,47,6
10215,2024,422,4.51,73,7
10215,2025,551,4.33,12,5
10216,2022,786,2.67,63,10
10216,2023,722,2.15,85,13
10216,2024,117,2.58,53,5
10216,2025,390,3.92,91,14
10217,2022,297,4.34,39,1
10217,2023,261,3.5,84,4
10217,2024,516,1.88,97,1
10217,2025,483,3.9,94,9
10218,2022,299,4.33,63,9
10218,2023,597,2.73,57,5
10218,2024,142,4.6,44,5
10218,2025,181,3.96,77,13
10219,2022,638,2.07,35,5
10219,2023,403,2.09,81,7
10219,2024,680,2.33,97,6
10219,2025,298,4.05,65,2
10220,2022,505,3.27,85,11
10220,2023,526,3.02,78,10
10220,2024,560,2.59,89,3
10220,2025,579,4.67,73,5
10221,2022,223,2.14,38,7
10221,2023,627,2.5,87,2
10221,2024,737,1.96,68,11
10221,2025,625,2.78,34,4
10222,2022,138,4.27,81,1
10222,2023,298,2.21,36,7
10222,2024,207,2.41,31,11
10222,2025,367,3.75,80,14
10223,2022,452,3.2,56,2
10223,2023,410,2.18,85,8
10223,2024,489,2.26,64,10
10223,2025,139,2.3,18,12
10224,2022,680,4.08,63,11
10224,2023,251,3.61,73,1
10224,2024,286,4.66,48,2
10224,2025,529,2.45,92,8
10225,2022,556,2.88,17,5
10225,2023,326,3.88,36,14
10225,2024,527,2.44,78,5
10225,2025,303,4.0,42,11
10226,2022,217,2.92,94,7
10226,2023,493,2.94,19,14
10226,2024,321,3.73,25,4
10226,2025,162,3.35,20,9
10227,2022,495,3.96,28,3
10227,2023,104,4.44,73,8
10227,2024,433,3.57,61,3
10227,2025,391,2.85,86,8
10228,2022,607,3.83,24,14
10228,2023,244,2.16,51,1
10228,2024,761,2.08,92,10
10228,2025,258,3.51,88,13
10229,2022,110,3.44,47,10
10229,2023,168,4.15,95,7
10229,2024,713,4.67,58,12
10229,2025,643,4.57,86,1
10230,2022,301,4.47,93,2
10230,2023,365,3.08,58,11
10230,2024,207,2.75,88,11
10230,2025,153,3.33,80,12
10231,2022,437,3.43,64,12
10231,2023,289,3.17,31,1
10231,2024,338,3.7,52,10
10231,2025,442,4.61,59,3
10232,2022,390,2.0,93,9
10232,2023,422,2.01,28,1
10232,2024,420,3.3,81,3
10232,2025,141,4.9,27,2
10233,2022,297,1.68,19,5
10233,2023,732,4.61,59,12
10233,2024,383,4.7,58,7
10233,2025,281,2.83,50,6
10234,2022,711,4.17,24,10
10234,2023,110,1.67,32,5
10234,2024,541,3.16,85,13
10234,2025,728,3.16,36,3
10235,2022,523,4.21,15,13
10235,2023,599,3.07,33,7
10235,2024,487,3.05,95,12
10235,2025,675,3.87,18,9
10236,2022,787,2.63,83,2
10236,2023,553,3.26,71,6
10236,2024,694,4.67,76,12
10236,2025,101,2.56,79,5
10237,2022,341,2.88,99,9
10237,2023,159,1.7,87,8
10237,2024,467,4.33,51,9
10237,2025,139,2.23,69,7
10238,2022,414,1.78,92,5
10238,2023,656,4.3,57,4
10238,2024,397,3.03,65,14
10238,2025,730,4.01,96,13
10239,2022,742,4.07,14,8
10239,2023,549,2.77,88,2
10239,2024,494,2.58,63,1
10239,2025,661,2.46,47,3
10240,2022,187,3.32,28,7
10240,2023,632,2.41,78,1
10240,2024,487,3.7,82,5
10240,2025,480,2.9,80,14
10241,2022,654,2.54,33,5
10241,2023,530,2.4,89,3
10241,2024,634,3.06,19,11
10241,2025,315,2.44,94,1
10242,2022,376,2.46,30,5
10242,2023,293,3.98,24,8
10242,2024,278,2.45,73,9
10242,2025,242,4.79,22,12
10243,2022,637,2.98,80,13
10243,2023,317,1.97,49,6
10243,2024,610,4.63,17,1
10243,2025,158,3.32,47,14
10244,2022,445,3.17,61,13
10244,2023,656,2.21,11,5
10244,2024,518,2.8,31,2
10244,2025,323,4.06,13,1
10245,2022,449,1.87,61,13
10245,2023,721,3.36,16,3
10245,2024,176,3.88,10,11
10245,2025,698,1.96,92,10
10246,2022,307,4.01,67,5
10246,2023,258,1.82,71,9
10246,2024,623,2.54,75,7
10246,2025,324,4.84,64,6
10247,2022,457,1.74,22,9
10247,2023,483,4.13,37,14
10247,2024,643,3.76,23,14
10247,2025,665,3.75,12,6
10248,2022,603,3.25,25,11
10248,2023,549,2.15,98,4
10248,2024,341,3.81,55,7
10248,2025,468,4.8,12,13
10249,2022,726,1.73,12,2
10249,2023,570,2.65,50,2
10249,2024,387,3.22,38,6
10249,2025,498,2.65,49,13
10250,2022,203,3.72,28,5
10250,2023,410,3.72,29,6
10250,2024,226,2.15,30,2
10250,2025,139,3.66,29,2
10251,2022,171,2.61,56,1
10251,2023,346,2.34,53,2
10251,2024,346,4.34,98,14
10251,2025,411,2.11,11,11
10252,2022,133,2.9,52,10
10252,2023,228,3.08,66,7
10252,2024,109,3.51,97,2
10252,2025,267,2.54,28,3
10253,2022,315,4.11,99,11
10253,2023,507,4.55,73,13
10253,2024,625,3.45,55,6
10253,2025,701,2.72,50,6
10254,2022,117,4.13,76,10
10254,2023,439,4.61,23,11
10254,2024,780,4.03,29,9
10254,2025,667,2.95,44,12
10255,2022,775,2.21,96,11
10255,2023,763,2.12,34,12
10255,2024,189,2.5,13,2
10255,2025,384,2.63,66,7
10256,2022,633,4.4,11,1
10256,2023,366,3.58,75,6
10256,2024,532,2.3,98,9
10256,2025,750,3.41,96,8
10257,2022,151,2.05,30,6
10257,2023,166,3.47,98,13
10257,2024,696,2.82,61,6
10257,2025,349,2.54,84,6
10258,2022,430,2.23,87,8
10258,2023,514,3.68,90,13
10258,2024,222,3.02,24,2
10258,2025,301,3.49,55,11
10259,2022,105,3.96,40,9
10259,2023,585,3.62,71,10
10259,2024,298,3.19,43,8
10259,2025,112,4.81,45,2
10260,2022,105,2.14,53,14
10260,2023,510,2.52,72,11
10260,2024,220,4.53,86,8
10260,2025,656,4.51,27,1
10261,2022,461,1.89,90,6
10261,2023,637,4.44,54,6
10261,2024,103,1.83,48,9
10261,2025,383,4.42,35,9
10262,2022,458,2.34,87,5
10262,2023,792,2.22,84,1
10262,2024,381,3.15,33,12
10262,2025,756,4.64,67,14
10263,2022,727,3.86,59,11
10263,2023,448,4.55,81,1
10263,2024,129,3.42,48,7
10263,2025,616,3.48,81,11
10264,2022,473,1.54,40,11
10264,2023,717,2.19,92,4
10264,2024,223,3.29,45,9
10264,2025,545,4.21,48,3
10265,2022,493,3.97,30,6
10265,2023,749,2.5,32,9
10265,2024,717,3.94,63,4
10265,2025,155,4.44,45,5
10266,2022,231,2.62,24,5
10266,2023,221,3.74,11,13
10266,2024,301,3.11,85,5
10266,2025,701,4.91,79,2
10267,2022,364,1.52,47,11
10267,2023,657,2.89,74,2
10267,2024,139,2.59,59,1
10267,2025,678,4.5,99,14
10268,2022,212,2.36,96,13
10268,2023,438,3.28,10,1
10268,2024,161,4.02,30,4
10268,2025,326,3.44,66,3
10269,2022,273,2.73,28,4
10269,2023,233,1.78,38,11
10269,2024,384,1.87,59,12
10269,2025,725,4.82,99,12
10270,2022,207,3.43,43,6
10270,2023,242,4.13,90,11
10270,2024,668,3.24,91,1
10270,2025,393,2.73,63,8
10271,2022,376,2.38,41,8
10271,2023,591,1.78,13,7
10271,2024,662,4.17,39,12
10271,2025,570,3.69,27,11
10272,2022,375,2.94,78,11
10272,2023,333,4.21,38,4
10272,2024,341,3.13,21,8
10272,2025,357,4.79,24,9
10273,2022,131,1.54,88,5
10273,2023,466,4.6,62,6
10273,2024,447,4.25,44,10
10273,2025,231,3.01,61,8
10274,2022,467,3.29,62,5
10274,2023,364,4.24,23,12
10274,2024,314,3.24,27,4
10274,2025,314,2.1,47,8
10275,2022,381,4.21,95,14
10275,2023,629,3.2,47,3
10275,2024,101,3.44,64,6
10275,2025,612,1.99,20,9
10276,2022,563,1.8,76,6
10276,2023,546,3.98,62,14
10276,2024,462,3.1,87,9
10276,2025,315,4.94,53,8
10277,2022,263,3.59,34,12
10277,2023,686,4.5,71,9
10277,2024,637,2.64,23,10
10277,2025,610,2.48,56,14
10278,2022,320,2.63,98,9
10278,2023,654,2.44,64,8
10278,2024,733,3.64,92,9
10278,2025,740,4.18,21,14
10279,2022,382,2.71,16,7
10279,2023,170,1.92,58,7
10279,2024,473,1.88,23,11
10279,2025,358,2.6,38,4
10280,2022,544,3.7,56,1
10280,2023,300,2.31,23,7
10280,2024,741,4.53,96,8
10280,2025,479,3.9,60,12
10281,2022,692,4.09,23,9
10281,2023,514,2.81,96,1
10281,2024,164,4.75,17,9
10281,2025,477,3.99,86,7
10282,2022,757,2.57,74,7
10282,2023,745,2.29,46,3
10282,2024,201,4.4,99,1
10282,2025,141,2.9,77,7
10283,2022,295,1.63,25,13
10283,2023,459,2.49,98,10
10283,2024,198,2.34,92,8
10283,2025,487,2.91,29,6
10284,2022,164,3.34,99,14
10284,2023,396,3.15,76,7
10284,2024,526,3.93,80,9
10284,2025,322,2.95,41,8
10285,2022,794,1.86,78,14
10285,2023,248,2.13,94,5
10285,2024,608,4.19,39,12
10285,2025,541,2.24,29,11
10286,2022,513,3.89,67,4
10286,2023,215,2.29,38,11
10286,2024,552,3.84,33,4
10286,2025,419,3.82,10,4
10287,2022,550,1.79,98,2
10287,2023,178,3.65,36,10
10287,2024,456,3.14,98,10
10287,2025,218,4.07,30,7
10288,2022,685,4.01,26,8
10288,2023,620,1.77,41,12
10288,2024,378,3.74,53,7
10288,2025,665,2.26,31,14
10289,2022,144,2.64,51,11
10289,2023,324,1.69,92,10
10289,2024,627,2.79,71,8
10289,2025,340,2.46,57,11
10290,2022,713,3.17,17,11
10290,2023,581,3.19,11,9
10290,2024,194,4.18,14,8
10290,2025,464,3.87,37,5
10291,2022,284,3.64,13,4
10291,2023,235,1.93,62,5
10291,2024,124,1.88,10,12
10291,2025,417,4.86,88,11
10292,2022,432,2.78,86,13
10292,2023,661,2.83,90,1
10292,2024,780,1.91,15,5
10292,2025,199,2.31,97,6
10293,2022,469,4.32,64,13
10293,2023,692,3.73,61,9
10293,2024,111,3.03,86,9
10293,2025,176,4.66,94,10
10294,2022,686,3.27,33,14
10294,2023,781,3.89,71,12
10294,2024,447,3.09,65,3
10294,2025,542,3.24,95,13
10295,2022,790,1.71,33,13
10295,2023,187,3.85,85,11
10295,2024,564,2.1,29,8
10295,2025,593,4.24,43,8
10296,2022,321,2.07,24,9
10296,2023,614,2.39,60,1
10296,2024,217,4.55,13,5
10296,2025,235,3.36,62,5
10297,2022,286,1.88,23,7
10297,2023,641,4.37,74,11
10297,2024,678,3.16,42,8
10297,2025,410,2.34,59,11
10298,2022,478,2.67,72,7
10298,2023,511,3.42,59,6
10298,2024,520,2.89,83,4
10298,2025,316,4.72,45,9
10299,2022,769,2.31,87,2
10299,2023,170,2.18,95,6
10299,2024,209,2.46,80,10
10299,2025,384,2.2,59,6
10300,2022,701,2.86,50,11
10300,2023,668,4.29,79,4
10300,2024,397,2.72,36,13
10300,2025,598,2.73,39,3
10301,2022,660,4.01,41,11
10301,2023,796,2.57,92,14
10301,2024,629,3.23,31,3
10301,2025,297,2.04,94,2
10302,2022,606,2.36,78,3
10302,2023,588,2.04,30,4
10302,2024,126,2.12,65,10
10302,2025,217,3.24,93,4
10303,2022,153,2.33,40,14
10303,2023,603,2.15,68,10
10303,2024,251,3.33,79,14
10303,2025,578,4.3,52,7
10304,2022,261,3.7,97,4
10304,2023,761,2.4,63,9
10304,2024,315,2.59,27,8
10304,2025,519,4.15,64,1
10305,2022,447,3.17,38,10
10305,2023,439,3.88,70,1
10305,2024,653,1.8,60,13
10305,2025,451,2.21,85,6
10306,2022,772,3.91,21,4
10306,2023,685,4.2,70,10
10306,2024,474,2.83,80,6
10306,2025,636,4.83,25,9
10307,2022,402,2.4,21,10
10307,2023,341,4.32,71,5
10307,2024,477,3.07,94,8
10307,2025,784,3.64,77,2
10308,2022,488,3.43,69,8
10308,2023,386,2.05,90,8
10308,2024,258,1.91,37,2
10308,2025,453,3.23,73,7
10309,2022,554,1.98,81,8
10309,2023,726,3.3,59,7
10309,2024,340,3.16,35,6
10309,2025,311,2.32,49,3
10310,2022,462,3.5,64,11
10310,2023,697,1.71,40,11
10310,2024,232,2.18,92,3
10310,2025,608,4.05,80,8
10311,2022,376,3.08,14,4
10311,2023,364,2.5,22,13
10311,2024,704,2.34,27,10
10311,2025,702,3.88,91,8
10312,2022,756,2.12,59,14
10312,2023,459,4.6,93,13
10312,2024,763,4.41,96,10
10312,2025,766,2.35,45,6
10313,2022,235,4.08,61,3
10313,2023,527,2.69,42,12
10313,2024,128,3.27,73,10
10313,2025,694,2.38,80,2
10314,2022,429,1.86,78,1
10314,2023,133,4.25,82,12
10314,2024,603,3.69,39,4
10314,2025,203,3.33,77,8
10315,2022,593,1.61,98,4
10315,2023,470,4.42,31,8
10315,2024,487,2.93,68,13
10315,2025,336,3.2,17,8
10316,2022,189,2.37,75,11
10316,2023,432,4.32,46,1
10316,2024,476,2.83,65,13
10316,2025,339,2.47,70,6
10317,2022,281,3.0,95,11
10317,2023,356,3.99,74,10
10317,2024,288,2.91,51,8
10317,2025,514,3.91,58,8
10318,2022,354,2.41,77,1
10318,2023,144,3.81,18,8
10318,2024,697,3.81,17,13
10318,2025,300,3.99,67,9
10319,2022,458,3.44,95,11
10319,2023,442,2.12,63,14
10319,2024,311,4.46,94,6
10319,2025,730,3.71,57,13
10320,2022,397,2.65,63,7
10320,2023,254,2.17,37,6
10320,2024,797,4.15,75,5
10320,2025,296,3.48,90,1
10321,2022,581,1.94,40,2
10321,2023,478,4.41,22,10
10321,2024,466,2.12,68,2
10321,2025,636,3.52,91,11
10322,2022,170,3.33,97,9
10322,2023,127,4.65,40,6
10322,2024,492,2.22,42,3
10322,2025,622,3.79,62,3
10323,2022,448,2.93,45,14
10323,2023,217,2.42,94,10
10323,2024,479,4.63,78,10
10323,2025,307,4.32,84,2
10324,2022,522,3.83,43,7
10324,2023,192,4.35,70,14
10324,2024,240,3.98,69,1
10324,2025,454,3.47,12,1
10325,2022,622,2.67,15,14
10325,2023,168,3.76,29,10
10325,2024,681,3.61,13,3
10325,2025,796,3.58,62,1
10326,2022,223,3.27,80,13
10326,2023,518,3.62,71,11
10326,2024,622,4.71,90,14
10326,2025,777,4.21,47,3
10327,2022,702,2.03,45,12
10327,2023,440,3.05,43,9
10327,2024,404,3.83,15,7
10327,2025,256,2.48,75,13
10328,2022,187,4.3,27,9
10328,2023,327,1.88,36,7
10328,2024,464,3.63,48,11
10328,2025,745,4.88,60,14
10329,2022,365,3.68,28,9
10329,2023,183,3.68,97,11
10329,2024,311,4.79,43,13
10329,2025,317,4.33,98,3
10330,2022,250,4.41,33,7
10330,2023,785,3.75,34,6
10330,2024,239,3.8,85,2
10330,2025,154,4.24,79,6
10331,2022,240,2.07,39,3
10331,2023,173,4.07,88,2
10331,2024,234,4.71,63,5
10331,2025,741,3.78,87,5
10332,2022,125,1.54,34,11
10332,2023,587,1.87,14,2
10332,2024,534,2.5,11,3
10332,2025,680,3.42,89,8
10333,2022,161,2.74,72,5
10333,2023,299,4.59,63,8
10333,2024,589,4.64,47,10
10333,2025,592,3.13,26,4
10334,2022,778,3.88,40,4
10334,2023,567,3.56,10,13
10334,2024,215,2.53,15,6
10334,2025,470,4.74,79,10
10335,2022,750,2.28,45,11
10335,2023,331,4.26,17,14
10335,2024,547,3.71,82,14
10335,2025,313,3.81,95,5
10336,2022,307,4.02,19,5
10336,2023,201,3.13,33,9
10336,2024,109,4.36,72,6
10336,2025,572,3.6,49,14
10337,2022,222,4.45,11,3
10337,2023,103,3.63,29,11
10337,2024,566,2.92,90,4
10337,2025,358,4.24,42,9
10338,2022,386,3.03,23,6
10338,2023,130,4.07,63,11
10338,2024,787,4.3,64,14
10338,2025,620,3.8,46,8
10339,2022,719,4.12,97,11
10339,2023,223,2.86,93,7
10339,2024,229,1.97,15,12
10339,2025,615,3.94,42,1
10340,2022,579,3.79,59,1
10340,2023,641,1.87,84,10
10340,2024,176,4.11,93,14
10340,2025,282,3.87,79,7
10341,2022,465,1.85,81,13
10341,2023,391,3.27,92,2
10341,2024,488,2.13,88,9
10341,2025,256,2.91,95,14
10342,2022,199,3.91,60,12
10342,2023,733,1.95,75,10
10342,2024,209,3.18,70,12
10342,2025,778,3.77,37,9
10343,2022,741,4.32,53,14
10343,2023,369,3.86,91,12
10343,2024,237,2.22,21,2
10343,2025,787,4.86,92,9
10344,2022,163,2.93,66,9
10344,2023,742,2.76,35,10
10344,2024,606,2.19,34,6
10344,2025,799,4.75,24,5
10345,2022,449,3.26,83,10
10345,2023,246,4.61,86,2
10345,2024,434,2.32,89,6
10345,2025,631,3.59,62,11
10346,2022,653,1.83,74,9
10346,2023,506,3.22,63,3
10346,2024,443,4.47,96,3
10346,2025,751,2.28,87,11
10347,2022,620,2.31,48,4
10347,2023,690,3.7,60,10
10347,2024,759,2.03,29,11
10347,2025,235,3.31,73,12
10348,2022,138,2.5,98,4
10348,2023,419,4.16,20,1
10348,2024,386,1.95,99,2
10348,2025,562,4.54,61,6
10349,2022,761,3.61,94,5
10349,2023,451,2.54,63,10
10349,2024,104,2.39,78,4
10349,2025,335,4.8,16,10
10350,2022,335,3.16,21,9
10350,2023,600,2.68,11,2
10350,2024,204,1.93,30,12
10350,2025,306,2.45,78,8
10351,2022,338,3.29,85,12
10351,2023,151,3.19,45,11
10351,2024,207,4.07,30,4
10351,2025,456,4.45,62,9
10352,2022,132,2.69,28,4
10352,2023,121,1.95,12,2
10352,2024,406,4.17,69,14
10352,2025,110,3.61,90,14
10353,2022,738,4.44,82,6
10353,2023,541,4.04,43,13
10353,2024,661,2.79,38,12
10353,2025,297,3.24,83,14
10354,2022,628,2.21,66,9
10354,2023,143,3.19,82,7
10354,2024,284,3.93,49,1
10354,2025,488,3.79,59,14
10355,2022,650,2.53,84,9
10355,2023,606,4.12,28,6
10355,2024,541,2.12,31,9
10355,2025,595,2.38,60,2
10356,2022,604,2.71,58,11
10356,2023,236,3.76,61,7
10356,2024,378,3.88,31,8
10356,2025,263,3.05,71,8
10357,2022,642,3.59,69,5
10357,2023,122,1.83,89,7
10357,2024,606,2.67,90,14
10357,2025,785,4.03,16,7
10358,2022,609,2.05,62,3
10358,2023,669,2.29,40,11
10358,2024,699,2.06,13,11
10358,2025,543,3.04,16,2
10359,2022,241,3.97,12,5
10359,2023,380,4.16,34,4
10359,2024,306,4.39,43,8
10359,2025,783,2.06,42,12
10360,2022,401,4.48,97,14
10360,2023,496,3.16,47,5
10360,2024,417,4.42,13,13
10360,2025,147,4.67,57,9
10361,2022,772,3.04,83,7
10361,2023,776,1.8,98,11
10361,2024,489,3.59,70,1
10361,2025,478,2.95,74,2
10362,2022,316,2.12,90,8
10362,2023,728,2.2,80,10
10362,2024,350,3.48,87,13
10362,2025,533,2.26,70,8
10363,2022,684,3.96,10,2
10363,2023,383,2.33,15,13
10363,2024,582,3.45,83,7
10363,2025,366,2.33,30,8
10364,2022,698,4.08,76,4
10364,2023,345,3.73,92,3
10364,2024,257,2.42,37,10
10364,2025,456,4.1,75,9
10365,2022,647,1.75,36,2
10365,2023,335,3.97,41,14
10365,2024,559,3.27,21,3
10365,2025,199,2.31,74,8
10366,2022,218,3.15,55,2
10366,2023,453,2.25,49,5
10366,2024,187,3.82,18,10
10366,2025,135,4.08,91,12
10367,2022,413,3.78,71,8
10367,2023,639,4.33,25,7
10367,2024,650,3.76,77,4
10367,2025,421,3.43,49,10
10368,2022,526,4.06,44,9
10368,2023,616,4.35,92,2
10368,2024,752,4.15,69,13
10368,2025,108,4.78,79,13
10369,2022,458,4.44,12,7
10369,2023,577,2.4,62,7
10369,2024,156,2.35,68,7
10369,2025,382,3.3,45,7
10370,2022,544,4.49,75,5
10370,2023,560,1.92,46,1
10370,2024,589,3.94,88,4
10370,2025,458,4.5,96,5
10371,2022,789,4.49,53,13
10371,2023,693,3.51,73,10
10371,2024,696,2.94,60,4
10371,2025,164,2.45,15,13
10372,2022,528,4.45,78,7
10372,2023,556,4.42,30,13
10372,2024,235,4.21,66,2
10372,2025,705,4.78,37,2
10373,2022,147,1.68,94,11
10373,2023,711,3.54,33,2
10373,2024,293,2.62,84,10
10373,2025,216,4.25,72,3
10374,2022,263,1.79,31,5
10374,2023,578,2.43,43,14
10374,2024,386,4.35,46,10
10374,2025,635,4.2,50,9
10375,2022,593,4.48,90,3
10375,2023,504,3.58,88,6
10375,2024,195,2.71,52,6
10375,2025,596,3.59,31,11
10376,2022,353,4.33,24,6
10376,2023,513,3.61,30,5
10376,2024,732,4.44,61,14
10376,2025,683,2.02,13,14
10377,2022,470,2.61,56,2
10377,2023,675,4.46,27,1
10377,2024,342,1.92,80,5
10377,2025,738,3.51,89,8
10378,2022,472,2.54,44,10
10378,2023,138,3.59,85,5
10378,2024,452,2.29,16,14
10378,2025,525,3.91,50,3
10379,2022,176,4.48,19,3
10379,2023,609,2.46,71,2
10379,2024,616,3.18,74,7
10379,2025,239,2.04,21,13
10380,2022,351,2.8,37,14
10380,2023,768,2.87,67,2
10380,2024,416,3.49,65,6
10380,2025,519,2.72,27,12
10381,2022,174,2.49,74,8
10381,2023,128,3.48,66,8
10381,2024,140,4.53,59,2
10381,2025,640,2.66,96,6
10382,2022,591,3.53,90,12
10382,2023,199,3.22,54,3
10382,2024,419,2.11,71,9
10382,2025,669,3.65,74,3
10383,2022,749,3.63,64,1
10383,2023,622,3.44,47,13
10383,2024,288,2.11,13,9
10383,2025,549,4.51,24,13
10384,2022,193,1.62,30,8
10384,2023,280,2.36,30,12
10384,2024,420,3.65,60,13
10384,2025,382,2.6,95,2
10385,2022,490,1.81,87,10
10385,2023,420,3.19,44,14
10385,2024,669,3.97,13,10
10385,2025,124,3.18,41,3
10386,2022,359,3.6,21,7
10386,2023,596,4.23,63,6
10386,2024,312,4.68,39,8
10386,2025,214,2.65,18,10
10387,2022,551,3.32,28,13
10387,2023,799,2.45,89,5
10387,2024,747,4.41,39,5
10387,2025,589,4.62,74,2
10388,2022,701,2.47,54,6
10388,2023,627,3.59,32,12
10388,2024,758,4.46,85,12
10388,2025,484,3.48,14,11
10389,2022,712,3.66,93,13
10389,2023,517,4.05,76,13
10389,2024,318,4.42,75,11
10389,2025,656,3.5,52,5
10390,2022,162,4.33,93,9
10390,2023,449,3.54,11,14
10390,2024,489,2.26,57,3
10390,2025,476,3.79,67,5
10391,2022,165,2.4,49,3
10391,2023,218,2.77,62,9
10391,2024,107,4.23,68,9
10391,2025,126,4.87,77,14
10392,2022,389,4.11,72,10
10392,2023,127,2.63,45,13
10392,2024,258,3.16,49,7
10392,2025,244,4.9,15,14
10393,2022,566,4.27,23,1
10393,2023,207,4.58,88,9
10393,2024,538,3.1,42,14
10393,2025,302,4.35,28,9
10394,2022,400,4.11,85,10
10394,2023,537,1.78,52,5
10394,2024,110,2.6,63,11
10394,2025,706,4.6,82,2
10395,2022,741,2.67,92,13
10395,2023,202,2.49,70,1
10395,2024,585,2.62,22,2
10395,2025,209,3.08,51,4
10396,2022,742,2.23,27,4
10396,2023,192,1.66,81,1
10396,2024,640,2.32,95,13
10396,2025,798,4.6,74,13
10397,2022,606,1.73,57,8
10397,2023,276,2.89,93,10
10397,2024,538,3.17,45,12
10397,2025,767,4.28,96,8
10398,2022,610,2.26,90,8
10398,2023,208,2.58,54,5
10398,2024,171,1.84,19,10
10398,2025,588,4.66,18,2
10399,2022,380,3.56,55,4
10399,2023,313,2.44,26,1
10399,2024,556,4.46,76,10
10399,2025,686,2.21,42,1
10400,2022,517,2.61,74,12
10400,2023,609,3.34,29,10
10400,2024,761,3.32,75,3
10400,2025,422,3.91,25,4
10401,2022,277,2.39,82,12
10401,2023,787,3.92,23,11
10401,2024,203,3.02,10,12
10401,2025,218,2.33,44,11
10402,2022,681,3.72,91,3
10402,2023,156,4.39,10,12
10402,2024,508,2.89,52,11
10402,2025,677,3.72,78,3
10403,2022,157,3.56,84,8
10403,2023,216,4.14,97,4
10403,2024,524,2.39,64,3
10403,2025,120,3.66,25,9
10404,2022,178,3.72,76,12
10404,2023,658,2.25,72,12
10404,2024,782,3.22,81,1
10404,2025,695,3.34,31,8
10405,2022,207,4.02,65,5
10405,2023,370,3.98,61,14
10405,2024,787,2.5,90,8
10405,2025,575,2.65,36,10
10406,2022,169,3.67,73,3
10406,2023,486,3.87,54,6
10406,2024,265,2.34,76,11
10406,2025,157,3.18,35,14
10407,2022,550,3.98,22,7
10407,2023,344,1.89,90,8
10407,2024,144,2.92,39,7
10407,2025,783,3.88,87,7
10408,2022,482,3.81,39,2
10408,2023,677,3.61,53,3
10408,2024,170,2.99,57,6
10408,2025,647,4.93,18,3
10409,2022,338,1.62,57,9
10409,2023,679,3.13,65,9
10409,2024,207,3.33,77,6
10409,2025,307,2.67,15,1
10410,2022,401,3.18,74,1
10410,2023,529,2.31,98,4
10410,2024,447,3.13,76,11
10410,2025,206,3.24,30,10
10411,2022,627,3.82,87,8
10411,2023,505,4.48,39,3
10411,2024,355,2.41,66,4
10411,2025,400,4.92,64,12
10412,2022,244,4.32,11,11
10412,2023,775,1.99,57,6
10412,2024,623,4.54,31,11
10412,2025,661,3.64,22,9
10413,2022,459,4.14,98,4
10413,2023,623,4.49,52,3
10413,2024,583,4.38,84,10
10413,2025,289,3.16,83,10
10414,2022,395,3.41,58,9
10414,2023,192,3.04,46,7
10414,2024,229,2.9,98,9
10414,2025,583,2.7,44,11
10415,2022,508,2.82,28,10
10415,2023,440,4.07,37,6
10415,2024,313,4.33,66,4
10415,2025,429,4.82,70,5
10416,2022,274,2.37,52,10
10416,2023,543,3.6,69,12
10416,2024,300,3.88,19,2
10416,2025,716,2.52,88,3
10417,2022,197,2.6,76,5
10417,2023,202,2.68,33,13
10417,2024,652,4.76,83,3
10417,2025,250,4.83,53,3
10418,2022,367,3.97,39,9
10418,2023,451,3.07,54,4
10418,2024,566,2.59,98,14
10418,2025,377,4.7,69,4
10419,2022,667,2.3,62,1
10419,2023,115,3.22,34,12
10419,2024,555,2.54,85,7
10419,2025,278,4.86,13,13
10420,2022,233,1.63,93,10
10420,2023,357,2.17,83,13
10420,2024,161,4.1,40,9
10420,2025,581,2.4,28,12
10421,2022,576,4.44,11,8
10421,2023,734,2.61,13,12
10421,2024,141,4.56,88,2
10421,2025,472,3.94,47,6
10422,2022,472,3.4,42,10
10422,2023,398,4.4,27,10
10422,2024,151,3.34,41,5
10422,2025,478,3.15,86,8
10423,2022,411,2.15,89,1
10423,2023,678,2.08,42,9
10423,2024,158,4.18,43,9
10423,2025,403,2.33,60,13
10424,2022,134,2.68,72,11
10424,2023,747,2.88,87,12
10424,2024,687,3.79,56,7
10424,2025,592,2.79,75,8
10425,2022,590,4.01,22,13
10425,2023,320,2.27,61,9
10425,2024,696,4.17,61,13
10425,2025,222,4.5,52,5
10426,2022,201,2.08,70,14
10426,2023,614,4.08,90,11
10426,2024,412,3.94,12,14
10426,2025,605,4.57,77,2
10427,2022,593,3.03,68,14
10427,2023,759,2.35,63,14
10427,2024,298,4.54,78,1
10427,2025,732,4.32,11,5
10428,2022,780,1.56,77,8
10428,2023,612,4.47,53,10
10428,2024,429,4.65,47,4
10428,2025,720,3.02,69,4
10429,2022,426,1.53,36,4
10429,2023,109,3.31,24,8
10429,2024,226,4.54,48,13
10429,2025,768,2.32,47,7
10430,2022,330,3.27,63,13
10430,2023,114,3.85,72,11
10430,2024,586,2.2,67,1
10430,2025,541,3.49,71,10
10431,2022,657,1.77,87,6
10431,2023,373,3.32,27,4
10431,2024,717,3.13,38,2
10431,2025,102,2.74,80,3
10432,2022,425,4.06,66,4
10432,2023,352,2.8,33,10
10432,2024,633,3.9,47,7
10432,2025,154,4.32,15,1
10433,2022,547,2.04,29,1
10433,2023,396,2.01,51,3
10433,2024,721,1.82,83,2
10433,2025,472,2.87,31,3
10434,2022,568,3.95,42,3
10434,2023,235,3.97,96,11
10434,2024,345,4.42,55,13
10434,2025,169,4.23,63,1
10435,2022,580,1.57,51,13
10435,2023,629,2.81,60,6
10435,2024,589,1.82,77,8
10435,2025,602,2.06,94,5
10436,2022,797,2.94,65,1
10436,2023,216,2.73,86,11
10436,2024,356,3.48,51,10
10436,2025,706,2.15,22,11
10437,2022,527,3.26,63,7
10437,2023,214,1.85,21,11
10437,2024,593,3.07,97,13
10437,2025,161,3.01,44,10
10438,2022,596,2.17,92,9
10438,2023,735,2.59,18,12
10438,2024,179,1.8,22,7
10438,2025,758,2.92,31,9
10439,2022,584,1.74,49,10
10439,2023,121,4.41,45,9
10439,2024,694,2.02,50,13
10439,2025,423,4.81,16,2
10440,2022,616,2.97,64,8
10440,2023,360,3.19,84,12
10440,2024,228,4.16,88,7
10440,2025,725,4.04,22,12
10441,2022,383,2.21,29,7
10441,2023,146,1.73,67,2
10441,2024,287,4.14,32,1
10441,2025,118,2.34,62,4
10442,2022,698,3.3,46,7
10442,2023,753,4.48,29,6
10442,2024,107,3.45,28,10
10442,2025,136,2.81,27,2
10443,2022,697,2.04,77,7
10443,2023,171,1.73,70,10
10443,2024,480,3.67,81,11
10443,2025,365,3.62,55,9
10444,2022,166,2.89,57,2
10444,2023,752,2.23,29,10
10444,2024,163,2.51,81,11
10444,2025,129,4.83,78,5
10445,2022,656,1.56,43,11
10445,2023,745,2.74,16,2
10445,2024,115,1.92,59,1
10445,2025,377,2.52,62,11
10446,2022,376,4.3,95,7
10446,2023,320,2.1,82,2
10446,2024,292,3.6,20,6
10446,2025,769,2.99,85,7
10447,2022,123,3.4,17,1
10447,2023,240,4.21,41,11
10447,2024,125,2.66,72,12
10447,2025,197,2.19,64,9
10448,2022,375,2.11,68,6
10448,2023,672,2.97,72,2
10448,2024,342,3.35,26,1
10448,2025,532,4.78,35,1
10449,2022,108,1.55,60,2
10449,2023,371,3.92,42,12
10449,2024,131,2.02,35,9
10449,2025,704,2.18,31,2
10450,2022,578,3.46,76,1
10450,2023,227,4.38,87,13
10450,2024,116,2.66,91,4
10450,2025,652,2.76,72,14
10451,2022,572,3.35,26,13
10451,2023,400,3.98,50,9
10451,2024,141,4.41,85,12
10451,2025,151,2.7,48,8
10452,2022,287,3.72,42,7
10452,2023,250,2.57,41,8
10452,2024,343,3.43,30,2
10452,2025,590,2.52,62,5
10453,2022,226,1.94,73,12
10453,2023,508,4.46,87,12
10453,2024,711,3.44,75,7
10453,2025,443,1.96,58,1
10454,2022,690,3.88,80,6
10454,2023,794,3.72,88,7
10454,2024,197,2.78,40,8
10454,2025,167,3.34,50,5
10455,2022,127,2.85,81,14
10455,2023,128,2.47,80,8
10455,2024,733,4.74,45,10
10455,2025,311,3.58,83,11
10456,2022,787,4.19,48,1
10456,2023,716,3.41,50,14
10456,2024,579,3.87,50,4
10456,2025,171,2.04,14,13
10457,2022,590,3.04,94,11
10457,2023,209,3.81,15,6
10457,2024,212,2.17,71,4
10457,2025,496,3.98,25,13
10458,2022,331,1.75,89,5
10458,2023,142,4.07,97,11
10458,2024,364,4.73,28,12
10458,2025,145,3.83,92,11
10459,2022,669,1.73,46,2
10459,2023,324,3.41,73,7
10459,2024,751,4.02,68,9
10459,2025,200,4.75,78,7
10460,2022,380,1.64,82,1
10460,2023,337,3.98,94,2
10460,2024,700,2.2,16,12
10460,2025,345,4.32,51,11
10461,2022,790,4.17,34,8
10461,2023,198,4.23,65,1
10461,2024,299,3.76,56,2
10461,2025,355,3.45,94,5
10462,2022,536,4.12,86,14
10462,2023,593,3.21,59,6
10462,2024,535,2.37,94,1
10462,2025,123,4.78,83,1
10463,2022,462,2.62,97,2
10463,2023,369,3.52,42,3
10463,2024,327,2.4,35,9
10463,2025,227,2.28,26,3
10464,2022,642,3.15,30,8
10464,2023,157,3.31,11,6
10464,2024,424,2.91,88,10
10464,2025,758,2.89,53,5
10465,2022,205,2.62,75,9
10465,2023,536,4.04,80,8
10465,2024,184,2.87,45,14
10465,2025,101,4.71,55,11
10466,2022,536,1.84,59,3
10466,2023,550,4.44,76,7
10466,2024,664,3.87,12,14
10466,2025,540,2.98,42,14
10467,2022,321,1.52,54,4
10467,2023,124,4.06,34,8
10467,2024,134,4.71,46,7
10467,2025,768,4.9,45,3
10468,2022,442,2.77,44,7
10468,2023,465,1.86,28,6
10468,2024,756,2.74,54,6
10468,2025,435,2.88,92,14
10469,2022,532,1.81,27,11
10469,2023,556,3.22,36,10
10469,2024,578,3.61,40,3
10469,2025,497,4.14,48,4
10470,2022,442,1.65,76,13
10470,2023,790,2.48,31,4
10470,2024,379,2.87,61,6
10470,2025,451,4.63,19,13
10471,2022,296,4.2,17,9
10471,2023,324,2.43,43,5
10471,2024,146,3.26,62,8
10471,2025,284,3.22,27,5
10472,2022,261,3.08,21,6
10472,2023,742,2.51,73,6
10472,2024,394,3.19,66,4
10472,2025,191,2.39,11,10
10473,2022,686,3.63,26,10
10473,2023,749,2.76,61,5
10473,2024,267,3.43,85,4
10473,2025,357,3.76,80,2
10474,2022,656,4.01,88,2
10474,2023,408,1.9,11,8
10474,2024,748,3.25,36,4
10474,2025,714,4.63,35,13
10475,2022,228,2.49,34,14
10475,2023,772,2.98,21,9
10475,2024,649,2.06,26,12
10475,2025,668,4.2,74,6
10476,2022,260,1.76,49,12
10476,2023,275,3.54,14,12
10476,2024,387,2.92,37,13
10476,2025,504,2.96,81,5
10477,2022,756,3.26,61,7
10477,2023,679,3.35,23,6
10477,2024,439,3.02,15,4
10477,2025,367,2.79,27,10
10478,2022,317,3.02,46,9
10478,2023,263,2.45,83,6
10478,2024,790,2.11,73,3
10478,2025,490,4.35,44,4
10479,2022,516,3.61,26,4
10479,2023,147,1.9,97,8
10479,2024,293,2.29,19,5
10479,2025,183,2.25,60,8
10480,2022,712,3.87,90,13
10480,2023,766,3.97,61,11
10480,2024,146,3.02,73,8
10480,2025,333,4.41,42,6
10481,2022,398,4.42,26,13
10481,2023,246,4.56,91,5
10481,2024,295,4.74,58,14
10481,2025,121,4.49,16,2
10482,2022,293,2.15,99,1
10482,2023,485,1.82,74,7
10482,2024,463,4.23,71,10
10482,2025,373,2.88,84,12
10483,2022,483,2.51,19,10
10483,2023,307,1.87,40,14
10483,2024,374,3.94,34,11
10483,2025,595,3.24,66,7
10484,2022,638,2.11,74,2
10484,2023,626,3.61,52,13
10484,2024,258,4.74,12,3
10484,2025,559,3.45,64,11
10485,2022,493,3.32,57,8
10485,2023,538,2.14,74,12
10485,2024,478,2.28,80,4
10485,2025,263,3.32,69,5
10486,2022,738,4.03,23,7
10486,2023,429,4.38,96,8
10486,2024,669,3.73,90,1
10486,2025,246,3.03,23,7
10487,2022,209,3.75,18,3
10487,2023,493,2.53,94,5
10487,2024,660,2.46,54,12
10487,2025,281,4.34,11,12
10488,2022,672,3.75,41,1
10488,2023,542,4.3,17,11
10488,2024,229,3.53,45,3
10488,2025,502,4.64,99,5
10489,2022,604,1.58,46,1
10489,2023,753,2.41,24,2
10489,2024,121,4.21,43,13
10489,2025,116,3.22,30,3
10490,2022,733,2.22,96,13
10490,2023,381,4.04,18,8
10490,2024,326,4.27,49,5
10490,2025,519,3.32,35,5
10491,2022,472,2.9,31,13
10491,2023,400,3.99,22,3
10491,2024,385,4.11,34,9
10491,2025,215,4.55,80,9
10492,2022,248,3.44,24,12
10492,2023,503,2.21,85,14
10492,2024,781,3.45,54,12
10492,2025,189,3.1,30,2
10493,2022,218,1.58,98,8
10493,2023,795,2.24,49,1
10493,2024,192,2.42,56,5
10493,2025,728,2.2,95,7
10494,2022,546,2.86,70,8
10494,2023,411,3.17,23,8
10494,2024,417,2.82,81,6
10494,2025,220,3.19,97,7
10495,2022,416,3.15,76,4
10495,2023,237,2.01,85,13
10495,2024,759,3.49,56,10
10495,2025,383,4.08,95,7
10496,2022,753,4.12,25,7
10496,2023,619,2.55,80,9
10496,2024,604,4.04,27,11
10496,2025,490,3.77,54,2
10497,2022,104,3.01,32,11
10497,2023,466,4.41,35,8
10497,2024,591,3.66,75,9
10497,2025,565,3.05,11,3
10498,2022,334,3.64,31,8
10498,2023,461,4.53,47,1
10498,2024,621,4.55,51,13
10498,2025,341,4.89,37,10
10499,2022,541,1.79,72,5
10499,2023,287,2.98,26,1
10499,2024,503,3.1,91,1
10499,2025,526,3.1,68,13
10500,2022,512,2.04,11,6
10500,2023,613,4.15,88,5
10500,2024,253,3.82,88,5
10500,2025,302,3.77,59,2
10501,2022,316,2.84,24,10
10501,2023,581,2.82,27,14
10501,2024,414,4.16,86,9
10501,2025,716,3.53,47,12
10502,2022,100,3.32,17,5
10502,2023,602,1.95,89,3
10502,2024,377,3.21,29,11
10502,2025,293,2.34,69,7
10503,2022,347,1.66,35,6
10503,2023,187,3.72,44,11
10503,2024,533,2.62,90,6
10503,2025,519,4.85,35,5
10504,2022,352,3.32,27,4
10504,2023,528,3.59,53,6
10504,2024,263,2.39,16,7
10504,2025,594,2.34,44,12
10505,2022,261,3.08,21,14
10505,2023,606,4.43,53,14
10505,2024,364,1.97,50,8
10505,2025,209,3.47,63,2
10506,2022,418,2.1,10,4
10506,2023,231,4.0,34,11
10506,2024,232,3.85,89,7
10506,2025,493,2.24,24,3
10507,2022,719,3.35,84,5
10507,2023,783,4.6,12,10
10507,2024,651,3.38,54,14
10507,2025,134,2.81,54,7
10508,2022,670,1.96,60,9
10508,2023,471,4.62,51,6
10508,2024,130,3.49,48,2
10508,2025,273,3.07,29,9
10509,2022,489,2.14,96,6
10509,2023,205,4.5,88,10
10509,2024,374,3.68,27,12
10509,2025,195,2.12,48,2
10510,2022,781,1.68,38,13
10510,2023,129,4.47,29,1
10510,2024,260,3.93,51,12
10510,2025,405,2.26,88,4
10511,2022,722,3.37,21,2
10511,2023,295,2.91,65,12
10511,2024,707,4.17,21,7
10511,2025,437,2.77,98,11
10512,2022,237,2.65,62,7
10512,2023,546,2.15,17,3
10512,2024,409,2.56,67,11
10512,2025,278,2.52,33,10
10513,2022,436,1.57,70,1
10513,2023,333,1.79,10,2
10513,2024,348,4.31,98,13
10513,2025,231,4.36,87,8
10514,2022,348,1.92,79,4
10514,2023,554,3.65,54,3
10514,2024,598,4.04,18,10
10514,2025,162,2.1,10,7
10515,2022,491,1.77,82,10
10515,2023,356,3.34,33,4
10515,2024,347,2.92,69,2
10515,2025,363,4.05,91,3
10516,2022,566,3.17,57,4
10516,2023,460,1.74,48,1
10516,2024,492,3.85,27,8
10516,2025,278,2.56,61,11
10517,2022,605,2.44,11,8
10517,2023,598,3.86,45,5
10517,2024,776,4.11,57,13
10517,2025,702,2.99,97,14
10518,2022,391,1.77,44,6
10518,2023,687,3.96,79,4
10518,2024,198,4.41,90,11
10518,2025,706,4.84,81,14
10519,2022,280,2.45,51,3
10519,2023,502,2.02,83,3
10519,2024,765,4.61,89,13
10519,2025,473,3.15,47,4
10520,2022,723,1.78,35,13
10520,2023,782,3.15,40,6
10520,2024,352,2.37,61,2
10520,2025,221,3.02,69,6
10521,2022,541,2.46,17,8
10521,2023,344,4.61,70,9
10521,2024,738,3.72,44,13
10521,2025,590,3.43,43,4
10522,2022,145,3.04,19,5
10522,2023,551,3.46,49,8
10522,2024,395,4.42,61,10
10522,2025,240,2.39,21,2
10523,2022,732,3.3,36,10
10523,2023,620,2.62,28,2
10523,2024,165,3.51,66,9
10523,2025,582,3.5,99,11
10524,2022,408,1.59,63,6
10524,2023,559,3.4,24,10
10524,2024,692,3.93,46,9
10524,2025,497,2.69,70,13
10525,2022,568,1.82,27,10
10525,2023,716,2.28,53,7
10525,2024,491,3.71,93,13
10525,2025,196,3.36,30,5
10526,2022,289,4.1,38,12
10526,2023,294,2.5,24,9
10526,2024,433,2.9,95,9
10526,2025,182,3.53,96,2
10527,2022,350,2.88,77,8
10527,2023,169,3.29,97,8
10527,2024,391,2.74,73,2
10527,2025,439,2.45,23,10
10528,2022,484,3.91,46,7
10528,2023,799,1.77,63,1
10528,2024,557,2.91,68,5
10528,2025,240,2.21,68,5
10529,2022,239,3.71,94,10
10529,2023,174,2.75,64,5
10529,2024,199,1.89,52,2
10529,2025,756,2.18,61,14
10530,2022,274,2.1,48,3
10530,2023,422,4.01,86,13
10530,2024,576,4.2,28,6
10530,2025,109,4.94,65,1
10531,2022,145,2.22,99,14
10531,2023,728,1.83,45,12
10531,2024,615,2.65,61,6
10531,2025,412,2.49,53,14
10532,2022,337,3.63,55,6
10532,2023,130,4.56,49,7
10532,2024,609,2.62,89,9
10532,2025,229,2.94,62,9
10533,2022,484,2.55,66,4
10533,2023,692,4.22,28,2
10533,2024,124,3.53,87,5
10533,2025,360,4.87,53,1
10534,2022,659,3.38,29,13
10534,2023,497,3.77,53,12
10534,2024,663,2.07,52,14
10534,2025,429,4.81,16,12
10535,2022,248,3.38,51,13
10535,2023,508,3.21,71,5
10535,2024,710,2.96,11,12
10535,2025,678,2.18,95,10
10536,2022,218,1.9,86,13
10536,2023,533,1.69,55,3
10536,2024,327,4.8,47,14
10536,2025,714,4.31,10,7
10537,2022,339,3.89,56,7
10537,2023,331,3.84,22,3
10537,2024,389,3.25,69,5
10537,2025,253,2.21,90,9
10538,2022,781,1.72,73,4
10538,2023,258,4.4,77,2
10538,2024,724,1.8,64,3
10538,2025,662,4.05,40,11
10539,2022,575,3.39,23,1
10539,2023,647,3.15,94,5
10539,2024,112,4.72,95,9
10539,2025,606,2.54,14,2
10540,2022,317,3.86,63,13
10540,2023,321,3.67,62,3
10540,2024,387,4.72,46,3
10540,2025,623,4.75,66,7
10541,2022,586,1.89,12,12
10541,2023,798,2.57,86,10
10541,2024,780,4.35,20,7
10541,2025,423,2.64,51,11
10542,2022,717,2.64,64,1
10542,2023,275,3.53,47,3
10542,2024,140,3.49,33,1
10542,2025,424,3.87,18,9
10543,2022,366,3.64,22,14
10543,2023,492,3.84,95,14
10543,2024,212,4.01,27,7
10543,2025,383,4.93,19,14
10544,2022,302,2.57,21,13
10544,2023,243,1.78,56,5
10544,2024,342,2.85,92,7
10544,2025,134,4.68,92,3
10545,2022,152,1.75,19,3
10545,2023,602,3.59,10,1
10545,2024,455,3.07,66,5
10545,2025,249,4.71,80,7
10546,2022,536,4.29,20,3
10546,2023,549,4.01,62,5
10546,2024,624,2.1,13,10
10546,2025,366,2.02,70,1
10547,2022,708,1.91,94,14
10547,2023,185,2.62,95,7
10547,2024,408,2.52,19,13
10547,2025,364,3.06,96,11
10548,2022,591,1.93,14,8
10548,2023,682,3.91,70,8
10548,2024,116,4.34,85,1
10548,2025,288,3.41,39,4
10549,2022,621,4.37,66,9
10549,2023,265,2.01,42,2
10549,2024,650,2.12,46,1
10549,2025,444,2.55,91,6
10550,2022,318,4.45,77,14
10550,2023,193,2.9,32,13
10550,2024,257,4.57,79,13
10550,2025,133,2.56,16,11
10551,2022,515,4.04,28,11
10551,2023,605,2.58,24,1
10551,2024,589,4.0,95,6
10551,2025,623,4.87,41,1
10552,2022,332,4.3,88,6
10552,2023,698,4.14,68,9
10552,2024,704,1.95,79,13
10552,2025,206,3.77,79,5
10553,2022,292,4.01,15,4
10553,2023,567,2.85,85,8
10553,2024,621,3.99,75,4
10553,2025,736,2.36,98,4
10554,2022,378,2.03,13,11
10554,2023,227,3.58,79,13
10554,2024,440,3.11,66,9
10554,2025,796,2.6,70,1
10555,2022,158,2.35,65,12
10555,2023,281,3.51,23,3
10555,2024,685,3.98,92,11
10555,2025,613,2.57,16,4
10556,2022,342,4.37,63,8
10556,2023,327,1.67,91,1
10556,2024,659,3.9,67,3
10556,2025,617,2.82,70,14
10557,2022,654,2.94,81,14
10557,2023,244,3.36,37,2
10557,2024,226,3.48,94,6
10557,2025,434,4.28,64,12
10558,2022,507,3.97,83,9
10558,2023,220,1.87,62,10
10558,2024,384,3.91,92,13
10558,2025,341,3.15,53,9
10559,2022,177,3.96,37,10
10559,2023,669,3.48,55,5
10559,2024,549,1.83,58,3
10559,2025,569,3.95,76,8
10560,2022,280,4.28,36,9
10560,2023,681,1.9,90,9
10560,2024,364,3.28,88,11
10560,2025,781,3.83,48,1
10561,2022,394,2.09,95,12
10561,2023,346,3.6,93,10
10561,2024,523,1.95,36,5
10561,2025,158,4.67,44,13
10562,2022,557,3.79,56,10
10562,2023,110,4.47,61,12
10562,2024,446,3.06,78,9
10562,2025,104,2.05,75,11
10563,2022,469,2.52,50,3
10563,2023,557,3.2,59,7
10563,2024,344,4.61,54,9
10563,2025,348,4.6,29,14
10564,2022,534,3.28,80,13
10564,2023,519,3.84,45,2
10564,2024,204,4.66,81,2
10564,2025,341,4.5,79,5
10565,2022,371,3.48,33,8
10565,2023,618,3.27,45,10
10565,2024,143,3.23,14,5
10565,2025,125,4.22,93,8
10566,2022,280,3.93,29,4
10566,2023,703,2.3,62,9
10566,2024,527,3.22,49,13
10566,2025,367,4.26,59,4
10567,2022,679,3.53,83,5
10567,2023,250,3.42,76,12
10567,2024,715,2.77,44,12
10567,2025,699,3.78,73,12
10568,2022,194,3.34,46,7
10568,2023,481,2.95,54,9
10568,2024,614,4.68,47,5
10568,2025,713,3.91,96,14
10569,2022,788,4.05,94,7
10569,2023,527,2.04,36,13
10569,2024,524,4.07,74,13
10569,2025,298,3.76,82,4
10570,2022,107,2.42,12,2
10570,2023,426,2.06,68,2
10570,2024,789,2.94,39,5
10570,2025,693,3.27,25,2
10571,2022,723,1.92,38,14
10571,2023,120,3.66,79,2
10571,2024,645,2.72,87,2
10571,2025,354,4.37,83,4
10572,2022,532,3.45,97,8
10572,2023,604,2.58,33,7
10572,2024,126,2.88,16,5
10572,2025,619,4.78,58,7
10573,2022,629,4.34,72,6
10573,2023,599,2.91,55,8
10573,2024,332,3.84,57,14
10573,2025,495,4.89,34,8
10574,2022,406,4.48,52,7
10574,2023,609,1.87,64,5
10574,2024,523,3.46,43,6
10574,2025,249,4.13,74,11
10575,2022,491,2.06,37,11
10575,2023,589,4.12,50,10
10575,2024,767,3.21,38,8
10575,2025,146,3.44,41,7
10576,2022,411,2.32,78,5
10576,2023,238,2.55,43,10
10576,2024,504,2.05,68,8
10576,2025,753,4.74,70,4
10577,2022,113,2.65,61,13
10577,2023,618,2.14,72,6
10577,2024,650,2.23,35,4
10577,2025,284,3.17,86,12
10578,2022,214,3.4,21,5
10578,2023,209,3.98,31,10
10578,2024,676,4.57,82,3
10578,2025,380,3.86,65,2
10579,2022,642,2.76,15,11
10579,2023,185,2.92,45,1
10579,2024,237,3.52,83,3
10579,2025,565,3.56,68,13
10580,2022,176,3.42,68,11
10580,2023,236,3.16,77,1
10580,2024,733,1.98,61,14
10580,2025,196,3.45,77,6
10581,2022,630,1.57,86,11
10581,2023,108,2.19,89,2
10581,2024,182,2.96,60,3
10581,2025,146,3.6,99,13
10582,2022,611,2.05,77,8
10582,2023,529,2.48,35,5
10582,2024,189,2.92,82,12
10582,2025,612,2.54,50,2
10583,2022,773,4.5,84,2
10583,2023,764,4.06,14,3
10583,2024,513,4.23,62,3
10583,2025,612,3.66,47,8
10584,2022,757,4.38,62,5
10584,2023,772,3.85,97,8
10584,2024,746,2.79,65,4
10584,2025,176,3.78,28,9
10585,2022,180,3.13,74,3
10585,2023,653,3.39,78,2
10585,2024,735,4.25,96,6
10585,2025,301,3.48,62,11
10586,2022,546,3.69,28,4
10586,2023,206,2.4,75,2
10586,2024,391,4.6,57,14
10586,2025,785,2.21,75,6
10587,2022,411,4.48,82,4
10587,2023,698,3.55,27,10
10587,2024,616,3.21,89,11
10587,2025,783,2.88,48,4
10588,2022,732,2.72,82,13
10588,2023,767,4.0,60,10
10588,2024,698,2.22,32,4
10588,2025,525,2.71,42,4
10589,2022,709,1.87,69,8
10589,2023,514,2.93,68,1
10589,2024,234,2.96,35,9
10589,2025,618,3.9,26,14
10590,2022,463,4.49,62,3
10590,2023,483,4.33,87,5
10590,2024,131,4.44,86,5
10590,2025,639,3.89,95,4
10591,2022,586,2.31,52,4
10591,2023,464,2.8,57,7
10591,2024,363,2.55,91,14
10591,2025,241,2.36,29,4
10592,2022,129,2.81,44,10
10592,2023,229,4.34,42,3
10592,2024,169,4.03,90,11
10592,2025,218,4.9,85,9
10593,2022,426,2.08,11,14
10593,2023,169,3.15,43,4
10593,2024,307,4.18,85,4
10593,2025,190,3.33,99,10
10594,2022,219,2.57,41,12
10594,2023,306,4.1,30,8
10594,2024,505,3.09,14,12
10594,2025,646,4.69,37,11
10595,2022,223,2.31,96,7
10595,2023,211,4.34,57,4
10595,2024,306,2.64,78,14
10595,2025,713,2.82,79,8
10596,2022,485,2.76,92,10
10596,2023,246,3.2,49,2
10596,2024,231,3.05,15,13
10596,2025,203,4.54,23,13
10597,2022,652,3.89,76,9
10597,2023,667,2.58,20,2
10597,2024,341,3.33,48,14
10597,2025,738,3.24,50,10
10598,2022,761,1.67,33,14
10598,2023,430,3.89,52,14
10598,2024,248,2.34,91,3
10598,2025,268,4.75,83,13
10599,2022,656,2.69,35,6
10599,2023,183,3.52,38,7
10599,2024,619,4.25,11,9
10599,2025,206,2.49,39,8
10600,2022,364,3.12,83,11
10600,2023,757,2.36,85,6
10600,2024,130,3.33,93,8
10600,2025,646,3.69,66,11
10601,2022,346,2.01,68,13
10601,2023,629,3.39,28,11
10601,2024,123,3.16,63,5
10601,2025,597,3.52,79,10
10602,2022,403,4.21,32,10
10602,2023,497,3.1,92,13
10602,2024,502,3.23,42,14
10602,2025,415,3.36,75,12
10603,2022,377,3.37,88,12
10603,2023,641,2.75,20,9
10603,2024,242,4.2,99,4
10603,2025,509,2.81,27,1
10604,2022,455,2.4,74,13
10604,2023,623,3.42,41,14
10604,2024,302,2.58,13,8
10604,2025,349,2.22,95,5
10605,2022,202,2.12,45,13
10605,2023,567,4.39,66,9
10605,2024,134,1.83,42,3
10605,2025,423,2.35,23,9
10606,2022,631,3.77,57,8
10606,2023,658,4.59,46,14
10606,2024,695,3.86,14,6
10606,2025,367,4.72,59,11
10607,2022,152,4.07,70,10
10607,2023,117,3.09,95,10
10607,2024,203,2.8,78,11
10607,2025,251,3.85,47,8
10608,2022,776,3.1,55,8
10608,2023,513,1.73,24,7
10608,2024,183,4.67,46,14
10608,2025,407,3.66,36,7
10609,2022,250,4.12,10,3
10609,2023,648,3.85,38,7
10609,2024,478,2.82,81,12
10609,2025,557,4.65,16,3
10610,2022,452,3.87,38,11
10610,2023,763,2.94,40,13
10610,2024,475,4.32,47,9
10610,2025,307,2.76,17,11
10611,2022,661,3.51,46,5
10611,2023,559,1.99,68,11
10611,2024,503,4.4,88,8
10611,2025,658,4.14,63,12
10612,2022,629,1.96,67,3
10612,2023,584,1.71,35,3
10612,2024,221,2.97,57,13
10612,2025,219,3.98,20,3
10613,2022,350,2.35,32,13
10613,2023,398,4.57,43,8
10613,2024,146,4.6,42,9
10613,2025,696,3.74,90,13
10614,2022,398,2.45,11,14
10614,2023,771,4.34,70,7
10614,2024,618,4.21,13,1
10614,2025,344,2.21,21,6
10615,2022,317,2.93,38,3
10615,2023,443,4.59,51,1
10615,2024,413,3.16,92,10
10615,2025,792,4.75,66,14
10616,2022,703,4.43,59,2
10616,2023,389,2.81,75,13
10616,2024,701,4.69,16,12
10616,2025,296,2.36,66,3
10617,2022,795,1.98,55,7
10617,2023,677,2.48,31,6
10617,2024,515,3.2,20,2
10617,2025,709,2.49,42,12
10618,2022,405,2.52,63,5
10618,2023,577,1.96,29,1
10618,2024,635,3.09,14,3
10618,2025,319,4.43,77,14
10619,2022,785,3.29,23,1
10619,2023,725,4.08,12,3
10619,2024,453,2.21,91,2
10619,2025,334,3.15,67,4
10620,2022,405,1.62,36,5
10620,2023,209,2.76,13,3
10620,2024,413,3.64,76,10
10620,2025,112,3.66,73,14
10621,2022,736,1.68,95,5
10621,2023,266,1.84,51,11
10621,2024,152,2.72,38,7
10621,2025,285,4.26,89,10
10622,2022,375,1.56,44,13
10622,2023,546,3.5,28,9
10622,2024,451,2.35,88,8
10622,2025,109,4.78,78,12
10623,2022,509,2.79,40,12
10623,2023,246,1.79,52,6
10623,2024,576,3.94,82,14
10623,2025,729,3.4,86,9
10624,2022,527,4.14,30,8
10624,2023,587,3.61,74,12
10624,2024,629,3.88,86,4
10624,2025,476,4.25,43,11
10625,2022,211,2.76,70,2
10625,2023,683,4.03,45,9
10625,2024,755,1.95,89,6
10625,2025,715,4.25,83,10
10626,2022,314,3.41,50,8
10626,2023,609,3.35,43,8
10626,2024,610,2.75,34,4
10626,2025,688,2.29,66,10
10627,2022,125,3.44,74,5
10627,2023,292,3.07,85,1
10627,2024,202,2.45,31,9
10627,2025,304,2.08,69,7
10628,2022,510,3.12,63,1
10628,2023,150,2.03,31,11
10628,2024,230,4.59,70,10
10628,2025,442,2.4,75,10
10629,2022,677,1.6,54,14
10629,2023,499,2.44,81,3
10629,2024,301,2.32,78,9
10629,2025,399,4.32,73,11
10630,2022,245,2.37,19,11
10630,2023,561,2.39,76,12
10630,2024,603,4.78,20,1
10630,2025,715,2.4,37,6
10631,2022,250,1.75,14,5
10631,2023,729,2.57,21,14
10631,2024,415,3.02,53,4
10631,2025,298,4.23,99,1
10632,2022,528,4.37,38,7
10632,2023,402,3.94,87,1
10632,2024,597,3.98,45,1
10632,2025,204,4.92,44,2
10633,2022,109,3.8,17,9
10633,2023,724,2.07,25,1
10633,2024,126,3.18,52,8
10633,2025,710,3.46,78,13
10634,2022,426,2.41,25,1
10634,2023,594,2.14,65,11
10634,2024,747,3.94,50,1
10634,2025,226,2.78,86,9
10635,2022,215,3.37,17,8
10635,2023,270,2.62,63,14
10635,2024,311,3.32,99,1
10635,2025,288,2.96,14,7
10636,2022,589,2.74,18,8
10636,2023,486,3.85,75,2
10636,2024,700,4.45,80,4
10636,2025,229,3.48,39,2
10637,2022,122,3.33,90,13
10637,2023,278,4.24,74,14
10637,2024,500,2.23,39,6
10637,2025,604,2.44,56,5
10638,2022,510,2.58,97,11
10638,2023,631,2.58,40,11
10638,2024,428,4.76,69,5
10638,2025,570,3.64,84,12
10639,2022,519,3.07,89,14
10639,2023,511,3.39,18,8
10639,2024,128,4.43,85,12
10639,2025,344,2.68,63,13
10640,2022,731,3.03,70,1
10640,2023,643,2.46,73,10
10640,2024,751,4.14,89,2
10640,2025,769,4.28,15,1
10641,2022,159,4.37,54,4
10641,2023,238,2.99,74,2
10641,2024,456,2.28,86,10
10641,2025,311,4.64,46,11
10642,2022,238,4.17,99,7
10642,2023,467,2.35,82,12
10642,2024,722,2.63,26,5
10642,2025,585,2.89,34,5
10643,2022,592,2.86,59,1
10643,2023,435,4.14,80,2
10643,2024,710,2.23,40,5
10643,2025,277,4.05,41,7
10644,2022,612,2.56,57,1
10644,2023,700,2.24,92,7
10644,2024,212,2.82,26,11
10644,2025,382,3.55,70,12
10645,2022,215,4.26,66,2
10645,2023,643,3.53,66,2
10645,2024,140,3.62,79,9
10645,2025,266,2.28,98,8
10646,2022,320,1.74,42,10
10646,2023,412,2.04,28,4
10646,2024,445,2.09,24,5
10646,2025,570,3.68,44,9
10647,2022,230,2.86,58,4
10647,2023,147,1.66,45,10
10647,2024,233,2.85,63,13
10647,2025,618,2.33,45,12
10648,2022,655,4.46,62,8
10648,2023,416,3.03,69,13
10648,2024,537,3.08,83,5
10648,2025,534,3.88,53,1
10649,2022,185,2.57,42,7
10649,2023,147,3.8,53,10
10649,2024,589,4.51,64,11
10649,2025,523,3.45,83,11
10650,2022,486,2.65,53,3
10650,2023,339,3.22,60,7
10650,2024,763,3.61,95,8
10650,2025,550,4.49,60,4
10651,2022,357,2.68,96,11
10651,2023,143,1.8,16,14
10651,2024,267,3.69,94,6
10651,2025,290,4.91,10,10
10652,2022,763,4.06,22,7
10652,2023,661,3.92,82,8
10652,2024,375,2.33,57,3
10652,2025,468,4.2,93,7
10653,2022,405,1.74,56,5
10653,2023,706,3.13,56,7
10653,2024,204,2.91,19,6
10653,2025,520,4.67,35,13
10654,2022,448,1.98,59,5
10654,2023,749,4.02,56,3
10654,2024,418,1.95,53,10
10654,2025,519,4.06,10,2
10655,2022,794,2.38,72,3
10655,2023,156,4.58,26,2
10655,2024,339,3.82,26,14
10655,2025,526,2.88,48,3
10656,2022,716,2.21,52,2
10656,2023,676,3.57,85,1
10656,2024,239,2.62,50,9
10656,2025,161,2.51,24,10
10657,2022,251,3.44,10,5
10657,2023,229,3.82,67,14
10657,2024,530,2.51,63,9
10657,2025,737,3.56,84,8
10658,2022,539,3.49,14,14
10658,2023,311,4.48,71,7
10658,2024,499,4.21,91,12
10658,2025,773,3.21,91,6
10659,2022,640,4.03,96,11
10659,2023,281,2.98,80,4
10659,2024,150,2.19,55,10
10659,2025,625,2.97,99,10
10660,2022,449,3.91,74,7
10660,2023,157,4.52,37,13
10660,2024,518,4.75,93,7
10660,2025,236,3.87,50,1
10661,2022,739,2.94,32,14
10661,2023,136,2.14,41,9
10661,2024,593,2.11,67,14
10661,2025,458,3.51,48,4
10662,2022,184,3.68,91,7
10662,2023,750,2.62,42,9
10662,2024,638,3.82,67,2
10662,2025,443,3.66,98,13
10663,2022,270,4.32,41,8
10663,2023,789,2.28,59,11
10663,2024,119,3.57,60,4
10663,2025,402,3.19,86,14
10664,2022,296,2.28,28,4
10664,2023,426,2.72,12,3
10664,2024,675,2.68,26,10
10664,2025,655,3.53,52,4
10665,2022,111,3.17,38,9
10665,2023,460,4.25,53,1
10665,2024,395,4.14,61,9
10665,2025,502,2.86,37,13
10666,2022,537,4.29,93,11
10666,2023,474,4.26,43,10
10666,2024,752,3.68,89,9
10666,2025,792,2.01,63,1
10667,2022,599,2.13,11,13
10667,2023,525,4.02,26,9
10667,2024,764,3.16,93,6
10667,2025,143,2.33,27,8
10668,2022,208,2.72,37,13
10668,2023,197,2.29,37,8
10668,2024,544,4.48,61,14
10668,2025,180,4.62,25,8
10669,2022,317,2.66,42,11
10669,2023,248,2.06,94,8
10669,2024,175,2.88,14,12
10669,2025,691,2.34,54,1
10670,2022,663,2.41,46,1
10670,2023,162,3.96,91,7
10670,2024,695,2.68,61,11
10670,2025,493,3.58,73,12
10671,2022,602,1.86,71,13
10671,2023,466,2.69,14,12
10671,2024,577,1.92,20,9
10671,2025,354,3.59,95,11
10672,2022,158,2.54,96,14
10672,2023,619,4.27,99,10
10672,2024,488,2.98,12,8
10672,2025,687,3.62,60,11
10673,2022,525,4.43,69,13
10673,2023,689,3.58,75,5
10673,2024,735,3.3,66,8
10673,2025,601,2.24,26,9
10674,2022,623,3.96,12,7
10674,2023,379,3.58,12,11
10674,2024,144,2.13,49,10
10674,2025,664,2.69,89,11
10675,2022,280,3.11,85,13
10675,2023,500,1.79,72,3
10675,2024,473,3.95,60,9
10675,2025,333,2.63,10,5
10676,2022,285,2.97,60,11
10676,2023,174,2.37,13,8
10676,2024,690,3.27,90,11
10676,2025,332,2.52,92,1
10677,2022,267,3.28,13,1
10677,2023,634,4.38,56,3
10677,2024,506,4.22,48,2
10677,2025,329,2.67,93,5
10678,2022,746,2.99,58,11
10678,2023,392,2.92,66,9
10678,2024,499,4.7,48,13
10678,2025,137,4.35,77,9
10679,2022,331,1.82,26,8
10679,2023,267,2.16,24,5
10679,2024,384,3.91,37,3
10679,2025,202,2.43,25,6
10680,2022,244,4.35,15,8
10680,2023,759,4.63,41,6
10680,2024,465,4.14,90,7
10680,2025,252,2.03,34,12
10681,2022,521,2.95,48,14
10681,2023,418,2.87,26,12
10681,2024,737,4.2,55,13
10681,2025,584,2.81,88,7
10682,2022,182,2.66,62,7
10682,2023,632,1.93,60,9
10682,2024,387,2.83,27,9
10682,2025,588,4.87,29,1
10683,2022,367,4.33,96,3
10683,2023,732,3.9,14,5
10683,2024,722,4.52,71,11
10683,2025,178,2.58,21,4
10684,2022,475,3.37,90,12
10684,2023,696,3.15,39,1
10684,2024,691,3.07,92,1
10684,2025,250,2.92,25,13
10685,2022,114,4.1,11,4
10685,2023,200,3.1,85,5
10685,2024,487,3.97,12,4
10685,2025,134,4.07,17,2
10686,2022,450,1.91,46,5
10686,2023,382,1.8,62,10
10686,2024,736,4.32,64,3
10686,2025,772,3.42,97,7
10687,2022,624,3.93,58,4
10687,2023,264,2.54,98,2
10687,2024,527,4.39,68,11
10687,2025,357,4.44,69,8
10688,2022,542,2.65,98,13
10688,2023,725,2.89,87,10
10688,2024,219,2.85,55,2
10688,2025,168,2.05,72,11
10689,2022,373,3.56,88,7
10689,2023,659,2.47,41,8
10689,2024,421,4.45,75,10
10689,2025,461,4.64,94,3
10690,2022,669,3.67,13,6
10690,2023,689,2.19,38,12
10690,2024,598,2.07,58,4
10690,2025,303,4.4,32,12
10691,2022,605,4.18,12,2
10691,2023,714,2.71,63,8
10691,2024,208,2.86,30,2
10691,2025,364,3.12,89,9
10692,2022,487,3.98,53,9
10692,2023,515,3.77,29,11
10692,2024,667,2.17,66,8
10692,2025,411,3.85,78,10
10693,2022,351,1.53,99,3
10693,2023,683,3.78,80,8
10693,2024,752,4.09,61,5
10693,2025,487,4.39,89,10
10694,2022,791,3.38,26,14
10694,2023,302,2.19,75,5
10694,2024,209,4.18,21,2
10694,2025,181,4.65,67,12
10695,2022,695,3.4,86,3
10695,2023,292,2.48,14,8
10695,2024,238,2.34,89,14
10695,2025,320,2.64,81,1
10696,2022,288,1.55,65,4
10696,2023,439,1.68,55,6
10696,2024,577,2.69,81,9
10696,2025,521,4.72,27,8
10697,2022,296,3.36,53,10
10697,2023,685,2.81,52,5
10697,2024,297,1.83,89,13
10697,2025,423,4.92,99,14
10698,2022,359,2.87,95,7
10698,2023,298,4.62,88,8
10698,2024,236,3.96,86,12
10698,2025,445,2.1,31,9
10699,2022,599,4.08,69,14
10699,2023,274,3.24,94,3
10699,2024,588,3.16,72,11
10699,2025,568,4.22,33,8
10700,2022,415,3.82,74,3
10700,2023,479,4.04,38,1
10700,2024,541,4.08,10,13
10700,2025,232,3.87,10,13
10701,2022,126,3.53,82,4
10701,2023,356,4.23,30,7
10701,2024,662,3.87,87,9
10701,2025,755,2.25,37,10
10702,2022,455,3.44,27,7
10702,2023,335,2.16,61,10
10702,2024,771,1.84,75,11
10702,2025,458,2.59,97,14
10703,2022,370,1.96,71,14
10703,2023,765,1.96,28,14
10703,2024,648,2.44,11,5
10703,2025,609,3.64,79,13
10704,2022,538,1.95,64,1
10704,2023,741,2.49,88,1
10704,2024,687,4.35,66,12
10704,2025,570,4.61,20,9
10705,2022,410,2.5,25,4
10705,2023,316,4.35,94,3
10705,2024,710,3.56,71,11
10705,2025,411,2.63,36,5
10706,2022,329,3.76,31,7
10706,2023,720,4.42,12,7
10706,2024,439,3.78,12,5
10706,2025,594,2.55,30,8
10707,2022,263,1.76,52,5
10707,2023,215,2.34,79,10
10707,2024,170,2.82,98,4
10707,2025,152,2.95,46,14
10708,2022,696,3.0,65,6
10708,2023,441,3.17,48,3
10708,2024,687,3.21,29,4
10708,2025,431,2.98,74,8
10709,2022,178,1.82,44,10
10709,2023,206,2.9,52,10
10709,2024,181,4.76,99,3
10709,2025,301,3.91,30,11
10710,2022,491,2.82,19,13
10710,2023,329,1.9,54,10
10710,2024,119,2.44,12,13
10710,2025,422,3.67,52,3
10711,2022,567,2.99,61,6
10711,2023,789,1.71,50,8
10711,2024,751,2.06,50,10
10711,2025,409,3.02,86,2
10712,2022,571,1.92,18,1
10712,2023,691,4.52,55,10
10712,2024,793,1.9,25,13
10712,2025,173,4.87,56,1
10713,2022,758,3.47,37,7
10713,2023,753,2.87,37,2
10713,2024,535,3.42,84,9
10713,2025,561,3.18,20,10
10714,2022,249,3.22,38,4
10714,2023,743,2.11,65,14
10714,2024,414,2.16,85,7
10714,2025,773,3.54,81,5
10715,2022,349,1.71,66,5
10715,2023,739,2.53,62,7
10715,2024,373,4.58,83,9
10715,2025,581,4.58,68,4
10716,2022,181,3.99,44,9
10716,2023,331,3.17,61,9
10716,2024,130,1.88,45,11
10716,2025,183,2.31,86,8
10717,2022,141,4.26,67,1
10717,2023,350,4.16,11,10
10717,2024,609,2.93,37,11
10717,2025,486,4.14,94,11
10718,2022,696,4.06,79,9
10718,2023,794,3.51,72,3
10718,2024,365,4.36,61,8
10718,2025,682,2.68,69,5
10719,2022,121,2.89,99,6
10719,2023,506,3.39,45,3
10719,2024,175,3.69,91,11
10719,2025,586,4.91,71,7
10720,2022,779,4.04,52,2
10720,2023,450,1.82,48,13
10720,2024,339,2.31,14,3
10720,2025,150,3.92,99,2
10721,2022,575,2.22,84,13
10721,2023,694,2.13,59,11
10721,2024,701,3.8,25,9
10721,2025,624,3.56,92,11
10722,2022,256,3.92,61,14
10722,2023,298,2.61,78,13
10722,2024,530,2.79,80,14
10722,2025,765,2.4,12,3
10723,2022,217,3.46,98,8
10723,2023,762,3.78,19,6
10723,2024,174,2.22,60,13
10723,2025,466,2.71,78,1
10724,2022,277,1.96,41,11
10724,2023,207,3.89,14,13
10724,2024,788,2.43,52,6
10724,2025,578,2.41,92,8
10725,2022,785,1.71,21,10
10725,2023,192,4.14,40,14
10725,2024,199,2.17,90,3
10725,2025,280,2.04,31,14
10726,2022,770,1.69,68,7
10726,2023,195,2.75,61,14
10726,2024,331,3.59,56,6
10726,2025,350,3.14,95,1
10727,2022,678,2.87,58,2
10727,2023,118,4.41,65,14
10727,2024,386,4.08,99,11
10727,2025,306,2.97,40,5
10728,2022,410,1.96,68,7
10728,2023,202,3.9,79,4
10728,2024,258,3.52,85,6
10728,2025,662,4.84,52,2
10729,2022,477,4.23,90,5
10729,2023,323,3.34,83,10
10729,2024,191,2.01,14,3
10729,2025,766,2.04,13,1
10730,2022,275,4.01,24,6
10730,2023,209,3.74,11,9
10730,2024,278,3.48,58,14
10730,2025,552,4.02,65,14
10731,2022,174,3.12,17,10
10731,2023,682,3.39,25,8
10731,2024,591,2.48,73,4
10731,2025,202,3.32,93,8
10732,2022,140,1.53,33,11
10732,2023,534,3.66,64,5
10732,2024,433,2.8,63,3
10732,2025,379,3.92,90,4
10733,2022,641,4.28,78,7
10733,2023,605,3.42,87,5
10733,2024,342,2.78,87,4
10733,2025,663,2.57,69,3
10734,2022,668,2.26,40,3
10734,2023,178,4.61,29,10
10734,2024,536,3.65,86,6
10734,2025,560,3.27,63,8
10735,2022,296,2.19,18,4
10735,2023,130,3.97,43,1
10735,2024,129,2.96,85,4
10735,2025,212,2.85,89,12
10736,2022,749,2.17,74,5
10736,2023,783,2.21,25,8
10736,2024,489,2.62,79,14
10736,2025,766,3.83,93,13
10737,2022,375,2.22,15,7
10737,2023,319,1.83,44,2
10737,2024,375,2.88,12,9
10737,2025,111,3.7,30,3
10738,2022,592,1.68,16,9
10738,2023,696,3.01,87,1
10738,2024,148,1.96,39,9
10738,2025,791,4.25,31,7
10739,2022,109,4.12,23,2
10739,2023,360,4.54,64,10
10739,2024,419,3.87,98,7
10739,2025,285,3.85,76,1
10740,2022,328,3.58,14,11
10740,2023,769,4.21,78,3
10740,2024,120,4.22,68,7
10740,2025,115,3.27,18,3
10741,2022,579,3.45,57,2
10741,2023,726,2.14,46,5
10741,2024,105,3.88,77,3
10741,2025,397,4.14,29,13
10742,2022,358,3.9,94,9
10742,2023,139,4.1,59,7
10742,2024,375,3.12,33,11
10742,2025,618,4.66,80,1
10743,2022,704,4.44,58,1
10743,2023,610,4.58,17,6
10743,2024,407,3.56,84,4
10743,2025,632,3.63,82,1
10744,2022,579,2.87,15,9
10744,2023,513,2.55,49,14
10744,2024,622,2.8,90,2
10744,2025,564,2.6,63,1
10745,2022,508,4.37,86,3
10745,2023,149,3.51,26,10
10745,2024,144,4.6,60,12
10745,2025,370,3.11,11,12
10746,2022,374,2.39,39,1
10746,2023,522,2.05,41,13
10746,2024,134,2.7,59,4
10746,2025,603,4.62,80,4
10747,2022,587,3.25,25,6
10747,2023,752,3.01,92,12
10747,2024,243,3.5,88,3
10747,2025,292,4.63,64,13
10748,2022,646,2.08,66,9
10748,2023,277,4.55,87,6
10748,2024,417,3.8,54,14
10748,2025,490,4.52,61,7
10749,2022,250,3.08,80,6
10749,2023,710,2.36,56,9
10749,2024,546,3.5,42,2
10749,2025,640,2.15,33,11
10750,2022,249,4.06,44,14
10750,2023,307,3.6,73,8
10750,2024,448,2.65,94,5
10750,2025,361,2.77,97,2
10751,2022,512,4.21,89,13
10751,2023,188,4.17,69,7
10751,2024,357,4.09,90,12
10751,2025,591,3.19,38,5
10752,2022,707,4.12,27,8
10752,2023,647,2.39,67,14
10752,2024,195,1.87,57,10
10752,2025,503,3.25,20,11
10753,2022,538,4.26,12,6
10753,2023,136,3.36,51,7
10753,2024,713,2.49,27,11
10753,2025,580,3.9,25,12
10754,2022,279,3.73,50,1
10754,2023,424,3.3,74,2
10754,2024,681,4.33,52,9
10754,2025,505,3.73,52,7
10755,2022,568,1.79,40,7
10755,2023,718,4.08,37,4
10755,2024,370,2.24,60,13
10755,2025,453,4.6,36,13
10756,2022,658,3.07,18,4
10756,2023,564,3.85,47,3
10756,2024,719,4.72,45,10
10756,2025,463,3.25,69,4
10757,2022,168,2.88,66,12
10757,2023,407,4.13,56,10
10757,2024,522,2.13,99,6
10757,2025,613,2.03,77,11
10758,2022,318,3.31,60,3
10758,2023,144,2.15,67,10
10758,2024,332,2.57,57,8
10758,2025,466,4.88,68,1
10759,2022,221,3.46,85,6
10759,2023,594,4.22,56,13
10759,2024,676,4.49,24,2
10759,2025,248,2.31,87,11
10760,2022,575,4.28,81,14
10760,2023,678,4.25,11,1
10760,2024,449,1.94,88,12
10760,2025,670,4.88,70,4
10761,2022,214,2.87,49,12
10761,2023,727,4.57,52,13
10761,2024,336,4.27,57,6
10761,2025,146,3.27,81,7
10762,2022,720,3.03,78,11
10762,2023,373,2.48,66,1
10762,2024,212,3.26,77,3
10762,2025,644,2.27,21,6
10763,2022,498,4.23,83,13
10763,2023,391,3.79,77,13
10763,2024,415,4.22,60,6
10763,2025,261,3.54,83,10
10764,2022,189,1.88,38,6
10764,2023,150,3.26,38,7
10764,2024,523,2.79,92,11
10764,2025,505,1.98,22,7
10765,2022,243,3.35,66,12
10765,2023,715,4.21,55,10
10765,2024,781,3.93,29,8
10765,2025,627,2.62,91,11
10766,2022,232,3.96,68,2
10766,2023,598,2.58,45,10
10766,2024,489,2.46,10,14
10766,2025,269,4.83,99,1
10767,2022,641,1.55,12,10
10767,2023,259,2.15,53,14
10767,2024,758,3.2,64,13
10767,2025,511,2.45,69,7
10768,2022,786,2.0,12,12
10768,2023,683,3.55,94,1
10768,2024,483,4.26,72,2
10768,2025,738,3.93,91,1
10769,2022,284,1.8,40,14
10769,2023,761,4.34,70,12
10769,2024,313,4.57,58,12
10769,2025,193,2.79,53,1
10770,2022,669,3.16,61,3
10770,2023,318,3.11,40,4
10770,2024,318,3.8,81,5
10770,2025,112,4.88,98,5
10771,2022,522,4.46,58,2
10771,2023,522,3.18,55,11
10771,2024,585,2.08,63,3
10771,2025,476,2.95,93,14
10772,2022,751,2.74,20,8
10772,2023,507,3.25,74,2
10772,2024,218,4.68,94,4
10772,2025,370,2.74,26,7
10773,2022,196,3.11,37,9
10773,2023,146,2.52,91,3
10773,2024,763,4.56,83,3
10773,2025,272,4.92,18,7
10774,2022,446,4.11,43,8
10774,2023,336,2.67,29,14
10774,2024,642,2.63,12,4
10774,2025,312,3.24,10,14
10775,2022,371,3.74,69,1
10775,2023,506,1.68,59,5
10775,2024,177,4.79,17,11
10775,2025,652,4.6,27,14
10776,2022,245,1.57,39,4
10776,2023,111,2.8,31,14
10776,2024,328,3.86,90,11
10776,2025,790,2.67,18,8
10777,2022,440,1.93,31,13
10777,2023,771,3.54,19,7
10777,2024,263,4.51,76,2
10777,2025,779,4.82,90,6
10778,2022,481,1.53,18,4
10778,2023,681,4.27,56,7
10778,2024,521,3.48,49,9
10778,2025,537,2.66,45,7
10779,2022,162,3.35,28,2
10779,2023,345,4.64,11,8
10779,2024,149,2.63,54,6
10779,2025,333,2.78,92,9
10780,2022,627,3.6,42,7
10780,2023,615,1.78,73,5
10780,2024,381,4.26,35,8
10780,2025,768,3.91,43,7
10781,2022,319,4.02,72,1
10781,2023,447,2.34,37,11
10781,2024,463,4.34,89,5
10781,2025,662,3.3,95,7
10782,2022,141,1.9,87,10
10782,2023,522,4.35,15,7
10782,2024,234,3.92,20,11
10782,2025,358,2.45,55,14
10783,2022,290,2.24,29,3
10783,2023,355,2.46,45,5
10783,2024,593,4.69,25,8
10783,2025,172,4.61,79,9
10784,2022,173,2.54,81,14
10784,2023,734,3.05,54,9
10784,2024,681,2.66,57,10
10784,2025,500,4.18,13,5
10785,2022,178,1.98,57,2
10785,2023,347,2.67,93,8
10785,2024,286,3.62,97,7
10785,2025,752,4.58,76,4
10786,2022,655,3.41,37,5
10786,2023,569,4.47,39,12
10786,2024,678,4.59,38,10
10786,2025,555,4.1,30,12
10787,2022,375,2.34,51,12
10787,2023,278,3.7,59,11
10787,2024,228,2.38,98,11
10787,2025,478,2.95,12,10
10788,2022,214,3.77,74,2
10788,2023,421,4.2,32,9
10788,2024,488,3.05,14,14
10788,2025,563,3.52,34,12
10789,2022,301,2.66,44,6
10789,2023,728,3.09,74,9
10789,2024,646,3.34,88,8
10789,2025,508,4.03,48,1
10790,2022,717,3.75,97,13
10790,2023,251,4.58,27,9
10790,2024,752,3.11,34,9
10790,2025,504,2.2,10,4
10791,2022,590,3.56,71,1
10791,2023,261,3.14,18,4
10791,2024,246,4.32,50,6
10791,2025,511,2.39,31,4
10792,2022,355,3.43,75,9
10792,2023,702,3.03,54,4
10792,2024,469,3.06,61,10
10792,2025,750,3.64,29,8
10793,2022,788,3.55,96,2
10793,2023,390,4.2,21,12
10793,2024,439,2.51,83,7
10793,2025,175,2.83,73,8
10794,2022,668,3.15,41,14
10794,2023,639,2.69,71,6
10794,2024,604,3.51,14,10
10794,2025,420,2.55,53,13
10795,2022,761,2.42,38,6
10795,2023,406,2.62,42,8
10795,2024,446,4.78,96,3
10795,2025,492,4.51,22,2
10796,2022,298,4.01,59,9
10796,2023,775,3.19,11,8
10796,2024,281,3.2,84,10
10796,2025,339,2.16,37,5
10797,2022,165,2.09,98,13
10797,2023,270,4.34,27,5
10797,2024,744,3.38,82,6
10797,2025,692,4.91,75,6
10798,2022,264,3.28,55,2
10798,2023,162,2.78,26,7
10798,2024,454,2.62,42,3
10798,2025,150,4.71,42,8
10799,2022,683,2.61,93,9
10799,2023,142,2.09,39,3
10799,2024,420,2.63,31,6
10799,2025,417,3.89,62,8
10800,2022,315,1.9,98,6
10800,2023,290,1.92,55,10
10800,2024,769,3.17,53,3
10800,2025,589,2.2,84,4
10801,2022,189,2.68,43,9
10801,2023,521,2.62,37,12
10801,2024,590,2.97,44,12
10801,2025,715,3.41,77,11
10802,2022,662,2.06,18,12
10802,2023,353,2.98,31,1
10802,2024,206,2.88,70,4
10802,2025,393,4.34,98,10
10803,2022,610,3.58,94,1
10803,2023,335,4.27,34,8
10803,2024,597,3.81,90,7
10803,2025,455,2.31,88,7
10804,2022,716,3.02,50,2
10804,2023,403,3.88,16,10
10804,2024,631,4.33,68,6
10804,2025,591,2.49,81,8
10805,2022,683,2.17,76,8
10805,2023,216,4.24,42,5
10805,2024,466,3.26,90,8
10805,2025,741,3.31,74,13
10806,2022,558,2.98,69,2
10806,2023,219,2.17,90,14
10806,2024,312,3.68,67,4
10806,2025,282,4.37,53,10
10807,2022,745,4.01,57,2
10807,2023,438,1.74,46,5
10807,2024,577,3.95,34,11
10807,2025,593,2.22,34,3
10808,2022,330,4.4,66,6
10808,2023,463,3.1,22,7
10808,2024,545,4.13,86,6
10808,2025,583,3.82,21,11
10809,2022,345,4.36,72,2
10809,2023,324,4.57,71,2
10809,2024,256,2.64,93,4
10809,2025,730,3.4,37,14
10810,2022,705,3.01,64,7
10810,2023,464,2.18,97,8
10810,2024,285,4.51,84,5
10810,2025,594,3.0,51,14
10811,2022,284,1.76,70,10
10811,2023,486,2.11,89,1
10811,2024,379,3.34,47,14
10811,2025,581,4.6,90,9
10812,2022,364,3.38,14,13
10812,2023,769,2.29,93,8
10812,2024,451,2.69,57,1
10812,2025,688,4.88,44,9
10813,2022,181,1.66,57,5
10813,2023,280,4.63,23,14
10813,2024,441,4.52,63,8
10813,2025,295,3.99,35,10
10814,2022,159,4.33,52,10
10814,2023,250,2.11,51,12
10814,2024,160,4.63,97,2
10814,2025,746,2.59,27,7
10815,2022,527,3.14,64,9
10815,2023,430,3.12,59,7
10815,2024,138,3.34,95,9
10815,2025,352,2.75,30,4
10816,2022,717,3.84,43,5
10816,2023,332,3.88,98,7
10816,2024,453,4.66,49,1
10816,2025,269,3.47,39,2
10817,2022,316,3.14,79,2
10817,2023,447,4.36,34,10
10817,2024,625,4.56,78,9
10817,2025,510,3.9,38,3
10818,2022,627,3.96,95,9
10818,2023,780,3.17,76,1
10818,2024,625,2.96,66,11
10818,2025,342,4.54,56,3
10819,2022,107,3.83,97,10
10819,2023,382,2.38,26,2
10819,2024,722,1.94,58,2
10819,2025,651,3.65,59,1
10820,2022,679,4.02,93,6
10820,2023,734,2.39,99,5
10820,2024,265,4.1,14,14
10820,2025,302,3.19,22,12
10821,2022,739,2.51,72,5
10821,2023,463,2.17,48,11
10821,2024,251,4.6,77,9
10821,2025,524,2.63,54,6
10822,2022,757,2.34,26,9
10822,2023,660,2.64,68,4
10822,2024,568,2.65,89,7
10822,2025,509,2.44,68,13
10823,2022,614,2.56,17,11
10823,2023,350,3.07,39,4
10823,2024,176,3.46,12,1
10823,2025,521,2.42,26,4
10824,2022,484,3.84,60,2
10824,2023,478,2.58,33,5
10824,2024,327,4.55,89,11
10824,2025,217,2.94,73,2
10825,2022,366,4.09,93,13
10825,2023,334,2.71,83,2
10825,2024,267,3.32,97,12
10825,2025,795,3.07,80,11
10826,2022,621,2.66,58,14
10826,2023,436,3.51,29,12
10826,2024,426,3.88,86,4
10826,2025,458,4.56,38,7
10827,2022,547,3.21,19,13
10827,2023,752,2.3,18,3
10827,2024,633,4.77,80,11
10827,2025,703,4.0,72,12
10828,2022,196,2.62,42,7
10828,2023,752,4.55,33,11
10828,2024,649,4.68,89,9
10828,2025,355,2.19,41,3
10829,2022,541,1.56,13,4
10829,2023,508,1.78,71,1
10829,2024,184,3.86,87,7
10829,2025,516,4.08,31,1
10830,2022,648,3.67,32,13
10830,2023,601,3.54,99,12
10830,2024,796,2.66,35,3
10830,2025,197,2.45,58,14
10831,2022,641,4.28,53,9
10831,2023,602,4.39,31,12
10831,2024,550,2.53,76,5
10831,2025,290,2.45,51,10
10832,2022,300,2.63,61,10
10832,2023,421,1.8,26,11
10832,2024,357,2.29,23,2
10832,2025,254,3.09,73,9
10833,2022,586,2.22,54,6
10833,2023,327,3.86,73,9
10833,2024,616,4.51,39,12
10833,2025,740,4.68,22,11
10834,2022,610,3.31,35,14
10834,2023,173,3.76,41,4
10834,2024,464,3.28,55,6
10834,2025,123,2.39,60,12
10835,2022,562,3.41,96,7
10835,2023,580,2.7,43,11
10835,2024,757,1.82,85,14
10835,2025,188,3.67,96,6
10836,2022,633,2.1,37,4
10836,2023,399,4.31,28,8
10836,2024,143,4.6,57,6
10836,2025,136,2.44,81,2
10837,2022,618,1.59,43,13
10837,2023,573,1.66,25,12
10837,2024,379,4.54,80,6
10837,2025,560,2.41,36,1
10838,2022,268,2.81,60,9
10838,2023,169,1.82,93,10
10838,2024,312,2.92,63,12
10838,2025,682,4.31,26,7
10839,2022,171,2.72,81,8
10839,2023,279,3.98,77,12
10839,2024,307,3.87,95,11
10839,2025,276,3.5,10,4
10840,2022,400,3.71,23,8
10840,2023,253,4.29,16,12
10840,2024,253,4.18,73,1
10840,2025,129,4.03,81,11
10841,2022,126,3.61,17,4
10841,2023,339,2.13,63,6
10841,2024,743,4.65,33,10
10841,2025,790,2.57,64,7
10842,2022,197,2.55,10,12
10842,2023,425,3.2,81,3
10842,2024,336,2.18,78,10
10842,2025,237,3.73,41,10
10843,2022,729,2.05,10,2
10843,2023,717,4.42,75,9
10843,2024,647,4.47,51,1
10843,2025,145,3.58,88,10
10844,2022,715,2.85,18,14
10844,2023,489,1.96,85,1
10844,2024,463,4.27,83,10
10844,2025,459,3.09,33,2
10845,2022,681,2.24,28,5
10845,2023,306,4.64,60,1
10845,2024,700,3.8,90,13
10845,2025,614,2.17,11,6
10846,2022,465,3.9,19,14
10846,2023,537,3.9,78,8
10846,2024,330,3.0,15,10
10846,2025,522,2.32,71,2
10847,2022,568,2.99,75,5
10847,2023,729,3.94,17,3
10847,2024,410,2.03,77,2
10847,2025,494,2.44,68,14
10848,2022,213,3.36,59,6
10848,2023,301,3.33,45,1
10848,2024,562,4.52,17,12
10848,2025,641,4.39,26,8
10849,2022,463,4.26,68,6
10849,2023,346,3.05,87,4
10849,2024,692,4.16,17,12
10849,2025,345,2.1,98,5
10850,2022,283,2.38,87,2
10850,2023,512,3.58,96,8
10850,2024,372,4.09,52,6
10850,2025,644,3.66,72,6
10851,2022,713,2.94,90,3
10851,2023,376,2.35,21,1
10851,2024,722,2.32,93,8
10851,2025,598,4.58,65,12
10852,2022,589,1.93,58,7
10852,2023,314,2.96,61,12
10852,2024,202,4.47,20,1
10852,2025,689,2.39,36,12
10853,2022,274,1.88,71,13
10853,2023,151,3.73,18,8
10853,2024,396,2.79,91,10
10853,2025,274,3.26,45,2
10854,2022,442,3.38,55,11
10854,2023,699,2.79,93,8
10854,2024,270,4.2,38,5
10854,2025,136,4.86,77,8
10855,2022,734,4.3,88,11
10855,2023,300,3.29,50,12
10855,2024,163,2.86,37,6
10855,2025,585,3.25,73,2
10856,2022,554,2.49,33,7
10856,2023,799,2.98,25,11
10856,2024,508,1.84,31,11
10856,2025,249,2.12,56,13
10857,2022,601,3.81,26,6
10857,2023,735,2.65,10,4
10857,2024,647,4.18,40,9
10857,2025,377,3.39,98,13
10858,2022,134,3.92,21,13
10858,2023,724,3.64,29,4
10858,2024,274,2.4,28,1
10858,2025,132,3.29,14,13
10859,2022,496,3.61,24,3
10859,2023,353,2.64,34,11
10859,2024,667,2.38,44,8
10859,2025,422,3.57,64,3
10860,2022,112,2.32,72,14
10860,2023,149,3.43,56,14
10860,2024,332,2.62,76,7
10860,2025,639,4.67,91,11
10861,2022,715,2.53,73,1
10861,2023,195,4.37,31,14
10861,2024,442,2.64,89,4
10861,2025,292,3.76,88,4
10862,2022,610,1.89,78,9
10862,2023,550,3.99,86,12
10862,2024,224,2.4,83,11
10862,2025,180,4.54,89,1
10863,2022,106,2.86,11,11
10863,2023,429,1.93,34,12
10863,2024,182,2.89,70,13
10863,2025,635,4.29,14,9
10864,2022,725,1.73,37,10
10864,2023,626,3.53,90,8
10864,2024,212,3.32,75,10
10864,2025,539,2.88,24,6
10865,2022,756,3.77,64,11
10865,2023,118,1.81,47,4
10865,2024,108,3.29,32,11
10865,2025,284,3.47,91,6
10866,2022,137,1.76,23,6
10866,2023,233,2.06,41,2
10866,2024,201,3.03,53,7
10866,2025,248,3.56,79,9
10867,2022,192,1.66,91,8
10867,2023,239,1.69,67,3
10867,2024,394,2.38,13,8
10867,2025,692,3.41,71,4
10868,2022,643,1.62,69,10
10868,2023,287,3.85,84,1
10868,2024,235,2.26,68,3
10868,2025,265,4.27,84,1
10869,2022,576,2.11,38,5
10869,2023,246,2.69,28,10
10869,2024,344,3.24,26,11
10869,2025,282,2.99,13,9
10870,2022,108,1.57,53,7
10870,2023,535,4.38,13,3
10870,2024,255,2.66,68,7
10870,2025,787,2.36,21,12
10871,2022,213,1.9,56,8
10871,2023,266,4.57,16,4
10871,2024,587,2.17,94,3
10871,2025,536,2.99,21,2
10872,2022,322,1.7,80,14
10872,2023,290,3.86,63,8
10872,2024,675,3.59,67,3
10872,2025,272,3.55,72,7
10873,2022,356,4.07,24,11
10873,2023,549,3.37,46,11
10873,2024,600,4.67,65,11
10873,2025,176,3.82,82,2
10874,2022,714,2.56,89,5
10874,2023,325,1.76,40,5
10874,2024,325,3.98,24,9
10874,2025,707,3.07,11,8
10875,2022,175,3.3,22,8
10875,2023,132,4.28,14,10
10875,2024,693,1.82,57,2
10875,2025,168,4.23,42,2
10876,2022,514,2.81,41,12
10876,2023,547,2.02,62,10
10876,2024,461,3.55,30,7
10876,2025,469,3.55,75,12
10877,2022,498,4.03,70,13
10877,2023,219,3.21,63,13
10877,2024,147,4.28,84,4
10877,2025,167,3.58,50,3
10878,2022,438,2.84,96,13
10878,2023,184,2.76,47,3
10878,2024,476,2.32,42,7
10878,2025,484,3.7,17,1
10879,2022,375,3.13,45,4
10879,2023,304,4.58,42,6
10879,2024,164,3.04,38,9
10879,2025,178,3.21,66,12
10880,2022,625,1.99,81,1
10880,2023,424,3.44,70,1
10880,2024,477,4.34,99,2
10880,2025,780,2.69,96,7
10881,2022,770,1.53,64,7
10881,2023,727,3.72,61,14
10881,2024,445,1.89,52,5
10881,2025,534,3.18,35,4
10882,2022,794,3.34,11,13
10882,2023,477,2.81,64,10
10882,2024,779,2.58,99,13
10882,2025,114,4.35,27,6
10883,2022,553,2.4,59,8
10883,2023,292,2.19,90,12
10883,2024,332,2.97,54,7
10883,2025,362,2.34,24,2
10884,2022,545,3.57,16,11
10884,2023,153,3.78,90,2
10884,2024,791,1.84,92,6
10884,2025,103,4.03,36,12
10885,2022,356,2.4,49,1
10885,2023,460,3.62,26,5
10885,2024,339,3.92,41,14
10885,2025,581,2.78,25,1
10886,2022,774,2.06,72,7
10886,2023,560,4.13,87,3
10886,2024,237,4.02,69,9
10886,2025,550,4.46,91,5
10887,2022,423,2.81,95,1
10887,2023,572,3.02,61,10
10887,2024,713,2.83,89,4
10887,2025,576,3.45,58,8
10888,2022,292,3.44,58,14
10888,2023,406,4.09,89,7
10888,2024,641,2.35,35,6
10888,2025,320,3.17,60,9
10889,2022,271,2.88,52,12
10889,2023,259,3.11,79,12
10889,2024,271,3.43,80,14
10889,2025,162,4.36,18,4
10890,2022,672,4.16,53,10
10890,2023,164,2.13,73,12
10890,2024,268,3.94,99,14
10890,2025,180,3.39,11,1
10891,2022,367,2.75,45,14
10891,2023,479,1.99,12,12
10891,2024,172,1.99,63,10
10891,2025,431,4.88,30,6
10892,2022,287,3.43,76,4
10892,2023,124,3.01,18,1
10892,2024,327,4.09,21,10
10892,2025,217,2.22,81,3
10893,2022,544,3.32,46,11
10893,2023,207,3.63,94,1
10893,2024,341,3.16,46,5
10893,2025,710,2.71,76,8
10894,2022,633,4.36,65,12
10894,2023,580,2.55,94,14
10894,2024,602,2.17,72,13
10894,2025,597,3.84,35,2
10895,2022,155,3.22,97,12
10895,2023,248,3.91,55,14
10895,2024,410,4.06,62,6
10895,2025,651,3.81,69,6
10896,2022,761,2.12,41,5
10896,2023,220,4.31,71,7
10896,2024,125,2.54,56,1
10896,2025,211,2.23,70,10
10897,2022,610,2.4,13,4
10897,2023,122,3.1,11,11
10897,2024,780,2.42,32,6
10897,2025,363,2.95,64,14
10898,2022,215,3.04,50,4
10898,2023,579,2.62,77,6
10898,2024,406,2.07,46,2
10898,2025,330,2.54,20,11
10899,2022,591,3.88,45,9
10899,2023,219,4.51,24,4
10899,2024,385,2.25,76,13
10899,2025,506,3.99,39,5
10900,2022,457,4.22,66,7
10900,2023,251,2.55,71,8
10900,2024,697,4.29,96,1
10900,2025,424,4.66,42,7
10901,2022,345,2.4,74,10
10901,2023,414,1.82,10,9
10901,2024,261,4.55,12,2
10901,2025,711,2.94,18,11
10902,2022,468,1.54,41,2
10902,2023,284,3.07,86,11
10902,2024,375,2.15,54,4
10902,2025,628,4.66,66,12
10903,2022,535,1.96,30,1
10903,2023,359,2.56,32,9
10903,2024,344,4.17,86,12
10903,2025,437,4.37,35,5
10904,2022,149,4.2,98,3
10904,2023,371,3.14,81,6
10904,2024,334,4.76,39,7
10904,2025,683,3.5,78,4
10905,2022,655,3.87,33,14
10905,2023,405,2.74,83,14
10905,2024,576,4.62,92,13
10905,2025,587,4.01,73,14
10906,2022,179,1.73,44,2
10906,2023,385,1.98,31,12
10906,2024,660,4.47,48,5
10906,2025,197,4.38,64,12
10907,2022,577,2.49,16,14
10907,2023,505,3.21,71,7
10907,2024,636,4.36,48,10
10907,2025,667,2.26,29,10
10908,2022,354,1.91,65,3
10908,2023,767,3.8,75,2
10908,2024,586,2.05,24,2
10908,2025,772,3.01,83,11
10909,2022,293,2.26,30,12
10909,2023,615,3.93,88,12
10909,2024,563,1.81,43,11
10909,2025,603,2.3,44,4
10910,2022,135,1.8,14,4
10910,2023,115,2.6,65,14
10910,2024,748,2.5,92,5
10910,2025,689,2.63,16,3
10911,2022,172,2.61,62,11
10911,2023,419,2.29,53,14
10911,2024,344,2.12,67,1
10911,2025,294,3.7,51,13
10912,2022,188,4.36,27,4
10912,2023,238,3.47,15,1
10912,2024,662,4.07,13,13
10912,2025,758,4.87,78,12
10913,2022,496,1.96,23,8
10913,2023,583,3.03,50,5
10913,2024,486,3.55,56,2
10913,2025,467,2.92,62,12
10914,2022,557,3.34,30,5
10914,2023,521,3.52,22,5
10914,2024,331,4.33,75,1
10914,2025,638,4.45,24,5
10915,2022,443,1.93,89,8
10915,2023,237,2.16,54,10
10915,2024,473,2.47,93,2
10915,2025,536,2.73,74,8
10916,2022,254,3.19,55,13
10916,2023,618,2.63,12,8
10916,2024,214,4.66,26,12
10916,2025,191,2.3,26,1
10917,2022,445,2.24,93,4
10917,2023,693,4.25,29,5
10917,2024,624,3.55,13,10
10917,2025,683,3.59,84,8
10918,2022,190,3.28,24,3
10918,2023,799,2.41,66,1
10918,2024,497,4.08,54,7
10918,2025,204,3.44,36,4
10919,2022,695,1.63,97,10
10919,2023,639,2.18,29,12
10919,2024,378,4.25,88,5
10919,2025,111,2.99,15,6
10920,2022,406,3.82,27,4
10920,2023,463,3.64,95,1
10920,2024,761,2.7,58,11
10920,2025,417,2.33,94,8
10921,2022,637,3.92,33,11
10921,2023,313,3.58,90,13
10921,2024,413,2.7,20,9
10921,2025,554,3.52,27,3
10922,2022,498,3.34,44,10
10922,2023,321,1.66,64,4
10922,2024,679,3.81,37,5
10922,2025,361,3.92,97,10
10923,2022,595,1.75,45,13
10923,2023,722,4.01,33,9
10923,2024,229,4.28,42,5
10923,2025,258,2.82,46,7
10924,2022,390,1.99,22,3
10924,2023,642,3.71,25,1
10924,2024,188,2.17,52,6
10924,2025,431,4.52,82,13
10925,2022,729,2.94,59,10
10925,2023,605,4.38,22,1
10925,2024,229,3.73,80,6
10925,2025,306,2.81,44,8
10926,2022,459,2.9,99,14
10926,2023,158,3.24,82,9
10926,2024,195,4.25,44,8
10926,2025,345,4.54,33,13
10927,2022,558,3.55,94,5
10927,2023,244,2.53,62,7
10927,2024,409,3.39,95,6
10927,2025,736,2.34,48,9
10928,2022,633,2.19,28,4
10928,2023,480,2.56,53,8
10928,2024,452,2.02,55,12
10928,2025,384,4.6,54,11
10929,2022,601,1.87,41,9
10929,2023,357,3.74,14,7
10929,2024,151,3.32,85,12
10929,2025,649,4.45,15,7
10930,2022,764,3.72,91,2
10930,2023,315,3.93,16,9
10930,2024,545,3.06,92,12
10930,2025,322,4.45,24,5
10931,2022,754,1.78,82,10
10931,2023,204,2.98,29,3
10931,2024,621,4.78,68,4
10931,2025,482,4.79,93,13
10932,2022,213,1.75,13,10
10932,2023,168,3.37,83,2
10932,2024,464,2.75,49,3
10932,2025,143,4.14,74,6
10933,2022,780,3.71,44,14
10933,2023,310,1.65,97,13
10933,2024,375,4.34,53,12
10933,2025,206,2.62,16,1
10934,2022,578,4.4,31,2
10934,2023,778,4.37,32,4
10934,2024,304,2.37,74,1
10934,2025,218,3.86,97,6
10935,2022,585,2.39,29,12
10935,2023,208,1.96,41,4
10935,2024,553,4.42,45,2
10935,2025,338,2.49,27,10
10936,2022,107,2.76,42,4
10936,2023,611,4.42,78,12
10936,2024,142,2.03,91,8
10936,2025,493,3.6,18,6
10937,2022,231,3.22,51,11
10937,2023,493,3.94,80,1
10937,2024,657,4.28,88,13
10937,2025,297,3.22,13,5
10938,2022,563,3.73,55,11
10938,2023,220,4.38,81,6
10938,2024,399,4.46,33,4
10938,2025,319,3.46,81,4
10939,2022,193,3.32,78,3
10939,2023,391,3.67,32,13
10939,2024,252,4.26,64,10
10939,2025,624,3.47,24,10
10940,2022,521,1.84,60,6
10940,2023,257,2.81,59,12
10940,2024,369,3.96,56,9
10940,2025,679,3.82,92,13
10941,2022,356,3.76,34,7
10941,2023,614,3.15,48,9
10941,2024,336,2.32,77,12
10941,2025,544,2.3,55,14
10942,2022,743,2.94,81,6
10942,2023,270,2.27,22,13
10942,2024,369,4.75,47,2
10942,2025,700,2.55,45,6
10943,2022,714,3.2,46,7
10943,2023,736,1.66,51,2
10943,2024,166,2.56,28,14
10943,2025,107,2.73,46,1
10944,2022,655,3.71,98,13
10944,2023,547,3.14,74,6
10944,2024,234,1.84,94,12
10944,2025,124,3.09,48,8
10945,2022,564,3.43,35,11
10945,2023,473,3.56,51,6
10945,2024,295,1.96,71,8
10945,2025,501,4.74,62,6
10946,2022,221,2.24,76,6
10946,2023,658,4.32,59,14
10946,2024,308,2.44,78,8
10946,2025,400,3.65,38,3
10947,2022,700,2.72,11,3
10947,2023,614,3.39,27,6
10947,2024,756,3.29,69,4
10947,2025,633,1.96,23,7
10948,2022,138,2.55,49,11
10948,2023,718,1.68,73,7
10948,2024,711,3.85,39,9
10948,2025,305,4.51,38,2
10949,2022,682,2.65,38,11
10949,2023,780,3.22,28,2
10949,2024,796,2.0,99,6
10949,2025,511,3.11,67,14
10950,2022,432,1.92,49,9
10950,2023,307,1.84,18,13
10950,2024,504,2.32,86,7
10950,2025,487,4.56,40,6
10951,2022,586,4.45,87,5
10951,2023,481,4.29,24,8
10951,2024,370,4.71,43,12
10951,2025,536,4.14,71,2
10952,2022,529,1.98,83,12
10952,2023,746,3.34,66,3
10952,2024,757,3.99,30,12
10952,2025,444,3.49,63,6
10953,2022,248,3.16,98,1
10953,2023,727,3.41,46,12
10953,2024,491,3.2,49,8
10953,2025,286,2.82,29,14
10954,2022,119,3.41,80,11
10954,2023,437,1.81,27,11
10954,2024,472,2.31,53,9
10954,2025,166,4.73,65,2
10955,2022,538,2.97,99,13
10955,2023,161,4.12,26,9
10955,2024,585,3.98,51,5
10955,2025,721,2.91,80,8
10956,2022,667,3.91,37,1
10956,2023,184,1.92,30,1
10956,2024,505,4.42,46,12
10956,2025,494,3.99,32,12
10957,2022,718,4.28,57,4
10957,2023,623,4.34,68,1
10957,2024,275,2.94,83,12
10957,2025,458,4.52,61,14
10958,2022,638,3.19,26,1
10958,2023,390,2.12,47,12
10958,2024,229,4.29,10,5
10958,2025,578,4.67,84,2
10959,2022,747,1.75,42,4
10959,2023,631,4.44,53,8
10959,2024,363,3.6,97,11
10959,2025,770,2.03,29,6
10960,2022,602,3.13,56,2
10960,2023,259,4.04,78,3
10960,2024,637,3.4,51,2
10960,2025,180,4.07,35,4
10961,2022,512,4.14,58,5
10961,2023,574,4.26,80,12
10961,2024,117,2.34,27,14
10961,2025,168,3.23,18,9
10962,2022,229,1.83,75,7
10962,2023,746,3.44,69,8
10962,2024,409,4.66,46,7
10962,2025,586,2.5,56,11
10963,2022,114,2.71,38,10
10963,2023,595,4.51,72,8
10963,2024,285,4.05,24,13
10963,2025,516,2.16,18,11
10964,2022,531,2.79,89,5
10964,2023,165,4.61,75,3
10964,2024,180,3.16,10,12
10964,2025,135,3.84,18,7
10965,2022,116,3.6,66,14
10965,2023,613,3.64,65,1
10965,2024,132,3.36,29,3
10965,2025,448,2.35,11,7
10966,2022,479,3.63,10,13
10966,2023,607,4.45,83,4
10966,2024,745,4.63,96,7
10966,2025,366,3.73,63,10
10967,2022,616,2.98,28,10
10967,2023,584,2.65,27,6
10967,2024,446,2.11,33,4
10967,2025,702,4.6,61,7
10968,2022,763,1.91,95,8
10968,2023,542,2.51,29,14
10968,2024,477,4.02,20,8
10968,2025,729,4.06,82,7
10969,2022,672,3.54,88,2
10969,2023,457,3.88,69,8
10969,2024,637,3.43,25,5
10969,2025,720,2.41,22,14
10970,2022,309,4.5,62,9
10970,2023,141,4.33,15,6
10970,2024,112,3.09,34,4
10970,2025,700,3.54,72,9
10971,2022,699,2.68,56,1
10971,2023,588,3.56,24,4
10971,2024,286,3.99,63,11
10971,2025,162,2.64,91,5
10972,2022,435,2.8,52,4
10972,2023,654,3.57,23,13
10972,2024,174,4.76,43,9
10972,2025,248,2.92,11,1
10973,2022,793,3.74,29,3
10973,2023,306,2.69,25,9
10973,2024,792,2.08,76,12
10973,2025,784,4.26,39,7
10974,2022,340,3.45,96,5
10974,2023,775,3.19,60,11
10974,2024,674,3.83,96,6
10974,2025,334,4.59,12,4
10975,2022,224,3.77,86,5
10975,2023,356,4.22,60,8
10975,2024,191,2.67,55,5
10975,2025,306,4.35,49,10
10976,2022,516,2.58,38,2
10976,2023,387,1.71,32,8
10976,2024,314,1.93,26,12
10976,2025,797,4.14,94,3
10977,2022,737,2.32,78,5
10977,2023,611,2.57,94,13
10977,2024,672,3.67,75,12
10977,2025,467,4.17,32,11
10978,2022,500,3.18,84,6
10978,2023,300,3.77,88,1
10978,2024,680,4.62,32,14
10978,2025,384,4.51,16,3
10979,2022,162,2.22,52,1
10979,2023,745,4.37,71,7
10979,2024,460,2.69,43,13
10979,2025,286,3.93,60,2
10980,2022,582,4.12,53,10
10980,2023,470,3.52,79,7
10980,2024,120,4.22,89,12
10980,2025,407,4.73,64,14
10981,2022,145,4.4,75,3
10981,2023,293,2.88,67,3
10981,2024,156,4.78,52,1
10981,2025,653,2.77,70,7
10982,2022,556,2.89,47,12
10982,2023,432,3.93,37,8
10982,2024,115,4.71,66,11
10982,2025,744,2.11,50,4
10983,2022,612,4.34,82,9
10983,2023,249,4.65,98,14
10983,2024,733,4.53,59,13
10983,2025,312,2.28,99,4
10984,2022,490,4.02,99,10
10984,2023,380,3.57,70,5
10984,2024,751,1.83,78,11
10984,2025,770,4.9,72,6
10985,2022,638,1.95,90,9
10985,2023,441,2.84,35,9
10985,2024,773,1.89,35,8
10985,2025,729,2.88,82,10
10986,2022,436,3.2,32,12
10986,2023,174,4.44,61,2
10986,2024,192,4.77,97,12
10986,2025,645,3.22,82,10
10987,2022,214,2.78,83,10
10987,2023,520,2.13,79,1
10987,2024,212,3.3,13,12
10987,2025,467,4.77,10,2
10988,2022,159,2.0,15,14
10988,2023,381,2.45,65,6
10988,2024,336,4.47,38,11
10988,2025,737,3.83,12,14
10989,2022,144,2.49,97,7
10989,2023,296,4.09,51,14
10989,2024,598,2.13,18,6
10989,2025,682,4.53,90,1
10990,2022,548,3.05,68,1
10990,2023,778,3.92,47,1
10990,2024,294,3.36,51,1
10990,2025,784,2.69,59,10
10991,2022,294,3.42,23,14
10991,2023,674,2.11,54,10
10991,2024,681,2.49,42,14
10991,2025,409,3.6,29,1
10992,2022,690,2.67,43,2
10992,2023,647,3.89,76,2
10992,2024,488,3.55,93,4
10992,2025,534,3.09,76,3
10993,2022,760,2.48,79,4
10993,2023,595,4.39,48,5
10993,2024,300,1.92,52,4
10993,2025,765,4.02,48,3
10994,2022,633,2.68,94,3
10994,2023,396,2.78,53,4
10994,2024,593,3.76,10,6
10994,2025,430,4.5,59,7
10995,2022,733,3.67,83,4
10995,2023,360,3.66,71,8
10995,2024,154,3.29,99,6
10995,2025,381,3.36,12,5
10996,2022,737,2.88,87,8
10996,2023,541,2.09,17,6
10996,2024,358,3.48,57,1
10996,2025,661,2.9,50,11
10997,2022,245,3.35,45,1
10997,2023,490,3.25,66,14
10997,2024,472,4.62,94,13
10997,2025,144,3.25,99,10
10998,2022,496,3.49,87,10
10998,2023,361,3.43,52,6
10998,2024,578,3.85,37,8
10998,2025,664,2.75,94,9
10999,2022,584,2.27,68,4
10999,2023,615,3.33,38,11
10999,2024,671,4.35,47,7
10999,2025,784,4.11,43,9
11000,2022,683,2.97,74,12
11000,2023,585,2.42,29,13
11000,2024,686,4.08,35,8
11000,2025,565,4.73,36,12
11001,2022,565,2.14,32,13
11001,2023,121,4.05,80,8
11001,2024,495,2.32,31,1
11001,2025,308,4.65,56,10
11002,2022,662,3.43,77,6
11002,2023,244,2.19,76,11
11002,2024,519,1.91,75,9
11002,2025,448,4.03,78,8
11003,2022,404,3.32,91,2
11003,2023,143,3.48,24,5
11003,2024,206,3.25,53,11
11003,2025,249,3.79,60,4
11004,2022,705,4.12,74,8
11004,2023,363,4.51,95,9
11004,2024,209,2.83,34,12
11004,2025,117,3.41,70,3
11005,2022,435,2.32,26,9
11005,2023,338,2.88,61,1
11005,2024,427,4.19,67,7
11005,2025,393,3.22,90,8
11006,2022,512,2.67,66,6
11006,2023,560,4.2,47,4
11006,2024,180,1.8,78,4
11006,2025,354,4.51,46,7
11007,2022,462,2.04,84,10
11007,2023,556,2.47,85,6
11007,2024,542,2.88,43,4
11007,2025,632,4.59,44,5
11008,2022,337,4.23,69,10
11008,2023,360,3.63,48,4
11008,2024,372,3.12,55,1
11008,2025,379,3.5,25,4
11009,2022,249,3.24,97,6
11009,2023,251,4.51,40,11
11009,2024,672,4.71,23,2
11009,2025,747,4.49,56,7
11010,2022,111,3.25,41,9
11010,2023,113,2.82,86,12
11010,2024,610,2.49,26,11
11010,2025,641,3.55,65,10
11011,2022,544,2.54,45,2
11011,2023,417,1.87,51,7
11011,2024,337,3.23,91,2
11011,2025,638,3.66,28,9
11012,2022,753,3.33,16,12
11012,2023,173,1.87,64,1
11012,2024,533,3.25,39,13
11012,2025,397,3.92,85,4
11013,2022,395,4.38,84,13
11013,2023,113,1.73,38,12
11013,2024,711,3.83,76,2
11013,2025,702,2.14,43,1
11014,2022,494,1.98,43,13
11014,2023,290,2.17,95,2
11014,2024,520,2.79,11,10
11014,2025,205,4.44,36,6
11015,2022,493,4.07,56,5
11015,2023,537,2.77,66,12
11015,2024,106,3.09,26,13
11015,2025,180,2.6,35,1
11016,2022,751,2.8,19,3
11016,2023,584,2.47,48,12
11016,2024,456,2.32,18,10
11016,2025,410,2.43,34,6
11017,2022,605,3.83,29,5
11017,2023,618,2.0,24,6
11017,2024,763,3.65,20,8
11017,2025,737,2.45,25,6
11018,2022,548,4.01,31,11
11018,2023,384,2.47,71,14
11018,2024,381,1.93,33,5
11018,2025,173,3.31,97,11
11019,2022,144,4.5,45,4
11019,2023,628,4.09,27,5
11019,2024,775,3.51,29,13
11019,2025,556,2.52,17,11
11020,2022,674,1.85,24,9
11020,2023,506,4.17,86,14
11020,2024,192,4.16,87,10
11020,2025,421,3.34,56,11
11021,2022,565,2.76,97,6
11021,2023,703,3.9,33,5
11021,2024,653,3.41,56,11
11021,2025,426,3.16,27,11
11022,2022,682,2.26,41,8
11022,2023,667,2.02,93,5
11022,2024,690,3.58,51,5
11022,2025,514,4.43,46,8
11023,2022,598,3.74,42,9
11023,2023,539,3.74,10,8
11023,2024,732,4.59,36,9
11023,2025,531,3.13,26,9
11024,2022,427,1.91,55,8
11024,2023,356,1.96,88,14
11024,2024,741,4.67,87,7
11024,2025,653,3.72,43,13
11025,2022,173,3.93,12,7
11025,2023,333,3.26,65,12
11025,2024,620,3.0,21,1
11025,2025,642,2.55,35,7
11026,2022,707,4.07,33,10
11026,2023,357,1.84,69,6
11026,2024,328,4.5,67,14
11026,2025,344,2.57,72,12
11027,2022,526,1.53,17,1
11027,2023,555,1.96,85,10
11027,2024,572,4.45,82,13
11027,2025,662,2.17,35,10
11028,2022,273,2.57,67,8
11028,2023,174,2.4,47,9
11028,2024,198,1.91,58,11
11028,2025,612,3.54,52,11
11029,2022,223,4.49,68,2
11029,2023,216,4.21,92,13
11029,2024,442,2.31,30,4
11029,2025,332,4.6,22,11
11030,2022,228,2.86,12,7
11030,2023,473,2.47,98,14
11030,2024,674,3.72,41,12
11030,2025,335,2.6,30,13
11031,2022,289,4.14,23,11
11031,2023,267,3.52,17,13
11031,2024,706,2.21,16,1
11031,2025,768,3.66,92,8
11032,2022,390,3.03,68,12
11032,2023,440,3.06,11,9
11032,2024,494,2.89,78,13
11032,2025,573,3.37,53,13
11033,2022,238,3.26,75,8
11033,2023,290,3.85,27,2
11033,2024,667,4.55,88,8
11033,2025,618,2.08,25,8
11034,2022,150,3.21,21,2
11034,2023,650,3.91,69,11
11034,2024,397,2.15,95,9
11034,2025,171,4.68,63,1
11035,2022,355,2.23,49,7
11035,2023,408,4.15,52,13
11035,2024,190,3.79,31,2
11035,2025,248,3.63,13,8
11036,2022,129,4.11,85,8
11036,2023,561,4.56,30,4
11036,2024,734,4.79,32,8
11036,2025,484,4.0,51,5
11037,2022,736,2.52,50,9
11037,2023,745,4.27,25,1
11037,2024,617,3.76,45,13
11037,2025,472,2.92,26,5
11038,2022,296,4.3,63,14
11038,2023,289,3.89,91,13
11038,2024,178,3.16,16,9
11038,2025,646,3.31,50,6
11039,2022,171,4.49,71,4
11039,2023,142,2.77,93,1
11039,2024,232,2.08,66,13
11039,2025,205,3.57,42,10
11040,2022,770,4.15,35,12
11040,2023,456,3.4,97,14
11040,2024,107,4.18,33,6
11040,2025,442,2.11,40,11
11041,2022,536,3.52,36,14
11041,2023,179,1.89,58,7
11041,2024,655,3.47,82,7
11041,2025,788,3.44,75,9
11042,2022,491,4.34,79,4
11042,2023,675,2.05,40,4
11042,2024,387,1.83,34,5
11042,2025,212,2.36,25,12
11043,2022,325,2.01,15,14
11043,2023,432,2.4,96,9
11043,2024,516,4.25,78,2
11043,2025,377,3.08,26,4
11044,2022,102,4.02,18,14
11044,2023,644,2.47,99,9
11044,2024,577,4.38,71,6
11044,2025,509,1.97,22,14
11045,2022,406,4.3,16,6
11045,2023,313,3.89,27,7
11045,2024,129,3.04,54,5
11045,2025,518,3.68,33,4
11046,2022,636,4.3,64,11
11046,2023,127,3.4,41,3
11046,2024,708,2.49,16,2
11046,2025,186,3.67,29,7
11047,2022,125,4.11,28,5
11047,2023,219,4.61,71,1
11047,2024,491,3.55,23,4
11047,2025,456,2.42,41,9
11048,2022,452,3.82,18,8
11048,2023,114,4.64,58,11
11048,2024,404,3.22,99,7
11048,2025,353,3.1,93,5
11049,2022,722,3.16,25,1
11049,2023,619,2.14,33,12
11049,2024,739,4.71,39,5
11049,2025,285,4.47,17,8
11050,2022,486,1.84,99,4
11050,2023,599,4.49,88,12
11050,2024,113,4.63,19,5
11050,2025,329,2.9,45,8
11051,2022,190,3.36,33,5
11051,2023,503,1.98,17,14
11051,2024,604,2.05,10,4
11051,2025,103,3.46,83,11
11052,2022,763,1.65,96,4
11052,2023,318,4.27,83,13
11052,2024,687,4.58,42,6
11052,2025,315,2.15,40,10
11053,2022,258,1.64,86,1
11053,2023,678,2.31,71,4
11053,2024,472,4.59,44,14
11053,2025,116,4.26,53,1
11054,2022,594,3.53,56,12
11054,2023,718,3.98,41,6
11054,2024,565,2.4,72,8
11054,2025,543,2.72,31,4
11055,2022,180,2.45,16,8
11055,2023,265,3.47,15,14
11055,2024,456,3.62,50,2
11055,2025,333,2.58,89,5
11056,2022,261,2.81,21,14
11056,2023,274,3.72,82,3
11056,2024,771,2.73,49,14
11056,2025,462,2.18,78,7
11057,2022,475,2.09,67,13
11057,2023,796,2.14,12,9
11057,2024,273,3.7,52,1
11057,2025,337,2.16,83,8
11058,2022,262,4.15,17,4
11058,2023,337,1.9,82,13
11058,2024,717,3.59,22,10
11058,2025,729,4.74,65,11
11059,2022,331,1.69,28,5
11059,2023,687,2.8,32,12
11059,2024,616,2.78,52,1
11059,2025,335,2.98,33,5
11060,2022,422,3.3,12,9
11060,2023,643,2.44,96,8
11060,2024,506,1.88,23,8
11060,2025,276,4.84,92,6
11061,2022,599,3.75,42,12
11061,2023,218,2.06,96,9
11061,2024,289,3.17,36,4
11061,2025,713,2.14,21,6
11062,2022,464,1.58,55,3
11062,2023,585,1.79,80,2
11062,2024,178,4.07,55,9
11062,2025,421,3.28,91,5
11063,2022,238,4.03,25,11
11063,2023,435,2.57,67,2
11063,2024,501,4.13,23,5
11063,2025,325,2.18,94,6
11064,2022,365,3.41,52,8
11064,2023,432,2.73,34,5
11064,2024,323,2.63,24,12
11064,2025,671,4.4,83,2
11065,2022,659,1.66,39,13
11065,2023,692,4.5,53,7
11065,2024,619,4.16,18,5
11065,2025,348,3.02,91,13
11066,2022,776,4.47,20,11
11066,2023,520,2.26,75,2
11066,2024,286,3.01,31,12
11066,2025,348,4.6,96,6
11067,2022,226,4.49,29,11
11067,2023,187,2.37,38,7
11067,2024,144,4.03,99,8
11067,2025,345,2.87,72,3
11068,2022,510,3.8,50,11
11068,2023,317,2.03,85,4
11068,2024,526,2.81,92,12
11068,2025,114,2.17,57,6
11069,2022,788,2.98,36,3
11069,2023,434,3.75,40,11
11069,2024,636,2.94,34,6
11069,2025,591,3.79,58,9
11070,2022,391,3.21,79,12
11070,2023,216,2.53,73,5
11070,2024,691,3.26,65,2
11070,2025,786,2.16,16,10
11071,2022,568,2.88,79,2
11071,2023,651,3.02,44,14
11071,2024,782,1.89,98,11
11071,2025,728,3.49,30,7
11072,2022,795,3.71,56,14
11072,2023,692,3.01,69,4
11072,2024,486,3.74,26,9
11072,2025,682,3.55,99,9
11073,2022,751,3.86,26,6
11073,2023,292,3.19,80,10
11073,2024,782,2.79,34,13
11073,2025,200,4.43,43,5
11074,2022,169,1.7,35,7
11074,2023,273,2.52,15,5
11074,2024,543,3.57,19,13
11074,2025,532,4.52,90,9
11075,2022,314,1.72,87,9
11075,2023,636,1.94,12,7
11075,2024,700,2.65,68,4
11075,2025,742,2.98,89,1
11076,2022,418,4.03,78,4
11076,2023,385,4.53,57,12
11076,2024,324,1.85,32,14
11076,2025,448,2.0,14,3
11077,2022,487,4.09,65,1
11077,2023,440,2.06,47,13
11077,2024,760,2.82,91,10
11077,2025,603,2.78,85,4
11078,2022,170,2.35,94,7
11078,2023,228,2.64,16,2
11078,2024,543,2.81,26,13
11078,2025,389,3.81,18,12
11079,2022,698,3.39,97,12
11079,2023,486,3.22,84,7
11079,2024,117,4.38,98,6
11079,2025,654,4.49,55,9
11080,2022,175,2.15,46,11
11080,2023,652,3.28,16,2
11080,2024,464,4.15,26,14
11080,2025,379,4.55,50,6
11081,2022,379,2.27,73,13
11081,2023,542,3.13,92,11
11081,2024,428,3.38,66,6
11081,2025,635,4.05,94,6
11082,2022,607,2.49,54,3
11082,2023,549,2.53,82,6
11082,2024,474,3.92,17,9
11082,2025,395,3.15,96,14
11083,2022,575,1.51,19,12
11083,2023,492,4.46,63,13
11083,2024,208,2.25,75,11
11083,2025,458,2.4,53,3
11084,2022,388,3.96,57,2
11084,2023,517,2.66,80,8
11084,2024,417,2.78,11,13
11084,2025,440,3.82,89,14
11085,2022,416,1.68,15,13
11085,2023,448,2.36,89,3
11085,2024,126,1.96,98,12
11085,2025,737,2.82,54,5
11086,2022,500,4.11,19,5
11086,2023,415,4.38,18,2
11086,2024,781,2.73,41,2
11086,2025,658,2.51,11,6
11087,2022,467,1.91,30,2
11087,2023,442,2.83,12,14
11087,2024,792,4.28,93,6
11087,2025,464,4.51,32,12
11088,2022,172,1.64,46,12
11088,2023,221,2.28,81,7
11088,2024,285,2.41,45,13
11088,2025,418,4.44,23,4
11089,2022,693,2.87,96,10
11089,2023,641,2.76,24,4
11089,2024,732,4.67,44,13
11089,2025,452,4.73,31,3
11090,2022,454,2.82,56,1
11090,2023,205,2.03,45,4
11090,2024,517,2.31,24,3
11090,2025,741,2.29,91,8
11091,2022,304,3.54,67,5
11091,2023,664,3.31,40,7
11091,2024,481,3.47,50,3
11091,2025,396,2.25,98,3
11092,2022,378,3.88,83,11
11092,2023,288,3.26,87,6
11092,2024,642,2.07,35,10
11092,2025,549,4.19,92,4
11093,2022,357,4.44,39,8
11093,2023,552,2.97,21,3
11093,2024,671,2.15,40,5
11093,2025,177,2.25,91,1
11094,2022,122,1.58,11,14
11094,2023,602,3.96,87,1
11094,2024,284,3.88,29,8
11094,2025,646,3.7,67,7
11095,2022,612,3.8,29,1
11095,2023,716,4.65,43,6
11095,2024,787,3.01,69,2
11095,2025,148,4.07,43,12
11096,2022,267,2.63,46,1
11096,2023,769,2.71,76,10
11096,2024,120,4.35,28,5
11096,2025,491,3.67,61,5
11097,2022,204,1.86,53,2
11097,2023,389,2.86,95,12
11097,2024,732,4.19,36,5
11097,2025,525,4.77,47,14
11098,2022,328,3.34,30,7
11098,2023,280,2.83,93,4
11098,2024,451,2.56,47,2
11098,2025,324,3.22,22,13
11099,2022,333,3.2,30,5
11099,2023,365,1.66,51,11
11099,2024,413,2.61,57,6
11099,2025,598,3.96,55,13
11100,2022,317,3.52,87,8
11100,2023,310,3.61,66,14
11100,2024,198,4.65,61,9
11100,2025,720,3.66,31,11
11101,2022,487,2.31,26,10
11101,2023,444,4.08,35,8
11101,2024,352,2.97,48,7
11101,2025,623,2.67,80,9
11102,2022,217,3.17,72,9
11102,2023,699,2.52,98,6
11102,2024,308,2.99,60,12
11102,2025,508,4.03,39,3
11103,2022,580,4.49,50,14
11103,2023,741,3.58,42,12
11103,2024,428,2.63,59,11
11103,2025,282,2.22,72,8
11104,2022,516,2.59,48,3
11104,2023,182,1.71,37,1
11104,2024,353,3.19,27,13
11104,2025,104,3.93,83,12
11105,2022,402,3.04,68,4
11105,2023,635,4.25,75,14
11105,2024,732,3.28,52,9
11105,2025,706,3.34,87,13
11106,2022,527,2.43,22,8
11106,2023,326,4.16,10,14
11106,2024,753,4.51,41,14
11106,2025,662,4.88,98,6
11107,2022,489,4.44,19,3
11107,2023,756,4.59,24,3
11107,2024,663,3.94,26,7
11107,2025,111,3.64,72,14
11108,2022,436,2.02,63,5
11108,2023,706,3.95,32,3
11108,2024,228,4.0,80,12
11108,2025,110,4.48,59,12
11109,2022,589,2.89,68,12
11109,2023,371,4.33,45,1
11109,2024,456,3.96,15,11
11109,2025,191,2.46,75,9
11110,2022,108,2.12,41,11
11110,2023,222,4.09,62,12
11110,2024,380,3.08,78,12
11110,2025,557,2.7,92,5
11111,2022,550,2.77,11,11
11111,2023,730,2.13,52,7
11111,2024,506,4.48,96,10
11111,2025,155,2.16,49,9
11112,2022,478,2.56,77,4
11112,2023,601,3.32,13,13
11112,2024,122,4.42,84,13
11112,2025,344,4.29,55,12
11113,2022,517,1.57,29,11
11113,2023,330,4.13,23,5
11113,2024,309,3.71,23,3
11113,2025,261,2.35,58,7
11114,2022,476,3.35,12,13
11114,2023,269,4.1,88,1
11114,2024,438,3.61,30,8
11114,2025,573,4.95,70,3
11115,2022,326,3.02,11,13
11115,2023,462,3.67,30,4
11115,2024,578,2.01,19,10
11115,2025,654,4.39,28,4
11116,2022,574,3.37,62,11
11116,2023,294,3.33,85,7
11116,2024,111,3.93,58,14
11116,2025,594,3.63,89,12
11117,2022,161,3.8,17,7
11117,2023,628,3.4,66,4
11117,2024,370,3.36,98,6
11117,2025,637,2.36,33,8
11118,2022,656,2.92,56,10
11118,2023,756,3.26,91,14
11118,2024,164,3.67,30,4
11118,2025,579,3.32,17,13
11119,2022,589,1.94,28,1
11119,2023,167,2.1,39,7
11119,2024,461,3.96,35,2
11119,2025,707,3.93,29,11
11120,2022,671,2.28,87,13
11120,2023,118,2.99,82,3
11120,2024,644,2.72,96,8
11120,2025,190,2.49,54,2
11121,2022,337,2.48,73,2
11121,2023,561,2.44,39,4
11121,2024,123,2.05,62,6
11121,2025,326,3.46,59,10
11122,2022,480,2.85,71,11
11122,2023,105,3.79,51,2
11122,2024,669,3.66,37,9
11122,2025,711,2.98,67,12
11123,2022,733,2.99,40,2
11123,2023,456,3.26,99,9
11123,2024,256,4.55,68,7
11123,2025,300,4.9,84,11
11124,2022,324,3.95,21,3
11124,2023,562,3.34,54,9
11124,2024,762,4.58,75,9
11124,2025,356,2.48,77,6
11125,2022,692,3.59,41,2
11125,2023,530,3.03,50,7
11125,2024,524,2.23,64,4
11125,2025,506,2.18,78,4
11126,2022,711,2.94,14,7
11126,2023,204,2.37,72,5
11126,2024,351,2.55,13,1
11126,2025,744,2.91,50,3
11127,2022,198,3.66,21,7
11127,2023,277,2.14,46,13
11127,2024,364,3.95,64,9
11127,2025,231,4.3,54,9
11128,2022,298,3.28,37,7
11128,2023,156,2.39,68,5
11128,2024,508,1.95,16,4
11128,2025,361,3.17,69,9
11129,2022,753,4.04,62,6
11129,2023,674,1.96,49,13
11129,2024,217,4.03,61,10
11129,2025,584,3.35,20,2
11130,2022,420,4.2,59,3
11130,2023,407,2.72,59,7
11130,2024,589,3.91,57,4
11130,2025,420,4.17,93,7
11131,2022,455,2.1,63,13
11131,2023,747,2.12,15,12
11131,2024,707,2.08,59,12
11131,2025,619,4.05,91,5
11132,2022,625,3.14,94,1
11132,2023,123,1.91,12,10
11132,2024,291,2.73,50,3
11132,2025,448,2.38,37,9
11133,2022,124,1.78,41,4
11133,2023,489,2.55,48,12
11133,2024,740,2.09,97,5
11133,2025,698,2.73,80,2
11134,2022,667,3.16,72,10
11134,2023,289,3.33,28,11
11134,2024,127,2.3,10,8
11134,2025,640,2.52,42,1
11135,2022,590,4.06,42,14
11135,2023,587,2.15,20,11
11135,2024,271,1.94,69,4
11135,2025,137,2.68,96,6
11136,2022,398,3.23,37,8
11136,2023,365,1.67,71,4
11136,2024,126,4.75,56,2
11136,2025,747,2.64,26,4
11137,2022,551,2.21,83,1
11137,2023,568,3.87,81,8
11137,2024,184,2.54,18,9
11137,2025,112,3.14,92,3
11138,2022,669,3.13,17,14
11138,2023,358,1.72,68,8
11138,2024,199,4.31,78,9
11138,2025,715,3.49,87,12
11139,2022,360,2.44,54,13
11139,2023,377,2.85,42,8
11139,2024,165,1.97,47,14
11139,2025,700,4.1,72,2
11140,2022,699,3.12,21,2
11140,2023,477,4.39,76,10
11140,2024,616,3.19,38,13
11140,2025,755,4.44,31,4
11141,2022,216,2.06,43,1
11141,2023,598,1.82,79,12
11141,2024,304,4.65,48,3
11141,2025,686,2.72,25,4
11142,2022,179,4.0,40,12
11142,2023,117,2.42,58,2
11142,2024,713,2.27,53,12
11142,2025,743,4.15,88,7
11143,2022,157,3.84,55,13
11143,2023,211,4.18,10,10
11143,2024,696,4.39,53,3
11143,2025,727,3.4,93,7
11144,2022,414,2.7,96,7
11144,2023,261,3.9,93,13
11144,2024,423,3.51,55,13
11144,2025,430,4.85,98,11
11145,2022,679,2.63,81,9
11145,2023,601,1.78,62,4
11145,2024,156,3.57,42,4
11145,2025,264,3.01,54,1
11146,2022,265,2.53,73,14
11146,2023,396,3.34,12,11
11146,2024,103,4.57,33,6
11146,2025,509,2.75,85,6
11147,2022,205,2.64,40,7
11147,2023,719,4.32,80,9
11147,2024,781,4.49,49,10
11147,2025,665,2.65,90,10
11148,2022,265,3.62,59,10
11148,2023,353,2.9,83,9
11148,2024,765,4.61,24,5
11148,2025,227,4.15,30,2
11149,2022,585,2.98,30,1
11149,2023,175,4.1,69,2
11149,2024,320,4.79,74,2
11149,2025,533,3.29,30,12
11150,2022,734,2.62,64,1
11150,2023,636,3.47,78,12
11150,2024,538,3.85,88,8
11150,2025,534,4.06,35,3
11151,2022,717,2.92,84,10
11151,2023,717,2.65,64,14
11151,2024,714,4.27,94,14
11151,2025,625,4.82,55,10
11152,2022,232,4.09,71,12
11152,2023,540,3.7,79,8
11152,2024,633,2.88,63,6
11152,2025,686,3.82,13,1
11153,2022,490,1.8,54,13
11153,2023,343,3.25,94,14
11153,2024,245,4.14,63,13
11153,2025,514,2.7,90,7
11154,2022,526,3.0,62,3
11154,2023,311,1.87,53,9
11154,2024,348,4.32,96,9
11154,2025,134,3.0,45,4
11155,2022,352,3.25,43,2
11155,2023,385,2.79,61,10
11155,2024,792,3.59,15,9
11155,2025,309,4.18,47,5
11156,2022,209,2.48,95,11
11156,2023,429,3.21,42,12
11156,2024,241,4.18,84,8
11156,2025,775,4.01,64,9
11157,2022,186,1.67,32,11
11157,2023,239,3.36,53,1
11157,2024,431,2.93,37,11
11157,2025,773,4.08,73,3
11158,2022,125,1.55,57,7
11158,2023,745,2.64,68,14
11158,2024,726,2.06,92,2
11158,2025,792,4.71,68,14
11159,2022,461,4.13,52,4
11159,2023,758,4.55,52,4
11159,2024,459,3.73,86,7
11159,2025,314,4.37,22,14
11160,2022,176,3.34,81,2
11160,2023,194,3.13,52,8
11160,2024,317,4.3,22,8
11160,2025,467,4.28,44,13
11161,2022,151,3.7,20,6
11161,2023,373,4.33,30,4
11161,2024,543,4.59,81,2
11161,2025,786,3.29,35,3
11162,2022,132,2.35,95,3
11162,2023,515,3.19,59,12
11162,2024,743,2.08,58,3
11162,2025,524,4.76,83,4
11163,2022,106,4.45,99,7
11163,2023,594,3.61,95,9
11163,2024,453,4.04,22,10
11163,2025,795,2.92,48,13
11164,2022,298,4.1,64,4
11164,2023,534,4.35,16,13
11164,2024,235,2.03,52,7
11164,2025,387,2.34,51,10
11165,2022,757,2.28,67,6
11165,2023,666,3.76,21,10
11165,2024,507,2.35,22,9
11165,2025,435,2.61,21,8
11166,2022,101,2.65,85,2
11166,2023,284,3.48,47,3
11166,2024,773,4.73,12,6
11166,2025,660,4.3,81,5
11167,2022,701,3.17,71,2
11167,2023,537,1.8,40,2
11167,2024,121,3.35,86,5
11167,2025,311,2.56,81,5
11168,2022,576,2.4,46,1
11168,2023,565,2.4,33,10
11168,2024,333,2.84,77,11
11168,2025,271,2.14,73,3
11169,2022,702,3.23,25,9
11169,2023,774,1.79,27,10
11169,2024,617,3.78,77,13
11169,2025,343,4.14,49,3
11170,2022,520,2.96,67,6
11170,2023,478,3.99,54,6
11170,2024,572,4.7,62,2
11170,2025,440,2.97,36,7
11171,2022,770,3.36,45,9
11171,2023,222,2.62,77,9
11171,2024,533,3.13,22,8
11171,2025,287,2.01,60,14
11172,2022,113,1.72,57,5
11172,2023,169,4.04,69,8
11172,2024,750,2.22,87,9
11172,2025,510,4.05,79,1
11173,2022,690,3.63,60,1
11173,2023,417,4.64,23,11
11173,2024,536,3.89,52,13
11173,2025,691,2.34,12,5
11174,2022,245,3.38,34,7
11174,2023,326,3.22,43,13
11174,2024,481,4.55,79,9
11174,2025,279,4.02,65,9
11175,2022,635,3.06,74,14
11175,2023,198,3.52,69,3
11175,2024,490,3.13,57,1
11175,2025,369,3.48,81,3
11176,2022,193,3.67,90,8
11176,2023,562,1.89,86,7
11176,2024,758,3.65,28,5
11176,2025,384,2.21,44,11
11177,2022,121,4.07,42,10
11177,2023,101,4.48,51,12
11177,2024,202,4.14,63,9
11177,2025,135,4.1,48,13
11178,2022,373,4.33,73,4
11178,2023,150,2.31,47,6
11178,2024,242,2.49,47,12
11178,2025,582,3.39,82,5
11179,2022,116,1.52,61,6
11179,2023,688,4.55,56,4
11179,2024,377,1.9,74,3
11179,2025,734,3.74,51,5
11180,2022,537,2.56,64,5
11180,2023,535,1.96,68,14
11180,2024,483,1.87,75,11
11180,2025,785,2.74,83,2
11181,2022,231,1.82,63,10
11181,2023,362,4.47,60,4
11181,2024,493,2.53,32,13
11181,2025,307,2.23,82,3
11182,2022,325,3.81,20,14
11182,2023,564,2.89,45,7
11182,2024,457,4.33,65,5
11182,2025,243,4.47,51,6
11183,2022,453,4.48,22,14
11183,2023,350,4.06,92,11
11183,2024,475,2.44,61,7
11183,2025,344,3.71,39,2
11184,2022,117,3.08,91,10
11184,2023,584,3.17,21,4
11184,2024,101,2.69,85,14
11184,2025,475,2.58,30,6
11185,2022,665,3.65,21,3
11185,2023,265,1.96,71,6
11185,2024,428,1.95,48,10
11185,2025,754,3.09,53,1
11186,2022,547,3.73,13,8
11186,2023,191,4.26,40,10
11186,2024,619,3.42,33,5
11186,2025,351,4.47,51,14
11187,2022,711,1.58,58,14
11187,2023,138,3.02,91,14
11187,2024,535,2.2,99,11
11187,2025,747,3.7,29,14
11188,2022,461,4.26,17,1
11188,2023,661,1.67,42,14
11188,2024,182,3.8,77,10
11188,2025,126,4.33,47,10
11189,2022,688,3.73,95,11
11189,2023,120,1.71,45,1
11189,2024,317,2.32,57,11
11189,2025,144,2.23,17,10
11190,2022,506,1.76,82,12
11190,2023,793,3.84,91,3
11190,2024,578,3.07,69,6
11190,2025,755,4.12,33,2
11191,2022,663,2.58,26,8
11191,2023,717,2.0,74,11
11191,2024,436,3.96,48,10
11191,2025,247,3.83,88,7
11192,2022,714,1.84,64,11
11192,2023,510,4.42,86,2
11192,2024,613,2.73,96,1
11192,2025,671,3.91,70,7
11193,2022,484,1.6,40,13
11193,2023,581,2.98,37,13
11193,2024,702,4.69,41,7
11193,2025,200,4.61,16,3
11194,2022,213,2.16,87,14
11194,2023,361,4.29,23,10
11194,2024,521,2.68,82,13
11194,2025,153,4.51,63,8
11195,2022,287,3.69,79,8
11195,2023,638,2.71,60,5
11195,2024,691,4.53,88,7
11195,2025,289,3.41,39,3
11196,2022,702,2.45,39,6
11196,2023,646,2.49,25,3
11196,2024,157,4.62,32,11
11196,2025,602,4.23,40,12
11197,2022,288,2.55,21,9
11197,2023,647,2.41,94,7
11197,2024,703,2.43,12,1
11197,2025,667,2.68,76,8
11198,2022,678,1.83,47,9
11198,2023,412,3.1,95,10
11198,2024,268,1.92,94,2
11198,2025,230,1.98,25,1
11199,2022,777,3.35,91,11
11199,2023,663,1.92,13,4
11199,2024,251,4.34,29,9
11199,2025,204,2.27,54,6
11200,2022,466,3.13,22,11
11200,2023,191,3.68,11,13
11200,2024,531,2.49,40,12
11200,2025,678,4.61,37,10
11201,2022,780,2.94,82,8
11201,2023,404,2.6,68,7
11201,2024,127,4.5,20,5
11201,2025,387,4.53,44,5
11202,2022,454,3.63,58,14
11202,2023,643,2.52,53,6
11202,2024,777,2.97,67,6
11202,2025,503,4.02,60,5
11203,2022,235,2.06,26,8
11203,2023,167,3.14,99,3
11203,2024,253,4.01,13,9
11203,2025,562,3.92,42,5
11204,2022,425,3.66,71,9
11204,2023,195,4.33,90,5
11204,2024,296,4.7,81,3
11204,2025,207,3.33,99,9
11205,2022,145,1.68,52,2
11205,2023,285,4.15,93,12
11205,2024,553,2.15,51,13
11205,2025,422,2.61,60,5
11206,2022,384,3.46,47,3
11206,2023,182,3.89,52,7
11206,2024,749,3.88,57,4
11206,2025,426,3.27,51,14
11207,2022,548,4.25,66,8
11207,2023,420,4.15,63,1
11207,2024,244,3.79,26,5
11207,2025,377,3.27,60,8
11208,2022,711,2.89,18,2
11208,2023,113,2.18,93,6
11208,2024,361,4.14,17,7
11208,2025,513,4.55,72,6
11209,2022,593,3.98,65,10
11209,2023,146,3.29,79,3
11209,2024,755,4.31,18,6
11209,2025,295,4.32,84,7
11210,2022,389,4.0,14,13
11210,2023,531,4.6,81,3
11210,2024,619,4.23,73,12
11210,2025,423,2.76,61,10
11211,2022,528,3.96,44,2
11211,2023,392,2.78,69,3
11211,2024,476,3.35,98,12
11211,2025,634,4.34,48,14
11212,2022,183,2.45,15,1
11212,2023,472,1.73,97,7
11212,2024,123,3.95,30,4
11212,2025,424,4.66,45,3
11213,2022,415,4.28,27,14
11213,2023,649,4.05,10,6
11213,2024,320,4.61,26,14
11213,2025,313,4.41,78,3
11214,2022,571,1.59,15,12
11214,2023,590,2.7,67,11
11214,2024,184,2.81,54,10
11214,2025,484,2.61,81,3
11215,2022,103,3.89,98,9
11215,2023,213,3.21,92,2
11215,2024,314,4.31,57,5
11215,2025,435,3.75,59,10
11216,2022,752,3.27,65,10
11216,2023,266,2.8,18,2
11216,2024,386,4.17,71,6
11216,2025,594,4.0,40,4
11217,2022,483,2.52,74,7
11217,2023,616,4.63,70,13
11217,2024,226,3.19,19,1
11217,2025,532,2.9,62,8
11218,2022,185,3.56,73,2
11218,2023,697,2.32,73,4
11218,2024,635,4.29,59,11
11218,2025,144,3.99,95,13
11219,2022,722,4.11,74,7
11219,2023,389,2.64,86,14
11219,2024,796,4.36,23,8
11219,2025,334,3.45,32,9
11220,2022,256,1.68,37,5
11220,2023,505,2.23,67,9
11220,2024,772,2.45,49,9
11220,2025,604,4.25,73,3
11221,2022,221,2.11,11,7
11221,2023,323,3.34,52,8
11221,2024,122,3.76,97,1
11221,2025,296,4.27,21,11
11222,2022,578,3.85,44,10
11222,2023,384,3.8,83,5
11222,2024,617,2.44,78,1
11222,2025,407,3.58,72,3
11223,2022,444,2.37,50,2
11223,2023,700,3.98,73,13
11223,2024,497,4.04,27,2
11223,2025,563,2.64,79,4
11224,2022,214,3.42,20,5
11224,2023,735,1.83,74,11
11224,2024,549,4.11,32,1
11224,2025,503,4.29,13,11
11225,2022,780,2.54,16,6
11225,2023,647,4.07,50,11
11225,2024,328,4.37,58,11
11225,2025,745,2.52,26,5
11226,2022,343,2.55,84,13
11226,2023,164,2.43,64,4
11226,2024,336,2.92,36,6
11226,2025,102,3.29,21,2
11227,2022,599,3.03,56,8
11227,2023,136,1.76,43,6
11227,2024,720,1.97,17,3
11227,2025,349,3.92,32,4
11228,2022,102,2.83,35,12
11228,2023,334,1.92,43,13
11228,2024,516,2.96,41,2
11228,2025,350,3.38,15,4
11229,2022,242,3.41,74,9
11229,2023,155,2.0,68,4
11229,2024,160,4.78,59,13
11229,2025,167,3.37,77,8
11230,2022,178,3.54,98,3
11230,2023,426,4.37,17,13
11230,2024,466,1.9,49,5
11230,2025,634,3.75,55,2
11231,2022,625,3.12,93,14
11231,2023,489,1.82,87,9
11231,2024,388,3.88,42,9
11231,2025,620,2.61,67,14
11232,2022,751,3.61,12,10
11232,2023,352,2.74,88,7
11232,2024,194,4.11,36,2
11232,2025,790,4.78,92,4
11233,2022,102,4.08,74,6
11233,2023,795,3.1,66,9
11233,2024,145,2.48,44,13
11233,2025,752,4.93,61,6
11234,2022,624,3.48,60,4
11234,2023,797,2.84,26,1
11234,2024,581,3.24,86,7
11234,2025,696,2.33,61,7
11235,2022,517,3.02,57,6
11235,2023,142,2.17,67,3
11235,2024,767,2.9,85,5
11235,2025,795,3.43,35,7
11236,2022,658,4.34,36,6
11236,2023,305,3.52,33,7
11236,2024,374,2.92,90,5
11236,2025,694,2.29,20,12
11237,2022,196,3.74,95,1
11237,2023,278,3.05,17,10
11237,2024,247,2.0,57,11
11237,2025,483,3.92,41,5
11238,2022,171,2.55,38,2
11238,2023,316,2.86,14,10
11238,2024,532,4.32,58,10
11238,2025,735,2.36,22,2
11239,2022,600,2.52,98,4
11239,2023,767,2.74,51,14
11239,2024,132,1.81,19,6
11239,2025,315,4.49,35,5
11240,2022,200,4.01,35,7
11240,2023,569,3.64,94,10
11240,2024,279,4.5,32,8
11240,2025,738,2.77,53,10
11241,2022,432,2.16,85,1
11241,2023,587,1.86,48,13
11241,2024,559,3.58,52,8
11241,2025,476,3.44,61,14
11242,2022,780,3.93,67,3
11242,2023,234,3.09,98,10
11242,2024,704,2.41,85,12
11242,2025,509,4.38,41,14
11243,2022,254,2.87,27,10
11243,2023,379,4.52,51,2
11243,2024,578,3.4,93,14
11243,2025,298,2.3,11,2
11244,2022,516,4.05,69,5
11244,2023,197,4.29,42,13
11244,2024,349,3.14,55,2
11244,2025,204,2.03,90,4
11245,2022,740,1.59,68,3
11245,2023,426,2.7,66,8
11245,2024,581,3.95,71,9
11245,2025,476,2.94,72,11
11246,2022,751,1.52,82,14
11246,2023,114,4.2,40,12
11246,2024,795,4.71,48,14
11246,2025,580,2.99,94,14
11247,2022,115,1.72,31,14
11247,2023,674,2.52,26,6
11247,2024,584,4.2,12,4
11247,2025,378,3.58,41,11
11248,2022,432,2.65,42,11
11248,2023,356,2.65,73,14
11248,2024,284,2.15,19,2
11248,2025,687,2.97,14,11
11249,2022,126,2.91,77,8
11249,2023,124,3.67,47,14
11249,2024,161,2.59,50,3
11249,2025,757,4.64,93,2
11250,2022,332,2.95,82,4
11250,2023,563,2.87,70,13
11250,2024,448,3.58,24,2
11250,2025,385,2.45,61,3
11251,2022,513,1.82,17,9
11251,2023,695,2.69,65,7
11251,2024,786,1.92,39,11
11251,2025,505,3.08,83,1
11252,2022,480,3.51,87,10
11252,2023,269,4.09,43,5
11252,2024,389,3.54,68,5
11252,2025,615,4.02,65,9
11253,2022,386,4.0,95,12
11253,2023,406,3.97,22,1
11253,2024,661,2.76,60,1
11253,2025,107,3.67,68,14
11254,2022,456,2.29,71,10
11254,2023,680,3.38,38,7
11254,2024,238,3.08,71,7
11254,2025,610,3.07,16,11
11255,2022,347,2.05,53,8
11255,2023,640,3.34,15,4
11255,2024,282,3.99,71,14
11255,2025,522,3.66,77,7
11256,2022,496,1.71,87,6
11256,2023,404,4.42,79,1
11256,2024,118,1.82,26,2
11256,2025,482,4.61,58,8
11257,2022,325,3.8,33,6
11257,2023,329,1.94,86,7
11257,2024,707,2.51,21,8
11257,2025,594,3.0,66,12
11258,2022,583,4.23,38,5
11258,2023,726,4.59,97,5
11258,2024,458,2.06,71,2
11258,2025,791,3.14,87,4
11259,2022,472,1.95,36,11
11259,2023,177,2.49,14,2
11259,2024,426,4.74,49,7
11259,2025,375,4.9,56,14
11260,2022,451,2.92,18,14
11260,2023,281,2.2,25,11
11260,2024,604,3.44,22,9
11260,2025,706,2.91,63,11
11261,2022,697,4.29,24,2
11261,2023,488,4.1,34,4
11261,2024,706,2.73,25,11
11261,2025,434,2.0,53,8
11262,2022,545,4.49,56,9
11262,2023,608,3.7,42,4
11262,2024,756,3.08,93,8
11262,2025,347,2.82,35,7
11263,2022,792,1.51,49,13
11263,2023,392,2.11,80,5
11263,2024,630,1.82,54,4
11263,2025,237,3.74,90,6
11264,2022,655,3.49,52,6
11264,2023,444,3.95,81,2
11264,2024,136,2.36,32,3
11264,2025,413,2.24,56,11
11265,2022,319,3.45,53,6
11265,2023,739,3.15,91,4
11265,2024,242,4.43,51,3
11265,2025,503,3.55,21,13
11266,2022,794,2.83,45,4
11266,2023,503,3.11,88,6
11266,2024,654,4.15,91,3
11266,2025,578,2.0,98,1
11267,2022,659,4.25,22,14
11267,2023,319,3.79,97,6
11267,2024,466,4.46,90,2
11267,2025,295,4.83,74,9
11268,2022,783,2.18,36,6
11268,2023,786,3.39,29,1
11268,2024,131,3.26,27,11
11268,2025,153,3.56,73,4
11269,2022,522,1.64,18,5
11269,2023,797,4.39,83,12
11269,2024,333,4.66,34,8
11269,2025,209,4.01,10,3
11270,2022,199,2.27,68,11
11270,2023,310,4.01,45,13
11270,2024,502,3.99,27,9
11270,2025,249,3.67,56,9
11271,2022,774,2.01,88,12
11271,2023,493,2.25,42,10
11271,2024,754,3.57,31,11
11271,2025,357,2.34,97,5
11272,2022,344,3.67,74,4
11272,2023,249,2.29,20,7
11272,2024,723,4.53,35,13
11272,2025,198,4.65,99,9
11273,2022,202,2.38,79,6
11273,2023,111,1.9,72,7
11273,2024,325,3.63,87,1
11273,2025,541,3.3,97,4
11274,2022,247,1.93,47,2
11274,2023,278,3.24,58,1
11274,2024,106,4.78,26,13
11274,2025,251,2.16,66,11
11275,2022,681,2.29,23,7
11275,2023,452,3.27,92,11
11275,2024,664,4.18,17,10
11275,2025,773,2.01,65,4
11276,2022,516,3.7,32,2
11276,2023,704,2.07,53,5
11276,2024,762,4.29,75,7
11276,2025,669,4.03,12,2
11277,2022,295,2.87,62,7
11277,2023,424,4.11,22,3
11277,2024,581,4.0,78,14
11277,2025,307,4.23,91,8
11278,2022,402,2.37,10,7
11278,2023,398,3.51,30,1
11278,2024,525,2.22,92,9
11278,2025,161,4.41,65,6
11279,2022,294,3.08,11,12
11279,2023,666,4.12,93,13
11279,2024,462,2.43,40,4
11279,2025,660,2.34,22,6
11280,2022,717,3.57,23,2
11280,2023,177,1.83,85,2
11280,2024,383,2.53,66,8
11280,2025,156,4.68,22,10
11281,2022,780,1.9,97,5
11281,2023,475,2.78,23,7
11281,2024,475,4.64,36,1
11281,2025,472,2.01,79,6
11282,2022,774,2.84,69,11
11282,2023,343,4.01,79,11
11282,2024,138,4.53,24,10
11282,2025,408,4.16,65,7
11283,2022,732,4.17,97,10
11283,2023,185,1.75,71,7
11283,2024,198,2.1,22,10
11283,2025,473,4.16,16,13
11284,2022,594,3.76,30,3
11284,2023,307,3.47,23,12
11284,2024,724,3.99,12,9
11284,2025,182,4.52,72,12
11285,2022,676,3.14,52,9
11285,2023,100,4.49,21,5
11285,2024,536,3.88,64,9
11285,2025,785,3.37,94,13
11286,2022,349,2.76,68,11
11286,2023,509,3.9,29,7
11286,2024,485,3.69,78,7
11286,2025,183,4.4,54,9
11287,2022,589,3.84,64,2
11287,2023,338,3.22,68,10
11287,2024,639,4.64,84,5
11287,2025,479,4.06,69,8
11288,2022,490,2.1,70,8
11288,2023,427,3.51,51,3
11288,2024,579,2.41,53,5
11288,2025,403,3.63,15,12
11289,2022,381,3.87,78,4
11289,2023,794,4.09,31,4
11289,2024,444,3.75,74,2
11289,2025,234,4.3,93,6
11290,2022,567,2.92,97,12
11290,2023,460,3.3,29,1
11290,2024,668,4.44,56,8
11290,2025,214,3.43,57,12
11291,2022,285,2.55,33,10
11291,2023,577,4.04,81,9
11291,2024,100,1.95,95,11
11291,2025,640,4.83,48,5
11292,2022,761,2.52,64,13
11292,2023,523,3.54,64,6
11292,2024,369,3.86,79,1
11292,2025,518,2.36,72,6
11293,2022,426,3.97,86,1
11293,2023,294,3.37,28,14
11293,2024,354,2.78,67,5
11293,2025,178,4.5,35,13
11294,2022,197,3.38,90,9
11294,2023,249,4.01,97,5
11294,2024,546,4.78,56,14
11294,2025,222,2.34,23,3
11295,2022,709,3.75,12,12
11295,2023,775,3.92,78,14
11295,2024,657,4.42,23,4
11295,2025,458,3.17,17,3
11296,2022,338,4.11,98,4
11296,2023,629,3.57,24,12
11296,2024,782,2.01,54,12
11296,2025,768,2.04,54,10
11297,2022,303,2.94,12,14
11297,2023,757,4.01,20,6
11297,2024,242,2.95,18,3
11297,2025,286,4.51,13,14
11298,2022,587,2.98,88,5
11298,2023,221,1.73,59,7
11298,2024,449,4.72,89,1
11298,2025,199,3.42,15,3
11299,2022,383,3.45,53,11
11299,2023,626,2.25,14,6
11299,2024,483,2.69,66,10
11299,2025,654,3.4,97,2
11300,2022,286,4.07,58,8
11300,2023,107,1.96,92,7
11300,2024,723,4.14,85,12
11300,2025,644,3.69,78,2
11301,2022,518,3.0,37,5
11301,2023,189,4.28,48,13
11301,2024,595,2.15,43,4
11301,2025,760,4.92,71,2
11302,2022,215,4.06,21,4
11302,2023,784,2.63,96,9
11302,2024,119,3.15,78,10
11302,2025,231,2.03,63,2
11303,2022,391,3.08,89,10
11303,2023,453,3.29,82,10
11303,2024,336,4.58,46,13
11303,2025,688,3.11,42,6
11304,2022,322,3.21,58,4
11304,2023,535,3.87,10,8
11304,2024,737,3.63,56,13
11304,2025,138,2.42,46,4
11305,2022,426,2.02,18,9
11305,2023,308,2.07,27,10
11305,2024,205,2.45,94,3
11305,2025,751,2.93,53,7
11306,2022,348,3.72,87,5
11306,2023,666,1.83,79,14
11306,2024,729,4.26,72,11
11306,2025,787,2.74,12,1
11307,2022,453,3.34,27,3
11307,2023,569,3.31,46,9
11307,2024,364,2.26,29,13
11307,2025,751,2.81,45,9
11308,2022,563,2.39,89,5
11308,2023,540,3.52,13,14
11308,2024,383,4.17,87,5
11308,2025,633,4.94,26,11
11309,2022,468,1.79,66,4
11309,2023,798,4.47,58,14
11309,2024,758,3.48,62,4
11309,2025,594,3.02,19,4
11310,2022,253,2.35,38,2
11310,2023,719,2.28,85,7
11310,2024,415,3.47,18,3
11310,2025,399,4.79,99,1
11311,2022,539,2.05,30,12
11311,2023,250,2.96,10,11
11311,2024,505,2.41,45,10
11311,2025,274,2.48,92,3
11312,2022,154,4.1,15,9
11312,2023,410,2.44,27,12
11312,2024,253,2.54,81,9
11312,2025,599,4.68,20,10
11313,2022,600,2.66,78,7
11313,2023,289,1.68,30,1
11313,2024,605,3.96,94,6
11313,2025,248,3.5,93,10
11314,2022,107,3.82,18,1
11314,2023,759,3.36,11,2
11314,2024,784,2.85,13,3
11314,2025,692,2.15,99,11
11315,2022,690,4.1,21,11
11315,2023,568,2.27,92,14
11315,2024,420,4.71,92,6
11315,2025,671,2.69,92,11
11316,2022,550,3.98,48,7
11316,2023,706,4.02,69,8
11316,2024,227,3.19,43,9
11316,2025,733,3.16,68,7
11317,2022,386,3.61,81,6
11317,2023,186,3.24,15,5
11317,2024,180,3.7,41,10
11317,2025,633,3.36,37,2
11318,2022,351,3.17,84,8
11318,2023,289,2.22,50,5
11318,2024,697,1.97,81,10
11318,2025,583,3.02,93,2
11319,2022,478,2.9,97,3
11319,2023,555,4.37,36,10
11319,2024,107,3.04,62,10
11319,2025,417,3.25,20,12
11320,2022,433,3.52,96,7
11320,2023,329,2.27,31,10
11320,2024,763,4.41,14,8
11320,2025,607,3.23,43,5
11321,2022,626,4.29,71,10
11321,2023,574,2.46,40,8
11321,2024,505,3.2,56,13
11321,2025,386,4.28,46,14
11322,2022,545,3.17,35,10
11322,2023,442,3.63,96,13
11322,2024,424,2.64,52,10
11322,2025,266,2.94,70,6
11323,2022,692,3.02,47,2
11323,2023,395,2.26,41,12
11323,2024,680,2.18,78,14
11323,2025,282,4.48,71,12
11324,2022,675,3.82,34,2
11324,2023,185,4.45,42,8
11324,2024,655,3.56,73,4
11324,2025,248,3.21,80,8
11325,2022,158,1.81,25,9
11325,2023,705,4.2,58,6
11325,2024,104,3.17,24,9
11325,2025,182,3.63,29,6
11326,2022,482,2.44,31,11
11326,2023,648,3.22,19,14
11326,2024,578,4.15,81,3
11326,2025,126,4.09,64,8
11327,2022,624,4.47,37,1
11327,2023,676,3.14,18,6
11327,2024,513,3.39,40,3
11327,2025,279,2.11,96,10
11328,2022,563,2.67,92,10
11328,2023,626,4.42,83,3
11328,2024,100,2.85,93,9
11328,2025,370,4.25,66,7
11329,2022,583,4.43,40,13
11329,2023,147,2.03,84,14
11329,2024,793,2.8,52,2
11329,2025,282,3.37,83,6
11330,2022,472,2.21,18,12
11330,2023,638,1.69,51,13
11330,2024,606,3.21,83,4
11330,2025,769,3.56,59,10
11331,2022,605,3.38,46,11
11331,2023,671,4.13,80,7
11331,2024,165,2.56,93,4
11331,2025,785,2.13,93,7
11332,2022,151,1.77,81,6
11332,2023,569,3.14,26,8
11332,2024,342,4.57,98,7
11332,2025,436,4.9,86,9
11333,2022,220,2.12,86,4
11333,2023,653,2.11,57,9
11333,2024,795,2.86,11,5
11333,2025,144,3.34,51,13
11334,2022,151,3.92,72,11
11334,2023,250,3.97,20,9
11334,2024,512,4.57,93,14
11334,2025,640,4.52,65,11
11335,2022,668,2.82,82,4
11335,2023,597,1.71,54,3
11335,2024,308,2.51,54,14
11335,2025,107,3.78,38,7
11336,2022,490,3.0,43,4
11336,2023,346,2.37,78,5
11336,2024,494,2.19,99,3
11336,2025,438,2.6,29,6
11337,2022,511,2.28,81,13
11337,2023,639,4.25,79,4
11337,2024,444,3.93,27,1
11337,2025,395,3.61,81,2
11338,2022,334,1.56,69,8
11338,2023,741,4.11,64,4
11338,2024,687,3.46,61,12
11338,2025,544,3.83,34,10
11339,2022,332,1.7,75,2
11339,2023,409,4.09,37,13
11339,2024,577,4.3,98,12
11339,2025,613,4.6,29,4
11340,2022,435,3.08,79,7
11340,2023,676,2.83,46,11
11340,2024,151,2.02,25,2
11340,2025,645,2.53,44,6
11341,2022,400,2.18,64,1
11341,2023,740,1.84,74,12
11341,2024,342,2.26,87,3
11341,2025,455,4.61,23,9
11342,2022,709,3.14,33,5
11342,2023,687,3.94,92,14
11342,2024,541,2.63,47,11
11342,2025,712,2.35,91,8
11343,2022,218,2.62,18,1
11343,2023,508,4.03,86,4
11343,2024,751,2.69,68,3
11343,2025,470,2.56,60,10
11344,2022,172,1.57,60,9
11344,2023,548,3.52,28,7
11344,2024,570,3.11,71,12
11344,2025,255,2.73,19,3
11345,2022,675,3.06,47,14
11345,2023,409,3.75,12,1
11345,2024,135,2.54,57,13
11345,2025,347,3.78,50,5
11346,2022,527,2.28,26,10
11346,2023,143,4.61,96,3
11346,2024,552,4.0,82,11
11346,2025,218,3.76,78,2
11347,2022,448,2.02,92,3
11347,2023,792,3.41,24,5
11347,2024,487,4.2,65,5
11347,2025,169,4.16,85,10
11348,2022,553,3.83,87,8
11348,2023,366,2.6,24,4
11348,2024,537,2.78,14,2
11348,2025,465,3.57,53,8
11349,2022,286,2.34,12,13
11349,2023,326,1.99,56,8
11349,2024,160,3.18,39,10
11349,2025,267,1.96,21,13
11350,2022,231,3.78,24,8
11350,2023,254,3.9,47,12
11350,2024,106,3.46,37,13
11350,2025,622,4.19,58,14
11351,2022,350,3.37,96,11
11351,2023,675,3.74,56,1
11351,2024,791,1.99,88,12
11351,2025,739,4.59,84,9
11352,2022,361,3.43,21,4
11352,2023,219,3.48,63,4
11352,2024,147,2.96,92,8
11352,2025,168,2.03,41,12
11353,2022,361,4.2,10,8
11353,2023,544,4.61,25,6
11353,2024,578,4.22,20,4
11353,2025,330,4.7,64,13
11354,2022,323,1.86,45,3
11354,2023,556,2.04,39,5
11354,2024,465,4.44,77,13
11354,2025,127,2.12,65,14
11355,2022,200,1.78,69,8
11355,2023,157,4.1,98,7
11355,2024,123,3.47,26,11
11355,2025,514,3.13,42,8
11356,2022,326,3.16,39,14
11356,2023,268,4.29,22,12
11356,2024,588,4.07,21,11
11356,2025,345,4.02,41,1
11357,2022,462,4.43,96,11
11357,2023,564,3.21,43,13
11357,2024,529,1.82,92,4
11357,2025,520,3.24,21,13
11358,2022,120,1.79,13,9
11358,2023,735,2.0,98,6
11358,2024,468,2.56,35,14
11358,2025,563,3.09,91,12
11359,2022,196,2.94,73,10
11359,2023,749,2.16,39,8
11359,2024,591,2.74,43,14
11359,2025,452,2.78,42,13
11360,2022,704,2.6,40,8
11360,2023,194,1.97,65,5
11360,2024,123,2.99,71,11
11360,2025,479,3.61,40,8
11361,2022,495,1.79,86,4
11361,2023,503,3.21,33,6
11361,2024,747,4.07,78,7
11361,2025,232,1.97,60,6
11362,2022,153,1.64,74,6
11362,2023,391,3.05,18,8
11362,2024,211,4.42,17,14
11362,2025,521,4.94,45,5
11363,2022,230,1.78,78,8
11363,2023,519,1.71,65,9
11363,2024,377,2.49,55,12
11363,2025,689,3.35,19,4
11364,2022,167,3.22,83,3
11364,2023,673,4.57,20,5
11364,2024,502,4.47,17,13
11364,2025,274,3.64,77,10
11365,2022,379,2.59,27,10
11365,2023,563,2.61,93,12
11365,2024,489,3.52,12,5
11365,2025,235,4.11,24,14
11366,2022,508,2.94,69,7
11366,2023,323,2.56,81,3
11366,2024,700,3.64,64,13
11366,2025,718,3.62,79,11
11367,2022,652,2.78,93,10
11367,2023,797,3.9,41,14
11367,2024,287,2.65,15,9
11367,2025,486,3.4,25,14
11368,2022,108,4.32,75,13
11368,2023,279,3.82,91,6
11368,2024,797,2.96,99,14
11368,2025,543,3.59,93,10
11369,2022,693,2.72,25,9
11369,2023,788,1.99,94,1
11369,2024,705,2.8,23,2
11369,2025,545,4.53,71,10
11370,2022,215,2.88,27,2
11370,2023,771,3.4,17,11
11370,2024,344,2.34,14,8
11370,2025,382,3.02,97,4
11371,2022,312,4.29,50,7
11371,2023,763,2.59,68,4
11371,2024,777,2.55,18,4
11371,2025,550,2.12,51,8
11372,2022,754,1.79,27,14
11372,2023,124,3.4,55,11
11372,2024,332,3.78,91,10
11372,2025,615,3.87,57,4
11373,2022,387,3.12,37,3
11373,2023,784,3.12,46,11
11373,2024,283,2.02,83,10
11373,2025,350,4.47,29,9
11374,2022,390,3.04,47,3
11374,2023,458,2.05,50,5
11374,2024,723,2.21,96,11
11374,2025,404,3.49,71,1
11375,2022,449,2.23,29,9
11375,2023,438,4.42,32,6
11375,2024,578,3.3,59,5
11375,2025,564,4.89,14,4
11376,2022,229,3.7,69,8
11376,2023,286,4.08,82,11
11376,2024,520,2.97,52,2
11376,2025,595,2.35,45,14
11377,2022,640,3.57,12,10
11377,2023,769,2.87,70,5
11377,2024,334,4.65,63,8
11377,2025,377,2.53,45,1
11378,2022,201,3.38,54,12
11378,2023,558,4.25,38,3
11378,2024,331,3.01,35,7
11378,2025,373,4.81,17,11
11379,2022,464,1.73,82,11
11379,2023,577,3.41,31,10
11379,2024,567,4.13,78,12
11379,2025,724,2.56,53,5
11380,2022,750,1.67,50,10
11380,2023,373,1.89,45,9
11380,2024,427,2.76,39,12
11380,2025,283,2.62,58,14
11381,2022,293,2.17,26,1
11381,2023,371,3.03,39,11
11381,2024,399,2.05,82,14
11381,2025,683,4.94,13,7
11382,2022,295,3.59,85,10
11382,2023,430,1.74,44,12
11382,2024,585,3.88,93,6
11382,2025,719,4.33,26,10
11383,2022,598,2.07,95,4
11383,2023,499,4.17,16,11
11383,2024,496,3.64,71,12
11383,2025,199,4.41,67,11
11384,2022,180,3.65,53,10
11384,2023,116,3.76,67,10
11384,2024,311,2.27,62,6
11384,2025,225,2.9,81,10
11385,2022,737,3.07,18,11
11385,2023,229,1.99,15,9
11385,2024,756,3.24,28,9
11385,2025,634,3.29,95,12
11386,2022,313,2.2,29,2
11386,2023,228,2.25,73,14
11386,2024,623,2.54,93,9
11386,2025,752,3.77,36,13
11387,2022,561,2.74,16,2
11387,2023,156,2.89,33,6
11387,2024,697,2.35,17,13
11387,2025,373,4.31,76,7
11388,2022,714,3.6,20,14
11388,2023,438,2.94,75,9
11388,2024,242,2.23,10,11
11388,2025,522,4.09,16,13
11389,2022,433,4.2,33,6
11389,2023,787,2.18,21,13
11389,2024,232,3.61,72,8
11389,2025,363,3.22,81,10
11390,2022,246,1.76,22,12
11390,2023,535,3.83,79,3
11390,2024,111,2.01,97,10
11390,2025,154,4.06,33,6
11391,2022,329,2.34,47,2
11391,2023,221,3.35,80,1
11391,2024,332,2.28,19,12
11391,2025,261,3.06,39,6
11392,2022,693,1.81,97,12
11392,2023,658,3.05,36,3
11392,2024,599,2.44,39,11
11392,2025,771,2.51,88,12
11393,2022,278,1.82,11,5
11393,2023,461,3.95,17,6
11393,2024,307,3.72,26,13
11393,2025,651,2.42,57,10
11394,2022,531,2.92,73,6
11394,2023,555,3.63,70,12
11394,2024,603,4.43,22,10
11394,2025,253,2.13,91,13
11395,2022,437,2.59,30,7
11395,2023,392,3.5,85,7
11395,2024,535,1.85,11,11
11395,2025,495,2.68,93,6
11396,2022,265,3.73,32,12
11396,2023,551,2.72,94,1
11396,2024,635,2.05,25,8
11396,2025,500,3.83,22,10
11397,2022,214,2.25,13,14
11397,2023,450,3.75,11,4
11397,2024,359,4.5,74,1
11397,2025,325,3.53,35,10
11398,2022,713,3.3,39,13
11398,2023,585,3.19,47,2
11398,2024,230,4.25,29,3
11398,2025,363,2.68,34,6
11399,2022,623,2.7,61,2
11399,2023,280,4.34,92,2
11399,2024,448,3.97,19,14
11399,2025,570,2.91,50,6
11400,2022,260,4.0,90,12
11400,2023,213,2.37,70,4
11400,2024,117,3.7,11,5
11400,2025,203,4.82,90,11
11401,2022,285,3.22,16,8
11401,2023,441,4.05,69,3
11401,2024,561,4.01,70,5
11401,2025,704,4.55,89,1
11402,2022,242,4.41,36,10
11402,2023,754,1.72,10,4
11402,2024,711,1.88,95,14
11402,2025,552,3.73,95,14
11403,2022,550,4.36,36,5
11403,2023,161,3.11,89,14
11403,2024,695,4.32,69,13
11403,2025,375,4.25,62,4
11404,2022,778,2.99,45,12
11404,2023,394,3.19,89,14
11404,2024,228,3.11,33,9
11404,2025,463,2.71,44,8
11405,2022,166,4.08,42,11
11405,2023,146,2.28,26,12
11405,2024,473,4.52,78,13
11405,2025,759,3.03,44,2
11406,2022,236,1.58,92,9
11406,2023,194,2.16,56,2
11406,2024,337,4.46,98,6
11406,2025,134,2.34,68,2
11407,2022,395,3.72,70,6
11407,2023,591,2.2,31,6
11407,2024,357,3.3,36,11
11407,2025,486,2.57,81,7
11408,2022,369,2.5,99,10
11408,2023,423,2.02,24,13
11408,2024,146,3.47,45,5
11408,2025,705,3.05,66,12
11409,2022,793,2.6,85,3
11409,2023,586,1.77,50,12
11409,2024,662,2.21,54,2
11409,2025,510,4.07,52,13
11410,2022,224,2.38,21,4
11410,2023,311,2.98,77,13
11410,2024,468,4.09,76,14
11410,2025,365,3.28,99,12
11411,2022,234,2.18,13,1
11411,2023,414,3.3,74,11
11411,2024,399,4.2,14,12
11411,2025,397,3.75,11,2
11412,2022,378,2.76,55,8
11412,2023,473,2.03,84,5
11412,2024,587,2.55,18,5
11412,2025,161,4.79,17,3
11413,2022,153,3.82,67,14
11413,2023,437,1.91,72,11
11413,2024,474,1.82,70,1
11413,2025,573,2.48,24,6
11414,2022,211,4.33,82,14
11414,2023,368,3.39,51,12
11414,2024,423,4.32,59,1
11414,2025,718,3.35,60,4
11415,2022,779,3.98,34,14
11415,2023,685,1.75,31,4
11415,2024,703,3.08,31,11
11415,2025,184,3.08,83,3
11416,2022,471,4.44,78,4
11416,2023,174,2.55,78,14
11416,2024,695,3.05,75,6
11416,2025,607,4.23,73,6
11417,2022,327,4.14,31,14
11417,2023,694,4.29,22,11
11417,2024,493,2.98,98,6
11417,2025,114,4.8,36,6
11418,2022,280,3.46,56,4
11418,2023,607,4.2,30,11
11418,2024,437,4.58,40,7
11418,2025,362,2.65,88,7
11419,2022,177,3.0,47,2
11419,2023,328,3.41,48,12
11419,2024,129,4.21,45,6
11419,2025,473,3.15,74,5
11420,2022,254,2.13,20,10
11420,2023,284,3.88,78,1
11420,2024,547,3.58,43,14
11420,2025,546,4.64,14,3
11421,2022,531,3.47,29,9
11421,2023,268,1.7,72,13
11421,2024,180,4.7,54,11
11421,2025,309,3.73,51,9
11422,2022,358,3.29,22,10
11422,2023,648,4.38,18,9
11422,2024,385,3.79,14,11
11422,2025,153,3.39,47,10
11423,2022,568,1.82,58,5
11423,2023,468,4.54,37,6
11423,2024,199,2.04,52,9
11423,2025,696,2.46,79,4
11424,2022,697,3.96,50,11
11424,2023,674,3.12,53,4
11424,2024,546,2.33,38,12
11424,2025,291,2.81,77,9
11425,2022,513,4.48,91,12
11425,2023,581,3.4,88,7
11425,2024,192,3.0,34,6
11425,2025,352,4.58,77,10
11426,2022,749,2.94,23,6
11426,2023,660,2.57,68,13
11426,2024,732,2.29,71,5
11426,2025,138,4.18,26,12
11427,2022,645,3.29,28,11
11427,2023,457,1.93,38,4
11427,2024,108,3.57,95,3
11427,2025,287,2.43,87,14
11428,2022,707,4.45,75,7
11428,2023,744,2.43,54,5
11428,2024,774,3.89,80,2
11428,2025,238,3.92,37,3
11429,2022,397,3.57,68,5
11429,2023,179,2.94,63,9
11429,2024,702,2.02,17,12
11429,2025,355,4.89,19,6
11430,2022,759,2.07,30,11
11430,2023,278,3.96,44,2
11430,2024,356,2.21,13,8
11430,2025,317,2.79,62,12
11431,2022,366,3.18,94,14
11431,2023,416,2.89,34,6
11431,2024,690,4.67,29,6
11431,2025,778,4.49,80,13
11432,2022,715,4.27,80,14
11432,2023,383,3.57,31,8
11432,2024,444,2.46,58,7
11432,2025,174,3.51,98,13
11433,2022,435,3.8,15,5
11433,2023,681,1.84,60,11
11433,2024,462,4.39,36,14
11433,2025,289,3.84,27,9
11434,2022,571,3.67,21,1
11434,2023,205,3.73,37,13
11434,2024,169,4.34,28,4
11434,2025,621,2.21,52,10
11435,2022,313,2.63,90,12
11435,2023,616,3.16,24,11
11435,2024,127,3.44,78,9
11435,2025,414,4.78,45,2
11436,2022,606,1.63,94,13
11436,2023,335,4.25,51,13
11436,2024,191,3.46,54,3
11436,2025,462,3.61,39,3
11437,2022,137,2.46,48,6
11437,2023,763,3.58,55,3
11437,2024,732,3.74,67,3
11437,2025,590,2.52,39,5
11438,2022,782,3.53,65,13
11438,2023,209,2.45,94,3
11438,2024,243,3.87,99,5
11438,2025,677,3.79,97,3
11439,2022,296,3.65,63,2
11439,2023,145,1.71,95,8
11439,2024,248,2.18,46,3
11439,2025,671,4.47,99,6
11440,2022,237,2.64,31,11
11440,2023,589,4.16,33,2
11440,2024,501,1.99,78,1
11440,2025,701,4.26,97,8
11441,2022,780,1.75,95,12
11441,2023,724,3.05,42,3
11441,2024,440,4.61,26,2
11441,2025,677,2.18,71,2
11442,2022,401,2.55,21,5
11442,2023,217,3.21,39,6
11442,2024,250,4.5,99,11
11442,2025,266,2.95,22,14
11443,2022,706,3.92,15,2
11443,2023,524,3.8,76,6
11443,2024,536,2.72,20,1
11443,2025,731,2.97,69,9
11444,2022,173,2.07,19,4
11444,2023,461,3.73,84,13
11444,2024,195,3.49,25,14
11444,2025,391,2.41,93,13
11445,2022,276,3.36,51,5
11445,2023,126,3.15,53,3
11445,2024,404,2.08,28,6
11445,2025,304,4.81,82,1
11446,2022,677,4.0,24,7
11446,2023,761,1.86,96,8
11446,2024,778,4.59,94,3
11446,2025,319,4.7,48,2
11447,2022,399,1.63,14,12
11447,2023,357,2.25,95,14
11447,2024,339,3.91,40,4
11447,2025,328,4.75,88,8
11448,2022,573,3.97,37,11
11448,2023,255,2.5,47,8
11448,2024,317,1.9,61,14
11448,2025,564,3.37,24,12
11449,2022,294,1.78,28,11
11449,2023,369,2.39,44,13
11449,2024,627,3.72,91,8
11449,2025,662,3.44,83,2
11450,2022,455,2.63,24,13
11450,2023,639,4.44,97,4
11450,2024,575,2.38,56,10
11450,2025,664,3.41,65,1
11451,2022,407,3.22,29,11
11451,2023,727,2.62,84,7
11451,2024,508,3.92,18,10
11451,2025,540,4.55,14,6
11452,2022,620,3.12,20,11
11452,2023,622,3.99,11,7
11452,2024,584,1.98,61,10
11452,2025,718,2.41,29,12
11453,2022,357,2.89,30,5
11453,2023,793,4.41,60,6
11453,2024,269,3.39,39,12
11453,2025,560,3.25,57,6
11454,2022,750,3.3,10,6
11454,2023,210,2.02,44,9
11454,2024,703,3.76,35,14
11454,2025,319,2.23,18,4
11455,2022,104,3.23,49,2
11455,2023,631,3.79,30,9
11455,2024,712,3.03,89,10
11455,2025,394,4.68,21,7
11456,2022,557,1.96,46,5
11456,2023,768,2.16,80,6
11456,2024,612,3.35,33,11
11456,2025,311,4.74,59,7
11457,2022,218,2.67,63,5
11457,2023,484,4.43,93,5
11457,2024,359,3.88,37,6
11457,2025,498,4.3,13,8
11458,2022,274,4.31,21,13
11458,2023,513,3.37,76,2
11458,2024,233,3.72,46,11
11458,2025,201,3.69,13,10
11459,2022,484,3.85,24,9
11459,2023,554,2.47,37,14
11459,2024,161,4.16,46,10
11459,2025,665,4.09,18,5
11460,2022,106,3.31,23,4
11460,2023,614,1.77,76,8
11460,2024,431,4.12,91,4
11460,2025,478,2.35,59,2
11461,2022,544,4.39,87,5
11461,2023,434,1.89,34,5
11461,2024,567,3.96,48,4
11461,2025,760,3.03,35,3
11462,2022,387,3.71,69,11
11462,2023,111,3.21,61,5
11462,2024,203,3.69,79,9
11462,2025,722,2.18,35,9
11463,2022,362,4.4,57,9
11463,2023,534,1.66,63,6
11463,2024,272,4.62,50,8
11463,2025,706,3.65,10,1
11464,2022,420,2.27,30,1
11464,2023,144,3.56,87,7
11464,2024,645,3.82,81,12
11464,2025,310,4.14,34,5
11465,2022,516,1.55,27,2
11465,2023,363,4.6,24,4
11465,2024,400,3.65,51,4
11465,2025,555,3.08,29,6
11466,2022,325,3.21,25,8
11466,2023,203,2.19,16,13
11466,2024,320,2.54,90,3
11466,2025,433,2.21,14,12
11467,2022,517,4.14,27,12
11467,2023,400,2.4,87,14
11467,2024,734,4.02,27,7
11467,2025,584,2.77,73,2
11468,2022,556,1.94,34,9
11468,2023,535,1.97,84,12
11468,2024,493,4.38,35,7
11468,2025,142,2.31,78,1
11469,2022,309,1.76,25,13
11469,2023,110,1.68,72,4
11469,2024,315,2.9,81,2
11469,2025,263,4.78,86,10
11470,2022,324,4.23,67,5
11470,2023,345,2.0,36,9
11470,2024,757,1.84,58,3
11470,2025,115,4.2,99,5
11471,2022,293,2.42,82,11
11471,2023,108,4.15,56,10
11471,2024,613,2.45,80,2
11471,2025,392,3.43,59,4
11472,2022,183,1.6,55,2
11472,2023,308,4.33,17,8
11472,2024,157,2.33,11,7
11472,2025,611,2.83,27,7
11473,2022,717,2.94,45,7
11473,2023,747,2.46,97,9
11473,2024,430,1.92,51,2
11473,2025,560,2.04,20,6
11474,2022,688,4.37,68,12
11474,2023,424,2.63,61,13
11474,2024,309,2.8,83,14
11474,2025,224,4.72,58,4
11475,2022,791,4.01,65,13
11475,2023,561,3.71,79,12
11475,2024,389,3.78,83,10
11475,2025,313,4.35,39,11
11476,2022,531,2.01,64,6
11476,2023,196,3.64,37,9
11476,2024,348,2.1,60,11
11476,2025,602,2.33,98,1
11477,2022,624,2.23,36,2
11477,2023,604,3.78,61,6
11477,2024,190,4.48,43,12
11477,2025,675,4.02,41,12
11478,2022,266,2.75,53,7
11478,2023,350,3.19,13,13
11478,2024,546,3.94,57,3
11478,2025,285,3.79,25,1
11479,2022,348,3.09,69,7
11479,2023,439,2.36,56,12
11479,2024,545,3.65,84,2
11479,2025,237,2.01,24,12
11480,2022,208,3.18,65,13
11480,2023,516,4.11,25,6
11480,2024,525,2.34,10,4
11480,2025,143,2.29,34,10
11481,2022,441,4.41,73,4
11481,2023,300,4.18,52,9
11481,2024,477,2.71,23,7
11481,2025,203,2.58,57,1
11482,2022,557,2.5,77,4
11482,2023,514,2.94,23,10
11482,2024,731,4.26,89,6
11482,2025,501,2.67,24,2
11483,2022,489,3.66,86,4
11483,2023,461,4.44,26,2
11483,2024,533,2.94,61,1
11483,2025,482,2.03,19,1
11484,2022,127,3.98,26,9
11484,2023,206,3.78,17,13
11484,2024,639,2.25,11,14
11484,2025,285,3.74,65,11
11485,2022,294,3.97,74,9
11485,2023,245,2.19,64,4
11485,2024,788,2.47,78,14
11485,2025,227,2.56,95,13
11486,2022,205,4.49,89,8
11486,2023,515,2.34,82,12
11486,2024,451,2.6,45,10
11486,2025,482,2.09,18,11
11487,2022,448,4.45,23,7
11487,2023,580,2.39,83,5
11487,2024,413,3.98,31,10
11487,2025,622,2.03,25,2
11488,2022,459,3.85,50,9
11488,2023,420,3.9,76,7
11488,2024,483,2.05,37,4
11488,2025,116,2.32,38,10
11489,2022,469,2.39,74,14
11489,2023,165,2.71,37,2
11489,2024,212,4.15,95,2
11489,2025,743,2.13,41,3
11490,2022,515,3.45,61,13
11490,2023,170,2.34,20,14
11490,2024,160,2.95,35,6
11490,2025,543,1.96,40,14
11491,2022,413,2.37,29,1
11491,2023,582,2.16,93,5
11491,2024,343,3.31,78,10
11491,2025,616,2.42,50,14
11492,2022,469,4.01,76,3
11492,2023,416,4.3,53,7
11492,2024,120,4.34,69,7
11492,2025,797,4.9,16,10
11493,2022,330,4.24,63,12
11493,2023,625,2.49,72,5
11493,2024,690,2.74,91,9
11493,2025,568,3.55,89,11
11494,2022,793,2.65,22,13
11494,2023,177,4.56,42,10
11494,2024,662,2.82,16,8
11494,2025,629,4.17,39,9
11495,2022,389,3.23,20,11
11495,2023,317,4.52,79,6
11495,2024,199,4.03,30,8
11495,2025,248,2.86,41,10
11496,2022,484,2.09,14,2
11496,2023,254,4.21,44,5
11496,2024,494,4.53,56,8
11496,2025,475,4.44,21,2
11497,2022,201,3.71,46,2
11497,2023,726,2.62,53,3
11497,2024,191,3.32,31,2
11497,2025,510,4.7,20,4
11498,2022,505,1.9,96,4
11498,2023,120,3.13,64,1
11498,2024,731,2.87,19,6
11498,2025,507,3.98,51,12
11499,2022,118,3.4,97,7
11499,2023,635,3.33,89,7
11499,2024,637,2.64,85,14
11499,2025,252,2.43,64,12
11500,2022,400,3.85,59,5
11500,2023,512,4.63,41,4
11500,2024,301,2.31,97,2
11500,2025,238,2.18,77,5
11501,2022,123,3.74,27,4
11501,2023,111,2.68,90,8
11501,2024,234,2.44,94,10
11501,2025,180,3.53,74,1
11502,2022,454,3.53,34,7
11502,2023,169,2.29,40,5
11502,2024,303,4.78,93,10
11502,2025,690,2.93,99,5
11503,2022,378,2.44,28,1
11503,2023,478,2.92,98,9
11503,2024,393,4.04,27,13
11503,2025,514,4.57,77,7
11504,2022,527,2.47,42,2
11504,2023,255,2.01,79,11
11504,2024,687,2.57,16,5
11504,2025,376,2.2,10,8
11505,2022,364,3.39,96,14
11505,2023,148,3.87,89,11
11505,2024,709,3.09,68,7
11505,2025,392,4.81,43,14
11506,2022,120,3.68,61,2
11506,2023,543,2.79,20,7
11506,2024,634,2.11,17,6
11506,2025,571,3.43,97,12
11507,2022,237,3.01,96,13
11507,2023,329,3.3,62,8
11507,2024,504,3.85,24,9
11507,2025,456,2.74,37,14
11508,2022,640,1.51,93,7
11508,2023,120,4.09,23,14
11508,2024,710,4.27,99,8
11508,2025,674,4.68,67,12
11509,2022,744,4.41,66,10
11509,2023,626,2.13,61,7
11509,2024,204,2.86,46,7
11509,2025,722,4.5,11,1
11510,2022,435,4.3,43,5
11510,2023,523,1.69,43,10
11510,2024,722,2.96,67,5
11510,2025,103,2.29,82,4
11511,2022,568,3.87,70,13
11511,2023,763,3.89,63,14
11511,2024,653,4.06,76,1
11511,2025,637,3.12,39,7
11512,2022,293,2.72,92,8
11512,2023,459,2.44,89,5
11512,2024,619,2.88,68,4
11512,2025,172,4.9,67,12
11513,2022,177,1.64,33,9
11513,2023,759,2.62,24,3
11513,2024,167,4.17,31,14
11513,2025,794,3.1,41,3
11514,2022,433,4.35,84,13
11514,2023,184,2.65,51,4
11514,2024,595,4.35,68,7
11514,2025,178,4.4,97,2
11515,2022,650,1.53,92,8
11515,2023,405,2.86,64,2
11515,2024,119,2.64,14,4
11515,2025,681,3.39,50,2
11516,2022,255,2.89,66,14
11516,2023,216,4.37,62,9
11516,2024,549,2.35,47,13
11516,2025,127,2.5,10,4
11517,2022,709,1.82,69,5
11517,2023,428,3.87,85,9
11517,2024,762,4.55,55,2
11517,2025,463,3.06,13,4
11518,2022,518,1.69,24,6
11518,2023,121,2.12,90,1
11518,2024,360,2.11,21,1
11518,2025,159,3.73,10,7
11519,2022,512,2.35,86,6
11519,2023,262,4.34,39,13
11519,2024,213,2.29,83,4
11519,2025,453,4.74,15,5
11520,2022,295,2.5,82,5
11520,2023,144,4.25,59,9
11520,2024,724,4.65,11,5
11520,2025,278,4.91,15,2
11521,2022,592,3.91,84,7
11521,2023,424,1.96,99,10
11521,2024,469,1.97,86,9
11521,2025,667,4.17,47,7
11522,2022,446,4.19,85,8
11522,2023,214,2.15,92,13
11522,2024,456,4.62,27,10
11522,2025,266,3.78,28,3
11523,2022,453,1.87,37,11
11523,2023,214,2.15,21,13
11523,2024,507,2.0,61,9
11523,2025,691,2.38,86,7
11524,2022,422,3.7,96,10
11524,2023,640,2.31,67,4
11524,2024,141,3.48,31,12
11524,2025,559,4.11,54,10
11525,2022,218,4.19,71,13
11525,2023,673,3.42,51,7
11525,2024,766,3.51,76,3
11525,2025,549,4.69,18,11
11526,2022,540,2.38,73,10
11526,2023,288,2.26,24,14
11526,2024,384,4.42,39,7
11526,2025,203,2.17,35,3
11527,2022,668,2.07,78,2
11527,2023,556,2.88,31,1
11527,2024,410,2.88,63,11
11527,2025,783,4.07,67,6
11528,2022,483,1.78,88,13
11528,2023,767,3.08,62,14
11528,2024,264,4.23,28,3
11528,2025,506,4.0,43,10
11529,2022,680,3.39,91,12
11529,2023,575,2.37,23,11
11529,2024,157,2.98,31,14
11529,2025,515,2.49,97,2
11530,2022,696,3.03,22,11
11530,2023,712,3.4,73,3
11530,2024,350,3.69,65,8
11530,2025,319,4.58,81,3
11531,2022,259,1.69,51,4
11531,2023,286,2.81,75,2
11531,2024,698,3.57,72,8
11531,2025,563,3.66,51,6
11532,2022,597,1.57,43,9
11532,2023,429,2.22,38,14
11532,2024,448,4.34,35,8
11532,2025,599,3.5,32,13
11533,2022,766,2.74,45,4
11533,2023,589,4.35,18,13
11533,2024,379,2.02,94,13
11533,2025,263,4.72,51,8
11534,2022,497,1.58,76,1
11534,2023,167,3.34,16,11
11534,2024,527,3.47,32,9
11534,2025,531,3.87,41,5
11535,2022,474,1.59,32,4
11535,2023,731,3.24,25,5
11535,2024,796,2.14,78,13
11535,2025,522,2.42,22,1
11536,2022,741,2.15,19,2
11536,2023,177,3.49,68,13
11536,2024,587,2.97,11,2
11536,2025,269,2.21,89,11
11537,2022,137,2.37,61,13
11537,2023,666,1.88,10,9
11537,2024,389,3.79,79,6
11537,2025,657,3.62,63,3
11538,2022,270,2.72,28,4
11538,2023,741,4.43,37,13
11538,2024,775,3.36,14,1
11538,2025,681,4.61,85,7
11539,2022,391,3.24,39,7
11539,2023,680,2.78,90,13
11539,2024,521,3.42,28,8
11539,2025,204,2.41,51,1
11540,2022,665,3.52,34,9
11540,2023,505,4.6,44,2
11540,2024,558,2.54,18,13
11540,2025,347,2.92,48,1
11541,2022,408,2.72,65,1
11541,2023,472,3.1,47,8
11541,2024,205,3.96,24,3
11541,2025,414,2.36,55,13
11542,2022,708,2.41,46,6
11542,2023,638,3.27,99,6
11542,2024,171,3.57,69,11
11542,2025,477,3.56,71,2
11543,2022,595,2.81,40,2
11543,2023,284,3.78,39,1
11543,2024,233,2.41,75,9
11543,2025,273,2.8,16,1
11544,2022,709,2.83,39,13
11544,2023,492,3.74,42,13
11544,2024,163,2.05,47,6
11544,2025,514,2.3,93,12
11545,2022,502,3.85,28,9
11545,2023,212,2.43,18,6
11545,2024,164,4.69,95,11
11545,2025,500,4.83,41,6
11546,2022,389,3.56,39,4
11546,2023,582,3.8,15,5
11546,2024,519,3.75,70,13
11546,2025,414,2.48,90,1
11547,2022,188,3.0,46,3
11547,2023,760,4.03,88,11
11547,2024,456,4.12,80,6
11547,2025,617,4.65,87,2
11548,2022,464,4.2,29,1
11548,2023,366,2.43,39,13
11548,2024,505,3.97,27,1
11548,2025,238,3.9,72,14
11549,2022,264,4.16,70,1
11549,2023,796,2.2,66,10
11549,2024,765,4.02,31,10
11549,2025,205,3.22,98,12
11550,2022,248,2.68,97,1
11550,2023,284,1.76,58,13
11550,2024,509,4.68,27,6
11550,2025,774,3.98,70,14
11551,2022,300,3.27,91,10
11551,2023,717,2.4,87,4
11551,2024,319,3.78,77,4
11551,2025,569,4.79,16,14
11552,2022,533,1.99,16,4
11552,2023,128,4.6,74,8
11552,2024,163,3.08,49,7
11552,2025,195,4.88,33,5
11553,2022,765,3.4,41,14
11553,2023,639,2.62,19,7
11553,2024,609,2.92,18,8
11553,2025,439,2.82,48,10
11554,2022,787,2.5,12,8
11554,2023,350,3.59,78,11
11554,2024,378,1.85,16,7
11554,2025,138,4.85,21,7
11555,2022,168,3.81,32,13
11555,2023,376,4.47,98,14
11555,2024,219,3.95,72,9
11555,2025,185,3.39,26,11
11556,2022,276,2.07,87,5
11556,2023,705,3.2,73,8
11556,2024,191,3.94,74,2
11556,2025,519,4.51,95,12
11557,2022,180,2.47,37,13
11557,2023,440,3.18,67,8
11557,2024,520,3.66,96,1
11557,2025,327,3.72,27,9
11558,2022,572,1.66,53,1
11558,2023,187,3.1,73,14
11558,2024,449,4.23,46,8
11558,2025,739,4.36,12,3
11559,2022,289,3.02,23,14
11559,2023,745,4.51,16,4
11559,2024,235,4.28,26,13
11559,2025,424,4.16,79,11
11560,2022,139,3.05,92,13
11560,2023,749,3.42,88,10
11560,2024,386,2.47,48,7
11560,2025,355,3.55,14,10
11561,2022,696,3.08,88,13
11561,2023,519,2.26,61,3
11561,2024,638,4.65,35,9
11561,2025,390,2.68,48,3
11562,2022,415,1.81,54,8
11562,2023,231,3.05,86,8
11562,2024,702,3.86,40,14
11562,2025,638,2.54,86,3
11563,2022,402,2.05,32,13
11563,2023,381,2.43,49,3
11563,2024,591,2.71,41,10
11563,2025,379,2.69,13,5
11564,2022,599,2.91,90,8
11564,2023,298,1.7,93,6
11564,2024,474,2.06,55,5
11564,2025,399,4.14,84,5
11565,2022,765,2.74,51,11
11565,2023,398,2.73,48,12
11565,2024,654,1.83,79,6
11565,2025,421,2.84,65,8
11566,2022,209,3.96,56,6
11566,2023,722,2.67,47,7
11566,2024,570,4.69,27,9
11566,2025,511,3.12,11,7
11567,2022,612,2.89,63,14
11567,2023,579,4.06,90,9
11567,2024,239,4.75,97,10
11567,2025,789,3.06,39,13
11568,2022,603,1.86,97,1
11568,2023,159,3.22,13,3
11568,2024,282,3.58,16,6
11568,2025,518,4.83,88,3
11569,2022,326,2.74,66,11
11569,2023,490,1.92,39,14
11569,2024,243,3.75,53,2
11569,2025,663,2.01,86,5
11570,2022,692,2.78,38,1
11570,2023,760,2.88,99,5
11570,2024,126,2.56,45,13
11570,2025,722,4.84,57,11
11571,2022,607,2.71,28,8
11571,2023,690,4.33,72,9
11571,2024,226,3.35,11,10
11571,2025,555,4.41,23,13
11572,2022,380,2.85,89,6
11572,2023,494,4.62,44,4
11572,2024,418,3.72,95,3
11572,2025,540,2.42,30,8
11573,2022,440,1.52,26,12
11573,2023,793,4.44,91,2
11573,2024,218,3.86,41,8
11573,2025,789,2.27,32,7
11574,2022,467,3.73,15,2
11574,2023,484,2.33,38,2
11574,2024,609,4.23,72,2
11574,2025,681,3.78,79,1
11575,2022,257,1.87,90,7
11575,2023,709,1.86,13,8
11575,2024,185,3.2,67,7
11575,2025,460,4.76,40,4
11576,2022,184,3.19,31,11
11576,2023,458,3.93,36,12
11576,2024,232,3.21,94,9
11576,2025,486,3.1,93,13
11577,2022,346,3.97,96,2
11577,2023,240,3.04,25,5
11577,2024,546,2.22,15,2
11577,2025,175,2.77,89,3
11578,2022,197,3.18,16,2
11578,2023,402,2.86,23,8
11578,2024,565,2.9,12,10
11578,2025,154,3.96,58,14
11579,2022,404,3.41,45,13
11579,2023,633,2.59,38,6
11579,2024,134,2.88,13,5
11579,2025,639,4.21,49,5
11580,2022,588,4.26,50,9
11580,2023,781,2.62,31,2
11580,2024,239,2.68,88,13
11580,2025,740,2.75,13,1
11581,2022,199,1.92,91,6
11581,2023,472,2.78,32,8
11581,2024,122,3.35,13,8
11581,2025,383,3.56,77,6
11582,2022,212,3.57,27,3
11582,2023,472,1.81,10,3
11582,2024,296,3.48,41,2
11582,2025,263,2.71,30,13
11583,2022,530,2.22,47,2
11583,2023,667,4.02,35,2
11583,2024,109,2.26,50,7
11583,2025,744,2.94,58,10
11584,2022,497,3.41,94,9
11584,2023,251,3.58,50,10
11584,2024,290,1.94,68,14
11584,2025,376,2.17,13,11
11585,2022,592,3.47,22,13
11585,2023,342,4.51,70,7
11585,2024,587,4.8,60,12
11585,2025,375,4.91,44,8
11586,2022,289,2.55,74,12
11586,2023,726,2.38,58,12
11586,2024,406,2.1,58,5
11586,2025,395,2.93,23,2
11587,2022,333,2.33,46,14
11587,2023,440,3.38,39,8
11587,2024,692,2.91,23,5
11587,2025,292,2.64,84,13
11588,2022,463,3.34,36,14
11588,2023,357,2.62,71,9
11588,2024,610,2.86,12,6
11588,2025,330,3.75,79,13
11589,2022,113,1.85,48,7
11589,2023,113,3.97,28,1
11589,2024,655,4.7,85,8
11589,2025,309,3.42,48,7
11590,2022,139,3.18,19,7
11590,2023,133,2.8,56,7
11590,2024,333,4.67,98,7
11590,2025,389,2.35,32,11
11591,2022,532,3.94,68,1
11591,2023,417,3.6,99,12
11591,2024,739,4.17,92,9
11591,2025,507,4.8,29,7
11592,2022,179,2.99,54,7
11592,2023,275,2.51,53,11
11592,2024,384,4.14,27,13
11592,2025,729,4.48,57,12
11593,2022,777,3.56,84,1
11593,2023,417,4.2,98,6
11593,2024,509,3.99,10,10
11593,2025,241,4.82,41,8
11594,2022,346,3.21,73,14
11594,2023,276,2.79,16,5
11594,2024,443,3.84,99,12
11594,2025,363,2.16,80,12
11595,2022,267,3.0,55,1
11595,2023,124,3.97,33,13
11595,2024,626,2.31,78,5
11595,2025,627,3.15,95,2
11596,2022,409,2.55,45,2
11596,2023,738,2.65,76,4
11596,2024,127,3.75,59,14
11596,2025,469,3.44,68,12
11597,2022,483,3.89,67,11
11597,2023,393,1.82,55,4
11597,2024,763,3.16,79,10
11597,2025,578,1.99,98,7
11598,2022,679,2.16,32,9
11598,2023,136,3.98,21,11
11598,2024,646,2.12,37,12
11598,2025,745,2.27,67,2
11599,2022,772,2.7,70,8
11599,2023,471,3.98,64,14
11599,2024,721,3.71,98,8
11599,2025,201,4.3,43,11
11600,2022,454,1.65,27,8
11600,2023,564,3.34,44,9
11600,2024,793,3.16,57,9
11600,2025,579,4.64,46,14
11601,2022,758,3.71,50,10
11601,2023,315,2.92,15,7
11601,2024,750,3.46,92,5
11601,2025,426,3.22,95,7
11602,2022,799,2.82,89,14
11602,2023,699,3.55,99,7
11602,2024,346,2.45,48,10
11602,2025,797,2.95,13,10
11603,2022,187,2.34,25,7
11603,2023,433,4.05,61,8
11603,2024,763,4.63,28,2
11603,2025,299,3.19,26,13
11604,2022,482,1.73,54,4
11604,2023,527,1.93,11,12
11604,2024,434,3.0,11,9
11604,2025,549,3.13,97,4
11605,2022,315,1.94,64,2
11605,2023,685,4.07,13,7
11605,2024,771,3.3,93,6
11605,2025,354,2.28,21,4
11606,2022,628,1.8,63,13
11606,2023,604,2.99,69,8
11606,2024,537,2.15,38,6
11606,2025,749,3.63,70,8
11607,2022,569,2.66,55,4
11607,2023,105,4.41,58,2
11607,2024,318,3.06,27,12
11607,2025,612,3.79,85,6
11608,2022,675,3.93,83,9
11608,2023,612,2.56,33,12
11608,2024,288,3.34,26,9
11608,2025,346,2.31,65,11
11609,2022,785,2.8,98,13
11609,2023,720,2.78,61,9
11609,2024,671,3.08,80,14
11609,2025,654,2.27,29,3
11610,2022,527,2.7,38,3
11610,2023,649,4.26,92,10
11610,2024,462,4.61,84,3
11610,2025,693,2.68,59,5
11611,2022,495,2.4,24,5
11611,2023,722,1.68,40,13
11611,2024,235,2.15,22,5
11611,2025,533,2.99,65,8
11612,2022,417,3.56,28,10
11612,2023,634,2.53,79,12
11612,2024,600,2.03,37,8
11612,2025,448,4.14,31,14
11613,2022,158,2.9,37,8
11613,2023,239,3.21,89,14
11613,2024,727,2.78,42,9
11613,2025,303,3.79,54,10
11614,2022,257,4.17,57,6
11614,2023,429,3.31,72,2
11614,2024,295,3.56,35,9
11614,2025,530,3.07,96,6
11615,2022,652,1.75,10,1
11615,2023,618,2.94,71,12
11615,2024,716,4.57,81,12
11615,2025,571,3.99,12,5
11616,2022,557,2.97,86,7
11616,2023,144,3.51,93,14
11616,2024,137,3.48,14,12
11616,2025,775,4.69,54,12
11617,2022,692,2.17,21,1
11617,2023,440,4.32,57,7
11617,2024,669,3.87,90,11
11617,2025,401,2.33,23,5
11618,2022,734,2.62,62,5
11618,2023,292,2.96,99,2
11618,2024,715,2.05,54,12
11618,2025,723,3.61,41,4
11619,2022,231,2.28,39,9
11619,2023,707,3.02,21,12
11619,2024,694,3.12,92,2
11619,2025,567,3.52,53,9
11620,2022,269,4.04,34,8
11620,2023,660,3.99,51,13
11620,2024,746,4.42,30,4
11620,2025,364,3.67,70,12
11621,2022,298,3.35,75,2
11621,2023,382,2.94,30,6
11621,2024,504,3.95,35,7
11621,2025,646,2.56,41,2
11622,2022,579,2.93,26,8
11622,2023,303,3.79,13,9
11622,2024,570,4.13,48,5
11622,2025,448,2.69,24,6
11623,2022,142,2.04,42,6
11623,2023,581,2.52,70,10
11623,2024,476,4.56,23,2
11623,2025,177,2.34,99,13
11624,2022,135,4.36,56,11
11624,2023,482,4.63,11,1
11624,2024,273,4.15,93,14
11624,2025,746,4.23,99,11
11625,2022,429,4.36,75,5
11625,2023,751,2.52,57,6
11625,2024,154,2.19,73,14
11625,2025,378,4.42,75,12
11626,2022,558,2.01,57,14
11626,2023,791,1.79,90,1
11626,2024,624,2.39,27,8
11626,2025,554,3.26,60,5
11627,2022,674,2.99,13,5
11627,2023,591,1.84,90,8
11627,2024,173,3.13,42,14
11627,2025,554,3.76,32,8
11628,2022,254,4.3,62,9
11628,2023,618,2.33,22,11
11628,2024,474,2.43,80,4
11628,2025,405,3.12,67,3
11629,2022,442,4.45,72,10
11629,2023,764,2.66,74,11
11629,2024,143,1.93,51,2
11629,2025,647,2.75,98,1
11630,2022,540,3.17,49,14
11630,2023,196,2.89,30,10
11630,2024,264,4.12,92,5
11630,2025,202,3.77,89,6
11631,2022,535,3.18,42,8
11631,2023,480,2.62,79,14
11631,2024,546,3.46,51,6
11631,2025,106,3.8,46,2
11632,2022,193,2.04,81,8
11632,2023,543,3.86,10,5
11632,2024,578,2.98,86,13
11632,2025,732,4.18,35,3
11633,2022,593,2.03,89,14
11633,2023,136,3.62,48,6
11633,2024,632,1.88,56,12
11633,2025,197,2.43,65,6
11634,2022,120,4.17,67,3
11634,2023,331,3.03,37,7
11634,2024,567,3.32,66,7
11634,2025,453,4.67,96,7
11635,2022,171,2.95,80,8
11635,2023,451,3.61,97,11
11635,2024,151,2.47,81,7
11635,2025,321,2.19,54,13
11636,2022,424,2.56,74,4
11636,2023,559,4.05,13,5
11636,2024,266,3.14,70,14
11636,2025,382,2.45,70,4
11637,2022,600,3.14,52,2
11637,2023,466,2.44,28,7
11637,2024,749,4.64,95,13
11637,2025,135,3.68,10,3
11638,2022,706,4.45,28,13
11638,2023,627,1.78,60,1
11638,2024,775,1.83,73,1
11638,2025,701,3.38,72,9
11639,2022,719,4.09,38,11
11639,2023,695,3.22,28,3
11639,2024,354,4.43,52,7
11639,2025,776,2.34,79,9
11640,2022,299,3.6,98,14
11640,2023,768,3.63,48,7
11640,2024,130,3.43,32,11
11640,2025,677,3.17,10,8
11641,2022,700,3.44,70,6
11641,2023,585,3.3,88,11
11641,2024,358,2.62,34,3
11641,2025,352,2.26,13,1
11642,2022,593,2.66,10,10
11642,2023,333,3.19,49,14
11642,2024,206,3.33,30,8
11642,2025,680,3.23,52,6
11643,2022,435,2.48,19,2
11643,2023,152,2.7,75,12
11643,2024,786,2.6,26,13
11643,2025,141,3.69,22,10
11644,2022,359,4.05,19,8
11644,2023,468,4.29,61,4
11644,2024,309,4.78,19,10
11644,2025,565,2.22,56,9
11645,2022,141,2.14,18,12
11645,2023,452,3.84,55,9
11645,2024,781,3.74,77,9
11645,2025,358,2.35,63,4
11646,2022,436,3.39,77,6
11646,2023,494,2.87,13,14
11646,2024,774,4.67,84,4
11646,2025,204,4.52,10,10
11647,2022,789,1.72,94,10
11647,2023,223,1.92,68,5
11647,2024,198,3.05,34,7
11647,2025,105,1.98,18,7
11648,2022,366,1.78,34,10
11648,2023,142,4.45,91,6
11648,2024,752,4.18,80,12
11648,2025,368,3.97,35,10
11649,2022,650,3.99,65,4
11649,2023,773,2.4,58,13
11649,2024,294,3.98,91,12
11649,2025,423,3.8,74,13
11650,2022,715,4.05,70,5
11650,2023,164,2.5,18,5
11650,2024,300,4.09,19,9
11650,2025,341,4.51,20,14
11651,2022,106,3.15,94,11
11651,2023,318,2.89,45,6
11651,2024,102,4.65,65,4
11651,2025,563,2.46,41,6
11652,2022,404,1.61,92,7
11652,2023,413,2.19,81,7
11652,2024,577,3.85,44,10
11652,2025,510,4.32,95,3
11653,2022,597,3.65,13,6
11653,2023,633,2.91,71,11
11653,2024,705,4.7,72,14
11653,2025,456,3.28,17,7
11654,2022,170,4.44,85,1
11654,2023,112,4.4,78,4
11654,2024,505,3.02,70,7
11654,2025,616,2.43,72,12
11655,2022,121,1.77,70,10
11655,2023,408,3.24,46,1
11655,2024,394,4.09,13,14
11655,2025,648,2.48,65,8
11656,2022,130,2.45,52,6
11656,2023,161,3.54,30,14
11656,2024,320,3.18,67,6
11656,2025,458,3.76,25,3
11657,2022,692,3.53,62,6
11657,2023,482,2.79,27,4
11657,2024,617,4.16,66,9
11657,2025,716,4.06,47,13
11658,2022,436,3.56,41,4
11658,2023,261,2.1,28,6
11658,2024,663,3.22,93,11
11658,2025,257,3.68,57,13
11659,2022,112,2.18,83,13
11659,2023,285,3.93,35,14
11659,2024,408,2.16,91,13
11659,2025,247,2.4,54,6
11660,2022,154,2.74,54,11
11660,2023,670,2.06,24,1
11660,2024,709,1.83,27,4
11660,2025,767,3.18,40,9
11661,2022,791,3.45,24,14
11661,2023,609,3.14,24,11
11661,2024,685,1.96,74,10
11661,2025,672,2.65,96,6
11662,2022,144,3.07,55,12
11662,2023,746,3.86,84,4
11662,2024,185,4.18,25,7
11662,2025,391,3.51,64,14
11663,2022,363,3.44,39,10
11663,2023,367,4.36,50,7
11663,2024,324,2.0,76,5
11663,2025,315,2.25,26,4
11664,2022,330,2.87,35,4
11664,2023,753,3.48,82,7
11664,2024,276,1.81,90,6
11664,2025,662,3.31,73,4
11665,2022,616,2.02,67,3
11665,2023,612,3.59,84,2
11665,2024,203,2.6,95,4
11665,2025,200,4.66,12,7
11666,2022,739,1.69,37,14
11666,2023,404,4.08,13,2
11666,2024,450,2.98,49,13
11666,2025,550,4.52,84,12
11667,2022,368,3.95,66,9
11667,2023,471,2.37,74,14
11667,2024,137,1.95,56,9
11667,2025,162,4.04,89,6
11668,2022,604,2.11,43,9
11668,2023,364,4.44,54,1
11668,2024,775,2.0,41,6
11668,2025,634,2.92,53,3
11669,2022,178,1.54,20,6
11669,2023,729,2.6,45,5
11669,2024,284,3.42,22,12
11669,2025,594,3.91,66,5
11670,2022,670,3.68,93,14
11670,2023,469,4.15,34,1
11670,2024,700,2.13,79,14
11670,2025,430,4.24,46,5
11671,2022,539,2.34,99,13
11671,2023,337,2.06,13,11
11671,2024,391,2.6,35,6
11671,2025,525,4.52,91,1
11672,2022,394,3.38,22,10
11672,2023,599,3.44,81,13
11672,2024,655,3.55,60,14
11672,2025,691,3.18,56,7
11673,2022,785,2.75,42,13
11673,2023,752,2.09,89,1
11673,2024,136,2.8,51,7
11673,2025,625,3.49,40,11
11674,2022,733,3.32,49,14
11674,2023,496,1.86,96,12
11674,2024,495,2.8,25,9
11674,2025,666,2.97,65,7
11675,2022,121,3.05,83,14
11675,2023,439,3.78,45,12
11675,2024,594,3.71,94,10
11675,2025,502,3.66,89,12
11676,2022,302,2.37,65,5
11676,2023,445,4.17,57,3
11676,2024,114,4.16,89,7
11676,2025,129,2.5,67,6
11677,2022,128,3.47,24,8
11677,2023,259,4.37,81,14
11677,2024,728,3.11,24,8
11677,2025,769,4.72,30,10
11678,2022,719,1.57,73,11
11678,2023,726,3.2,94,6
11678,2024,371,2.57,16,7
11678,2025,519,2.74,61,3
11679,2022,588,4.13,28,14
11679,2023,275,2.58,95,4
11679,2024,330,1.87,55,7
11679,2025,417,3.57,47,6
11680,2022,566,4.41,22,3
11680,2023,539,1.89,99,10
11680,2024,155,2.66,53,7
11680,2025,430,3.36,31,3
11681,2022,372,3.99,80,10
11681,2023,120,2.46,44,13
11681,2024,264,2.83,12,14
11681,2025,591,3.1,25,8
11682,2022,517,2.64,54,13
11682,2023,679,2.25,25,7
11682,2024,366,4.55,75,4
11682,2025,437,4.33,90,1
11683,2022,707,4.43,47,6
11683,2023,287,2.76,33,5
11683,2024,574,1.94,95,14
11683,2025,307,2.3,59,9
11684,2022,173,2.57,96,10
11684,2023,773,4.38,92,6
11684,2024,772,4.74,66,1
11684,2025,493,4.42,65,3
11685,2022,589,2.22,95,2
11685,2023,671,3.63,90,3
11685,2024,125,3.59,75,1
11685,2025,636,4.42,87,11
11686,2022,614,3.03,86,2
11686,2023,356,2.6,90,8
11686,2024,379,1.86,82,14
11686,2025,655,4.34,71,3
11687,2022,132,3.09,23,9
11687,2023,393,3.25,75,11
11687,2024,723,4.67,69,11
11687,2025,407,3.41,30,4
11688,2022,390,2.45,44,2
11688,2023,403,2.67,39,12
11688,2024,142,1.84,90,7
11688,2025,655,2.32,48,9
11689,2022,698,1.63,34,5
11689,2023,579,2.38,53,1
11689,2024,182,1.99,68,9
11689,2025,303,2.94,15,9
11690,2022,741,1.88,12,7
11690,2023,237,4.4,45,1
11690,2024,182,4.62,10,4
11690,2025,786,3.76,43,1
11691,2022,747,3.92,74,3
11691,2023,718,3.68,35,7
11691,2024,250,4.23,27,1
11691,2025,720,3.87,45,8
11692,2022,418,2.79,15,13
11692,2023,346,4.27,84,10
11692,2024,136,3.11,53,4
11692,2025,367,3.14,49,4
11693,2022,685,3.37,39,12
11693,2023,214,4.46,87,12
11693,2024,180,3.13,83,1
11693,2025,626,3.67,40,5
11694,2022,435,2.98,67,8
11694,2023,183,4.38,64,8
11694,2024,253,3.83,45,14
11694,2025,352,3.21,88,7
11695,2022,601,3.32,39,7
11695,2023,547,2.12,57,8
11695,2024,372,2.83,87,8
11695,2025,606,4.16,96,1
11696,2022,231,3.19,26,2
11696,2023,424,2.59,36,10
11696,2024,450,2.89,72,8
11696,2025,182,4.38,86,1
11697,2022,225,3.12,23,9
11697,2023,313,2.37,35,9
11697,2024,699,2.69,52,13
11697,2025,561,3.35,84,12
11698,2022,724,3.79,10,10
11698,2023,204,4.64,33,2
11698,2024,470,2.36,29,12
11698,2025,162,4.21,81,6
11699,2022,568,3.35,17,4
11699,2023,125,3.24,39,10
11699,2024,739,4.7,27,7
11699,2025,100,2.92,86,2
11700,2022,193,2.03,92,13
11700,2023,551,4.28,22,10
11700,2024,111,2.01,57,1
11700,2025,777,4.4,69,9
11701,2022,397,3.27,35,12
11701,2023,519,2.14,18,12
11701,2024,678,2.48,62,9
11701,2025,266,2.42,80,12
11702,2022,353,3.66,18,9
11702,2023,670,2.09,35,5
11702,2024,393,3.84,42,12
11702,2025,243,2.33,42,3
11703,2022,308,3.91,61,6
11703,2023,325,4.41,49,10
11703,2024,557,3.48,13,1
11703,2025,383,4.85,37,14
11704,2022,702,2.67,63,10
11704,2023,585,2.38,77,8
11704,2024,210,2.33,58,10
11704,2025,449,3.39,15,4
11705,2022,432,1.89,42,2
11705,2023,179,4.28,14,11
11705,2024,485,4.15,92,4
11705,2025,503,3.64,27,14
11706,2022,427,3.66,12,1
11706,2023,393,1.8,11,10
11706,2024,593,2.41,74,10
11706,2025,283,3.81,44,13
11707,2022,311,2.93,60,8
11707,2023,350,3.46,77,6
11707,2024,266,2.07,44,1
11707,2025,642,3.91,81,13
11708,2022,762,3.91,53,1
11708,2023,261,3.29,38,2
11708,2024,707,2.87,45,7
11708,2025,372,2.47,87,2
11709,2022,635,2.3,51,3
11709,2023,518,3.22,16,12
11709,2024,729,2.57,22,11
11709,2025,506,4.28,31,9
11710,2022,491,1.9,66,1
11710,2023,537,3.2,54,9
11710,2024,186,3.29,63,6
11710,2025,504,2.37,11,9
11711,2022,374,4.48,81,12
11711,2023,514,4.12,66,10
11711,2024,661,2.96,94,11
11711,2025,426,4.0,93,8
11712,2022,211,3.65,84,7
11712,2023,401,3.6,43,10
11712,2024,235,3.1,53,7
11712,2025,432,4.61,78,6
11713,2022,102,3.81,62,13
11713,2023,261,3.28,71,11
11713,2024,611,1.81,42,14
11713,2025,176,2.62,85,8
11714,2022,284,3.03,78,9
11714,2023,669,4.35,10,8
11714,2024,579,3.69,44,9
11714,2025,262,3.2,34,5
11715,2022,120,1.64,13,3
11715,2023,676,3.44,82,4
11715,2024,677,2.85,76,4
11715,2025,397,3.56,93,9
11716,2022,398,3.8,19,9
11716,2023,381,4.06,29,1
11716,2024,571,4.39,49,14
11716,2025,509,3.86,76,13
11717,2022,491,4.22,84,5
11717,2023,786,3.72,24,2
11717,2024,264,4.15,37,5
11717,2025,181,4.01,44,11
11718,2022,757,4.12,16,5
11718,2023,263,2.32,63,3
11718,2024,203,4.08,51,4
11718,2025,229,2.3,47,7
11719,2022,695,1.78,92,10
11719,2023,219,3.12,73,13
11719,2024,358,2.7,66,4
11719,2025,203,3.64,38,3
11720,2022,463,3.53,75,10
11720,2023,645,2.33,92,4
11720,2024,468,3.9,82,11
11720,2025,785,4.94,15,2
11721,2022,425,3.78,90,1
11721,2023,284,2.17,11,5
11721,2024,493,3.7,48,9
11721,2025,443,1.98,15,9
11722,2022,629,2.91,23,1
11722,2023,516,3.25,99,12
11722,2024,330,4.72,27,1
11722,2025,234,4.16,79,8
11723,2022,144,3.62,85,7
11723,2023,723,3.25,31,7
11723,2024,591,3.34,87,14
11723,2025,694,4.93,22,9
11724,2022,521,1.56,82,12
11724,2023,650,2.56,19,5
11724,2024,244,2.2,36,8
11724,2025,416,2.89,23,7
11725,2022,662,2.89,18,14
11725,2023,392,2.68,18,2
11725,2024,678,4.69,99,2
11725,2025,635,3.99,66,13
11726,2022,733,3.68,44,4
11726,2023,565,3.88,35,1
11726,2024,148,4.5,50,10
11726,2025,760,4.25,76,5
11727,2022,558,1.55,39,5
11727,2023,796,2.43,38,1
11727,2024,524,4.77,93,5
11727,2025,756,3.91,77,4
11728,2022,760,1.7,23,12
11728,2023,167,3.05,61,14
11728,2024,608,4.74,48,10
11728,2025,309,4.93,30,11
11729,2022,399,2.8,80,5
11729,2023,223,4.33,15,4
11729,2024,391,3.58,64,9
11729,2025,520,3.48,49,9
11730,2022,149,2.74,79,3
11730,2023,282,4.33,34,3
11730,2024,346,3.66,13,3
11730,2025,187,2.95,98,7
11731,2022,749,2.98,91,1
11731,2023,649,2.98,43,13
11731,2024,660,3.15,98,4
11731,2025,171,2.88,31,9
11732,2022,655,3.4,65,12
11732,2023,390,1.81,55,8
11732,2024,603,4.46,65,3
11732,2025,727,3.2,87,8
11733,2022,760,3.9,84,6
11733,2023,412,3.84,36,10
11733,2024,387,3.22,99,13
11733,2025,607,2.55,44,14
11734,2022,170,3.19,25,11
11734,2023,260,4.49,29,3
11734,2024,226,2.36,24,12
11734,2025,555,2.72,87,9
11735,2022,781,4.48,81,10
11735,2023,628,4.33,33,13
11735,2024,403,3.45,71,7
11735,2025,589,4.03,89,8
11736,2022,338,2.83,53,10
11736,2023,275,2.86,23,11
11736,2024,309,3.13,82,2
11736,2025,668,3.19,86,13
11737,2022,458,3.53,60,3
11737,2023,288,2.64,31,13
11737,2024,608,2.31,41,7
11737,2025,655,4.07,89,2
11738,2022,733,1.59,34,6
11738,2023,132,3.81,58,7
11738,2024,600,2.59,32,11
11738,2025,411,2.52,46,11
11739,2022,639,2.64,12,6
11739,2023,250,2.0,69,5
11739,2024,674,2.95,68,9
11739,2025,618,2.26,32,3
11740,2022,210,2.95,42,5
11740,2023,741,2.18,63,13
11740,2024,231,2.19,48,5
11740,2025,619,3.69,34,8
11741,2022,404,3.38,72,8
11741,2023,128,1.67,98,1
11741,2024,450,2.96,94,14
11741,2025,617,2.18,68,6
11742,2022,591,3.72,40,12
11742,2023,507,3.69,58,6
11742,2024,607,1.95,69,11
11742,2025,723,4.77,73,10
11743,2022,204,4.38,47,13
11743,2023,651,2.65,80,2
11743,2024,419,2.19,86,5
11743,2025,145,2.29,96,13
11744,2022,340,4.02,17,6
11744,2023,369,3.03,94,3
11744,2024,766,1.83,22,1
11744,2025,727,4.73,35,9
11745,2022,136,3.28,19,2
11745,2023,304,3.72,65,4
11745,2024,585,4.27,13,9
11745,2025,209,4.41,40,9
11746,2022,585,1.73,26,8
11746,2023,417,3.37,17,14
11746,2024,691,3.89,61,4
11746,2025,175,2.21,46,1
11747,2022,709,2.17,29,11
11747,2023,597,2.84,56,11
11747,2024,578,4.46,83,7
11747,2025,488,4.5,60,2
11748,2022,687,3.85,67,8
11748,2023,692,4.62,53,14
11748,2024,463,2.53,20,10
11748,2025,408,3.35,21,10
11749,2022,162,2.84,19,14
11749,2023,366,3.69,86,11
11749,2024,132,4.35,63,2
11749,2025,139,3.43,43,10
11750,2022,785,2.97,39,3
11750,2023,359,3.47,24,6
11750,2024,366,4.03,17,4
11750,2025,766,2.55,49,2
11751,2022,760,4.39,31,1
11751,2023,324,1.93,14,3
11751,2024,482,1.87,29,4
11751,2025,597,3.03,96,9
11752,2022,738,3.6,58,9
11752,2023,104,4.58,61,5
11752,2024,545,4.6,75,12
11752,2025,387,4.02,28,5
11753,2022,157,2.81,99,7
11753,2023,171,3.44,23,8
11753,2024,766,4.71,16,3
11753,2025,779,2.75,66,12
11754,2022,640,2.93,89,5
11754,2023,181,3.73,19,7
11754,2024,717,1.83,31,11
11754,2025,376,3.09,99,2
11755,2022,621,3.2,14,9
11755,2023,673,4.35,85,3
11755,2024,235,4.78,97,7
11755,2025,213,3.62,33,12
11756,2022,256,4.33,24,9
11756,2023,495,1.95,97,9
11756,2024,328,3.9,97,3
11756,2025,711,3.15,35,2
11757,2022,354,3.75,64,11
11757,2023,278,4.25,27,14
11757,2024,328,1.96,52,5
11757,2025,466,4.76,15,5
11758,2022,130,1.7,54,14
11758,2023,207,3.91,34,13
11758,2024,381,2.01,90,8
11758,2025,720,4.54,25,6
11759,2022,489,2.11,64,12
11759,2023,640,2.95,65,7
11759,2024,628,4.6,38,11
11759,2025,503,4.33,73,8
11760,2022,269,3.86,10,9
11760,2023,274,3.94,54,4
11760,2024,173,3.51,93,5
11760,2025,553,4.8,35,4
11761,2022,608,3.99,94,9
11761,2023,339,2.97,59,12
11761,2024,195,4.03,36,2
11761,2025,613,4.94,44,13
11762,2022,301,4.11,89,8
11762,2023,136,1.65,38,11
11762,2024,190,4.01,16,14
11762,2025,332,4.64,71,7
11763,2022,758,2.48,80,13
11763,2023,352,4.58,43,7
11763,2024,470,3.0,57,8
11763,2025,543,3.21,14,13
11764,2022,540,1.98,17,11
11764,2023,163,1.94,81,11
11764,2024,104,3.41,52,1
11764,2025,757,3.76,61,1
11765,2022,171,2.6,83,7
11765,2023,496,3.47,10,2
11765,2024,716,2.98,47,12
11765,2025,429,4.55,16,4
11766,2022,647,4.36,90,12
11766,2023,246,3.43,65,6
11766,2024,514,4.33,55,5
11766,2025,448,4.51,33,5
11767,2022,464,3.64,44,11
11767,2023,515,2.23,82,6
11767,2024,724,2.26,51,10
11767,2025,606,4.71,76,7
11768,2022,622,2.3,53,2
11768,2023,349,2.39,13,12
11768,2024,348,2.3,86,11
11768,2025,450,3.53,33,4
11769,2022,368,3.53,80,7
11769,2023,547,3.68,28,5
11769,2024,182,2.58,59,11
11769,2025,640,2.23,27,14
11770,2022,506,2.43,37,12
11770,2023,438,3.16,38,10
11770,2024,179,3.64,82,9
11770,2025,194,2.76,94,6
11771,2022,358,2.05,54,13
11771,2023,221,4.17,16,4
11771,2024,223,4.37,54,11
11771,2025,634,2.79,98,11
11772,2022,388,3.18,35,12
11772,2023,561,2.97,79,14
11772,2024,191,2.23,58,10
11772,2025,123,4.77,93,4
11773,2022,206,1.53,27,13
11773,2023,151,2.21,93,3
11773,2024,393,2.84,49,13
11773,2025,399,4.52,27,14
11774,2022,444,3.87,56,6
11774,2023,481,3.39,10,8
11774,2024,667,3.89,42,1
11774,2025,293,2.97,48,2
11775,2022,656,4.32,32,4
11775,2023,535,1.73,23,7
11775,2024,484,2.1,94,12
11775,2025,471,4.73,53,2
11776,2022,419,4.34,46,11
11776,2023,338,3.12,80,12
11776,2024,491,3.53,85,10
11776,2025,747,4.66,46,12
11777,2022,384,4.06,37,8
11777,2023,112,4.24,16,3
11777,2024,484,2.92,61,2
11777,2025,640,4.44,26,7
11778,2022,789,1.71,71,11
11778,2023,392,3.11,46,12
11778,2024,356,2.51,23,10
11778,2025,207,2.06,60,9
11779,2022,680,3.35,64,4
11779,2023,787,1.88,66,2
11779,2024,282,2.16,13,9
11779,2025,466,2.2,95,10
11780,2022,633,4.43,58,5
11780,2023,622,1.77,90,13
11780,2024,384,2.61,44,10
11780,2025,358,3.91,62,7
11781,2022,272,3.97,41,10
11781,2023,429,3.47,98,5
11781,2024,551,4.73,19,12
11781,2025,570,2.96,71,13
11782,2022,180,2.92,11,5
11782,2023,420,4.11,72,6
11782,2024,540,3.85,85,5
11782,2025,498,2.59,25,8
11783,2022,287,3.0,25,11
11783,2023,537,4.58,12,12
11783,2024,547,4.39,98,11
11783,2025,569,2.53,27,4
11784,2022,639,2.04,51,3
11784,2023,560,4.14,41,14
11784,2024,614,2.4,59,3
11784,2025,336,3.31,58,2
11785,2022,280,2.04,12,8
11785,2023,509,1.69,81,13
11785,2024,615,4.43,14,14
11785,2025,171,4.29,66,7
11786,2022,281,2.91,93,6
11786,2023,203,2.13,53,2
11786,2024,371,4.22,34,2
11786,2025,386,3.03,79,10
11787,2022,186,3.49,32,1
11787,2023,485,2.6,97,14
11787,2024,172,3.1,19,12
11787,2025,702,3.56,19,10
11788,2022,784,3.79,42,2
11788,2023,409,4.15,82,9
11788,2024,798,3.13,27,1
11788,2025,542,2.65,76,13
11789,2022,335,1.96,83,10
11789,2023,773,2.67,36,4
11789,2024,684,4.21,44,2
11789,2025,329,2.77,71,5
11790,2022,353,1.64,27,14
11790,2023,773,3.34,16,10
11790,2024,454,1.9,80,8
11790,2025,594,4.6,95,1
11791,2022,509,3.53,19,9
11791,2023,298,2.42,36,7
11791,2024,528,3.21,77,5
11791,2025,574,4.17,85,5
11792,2022,687,4.25,76,9
11792,2023,441,4.27,64,9
11792,2024,573,2.01,57,2
11792,2025,496,2.19,76,8
11793,2022,525,3.29,98,5
11793,2023,144,3.14,35,14
11793,2024,442,2.68,49,2
11793,2025,790,4.88,80,9
11794,2022,116,3.74,55,4
11794,2023,318,3.71,83,5
11794,2024,695,2.34,76,7
11794,2025,290,2.8,20,2
11795,2022,490,3.32,60,5
11795,2023,538,4.04,41,8
11795,2024,743,4.59,81,12
11795,2025,596,4.04,29,14
11796,2022,193,2.76,14,11
11796,2023,194,3.72,50,1
11796,2024,795,2.01,22,12
11796,2025,743,3.75,84,11
11797,2022,181,4.18,12,8
11797,2023,439,3.56,24,2
11797,2024,459,1.82,65,4
11797,2025,211,4.03,52,11
11798,2022,402,3.68,83,12
11798,2023,150,3.27,76,3
11798,2024,760,4.25,55,2
11798,2025,380,2.56,57,10
11799,2022,212,2.73,87,10
11799,2023,135,4.07,45,2
11799,2024,722,3.61,32,10
11799,2025,782,4.93,64,6
11800,2022,177,1.71,64,3
11800,2023,639,2.38,63,10
11800,2024,144,2.4,74,4
11800,2025,403,4.88,60,4
11801,2022,491,4.11,41,2
11801,2023,753,2.05,94,4
11801,2024,114,2.86,29,2
11801,2025,739,2.11,45,14
11802,2022,266,3.4,41,4
11802,2023,764,2.64,66,13
11802,2024,162,2.57,38,8
11802,2025,670,3.52,55,9
11803,2022,302,3.89,96,4
11803,2023,256,2.86,44,4
11803,2024,614,4.07,88,14
11803,2025,650,3.29,83,7
11804,2022,377,2.14,61,1
11804,2023,200,2.99,24,7
11804,2024,268,3.41,98,13
11804,2025,631,3.33,90,9
11805,2022,502,2.32,60,4
11805,2023,240,2.21,40,2
11805,2024,446,4.64,84,13
11805,2025,292,2.84,93,4
11806,2022,251,3.62,25,2
11806,2023,485,2.67,45,10
11806,2024,307,4.71,48,7
11806,2025,648,4.91,20,6
11807,2022,487,3.98,29,13
11807,2023,177,3.39,99,12
11807,2024,271,3.43,65,11
11807,2025,656,2.94,99,2
11808,2022,436,1.87,51,6
11808,2023,695,1.89,56,9
11808,2024,530,3.2,15,11
11808,2025,704,4.89,44,14
11809,2022,588,2.24,17,8
11809,2023,765,2.88,80,9
11809,2024,205,3.72,46,5
11809,2025,308,3.0,59,14
11810,2022,447,1.51,25,10
11810,2023,451,2.84,18,2
11810,2024,147,4.21,84,5
11810,2025,345,4.78,94,10
11811,2022,130,2.33,69,14
11811,2023,794,4.41,60,3
11811,2024,574,4.4,55,14
11811,2025,576,3.17,80,11
11812,2022,356,1.51,21,14
11812,2023,225,4.18,73,13
11812,2024,318,2.66,30,14
11812,2025,344,4.22,14,4
11813,2022,579,3.21,15,7
11813,2023,542,2.31,52,2
11813,2024,750,3.74,35,14
11813,2025,600,4.24,63,6
11814,2022,326,2.92,12,11
11814,2023,354,3.89,20,1
11814,2024,169,3.01,96,10
11814,2025,554,4.89,34,3
11815,2022,677,2.22,21,11
11815,2023,101,3.98,74,7
11815,2024,594,4.05,13,11
11815,2025,424,3.54,61,12
11816,2022,502,2.55,74,5
11816,2023,228,2.99,79,12
11816,2024,582,3.69,43,8
11816,2025,245,3.54,25,7
11817,2022,724,3.78,84,7
11817,2023,195,2.73,23,14
11817,2024,600,2.12,83,1
11817,2025,555,3.47,70,1
11818,2022,503,2.28,62,13
11818,2023,107,3.5,67,6
11818,2024,319,3.36,72,13
11818,2025,201,4.29,22,8
11819,2022,777,3.23,54,3
11819,2023,101,2.94,64,8
11819,2024,589,2.16,42,8
11819,2025,794,2.31,71,1
11820,2022,299,3.42,48,11
11820,2023,125,4.29,22,5
11820,2024,449,3.04,90,9
11820,2025,201,3.54,82,11
11821,2022,747,3.27,22,10
11821,2023,430,3.08,25,14
11821,2024,471,1.98,63,10
11821,2025,296,3.72,39,11
11822,2022,609,1.91,48,12
11822,2023,129,3.32,73,3
11822,2024,398,4.13,79,9
11822,2025,232,1.97,21,13
11823,2022,631,2.79,11,11
11823,2023,407,3.89,42,9
11823,2024,120,3.39,24,1
11823,2025,140,2.66,90,2
11824,2022,597,3.59,61,3
11824,2023,571,4.0,44,14
11824,2024,763,2.89,47,4
11824,2025,407,2.84,89,12
11825,2022,558,3.14,51,5
11825,2023,613,2.75,90,5
11825,2024,602,4.31,16,10
11825,2025,143,4.29,65,11
11826,2022,140,2.44,14,5
11826,2023,362,3.02,49,3
11826,2024,393,4.47,70,6
11826,2025,784,2.39,74,4
11827,2022,108,3.76,75,9
11827,2023,152,2.6,77,12
11827,2024,227,2.16,74,2
11827,2025,630,2.3,94,11
11828,2022,743,2.33,51,1
11828,2023,624,3.29,44,7
11828,2024,239,4.52,75,9
11828,2025,331,2.86,34,10
11829,2022,667,2.1,15,9
11829,2023,187,3.09,17,3
11829,2024,663,2.27,44,12
11829,2025,736,2.77,62,11
11830,2022,300,4.46,28,13
11830,2023,487,3.32,18,1
11830,2024,460,4.15,42,9
11830,2025,231,2.59,17,7
11831,2022,276,3.06,47,8
11831,2023,151,3.18,41,11
11831,2024,645,4.24,32,6
11831,2025,121,2.01,43,10
11832,2022,752,4.08,96,6
11832,2023,418,1.89,55,11
11832,2024,267,4.55,41,4
11832,2025,137,2.38,10,2
11833,2022,666,3.1,16,1
11833,2023,472,1.95,33,14
11833,2024,731,3.14,11,6
11833,2025,677,2.85,27,9
11834,2022,526,2.76,92,10
11834,2023,265,3.29,65,10
11834,2024,601,3.18,41,2
11834,2025,174,2.02,86,1
11835,2022,539,4.09,79,1
11835,2023,745,1.93,19,14
11835,2024,364,4.74,49,7
11835,2025,505,4.5,83,14
11836,2022,785,3.18,43,1
11836,2023,342,2.39,93,9
11836,2024,700,2.06,42,9
11836,2025,642,3.97,84,11
11837,2022,376,2.1,97,3
11837,2023,649,3.85,66,11
11837,2024,407,4.3,31,2
11837,2025,502,4.92,57,9
11838,2022,749,3.01,85,14
11838,2023,529,4.57,41,14
11838,2024,175,2.25,92,3
11838,2025,438,4.46,54,2
11839,2022,549,2.58,11,4
11839,2023,178,2.74,87,7
11839,2024,137,2.61,64,13
11839,2025,417,2.47,68,4
11840,2022,427,2.83,42,8
11840,2023,529,4.61,92,12
11840,2024,262,2.79,23,5
11840,2025,457,3.33,77,14
11841,2022,739,2.19,75,2
11841,2023,769,2.66,83,13
11841,2024,428,1.97,68,10
11841,2025,513,4.82,24,4
11842,2022,694,3.03,40,13
11842,2023,575,3.85,38,12
11842,2024,555,3.34,84,13
11842,2025,251,4.26,82,7
11843,2022,637,3.1,56,13
11843,2023,514,3.75,66,1
11843,2024,442,3.85,67,7
11843,2025,485,3.55,94,3
11844,2022,266,2.19,40,7
11844,2023,571,2.29,62,3
11844,2024,239,4.42,95,12
11844,2025,328,2.31,73,12
11845,2022,172,3.18,91,8
11845,2023,527,3.16,11,4
11845,2024,398,4.2,69,1
11845,2025,335,2.36,95,1
11846,2022,699,3.56,93,4
11846,2023,196,3.47,57,9
11846,2024,577,3.9,57,5
11846,2025,777,3.81,70,13
11847,2022,590,3.19,13,5
11847,2023,395,4.43,35,3
11847,2024,505,2.85,93,5
11847,2025,546,2.5,31,7
11848,2022,798,3.89,52,3
11848,2023,374,2.04,29,5
11848,2024,119,3.84,57,12
11848,2025,684,3.6,70,3
11849,2022,526,1.5,32,1
11849,2023,460,2.37,70,6
11849,2024,409,3.29,89,3
11849,2025,693,2.94,72,2
11850,2022,455,2.78,28,3
11850,2023,126,3.45,84,13
11850,2024,752,3.99,85,5
11850,2025,146,2.4,22,5
11851,2022,555,2.35,11,9
11851,2023,211,3.56,60,12
11851,2024,762,3.57,84,11
11851,2025,474,4.16,10,9
11852,2022,414,3.42,50,2
11852,2023,225,2.64,19,11
11852,2024,106,3.3,12,6
11852,2025,661,4.6,17,13
11853,2022,459,2.06,89,9
11853,2023,677,2.78,45,9
11853,2024,461,4.33,49,11
11853,2025,778,3.04,48,6
11854,2022,794,2.74,93,1
11854,2023,363,2.61,56,1
11854,2024,374,4.5,69,9
11854,2025,729,3.94,17,3
11855,2022,495,2.13,83,5
11855,2023,412,3.9,46,6
11855,2024,591,1.92,72,1
11855,2025,503,3.14,36,1
11856,2022,476,4.23,12,4
11856,2023,743,3.72,48,6
11856,2024,758,4.18,15,8
11856,2025,640,4.74,90,7
11857,2022,419,3.82,19,14
11857,2023,324,1.92,94,2
11857,2024,555,2.49,38,4
11857,2025,750,3.45,38,5
11858,2022,388,1.54,29,8
11858,2023,380,3.52,88,7
11858,2024,516,3.77,75,4
11858,2025,583,4.04,21,8
11859,2022,637,3.17,22,11
11859,2023,412,3.01,48,8
11859,2024,708,4.37,48,4
11859,2025,749,4.25,54,11
11860,2022,707,3.34,94,12
11860,2023,156,1.79,50,12
11860,2024,222,3.88,89,2
11860,2025,389,3.62,52,14
11861,2022,697,3.58,71,3
11861,2023,409,2.58,12,5
11861,2024,662,4.13,18,14
11861,2025,327,3.2,53,1
11862,2022,105,4.18,43,5
11862,2023,542,1.96,28,4
11862,2024,409,3.25,99,5
11862,2025,101,2.57,96,12
11863,2022,702,2.86,27,12
11863,2023,474,2.71,55,1
11863,2024,345,4.21,50,10
11863,2025,571,2.45,58,7
11864,2022,690,3.3,61,10
11864,2023,403,2.87,83,9
11864,2024,157,3.35,52,5
11864,2025,324,4.09,19,3
11865,2022,525,2.57,94,9
11865,2023,301,2.75,47,6
11865,2024,617,2.03,47,12
11865,2025,129,3.61,56,6
11866,2022,250,2.75,16,10
11866,2023,647,4.09,21,10
11866,2024,209,3.12,61,13
11866,2025,220,4.86,42,3
11867,2022,340,2.02,98,14
11867,2023,701,2.45,33,1
11867,2024,129,2.98,57,4
11867,2025,565,2.46,40,14
11868,2022,564,4.42,91,4
11868,2023,336,3.57,32,3
11868,2024,470,1.83,80,13
11868,2025,781,3.69,81,14
11869,2022,248,3.84,24,11
11869,2023,473,1.8,47,5
11869,2024,699,3.53,37,13
11869,2025,615,3.07,30,14
11870,2022,532,3.24,36,9
11870,2023,351,2.41,56,9
11870,2024,572,3.8,65,8
11870,2025,662,3.96,23,12
11871,2022,635,3.12,30,10
11871,2023,145,4.42,23,6
11871,2024,727,4.53,79,13
11871,2025,638,2.09,85,4
11872,2022,706,2.37,37,14
11872,2023,534,2.74,46,2
11872,2024,710,1.97,76,12
11872,2025,727,3.52,42,13
11873,2022,375,1.57,21,10
11873,2023,607,3.68,21,3
11873,2024,194,1.81,84,9
11873,2025,245,2.05,60,1
11874,2022,766,4.0,44,7
11874,2023,501,2.41,95,10
11874,2024,603,2.04,96,6
11874,2025,514,3.15,21,2
11875,2022,375,1.65,28,5
11875,2023,425,3.9,68,2
11875,2024,355,3.28,22,14
11875,2025,656,3.61,28,9
11876,2022,612,3.76,45,5
11876,2023,246,4.0,95,6
11876,2024,394,2.21,13,4
11876,2025,474,2.79,22,1
11877,2022,766,2.03,93,3
11877,2023,155,1.81,15,5
11877,2024,325,3.41,53,3
11877,2025,618,2.7,85,8
11878,2022,119,1.96,89,2
11878,2023,258,3.18,90,12
11878,2024,569,3.7,17,2
11878,2025,690,4.27,42,1
11879,2022,465,1.55,61,12
11879,2023,100,3.23,85,14
11879,2024,328,2.6,99,1
11879,2025,382,4.92,92,4
11880,2022,218,1.97,22,8
11880,2023,326,2.96,19,8
11880,2024,123,4.71,43,8
11880,2025,407,2.59,36,11
11881,2022,406,3.92,67,1
11881,2023,668,2.38,76,14
11881,2024,593,2.03,53,1
11881,2025,607,2.08,78,7
11882,2022,410,4.35,14,7
11882,2023,188,2.29,46,10
11882,2024,374,2.68,80,14
11882,2025,720,4.85,65,5
11883,2022,752,3.47,60,8
11883,2023,579,3.11,65,6
11883,2024,556,3.11,51,1
11883,2025,685,2.1,22,14
11884,2022,454,4.02,43,7
11884,2023,361,3.94,43,8
11884,2024,275,2.07,62,12
11884,2025,503,3.01,12,8
11885,2022,329,4.16,83,10
11885,2023,687,2.36,46,13
11885,2024,422,3.63,61,9
11885,2025,794,3.41,15,3
11886,2022,376,3.96,30,14
11886,2023,776,1.76,54,2
11886,2024,374,4.25,14,8
11886,2025,316,2.36,12,14
11887,2022,289,1.55,29,11
11887,2023,117,3.44,85,4
11887,2024,513,2.58,70,2
11887,2025,283,4.08,44,2
11888,2022,717,2.91,41,2
11888,2023,342,3.47,28,5
11888,2024,525,3.87,24,14
11888,2025,152,4.73,83,13
11889,2022,325,3.97,66,8
11889,2023,697,3.14,35,9
11889,2024,661,3.11,79,11
11889,2025,418,3.91,99,6
11890,2022,468,3.7,11,8
11890,2023,347,2.17,58,6
11890,2024,667,1.9,57,1
11890,2025,276,3.31,41,11
11891,2022,575,1.8,12,9
11891,2023,761,2.47,92,10
11891,2024,112,3.55,29,7
11891,2025,460,2.4,46,2
11892,2022,388,1.59,29,3
11892,2023,530,3.31,69,2
11892,2024,675,3.2,68,9
11892,2025,438,2.87,90,8
11893,2022,716,2.91,51,5
11893,2023,133,3.7,32,4
11893,2024,423,2.13,50,7
11893,2025,650,2.72,82,14
11894,2022,555,3.88,36,14
11894,2023,324,3.66,90,9
11894,2024,740,2.6,55,8
11894,2025,232,3.14,26,8
11895,2022,579,1.86,11,11
11895,2023,651,2.41,24,2
11895,2024,320,4.32,84,12
11895,2025,500,3.27,66,12
11896,2022,705,3.42,50,10
11896,2023,710,2.13,82,9
11896,2024,159,2.35,23,2
11896,2025,740,4.77,17,8
11897,2022,231,4.02,85,5
11897,2023,492,4.02,16,11
11897,2024,680,2.79,76,6
11897,2025,113,3.64,35,10
11898,2022,534,2.98,12,9
11898,2023,573,4.52,55,8
11898,2024,250,2.52,13,5
11898,2025,785,4.79,66,6
11899,2022,569,3.62,55,5
11899,2023,510,2.89,23,9
11899,2024,444,2.6,12,11
11899,2025,295,4.22,22,12
11900,2022,643,3.97,17,5
11900,2023,172,2.72,65,6
11900,2024,293,2.32,11,1
11900,2025,661,3.43,55,8
11901,2022,668,2.91,40,14
11901,2023,728,3.83,90,8
11901,2024,291,4.72,44,14
11901,2025,529,3.54,71,8
11902,2022,600,3.7,55,13
11902,2023,316,2.7,33,14
11902,2024,722,3.6,74,12
11902,2025,584,2.3,99,7
11903,2022,700,3.94,53,7
11903,2023,459,2.68,60,6
11903,2024,408,2.04,97,7
11903,2025,768,4.92,55,9
11904,2022,520,4.21,42,5
11904,2023,680,2.24,73,9
11904,2024,510,2.89,35,14
11904,2025,616,4.76,48,9
11905,2022,342,3.89,67,4
11905,2023,729,4.37,35,9
11905,2024,271,3.49,84,8
11905,2025,754,2.68,76,14
11906,2022,559,2.18,82,11
11906,2023,464,3.23,66,5
11906,2024,177,4.57,79,10
11906,2025,668,3.84,82,11
11907,2022,589,1.6,17,3
11907,2023,631,3.33,43,9
11907,2024,625,3.63,97,3
11907,2025,305,3.69,78,3
11908,2022,792,3.57,19,3
11908,2023,390,2.53,93,1
11908,2024,603,2.23,31,6
11908,2025,758,4.2,21,3
11909,2022,653,2.09,38,10
11909,2023,527,1.99,40,3
11909,2024,570,2.88,15,9
11909,2025,612,4.45,16,7
11910,2022,423,1.75,88,14
11910,2023,715,2.24,22,8
11910,2024,354,3.23,72,1
11910,2025,689,2.81,33,8
11911,2022,150,3.66,93,8
11911,2023,199,3.67,28,12
11911,2024,563,4.33,92,12
11911,2025,598,2.56,97,14
11912,2022,336,3.45,78,8
11912,2023,571,3.97,31,6
11912,2024,497,1.99,69,10
11912,2025,256,2.06,31,14
11913,2022,397,3.18,26,5
11913,2023,113,3.41,56,4
11913,2024,215,2.98,16,11
11913,2025,238,2.06,26,9
11914,2022,174,2.71,85,7
11914,2023,459,3.58,71,12
11914,2024,123,3.91,72,14
11914,2025,505,3.43,16,1
11915,2022,788,3.08,38,11
11915,2023,666,3.67,81,1
11915,2024,425,3.15,13,1
11915,2025,433,2.74,25,4
11916,2022,428,2.17,89,9
11916,2023,774,3.91,95,3
11916,2024,399,3.26,84,10
11916,2025,775,3.82,68,1
11917,2022,188,2.91,50,14
11917,2023,114,4.11,69,1
11917,2024,400,3.29,84,3
11917,2025,733,4.91,78,13
11918,2022,417,2.23,67,11
11918,2023,277,2.07,85,7
11918,2024,561,2.92,49,8
11918,2025,368,4.71,98,4
11919,2022,204,4.06,67,12
11919,2023,770,2.39,70,2
11919,2024,616,3.6,54,7
11919,2025,438,3.72,86,9
11920,2022,491,2.38,57,10
11920,2023,240,2.36,99,6
11920,2024,268,2.97,20,14
11920,2025,116,4.32,65,2
11921,2022,643,2.08,32,9
11921,2023,104,2.99,86,7
11921,2024,236,3.25,42,9
11921,2025,718,4.77,61,11
11922,2022,261,2.41,37,2
11922,2023,779,1.71,13,10
11922,2024,562,3.88,60,4
11922,2025,537,4.22,19,6
11923,2022,481,3.61,61,10
11923,2023,481,3.75,81,7
11923,2024,581,3.25,18,14
11923,2025,454,2.01,27,3
11924,2022,344,3.69,75,14
11924,2023,724,4.46,91,13
11924,2024,789,2.27,49,10
11924,2025,575,2.15,75,11
11925,2022,564,2.3,31,11
11925,2023,289,4.2,89,5
11925,2024,593,2.12,83,11
11925,2025,622,4.1,43,4
11926,2022,634,1.69,57,5
11926,2023,730,1.75,25,6
11926,2024,381,4.47,58,6
11926,2025,529,4.26,72,14
11927,2022,680,3.3,49,7
11927,2023,745,2.17,65,6
11927,2024,352,2.64,86,14
11927,2025,662,2.1,57,6
11928,2022,142,3.44,46,4
11928,2023,581,3.71,21,2
11928,2024,240,2.78,88,10
11928,2025,610,2.97,41,7
11929,2022,636,3.39,32,7
11929,2023,369,4.49,83,11
11929,2024,460,2.98,81,3
11929,2025,715,3.43,30,14
11930,2022,394,3.59,84,5
11930,2023,764,2.68,21,6
11930,2024,574,4.41,58,10
11930,2025,571,4.49,56,9
11931,2022,260,3.52,92,3
11931,2023,144,3.26,71,13
11931,2024,777,4.75,47,3
11931,2025,306,4.06,35,5
11932,2022,207,3.43,49,2
11932,2023,603,4.28,25,3
11932,2024,541,3.46,28,6
11932,2025,164,2.68,59,3
11933,2022,366,1.91,65,1
11933,2023,498,3.06,38,7
11933,2024,796,3.35,47,7
11933,2025,323,4.43,70,2
11934,2022,764,1.92,45,5
11934,2023,388,3.69,94,9
11934,2024,384,2.71,19,13
11934,2025,285,4.77,56,3
11935,2022,325,2.91,96,8
11935,2023,299,3.52,53,4
11935,2024,603,3.75,71,3
11935,2025,110,2.22,16,2
11936,2022,597,4.06,78,14
11936,2023,376,2.14,28,13
11936,2024,102,2.99,42,9
11936,2025,673,3.97,33,11
11937,2022,104,1.67,32,5
11937,2023,620,3.39,95,9
11937,2024,669,3.03,62,8
11937,2025,379,2.14,30,3
11938,2022,522,3.68,91,4
11938,2023,337,3.15,46,12
11938,2024,416,2.71,58,6
11938,2025,226,2.2,34,11
11939,2022,403,3.14,48,10
11939,2023,277,2.57,39,12
11939,2024,589,4.64,52,5
11939,2025,536,3.72,87,10
11940,2022,760,2.36,63,10
11940,2023,137,3.24,41,3
11940,2024,729,3.42,58,5
11940,2025,582,4.13,11,5
11941,2022,414,4.21,56,9
11941,2023,583,4.54,32,4
11941,2024,196,3.95,15,8
11941,2025,116,3.59,94,4
11942,2022,546,2.17,99,10
11942,2023,378,2.86,50,2
11942,2024,551,3.27,51,3
11942,2025,765,2.34,62,13
11943,2022,705,2.27,81,4
11943,2023,786,4.6,48,8
11943,2024,128,4.07,19,9
11943,2025,645,3.4,91,12
11944,2022,109,2.18,59,12
11944,2023,200,3.37,84,6
11944,2024,752,2.5,17,14
11944,2025,186,2.53,10,8
11945,2022,569,1.78,81,12
11945,2023,400,2.69,78,10
11945,2024,739,3.43,10,5
11945,2025,305,2.43,76,5
11946,2022,700,2.1,36,8
11946,2023,181,2.82,70,4
11946,2024,311,3.27,57,13
11946,2025,218,4.24,32,3
11947,2022,235,3.2,53,10
11947,2023,476,3.5,49,2
11947,2024,527,3.89,20,13
11947,2025,413,3.3,20,12
11948,2022,503,2.53,40,8
11948,2023,342,4.05,69,12
11948,2024,444,4.28,64,14
11948,2025,711,2.41,33,12
11949,2022,726,4.36,71,5
11949,2023,523,4.44,28,12
11949,2024,115,4.41,49,6
11949,2025,615,3.22,26,14
11950,2022,365,4.03,59,13
11950,2023,659,3.53,21,9
11950,2024,119,2.42,24,14
11950,2025,110,4.27,48,13
11951,2022,119,2.72,22,3
11951,2023,378,2.53,28,4
11951,2024,432,4.43,82,12
11951,2025,646,4.54,66,2
11952,2022,500,4.09,69,6
11952,2023,137,4.23,65,13
11952,2024,182,3.46,34,9
11952,2025,131,3.8,13,12
11953,2022,153,4.35,61,2
11953,2023,718,2.04,16,5
11953,2024,636,4.22,77,10
11953,2025,144,3.53,96,1
11954,2022,729,4.44,79,13
11954,2023,393,3.57,54,12
11954,2024,224,2.29,18,13
11954,2025,647,4.4,18,4
11955,2022,443,3.52,94,8
11955,2023,522,2.1,12,3
11955,2024,266,1.83,86,4
11955,2025,368,3.58,72,2
11956,2022,293,2.22,91,9
11956,2023,223,4.25,11,5
11956,2024,370,2.55,40,3
11956,2025,157,3.94,47,11
11957,2022,158,2.54,16,11
11957,2023,549,2.7,19,10
11957,2024,316,2.35,86,12
11957,2025,680,3.46,68,7
11958,2022,581,3.24,10,11
11958,2023,343,3.39,46,1
11958,2024,202,4.37,34,9
11958,2025,616,3.91,75,7
11959,2022,363,3.72,97,13
11959,2023,340,2.62,85,1
11959,2024,328,3.06,14,4
11959,2025,551,2.0,65,7
11960,2022,554,1.74,88,4
11960,2023,643,2.81,51,7
11960,2024,473,2.43,73,3
11960,2025,123,4.39,58,4
11961,2022,405,3.53,55,12
11961,2023,473,4.56,80,3
11961,2024,286,4.46,11,13
11961,2025,739,4.88,76,4
11962,2022,211,2.6,13,12
11962,2023,592,3.1,71,10
11962,2024,393,2.92,89,13
11962,2025,521,4.84,36,3
11963,2022,248,2.71,95,10
11963,2023,250,2.0,76,14
11963,2024,273,2.55,26,10
11963,2025,296,3.22,95,5
11964,2022,354,3.31,61,4
11964,2023,513,3.5,80,3
11964,2024,267,4.08,66,5
11964,2025,181,3.89,39,10
11965,2022,169,2.97,81,9
11965,2023,525,1.74,92,11
11965,2024,501,3.89,80,1
11965,2025,624,2.21,74,14
11966,2022,730,2.91,25,14
11966,2023,311,4.34,36,4
11966,2024,201,3.59,83,13
11966,2025,688,2.55,56,7
11967,2022,437,3.92,23,4
11967,2023,432,2.55,11,8
11967,2024,304,3.53,48,7
11967,2025,586,3.86,64,5
11968,2022,328,3.69,95,10
11968,2023,288,1.84,35,4
11968,2024,198,4.36,53,8
11968,2025,510,2.29,78,1
11969,2022,559,1.78,47,2
11969,2023,293,3.02,89,5
11969,2024,654,2.92,21,10
11969,2025,735,2.11,26,7
11970,2022,119,2.0,34,9
11970,2023,410,2.97,73,3
11970,2024,779,4.29,97,5
11970,2025,657,2.31,20,11
11971,2022,178,1.81,27,2
11971,2023,269,4.06,45,6
11971,2024,345,3.28,12,6
11971,2025,571,3.03,92,4
11972,2022,198,2.88,79,14
11972,2023,421,2.88,96,13
11972,2024,240,4.15,80,2
11972,2025,208,1.98,18,8
11973,2022,412,2.8,75,8
11973,2023,748,2.13,56,13
11973,2024,220,2.72,59,1
11973,2025,198,2.29,73,2
11974,2022,677,2.78,56,4
11974,2023,593,3.58,84,13
11974,2024,243,3.78,76,14
11974,2025,209,4.34,51,12
11975,2022,583,3.95,58,12
11975,2023,229,3.44,39,1
11975,2024,499,2.86,17,6
11975,2025,605,2.1,46,11
11976,2022,309,1.61,94,2
11976,2023,460,1.99,17,3
11976,2024,253,4.75,72,11
11976,2025,744,4.31,20,9
11977,2022,632,2.71,67,7
11977,2023,646,3.05,43,4
11977,2024,459,4.01,48,12
11977,2025,409,3.49,25,10
11978,2022,573,2.58,80,1
11978,2023,735,2.7,13,13
11978,2024,399,2.43,55,4
11978,2025,440,4.61,31,10
11979,2022,103,2.74,80,13
11979,2023,734,3.91,22,6
11979,2024,653,3.52,91,8
11979,2025,268,4.21,51,11
11980,2022,519,2.46,43,9
11980,2023,379,3.91,22,13
11980,2024,488,4.17,38,4
11980,2025,284,2.26,56,6
11981,2022,422,1.77,78,2
11981,2023,110,4.61,20,2
11981,2024,784,2.15,72,6
11981,2025,707,4.0,60,9
11982,2022,377,3.74,69,3
11982,2023,238,1.84,56,4
11982,2024,777,4.04,13,11
11982,2025,798,3.21,16,9
11983,2022,185,2.32,96,9
11983,2023,330,3.65,40,11
11983,2024,550,4.3,90,13
11983,2025,237,3.67,83,5
11984,2022,630,4.11,95,9
11984,2023,437,1.72,39,5
11984,2024,255,4.02,38,5
11984,2025,706,2.46,90,7
11985,2022,116,2.36,52,6
11985,2023,360,3.37,94,10
11985,2024,259,2.62,31,11
11985,2025,408,2.45,57,7
11986,2022,180,4.16,57,10
11986,2023,796,4.37,66,2
11986,2024,312,1.91,31,14
11986,2025,526,3.45,36,9
11987,2022,441,2.11,96,6
11987,2023,458,4.24,72,9
11987,2024,778,3.19,13,1
11987,2025,305,3.39,99,2
11988,2022,435,3.38,90,7
11988,2023,360,1.82,12,12
11988,2024,342,2.18,90,2
11988,2025,681,3.45,49,6
11989,2022,494,4.4,92,2
11989,2023,436,4.18,91,14
11989,2024,378,4.47,37,10
11989,2025,348,2.36,24,5
11990,2022,129,4.38,60,6
11990,2023,230,3.84,35,7
11990,2024,623,2.78,44,13
11990,2025,559,4.54,89,1
11991,2022,494,3.74,24,2
11991,2023,627,3.86,14,2
11991,2024,512,4.0,55,1
11991,2025,216,4.35,33,3
11992,2022,248,4.35,11,12
11992,2023,208,2.06,68,6
11992,2024,335,4.8,45,12
11992,2025,526,4.57,54,11
11993,2022,616,2.82,85,9
11993,2023,279,2.12,46,3
11993,2024,495,3.16,66,12
11993,2025,100,4.29,94,3
11994,2022,107,3.31,21,2
11994,2023,243,2.49,44,13
11994,2024,754,3.02,31,2
11994,2025,374,4.81,81,7
11995,2022,764,3.91,36,4
11995,2023,386,2.02,16,6
11995,2024,589,3.44,12,8
11995,2025,741,4.74,13,14
11996,2022,732,1.6,97,14
11996,2023,670,1.78,17,5
11996,2024,130,3.95,54,13
11996,2025,551,3.68,86,3
11997,2022,343,1.64,82,2
11997,2023,239,4.64,29,6
11997,2024,500,3.54,93,11
11997,2025,640,3.43,14,12
11998,2022,263,2.84,55,8
11998,2023,203,3.75,78,13
11998,2024,162,3.18,44,11
11998,2025,114,3.93,74,13
11999,2022,593,2.97,24,10
11999,2023,278,3.48,26,14
11999,2024,622,4.22,85,4
11999,2025,540,4.4,55,2
12000,2022,624,4.05,70,3
12000,2023,587,2.26,52,3
12000,2024,410,1.98,88,9
12000,2025,674,4.46,87,10
12001,2022,229,1.63,31,4
12001,2023,565,2.29,18,6
12001,2024,601,3.38,56,13
12001,2025,362,4.52,94,9
12002,2022,270,4.19,12,12
12002,2023,505,3.53,61,14
12002,2024,124,4.7,40,10
12002,2025,548,4.14,22,8
12003,2022,259,3.08,11,13
12003,2023,316,2.05,87,12
12003,2024,787,3.09,16,9
12003,2025,589,4.42,38,6
12004,2022,379,2.35,13,14
12004,2023,180,3.38,13,13
12004,2024,224,4.75,97,2
12004,2025,269,2.47,30,5
12005,2022,681,1.8,54,10
12005,2023,689,4.04,37,3
12005,2024,189,1.87,17,3
12005,2025,479,3.88,51,10
12006,2022,210,2.51,26,12
12006,2023,263,3.82,18,1
12006,2024,514,2.16,70,11
12006,2025,739,2.94,93,4
12007,2022,254,1.55,78,13
12007,2023,293,2.36,50,7
12007,2024,575,3.25,38,3
12007,2025,784,2.48,85,7
12008,2022,120,3.3,63,6
12008,2023,208,2.0,41,14
12008,2024,498,4.04,74,12
12008,2025,228,4.71,52,1
12009,2022,608,2.66,78,14
12009,2023,379,3.23,85,5
12009,2024,526,3.27,89,11
12009,2025,126,4.31,25,6
12010,2022,443,4.48,30,11
12010,2023,500,3.86,42,9
12010,2024,703,2.44,35,10
12010,2025,394,4.04,12,6
12011,2022,666,3.35,32,11
12011,2023,295,2.28,98,8
12011,2024,255,2.52,63,2
12011,2025,539,3.91,93,1
12012,2022,200,3.92,56,14
12012,2023,599,3.94,45,1
12012,2024,384,3.62,44,14
12012,2025,168,4.76,52,7
12013,2022,485,3.69,42,8
12013,2023,551,3.28,14,8
12013,2024,237,4.25,13,12
12013,2025,347,2.82,67,3
12014,2022,202,2.29,61,5
12014,2023,719,4.56,81,7
12014,2024,609,4.65,84,14
12014,2025,474,4.59,59,13
12015,2022,254,2.14,36,14
12015,2023,186,3.41,19,9
12015,2024,581,3.41,71,5
12015,2025,308,2.56,29,13
12016,2022,277,2.84,41,14
12016,2023,685,3.05,57,13
12016,2024,357,2.52,58,4
12016,2025,372,4.81,91,4
12017,2022,123,2.98,35,6
12017,2023,682,3.22,44,9
12017,2024,694,3.6,37,14
12017,2025,499,4.61,74,13
12018,2022,452,3.1,35,1
12018,2023,400,3.27,67,1
12018,2024,109,2.52,15,1
12018,2025,142,3.76,59,4
12019,2022,150,2.64,58,4
12019,2023,206,3.59,67,11
12019,2024,334,2.7,55,8
12019,2025,589,4.1,98,14
12020,2022,774,3.36,90,5
12020,2023,574,3.07,99,14
12020,2024,680,2.09,30,10
12020,2025,391,3.83,34,4
12021,2022,580,4.08,72,8
12021,2023,559,2.16,92,7
12021,2024,524,2.05,75,14
12021,2025,428,2.07,44,6
12022,2022,284,1.6,89,2
12022,2023,605,4.18,89,5
12022,2024,727,3.98,42,13
12022,2025,577,2.56,59,12
12023,2022,113,4.25,33,2
12023,2023,192,2.06,32,6
12023,2024,279,2.92,90,9
12023,2025,665,3.31,46,9
12024,2022,404,1.73,72,6
12024,2023,574,2.69,65,4
12024,2024,641,2.11,72,10
12024,2025,623,4.32,28,12
12025,2022,210,1.64,30,9
12025,2023,514,1.7,48,5
12025,2024,520,4.0,92,8
12025,2025,510,4.29,81,12
12026,2022,723,2.99,35,9
12026,2023,780,2.6,60,5
12026,2024,715,2.51,69,6
12026,2025,622,2.3,91,4
12027,2022,428,2.95,87,12
12027,2023,371,3.12,91,1
12027,2024,113,3.17,15,1
12027,2025,274,4.28,16,5
12028,2022,257,1.8,69,3
12028,2023,721,3.66,70,7
12028,2024,763,3.0,14,13
12028,2025,333,2.67,17,4
12029,2022,240,3.54,42,4
12029,2023,580,2.24,66,4
12029,2024,218,2.49,21,6
12029,2025,481,4.95,46,9
12030,2022,620,4.17,24,12
12030,2023,788,3.74,26,12
12030,2024,509,2.75,46,13
12030,2025,148,3.56,60,9
12031,2022,469,1.88,38,13
12031,2023,432,2.65,12,11
12031,2024,248,2.0,84,5
12031,2025,256,3.78,35,13
12032,2022,703,4.07,54,11
12032,2023,251,4.08,15,13
12032,2024,560,4.37,97,8
12032,2025,475,2.47,63,4
12033,2022,781,3.45,97,12
12033,2023,695,4.52,28,8
12033,2024,524,4.15,22,10
12033,2025,147,1.96,66,9
12034,2022,434,4.15,82,12
12034,2023,688,3.77,92,8
12034,2024,654,2.17,94,8
12034,2025,568,2.89,66,14
12035,2022,674,1.85,55,9
12035,2023,344,3.84,21,13
12035,2024,731,1.81,38,10
12035,2025,361,3.34,74,14
12036,2022,349,4.5,58,8
12036,2023,596,4.2,13,4
12036,2024,151,3.56,86,14
12036,2025,588,4.03,96,5
12037,2022,241,3.31,37,10
12037,2023,471,4.08,59,6
12037,2024,350,4.46,21,5
12037,2025,413,4.25,92,9
12038,2022,324,2.05,27,13
12038,2023,764,2.77,15,13
12038,2024,155,4.15,77,13
12038,2025,438,4.42,85,2
12039,2022,620,3.39,32,6
12039,2023,599,3.79,37,13
12039,2024,583,2.32,84,10
12039,2025,263,3.07,49,2
12040,2022,540,3.1,57,11
12040,2023,232,4.6,43,8
12040,2024,180,4.2,94,8
12040,2025,449,2.53,71,5
12041,2022,746,2.56,67,12
12041,2023,233,2.3,43,10
12041,2024,151,2.26,66,8
12041,2025,593,2.31,38,5
12042,2022,301,4.4,99,4
12042,2023,717,4.37,86,9
12042,2024,607,3.25,61,8
12042,2025,113,3.6,92,4
12043,2022,484,4.02,17,2
12043,2023,300,3.6,25,2
12043,2024,264,4.0,39,2
12043,2025,660,4.32,96,14
12044,2022,232,2.95,93,11
12044,2023,681,4.57,90,12
12044,2024,218,3.69,35,14
12044,2025,750,3.85,66,13
12045,2022,792,1.92,48,13
12045,2023,585,4.61,42,10
12045,2024,282,2.01,87,12
12045,2025,557,4.91,40,8
12046,2022,434,4.23,89,6
12046,2023,661,4.22,30,1
12046,2024,792,3.82,59,12
12046,2025,736,3.78,92,13
12047,2022,330,4.49,15,10
12047,2023,410,4.57,69,4
12047,2024,102,4.24,96,3
12047,2025,784,2.21,99,10
12048,2022,180,2.62,82,11
12048,2023,374,4.25,22,14
12048,2024,487,3.91,67,7
12048,2025,444,2.32,53,10
12049,2022,318,2.54,88,5
12049,2023,751,1.71,41,1
12049,2024,162,4.48,68,12
12049,2025,539,4.19,90,6
12050,2022,126,2.81,54,4
12050,2023,480,3.93,64,10
12050,2024,763,4.6,58,6
12050,2025,347,2.79,70,7
12051,2022,253,2.36,49,9
12051,2023,309,3.1,91,1
12051,2024,121,3.92,43,6
12051,2025,681,4.93,98,13
12052,2022,118,1.99,21,11
12052,2023,608,2.68,24,8
12052,2024,712,2.89,97,4
12052,2025,773,4.13,18,10
12053,2022,750,4.16,29,9
12053,2023,699,2.2,98,4
12053,2024,528,3.94,97,4
12053,2025,136,4.68,58,12
12054,2022,506,1.86,99,14
12054,2023,523,3.56,23,9
12054,2024,782,2.41,14,13
12054,2025,437,3.27,57,4
12055,2022,370,1.88,66,9
12055,2023,751,3.7,69,1
12055,2024,679,3.0,81,8
12055,2025,679,3.65,90,2
12056,2022,780,3.07,52,8
12056,2023,716,3.73,95,5
12056,2024,561,4.49,91,13
12056,2025,414,2.79,73,13
12057,2022,157,3.29,11,14
12057,2023,475,3.37,10,1
12057,2024,798,2.75,73,1
12057,2025,555,3.45,81,13
12058,2022,506,1.62,94,6
12058,2023,484,2.93,33,1
12058,2024,155,2.61,11,13
12058,2025,558,4.54,68,2
12059,2022,574,2.57,43,11
12059,2023,615,2.23,65,14
12059,2024,116,3.39,85,3
12059,2025,532,4.38,14,11
12060,2022,336,2.56,64,11
12060,2023,406,4.19,45,2
12060,2024,532,2.78,81,9
12060,2025,123,4.16,64,10
12061,2022,399,1.85,19,12
12061,2023,727,1.84,94,6
12061,2024,337,4.01,55,9
12061,2025,780,3.06,61,5
12062,2022,591,2.68,71,4
12062,2023,387,3.37,13,12
12062,2024,514,4.76,65,14
12062,2025,499,2.46,20,2
12063,2022,515,2.4,95,4
12063,2023,582,3.6,59,8
12063,2024,350,3.9,70,2
12063,2025,776,4.07,32,12
12064,2022,499,3.29,39,8
12064,2023,240,3.41,98,2
12064,2024,477,2.24,97,1
12064,2025,219,4.45,34,4
12065,2022,437,1.53,39,7
12065,2023,549,2.9,48,2
12065,2024,260,2.45,89,11
12065,2025,204,2.26,83,3
12066,2022,191,2.46,20,12
12066,2023,584,3.62,82,6
12066,2024,518,3.29,45,2
12066,2025,520,4.57,92,9
12067,2022,651,3.3,61,6
12067,2023,153,2.41,14,6
12067,2024,700,3.35,85,12
12067,2025,746,2.63,83,8
12068,2022,613,2.04,23,1
12068,2023,196,4.52,29,10
12068,2024,667,3.2,29,3
12068,2025,735,3.9,53,2
12069,2022,284,4.12,34,14
12069,2023,532,2.62,50,1
12069,2024,570,4.17,78,11
12069,2025,224,4.32,11,12
12070,2022,433,3.97,21,11
12070,2023,363,2.22,37,6
12070,2024,290,4.69,53,14
12070,2025,320,2.77,22,4
12071,2022,298,3.83,94,6
12071,2023,443,2.14,52,8
12071,2024,273,4.57,64,7
12071,2025,316,3.23,17,12
12072,2022,305,3.51,73,3
12072,2023,678,4.2,21,3
12072,2024,472,2.65,50,6
12072,2025,273,3.12,53,1
12073,2022,177,2.44,20,3
12073,2023,422,2.5,28,8
12073,2024,653,3.33,69,13
12073,2025,675,3.59,81,3
12074,2022,483,1.73,36,1
12074,2023,536,3.67,80,13
12074,2024,298,3.06,94,13
12074,2025,701,4.62,36,10
12075,2022,106,4.16,23,13
12075,2023,362,3.81,33,14
12075,2024,733,4.36,73,12
12075,2025,775,4.72,33,9
12076,2022,727,3.23,11,2
12076,2023,624,4.57,61,7
12076,2024,119,4.67,21,8
12076,2025,353,2.28,74,3
12077,2022,697,3.07,69,13
12077,2023,279,1.99,67,14
12077,2024,452,3.85,94,7
12077,2025,672,4.25,51,10
12078,2022,314,4.15,10,4
12078,2023,457,3.6,31,2
12078,2024,701,3.16,81,4
12078,2025,707,2.42,22,8
12079,2022,672,1.88,87,2
12079,2023,667,3.11,74,6
12079,2024,319,4.3,47,10
12079,2025,705,4.2,73,3
12080,2022,651,4.14,85,14
12080,2023,436,4.08,61,3
12080,2024,418,2.42,89,6
12080,2025,565,2.55,97,14
12081,2022,253,2.87,93,3
12081,2023,450,2.22,41,14
12081,2024,161,2.36,36,2
12081,2025,559,2.75,70,13
12082,2022,339,1.57,95,2
12082,2023,289,3.36,71,3
12082,2024,245,2.99,12,2
12082,2025,621,2.66,90,13
12083,2022,391,1.9,87,6
12083,2023,741,3.02,93,4
12083,2024,159,3.61,40,1
12083,2025,572,4.87,73,3
12084,2022,786,2.26,51,10
12084,2023,172,1.73,67,13
12084,2024,338,4.01,52,11
12084,2025,515,2.66,41,14
12085,2022,278,2.95,39,3
12085,2023,166,4.07,92,4
12085,2024,692,1.91,70,6
12085,2025,176,2.37,37,1
12086,2022,347,1.79,54,2
12086,2023,167,2.35,19,10
12086,2024,667,2.32,25,3
12086,2025,198,2.9,40,5
12087,2022,687,3.74,19,11
12087,2023,677,1.78,83,12
12087,2024,644,2.02,21,7
12087,2025,641,3.64,37,1
12088,2022,637,3.06,27,12
12088,2023,423,3.07,61,13
12088,2024,222,3.35,37,2
12088,2025,132,4.18,37,13
12089,2022,754,3.23,73,4
12089,2023,244,3.02,23,10
12089,2024,616,2.05,17,1
12089,2025,772,4.87,12,11
12090,2022,409,2.22,83,1
12090,2023,243,4.26,18,11
12090,2024,763,2.94,56,9
12090,2025,616,4.0,72,6
12091,2022,294,2.86,49,2
12091,2023,582,2.71,86,10
12091,2024,736,3.64,95,7
12091,2025,574,3.56,33,10
12092,2022,687,2.2,80,14
12092,2023,268,2.66,22,6
12092,2024,282,1.9,15,11
12092,2025,212,2.53,83,6
12093,2022,375,2.51,60,8
12093,2023,575,4.57,69,10
12093,2024,277,3.38,84,13
12093,2025,736,4.05,38,3
12094,2022,390,3.52,25,10
12094,2023,533,4.59,93,2
12094,2024,562,3.47,73,14
12094,2025,516,3.71,94,9
12095,2022,237,2.4,64,5
12095,2023,588,3.53,38,13
12095,2024,267,4.07,87,6
12095,2025,233,2.26,64,11
12096,2022,260,2.94,69,7
12096,2023,476,2.92,50,13
12096,2024,429,2.14,89,2
12096,2025,494,2.97,18,11
12097,2022,271,3.11,15,6
12097,2023,569,3.6,38,12
12097,2024,521,2.67,27,1
12097,2025,355,3.38,33,9
12098,2022,779,3.7,60,12
12098,2023,219,2.92,26,6
12098,2024,118,4.62,30,11
12098,2025,346,2.04,92,7
12099,2022,304,2.28,71,12
12099,2023,519,2.05,96,5
12099,2024,166,3.42,84,2
12099,2025,441,2.48,99,4
12100,2022,444,3.73,63,12
12100,2023,796,4.41,20,5
12100,2024,486,2.42,52,11
12100,2025,441,4.67,95,10
12101,2022,207,3.4,92,2
12101,2023,776,2.24,17,9
12101,2024,732,4.01,32,2
12101,2025,501,2.22,62,2
12102,2022,695,3.58,96,2
12102,2023,401,4.23,49,2
12102,2024,206,4.65,18,5
12102,2025,734,2.11,33,14
12103,2022,684,1.69,85,7
12103,2023,576,4.44,85,1
12103,2024,436,4.17,11,14
12103,2025,559,4.27,79,12
12104,2022,412,3.73,13,9
12104,2023,253,3.8,70,11
12104,2024,708,3.64,86,14
12104,2025,448,4.39,73,6
12105,2022,693,1.6,45,12
12105,2023,628,3.87,50,1
12105,2024,399,3.55,47,1
12105,2025,791,4.67,91,9
12106,2022,633,4.31,24,9
12106,2023,335,2.37,57,1
12106,2024,310,4.17,39,14
12106,2025,385,4.82,72,1
12107,2022,522,2.3,34,5
12107,2023,593,4.2,13,5
12107,2024,518,3.56,27,7
12107,2025,444,3.13,54,4
12108,2022,622,3.97,93,10
12108,2023,418,4.26,94,1
12108,2024,441,2.65,74,6
12108,2025,478,4.33,82,10
12109,2022,645,1.65,74,13
12109,2023,732,2.9,36,3
12109,2024,794,2.01,88,7
12109,2025,689,2.83,97,14
12110,2022,734,4.35,69,1
12110,2023,307,3.85,68,14
12110,2024,285,4.07,34,4
12110,2025,116,2.35,43,10
12111,2022,389,3.24,59,12
12111,2023,353,2.82,64,9
12111,2024,710,4.0,19,10
12111,2025,545,2.42,67,14
12112,2022,555,2.35,98,6
12112,2023,246,4.35,12,2
12112,2024,213,2.31,95,6
12112,2025,196,3.85,97,9
12113,2022,481,2.45,65,11
12113,2023,475,1.9,36,1
12113,2024,605,2.47,99,12
12113,2025,421,4.56,25,5
12114,2022,427,4.23,47,13
12114,2023,448,2.91,62,8
12114,2024,269,3.66,77,13
12114,2025,406,3.51,32,7
12115,2022,298,2.34,92,10
12115,2023,276,2.68,65,2
12115,2024,223,3.38,88,8
12115,2025,256,4.04,97,9
12116,2022,706,2.55,84,10
12116,2023,385,3.75,62,14
12116,2024,710,4.68,83,8
12116,2025,334,2.02,81,12
12117,2022,393,1.99,76,6
12117,2023,117,4.4,28,9
12117,2024,273,2.01,13,8
12117,2025,502,4.25,38,4
12118,2022,480,3.37,54,13
12118,2023,219,1.79,30,12
12118,2024,195,1.8,63,6
12118,2025,130,3.46,82,5
12119,2022,196,1.85,61,10
12119,2023,569,4.27,27,9
12119,2024,145,3.24,92,11
12119,2025,335,2.65,26,4
12120,2022,660,2.0,53,1
12120,2023,436,4.16,33,14
12120,2024,773,3.96,15,11
12120,2025,384,4.1,36,9
12121,2022,233,1.76,56,11
12121,2023,794,3.52,55,9
12121,2024,638,4.41,44,7
12121,2025,751,4.25,66,5
12122,2022,359,1.85,21,11
12122,2023,602,4.5,38,7
12122,2024,691,2.01,66,9
12122,2025,279,3.62,79,3
12123,2022,366,4.34,64,5
12123,2023,663,4.12,46,3
12123,2024,183,3.84,80,8
12123,2025,509,4.52,79,11
12124,2022,255,3.52,62,1
12124,2023,589,1.81,92,4
12124,2024,427,2.85,23,7
12124,2025,715,3.23,30,13
12125,2022,445,3.14,87,14
12125,2023,196,2.34,23,9
12125,2024,736,4.44,62,10
12125,2025,282,2.64,99,11
12126,2022,426,3.47,76,2
12126,2023,665,4.28,88,14
12126,2024,775,4.0,94,9
12126,2025,760,2.36,57,14
12127,2022,477,4.35,87,6
12127,2023,186,1.93,65,7
12127,2024,773,2.4,48,4
12127,2025,779,2.37,50,5
12128,2022,234,3.5,57,1
12128,2023,189,4.07,37,4
12128,2024,587,2.51,11,8
12128,2025,692,4.89,31,6
12129,2022,188,1.92,80,7
12129,2023,392,2.6,70,1
12129,2024,545,3.27,89,7
12129,2025,498,4.38,45,6
12130,2022,613,2.63,75,4
12130,2023,494,2.19,90,2
12130,2024,116,3.19,58,12
12130,2025,731,3.38,12,13
12131,2022,341,1.55,32,2
12131,2023,785,1.71,68,7
12131,2024,643,2.63,37,3
12131,2025,103,4.17,81,2
12132,2022,380,2.6,42,10
12132,2023,632,2.28,77,3
12132,2024,570,2.14,80,10
12132,2025,337,2.79,20,2
12133,2022,704,2.94,17,14
12133,2023,577,1.93,29,11
12133,2024,188,1.84,71,14
12133,2025,212,2.33,52,3
12134,2022,709,3.71,84,5
12134,2023,241,3.05,95,10
12134,2024,761,3.14,79,10
12134,2025,659,2.01,16,10
12135,2022,150,3.63,19,5
12135,2023,307,2.26,49,14
12135,2024,622,2.07,13,7
12135,2025,607,4.48,82,10
12136,2022,369,2.96,28,11
12136,2023,362,3.9,47,3
12136,2024,285,4.27,31,11
12136,2025,320,4.84,10,3
12137,2022,180,3.37,62,7
12137,2023,508,1.85,30,14
12137,2024,781,3.47,16,6
12137,2025,185,3.48,16,6
12138,2022,655,1.67,95,4
12138,2023,203,2.57,86,11
12138,2024,383,3.04,32,13
12138,2025,559,2.43,69,14
12139,2022,799,1.53,95,14
12139,2023,560,3.92,99,4
12139,2024,220,4.35,27,14
12139,2025,760,2.64,80,2
12140,2022,451,1.51,75,11
12140,2023,539,4.32,62,6
12140,2024,668,2.2,28,10
12140,2025,288,3.16,73,11
12141,2022,649,2.6,23,3
12141,2023,328,2.14,34,6
12141,2024,485,3.6,42,12
12141,2025,230,4.71,57,3
12142,2022,270,3.04,48,3
12142,2023,429,4.57,93,1
12142,2024,134,2.37,14,13
12142,2025,300,4.5,30,5
12143,2022,267,2.27,68,2
12143,2023,608,2.4,86,10
12143,2024,610,2.15,23,12
12143,2025,345,4.54,72,2
12144,2022,323,3.68,63,9
12144,2023,440,2.67,89,2
12144,2024,669,2.85,54,11
12144,2025,636,4.48,59,2
12145,2022,539,4.28,50,6
12145,2023,643,3.46,10,10
12145,2024,721,3.02,11,11
12145,2025,712,2.11,81,1
12146,2022,249,1.88,22,8
12146,2023,720,2.08,28,13
12146,2024,455,2.63,60,1
12146,2025,632,2.72,11,9
12147,2022,472,3.13,19,4
12147,2023,511,4.48,78,12
12147,2024,351,4.38,96,3
12147,2025,113,3.48,39,7
12148,2022,314,1.55,74,8
12148,2023,635,1.86,53,12
12148,2024,119,4.38,51,14
12148,2025,587,2.8,12,5
12149,2022,535,2.45,39,3
12149,2023,420,2.07,46,14
12149,2024,151,2.47,37,4
12149,2025,456,2.69,60,10
12150,2022,797,2.74,94,6
12150,2023,706,3.52,22,12
12150,2024,447,2.86,49,5
12150,2025,425,3.3,35,4
12151,2022,626,2.05,39,3
12151,2023,786,1.82,33,6
12151,2024,318,2.84,47,7
12151,2025,621,2.14,78,2
12152,2022,504,2.4,25,6
12152,2023,118,4.16,64,3
12152,2024,679,2.9,58,10
12152,2025,393,2.53,89,8
12153,2022,114,4.21,61,14
12153,2023,425,3.57,58,2
12153,2024,725,4.76,73,5
12153,2025,257,2.85,57,14
12154,2022,203,2.1,83,8
12154,2023,697,2.54,91,9
12154,2024,705,4.24,47,13
12154,2025,785,2.4,26,7
12155,2022,381,2.22,50,9
12155,2023,246,3.75,63,14
12155,2024,613,4.01,49,9
12155,2025,167,4.83,40,8
12156,2022,603,4.44,99,7
12156,2023,168,3.64,35,6
12156,2024,658,2.89,85,13
12156,2025,512,3.31,27,12
12157,2022,163,2.82,44,13
12157,2023,691,2.81,84,11
12157,2024,336,2.81,65,3
12157,2025,495,2.45,39,8
12158,2022,238,2.6,54,3
12158,2023,415,4.56,84,11
12158,2024,765,4.45,61,9
12158,2025,522,3.8,77,9
12159,2022,231,2.08,64,13
12159,2023,325,4.29,19,10
12159,2024,703,2.74,63,10
12159,2025,572,3.59,43,14
12160,2022,217,4.24,72,9
12160,2023,737,2.65,40,4
12160,2024,438,4.54,73,9
12160,2025,518,2.66,59,12
12161,2022,534,4.29,37,2
12161,2023,278,2.73,46,1
12161,2024,561,2.92,41,8
12161,2025,696,3.61,90,6
12162,2022,775,2.54,44,13
12162,2023,203,3.0,66,11
12162,2024,213,3.3,70,10
12162,2025,799,3.42,94,9
12163,2022,370,4.38,41,9
12163,2023,662,2.5,17,3
12163,2024,405,2.65,89,2
12163,2025,722,4.46,44,13
12164,2022,154,2.68,32,7
12164,2023,623,1.87,95,5
12164,2024,533,3.24,47,13
12164,2025,289,3.6,28,10
12165,2022,488,3.35,63,6
12165,2023,766,2.36,54,5
12165,2024,434,4.72,45,4
12165,2025,445,4.16,58,1
12166,2022,364,3.66,69,4
12166,2023,203,4.27,65,10
12166,2024,774,1.88,82,13
12166,2025,240,3.79,73,13
12167,2022,655,3.95,71,13
12167,2023,338,1.75,68,3
12167,2024,529,4.07,10,3
12167,2025,708,4.92,90,14
12168,2022,197,3.28,99,5
12168,2023,560,2.92,86,1
12168,2024,664,3.16,14,11
12168,2025,720,3.99,28,6
12169,2022,356,3.21,67,2
12169,2023,110,4.01,66,13
12169,2024,277,3.06,51,1
12169,2025,492,3.2,82,11
12170,2022,393,3.74,15,8
12170,2023,496,3.59,94,10
12170,2024,488,4.13,31,3
12170,2025,636,4.61,62,14
12171,2022,737,2.29,66,6
12171,2023,365,2.6,60,2
12171,2024,232,3.38,14,5
12171,2025,377,4.74,31,9
12172,2022,653,4.0,16,7
12172,2023,200,3.06,73,4
12172,2024,503,3.52,66,3
12172,2025,383,4.09,35,9
12173,2022,376,3.07,34,4
12173,2023,238,1.95,78,5
12173,2024,320,2.86,41,6
12173,2025,168,2.09,17,10
12174,2022,276,3.51,18,5
12174,2023,472,2.66,63,9
12174,2024,644,4.02,29,1
12174,2025,400,3.24,77,11
12175,2022,327,1.64,76,6
12175,2023,747,2.79,53,4
12175,2024,471,2.46,50,4
12175,2025,745,2.59,51,3
12176,2022,498,2.63,20,14
12176,2023,242,4.58,52,5
12176,2024,236,4.68,95,8
12176,2025,672,4.36,17,4
12177,2022,155,2.24,55,7
12177,2023,744,3.94,43,14
12177,2024,481,1.85,77,8
12177,2025,570,2.12,24,5
12178,2022,307,4.01,27,10
12178,2023,737,3.34,20,1
12178,2024,734,2.92,28,8
12178,2025,134,4.17,82,10
12179,2022,365,1.84,34,3
12179,2023,702,2.51,31,4
12179,2024,120,3.98,96,10
12179,2025,239,2.57,71,7
12180,2022,364,3.3,46,9
12180,2023,499,2.99,19,4
12180,2024,556,2.41,90,13
12180,2025,219,4.62,61,4
12181,2022,482,2.81,86,6
12181,2023,634,3.45,77,9
12181,2024,138,2.56,37,4
12181,2025,739,2.99,39,10
12182,2022,121,1.65,55,8
12182,2023,666,3.1,49,3
12182,2024,146,2.83,30,2
12182,2025,638,2.94,24,14
12183,2022,483,4.17,12,4
12183,2023,581,3.76,90,14
12183,2024,147,3.17,88,13
12183,2025,778,2.54,78,4
12184,2022,180,4.42,17,7
12184,2023,729,1.87,18,14
12184,2024,144,2.21,99,7
12184,2025,374,2.76,11,9
12185,2022,792,4.36,46,10
12185,2023,410,2.49,21,2
12185,2024,331,3.27,28,4
12185,2025,185,4.23,36,3
12186,2022,204,4.29,33,12
12186,2023,276,3.47,75,3
12186,2024,689,2.95,25,7
12186,2025,737,4.91,11,12
12187,2022,288,1.58,30,10
12187,2023,159,4.15,19,6
12187,2024,319,2.63,67,3
12187,2025,687,4.4,26,8
12188,2022,702,1.99,85,8
12188,2023,215,2.69,16,7
12188,2024,569,1.97,82,9
12188,2025,266,2.55,55,14
12189,2022,737,3.31,59,3
12189,2023,544,3.93,19,5
12189,2024,332,4.53,25,6
12189,2025,213,2.31,10,9
12190,2022,607,1.92,18,4
12190,2023,711,4.47,22,5
12190,2024,250,4.1,70,9
12190,2025,683,3.57,57,12
12191,2022,469,2.93,25,11
12191,2023,448,2.12,50,4
12191,2024,266,2.94,39,2
12191,2025,171,3.07,86,9
12192,2022,452,3.45,81,11
12192,2023,110,3.45,64,12
12192,2024,737,1.98,20,3
12192,2025,252,4.5,61,11
12193,2022,261,4.31,84,6
12193,2023,485,3.99,57,9
12193,2024,790,2.34,16,3
12193,2025,243,2.47,63,8
12194,2022,238,3.68,10,9
12194,2023,305,2.97,96,3
12194,2024,195,4.14,41,3
12194,2025,680,2.18,71,4
12195,2022,455,3.65,24,13
12195,2023,570,2.92,91,1
12195,2024,417,1.89,70,2
12195,2025,611,3.59,87,14
12196,2022,118,3.6,86,1
12196,2023,512,3.23,65,3
12196,2024,506,2.17,43,6
12196,2025,501,4.4,29,8
12197,2022,200,2.45,33,5
12197,2023,692,4.41,37,8
12197,2024,794,4.52,20,6
12197,2025,117,2.55,95,1
12198,2022,254,2.93,39,3
12198,2023,228,2.06,47,14
12198,2024,414,3.83,90,2
12198,2025,465,4.51,95,6
12199,2022,561,3.45,10,8
12199,2023,260,2.43,93,6
12199,2024,730,2.03,78,4
12199,2025,475,2.16,42,4
12200,2022,431,3.33,74,9
12200,2023,784,4.51,53,1
12200,2024,764,3.89,73,2
12200,2025,119,4.14,18,4
12201,2022,645,2.49,41,3
12201,2023,671,3.41,63,9
12201,2024,561,2.75,35,5
12201,2025,257,4.65,71,8
12202,2022,463,1.9,51,4
12202,2023,704,3.55,57,11
12202,2024,422,3.99,15,4
12202,2025,188,4.05,39,14
12203,2022,272,2.27,32,10
12203,2023,139,3.11,98,13
12203,2024,302,3.79,34,11
12203,2025,658,4.74,22,3
12204,2022,342,3.0,34,9
12204,2023,605,2.55,26,10
12204,2024,187,2.96,36,2
12204,2025,768,3.57,20,11
12205,2022,773,4.43,15,12
12205,2023,631,3.53,88,11
12205,2024,759,2.26,46,3
12205,2025,250,4.48,97,3
12206,2022,199,2.04,84,11
12206,2023,346,1.77,81,11
12206,2024,724,2.1,46,3
12206,2025,636,4.31,83,4
12207,2022,595,4.21,68,5
12207,2023,388,2.45,19,6
12207,2024,514,3.29,10,5
12207,2025,714,3.74,61,9
12208,2022,178,2.76,96,7
12208,2023,484,1.85,27,7
12208,2024,537,1.97,96,7
12208,2025,627,3.27,14,13
12209,2022,440,3.89,93,12
12209,2023,158,1.9,57,11
12209,2024,736,2.42,42,7
12209,2025,643,2.76,66,2
12210,2022,789,3.18,34,8
12210,2023,318,1.78,53,12
12210,2024,199,4.38,96,10
12210,2025,202,3.36,75,1
12211,2022,729,2.96,77,6
12211,2023,218,2.63,34,12
12211,2024,106,2.44,54,11
12211,2025,487,3.04,32,3
12212,2022,577,4.24,50,6
12212,2023,621,1.93,96,6
12212,2024,380,1.98,42,8
12212,2025,141,2.29,37,4
12213,2022,658,3.83,17,12
12213,2023,195,1.8,38,3
12213,2024,603,2.8,65,2
12213,2025,345,3.22,24,12
12214,2022,323,3.02,24,6
12214,2023,213,1.66,46,3
12214,2024,643,3.26,28,13
12214,2025,429,2.53,68,4
12215,2022,602,1.79,60,9
12215,2023,252,3.25,94,7
12215,2024,316,4.03,44,14
12215,2025,588,4.75,99,1
12216,2022,371,4.24,95,14
12216,2023,499,2.85,45,4
12216,2024,449,3.91,62,11
12216,2025,521,4.04,89,8
12217,2022,360,2.74,21,10
12217,2023,618,1.94,37,4
12217,2024,363,2.95,80,1
12217,2025,417,4.93,42,10
12218,2022,215,3.17,97,13
12218,2023,311,2.67,84,2
12218,2024,259,4.03,88,5
12218,2025,576,4.01,92,6
12219,2022,740,3.24,64,1
12219,2023,247,3.56,88,5
12219,2024,546,3.55,82,8
12219,2025,177,4.82,86,8
12220,2022,361,3.03,59,2
12220,2023,151,3.42,38,9
12220,2024,357,3.21,67,2
12220,2025,650,3.75,35,4
12221,2022,347,4.17,32,10
12221,2023,387,2.67,26,4
12221,2024,353,3.29,14,4
12221,2025,727,3.3,68,7
12222,2022,313,2.69,25,8
12222,2023,191,4.11,30,13
12222,2024,643,2.5,14,8
12222,2025,704,3.45,67,4
12223,2022,331,4.27,35,13
12223,2023,742,2.13,52,4
12223,2024,112,1.81,68,6
12223,2025,632,2.75,95,9
12224,2022,544,4.27,67,5
12224,2023,602,1.91,11,2
12224,2024,625,2.21,53,13
12224,2025,718,2.91,85,14
12225,2022,505,3.81,35,9
12225,2023,739,3.9,53,12
12225,2024,643,2.06,98,9
12225,2025,780,4.75,28,11
12226,2022,387,2.22,58,1
12226,2023,525,2.49,90,9
12226,2024,535,2.96,66,7
12226,2025,180,3.85,15,1
12227,2022,587,3.06,32,2
12227,2023,281,4.44,91,2
12227,2024,457,3.49,52,8
12227,2025,354,4.52,53,1
12228,2022,265,1.73,75,11
12228,2023,564,4.22,54,3
12228,2024,355,2.39,28,13
12228,2025,522,3.04,13,1
12229,2022,297,2.46,66,5
12229,2023,312,2.66,91,4
12229,2024,656,4.56,18,3
12229,2025,624,3.27,57,8
12230,2022,151,2.3,45,12
12230,2023,364,2.53,76,7
12230,2024,424,4.21,27,4
12230,2025,654,3.57,49,1
12231,2022,106,2.85,98,7
12231,2023,143,4.43,75,3
12231,2024,271,4.59,74,5
12231,2025,201,4.22,97,12
12232,2022,679,3.05,33,8
12232,2023,733,2.0,62,9
12232,2024,688,3.92,51,10
12232,2025,395,4.4,62,11
12233,2022,304,4.06,71,10
12233,2023,590,3.4,71,7
12233,2024,417,3.65,77,6
12233,2025,270,4.08,44,5
12234,2022,317,4.12,66,5
12234,2023,600,1.79,70,13
12234,2024,292,3.49,21,11
12234,2025,432,3.06,58,4
12235,2022,252,4.0,96,7
12235,2023,652,2.05,31,1
12235,2024,122,4.53,99,14
12235,2025,797,2.32,77,12
12236,2022,315,1.77,80,3
12236,2023,142,2.69,32,6
12236,2024,460,4.78,16,10
12236,2025,724,3.85,31,1
12237,2022,513,1.58,49,13
12237,2023,517,2.4,28,7
12237,2024,721,2.25,62,2
12237,2025,749,1.95,39,7
12238,2022,716,3.04,35,14
12238,2023,415,2.79,50,4
12238,2024,751,3.64,31,9
12238,2025,529,2.6,70,5
12239,2022,598,3.99,82,1
12239,2023,448,2.8,55,12
12239,2024,174,3.25,67,11
12239,2025,332,4.15,38,4
12240,2022,669,2.0,62,11
12240,2023,137,2.44,27,13
12240,2024,361,2.26,40,4
12240,2025,545,4.25,41,12
12241,2022,311,1.79,18,4
12241,2023,557,3.12,46,12
12241,2024,749,4.05,17,3
12241,2025,381,3.47,33,3
12242,2022,669,3.03,77,10
12242,2023,664,1.84,61,5
12242,2024,305,4.15,55,5
12242,2025,104,3.76,26,11
12243,2022,718,3.5,30,2
12243,2023,342,3.95,57,10
12243,2024,247,3.48,18,12
12243,2025,790,3.48,78,10
12244,2022,785,3.49,14,13
12244,2023,422,4.35,15,9
12244,2024,486,3.72,81,3
12244,2025,492,4.31,57,4
12245,2022,750,2.94,55,2
12245,2023,786,3.42,88,8
12245,2024,349,2.34,82,7
12245,2025,527,3.42,72,3
12246,2022,468,1.95,12,11
12246,2023,747,3.05,40,11
12246,2024,546,1.99,16,5
12246,2025,121,3.68,25,12
12247,2022,649,2.36,24,1
12247,2023,638,4.17,16,12
12247,2024,381,2.93,47,6
12247,2025,378,4.7,17,10
12248,2022,219,2.92,65,6
12248,2023,352,4.2,89,12
12248,2024,576,2.69,10,5
12248,2025,164,3.3,28,9
12249,2022,685,3.4,87,4
12249,2023,402,2.43,28,2
12249,2024,416,3.77,96,12
12249,2025,273,2.82,13,7
12250,2022,514,2.95,73,5
12250,2023,359,1.72,11,7
12250,2024,384,2.03,85,7
12250,2025,172,2.63,32,7
12251,2022,178,3.92,65,3
12251,2023,143,3.63,91,13
12251,2024,102,4.48,60,5
12251,2025,542,4.66,90,13
12252,2022,178,2.62,40,1
12252,2023,476,2.75,67,6
12252,2024,792,4.31,45,4
12252,2025,238,3.23,99,2
12253,2022,106,4.07,21,3
12253,2023,612,3.17,44,3
12253,2024,795,3.07,89,14
12253,2025,176,2.79,13,1
12254,2022,142,1.88,37,7
12254,2023,256,3.23,42,10
12254,2024,629,2.78,83,14
12254,2025,319,2.7,40,3
12255,2022,684,2.01,87,7
12255,2023,289,2.82,14,10
12255,2024,361,3.47,19,10
12255,2025,243,4.46,34,12
12256,2022,584,3.96,50,9
12256,2023,740,4.22,26,13
12256,2024,377,3.53,70,13
12256,2025,762,3.63,93,6
12257,2022,406,4.22,69,8
12257,2023,706,2.52,42,11
12257,2024,649,2.24,18,11
12257,2025,255,2.2,59,1
12258,2022,399,4.14,40,8
12258,2023,446,2.77,14,8
12258,2024,522,3.3,55,12
12258,2025,525,4.36,13,3
12259,2022,141,2.62,40,6
12259,2023,415,4.25,13,14
12259,2024,737,2.77,27,14
12259,2025,176,4.15,91,14
12260,2022,195,3.5,43,6
12260,2023,362,2.25,57,7
12260,2024,722,2.17,72,3
12260,2025,304,2.28,23,10
12261,2022,387,3.45,99,1
12261,2023,362,1.69,96,13
12261,2024,687,3.78,42,9
12261,2025,754,4.3,90,6
12262,2022,414,2.41,51,5
12262,2023,468,3.89,41,2
12262,2024,696,2.3,52,4
12262,2025,351,4.83,66,5
12263,2022,432,2.2,24,10
12263,2023,525,3.12,59,4
12263,2024,394,4.74,80,10
12263,2025,741,4.67,72,4
12264,2022,384,3.48,79,11
12264,2023,416,2.76,18,6
12264,2024,611,3.9,22,4
12264,2025,128,3.33,27,13
12265,2022,393,1.83,44,12
12265,2023,106,4.04,10,9
12265,2024,641,4.41,97,12
12265,2025,314,3.17,45,2
12266,2022,726,3.5,89,5
12266,2023,314,1.74,91,14
12266,2024,263,2.39,76,3
12266,2025,269,3.66,55,8
12267,2022,320,2.32,46,14
12267,2023,359,4.48,81,3
12267,2024,360,4.31,91,8
12267,2025,741,3.92,38,8
12268,2022,716,4.5,53,2
12268,2023,665,2.38,77,11
12268,2024,719,4.56,85,13
12268,2025,571,2.86,86,10
12269,2022,354,3.29,23,13
12269,2023,377,2.95,87,7
12269,2024,658,3.13,60,11
12269,2025,745,4.24,83,6
12270,2022,123,2.54,95,11
12270,2023,532,3.17,18,1
12270,2024,728,2.44,97,2
12270,2025,577,4.24,90,4
12271,2022,593,3.16,97,2
12271,2023,481,2.42,78,5
12271,2024,473,2.6,43,3
12271,2025,652,2.83,74,6
12272,2022,422,3.6,36,9
12272,2023,188,3.44,49,14
12272,2024,191,4.27,17,10
12272,2025,476,3.66,15,7
12273,2022,180,2.42,62,14
12273,2023,741,4.54,14,5
12273,2024,702,4.46,63,1
12273,2025,199,2.79,27,1
12274,2022,689,4.24,80,1
12274,2023,654,3.81,45,3
12274,2024,222,3.04,63,7
12274,2025,495,3.35,43,13
12275,2022,122,2.84,41,9
12275,2023,755,4.04,60,14
12275,2024,618,2.33,12,6
12275,2025,376,2.13,74,7
12276,2022,797,3.0,94,14
12276,2023,194,2.52,22,11
12276,2024,481,3.49,17,3
12276,2025,476,4.88,53,11
12277,2022,124,3.51,39,8
12277,2023,390,4.53,17,10
12277,2024,326,4.0,67,6
12277,2025,272,2.18,96,3
12278,2022,746,4.17,17,13
12278,2023,552,2.25,70,12
12278,2024,387,4.39,88,2
12278,2025,168,4.2,62,9
12279,2022,380,4.02,80,11
12279,2023,441,2.41,85,7
12279,2024,432,4.22,45,14
12279,2025,485,3.78,83,10
12280,2022,441,1.75,71,10
12280,2023,416,4.32,28,13
12280,2024,406,4.43,27,9
12280,2025,272,3.67,53,4
12281,2022,643,2.86,29,4
12281,2023,299,2.85,11,6
12281,2024,691,3.61,39,2
12281,2025,174,4.48,60,10
12282,2022,696,3.2,53,1
12282,2023,316,2.04,56,14
12282,2024,732,2.72,52,10
12282,2025,631,3.95,20,3
12283,2022,548,3.44,95,12
12283,2023,760,3.21,51,14
12283,2024,106,2.52,28,11
12283,2025,492,2.76,12,5
12284,2022,697,2.95,13,2
12284,2023,485,2.83,47,9
12284,2024,600,2.75,82,13
12284,2025,246,4.44,81,13
12285,2022,415,3.01,43,1
12285,2023,553,3.16,60,13
12285,2024,286,3.08,40,3
12285,2025,424,3.99,92,5
12286,2022,417,2.03,46,1
12286,2023,493,4.48,53,4
12286,2024,478,2.11,68,10
12286,2025,573,4.08,27,1
12287,2022,799,3.61,34,11
12287,2023,117,1.99,19,11
12287,2024,248,4.78,78,12
12287,2025,657,2.05,88,11
12288,2022,111,2.59,34,7
12288,2023,561,2.92,93,1
12288,2024,724,4.21,60,3
12288,2025,259,2.04,62,4
12289,2022,794,3.17,19,4
12289,2023,666,2.26,58,14
12289,2024,365,3.52,47,13
12289,2025,646,3.89,55,7
12290,2022,179,1.6,79,5
12290,2023,617,1.85,20,11
12290,2024,738,2.06,92,8
12290,2025,167,4.51,25,3
12291,2022,343,4.28,41,14
12291,2023,108,2.96,11,8
12291,2024,256,4.42,67,11
12291,2025,682,3.38,99,11
12292,2022,563,2.7,94,13
12292,2023,745,3.24,47,9
12292,2024,399,4.17,88,14
12292,2025,419,2.62,66,9
12293,2022,348,2.41,86,9
12293,2023,422,4.2,80,14
12293,2024,655,4.55,68,13
12293,2025,727,2.32,66,1
12294,2022,561,3.61,76,14
12294,2023,497,1.68,24,9
12294,2024,492,2.54,93,8
12294,2025,327,2.16,67,13
12295,2022,668,3.05,12,2
12295,2023,343,2.68,67,3
12295,2024,156,2.21,36,7
12295,2025,242,1.95,24,3
12296,2022,291,2.67,69,2
12296,2023,618,2.53,12,4
12296,2024,503,1.94,37,9
12296,2025,374,4.51,56,2
12297,2022,745,2.73,74,1
12297,2023,138,3.97,62,10
12297,2024,292,3.07,29,14
12297,2025,426,2.15,20,7
12298,2022,582,2.68,34,14
12298,2023,124,4.31,72,11
12298,2024,201,1.82,13,1
12298,2025,762,4.64,92,6
12299,2022,316,3.47,63,14
12299,2023,366,4.64,69,5
12299,2024,261,4.55,37,11
12299,2025,386,4.56,19,8
12300,2022,777,1.61,94,3
12300,2023,346,2.49,45,3
12300,2024,273,2.92,89,1
12300,2025,495,4.05,42,4
12301,2022,108,3.45,68,10
12301,2023,547,2.17,54,10
12301,2024,670,4.01,60,6
12301,2025,696,2.42,55,5
12302,2022,761,2.87,22,7
12302,2023,420,3.39,13,12
12302,2024,671,4.41,51,11
12302,2025,224,3.84,36,10
12303,2022,140,4.36,17,1
12303,2023,436,4.63,55,3
12303,2024,784,3.33,17,11
12303,2025,425,2.1,98,14
12304,2022,784,1.58,35,4
12304,2023,285,4.22,10,6
12304,2024,340,3.3,92,4
12304,2025,438,3.05,70,7
12305,2022,193,2.35,93,14
12305,2023,515,2.5,91,10
12305,2024,162,2.02,99,10
12305,2025,619,2.86,48,3
12306,2022,308,3.43,18,8
12306,2023,308,2.81,36,13
12306,2024,475,4.64,79,7
12306,2025,184,3.95,29,3
12307,2022,306,4.09,74,9
12307,2023,446,1.99,25,13
12307,2024,764,3.15,77,10
12307,2025,260,2.07,76,13
12308,2022,549,4.19,31,5
12308,2023,215,2.09,82,2
12308,2024,461,4.22,65,9
12308,2025,350,4.72,66,8
12309,2022,282,2.83,63,8
12309,2023,775,2.82,17,1
12309,2024,427,3.6,16,14
12309,2025,691,4.17,85,4
12310,2022,106,3.44,10,7
12310,2023,698,1.65,63,6
12310,2024,619,4.16,21,12
12310,2025,486,2.39,89,9
12311,2022,469,2.85,23,8
12311,2023,647,2.5,28,9
12311,2024,711,4.58,28,4
12311,2025,178,3.46,86,8
12312,2022,320,3.07,83,14
12312,2023,698,1.88,37,12
12312,2024,669,4.49,86,6
12312,2025,511,2.67,24,9
12313,2022,578,2.74,90,10
12313,2023,781,4.61,72,1
12313,2024,196,2.14,32,6
12313,2025,757,4.11,52,10
12314,2022,492,2.28,19,10
12314,2023,567,2.91,45,2
12314,2024,470,3.05,72,12
12314,2025,492,4.75,58,3
12315,2022,117,1.53,23,9
12315,2023,283,2.75,43,5
12315,2024,242,4.36,48,5
12315,2025,562,4.68,41,1
12316,2022,606,2.43,89,10
12316,2023,433,2.38,99,12
12316,2024,161,3.18,90,14
12316,2025,262,4.19,31,12
12317,2022,651,1.96,44,2
12317,2023,278,4.0,32,9
12317,2024,334,3.34,34,7
12317,2025,159,2.37,78,13
12318,2022,327,3.52,15,4
12318,2023,338,3.53,99,7
12318,2024,667,3.67,69,10
12318,2025,183,4.21,15,12
12319,2022,140,2.04,28,2
12319,2023,537,3.74,28,12
12319,2024,628,4.46,96,5
12319,2025,204,3.54,21,12
12320,2022,636,2.96,22,9
12320,2023,481,4.04,95,11
12320,2024,192,2.24,59,2
12320,2025,314,2.97,76,3
12321,2022,795,4.06,85,5
12321,2023,316,3.15,40,5
12321,2024,588,4.32,86,8
12321,2025,250,2.71,32,7
12322,2022,473,2.67,86,3
12322,2023,730,4.12,79,5
12322,2024,548,2.29,67,8
12322,2025,521,4.63,76,5
12323,2022,745,2.43,80,14
12323,2023,306,4.57,19,2
12323,2024,769,4.28,77,10
12323,2025,576,3.32,53,2
12324,2022,687,3.73,79,1
12324,2023,663,3.32,91,6
12324,2024,325,4.36,80,1
12324,2025,705,3.5,96,8
12325,2022,789,4.46,17,1
12325,2023,486,2.05,97,8
12325,2024,205,3.83,37,6
12325,2025,175,2.69,64,9
12326,2022,615,2.07,76,3
12326,2023,286,2.87,86,14
12326,2024,631,2.9,48,14
12326,2025,374,2.09,42,7
12327,2022,747,2.78,89,2
12327,2023,638,4.51,84,5
12327,2024,747,3.2,38,12
12327,2025,117,2.86,98,1
12328,2022,384,4.35,26,5
12328,2023,401,3.17,46,8
12328,2024,598,2.66,15,10
12328,2025,749,4.3,55,3
12329,2022,356,2.17,23,6
12329,2023,318,2.39,92,13
12329,2024,743,2.77,46,4
12329,2025,456,3.13,85,8
12330,2022,355,3.25,92,13
12330,2023,707,3.2,94,14
12330,2024,373,4.03,38,2
12330,2025,433,4.1,90,5
12331,2022,467,1.64,58,6
12331,2023,114,2.05,11,11
12331,2024,278,2.45,79,8
12331,2025,544,3.74,98,2
12332,2022,502,4.19,92,9
12332,2023,187,2.62,79,7
12332,2024,193,4.69,74,10
12332,2025,494,2.47,55,13
12333,2022,127,4.27,72,14
12333,2023,796,4.05,94,4
12333,2024,174,2.97,30,10
12333,2025,153,2.57,36,2
12334,2022,420,2.67,72,8
12334,2023,658,2.29,32,2
12334,2024,333,3.48,48,2
12334,2025,729,3.67,67,13
12335,2022,329,3.8,54,9
12335,2023,431,3.23,90,4
12335,2024,793,2.84,23,7
12335,2025,571,4.68,31,10
12336,2022,416,1.73,26,14
12336,2023,200,4.08,38,4
12336,2024,347,3.03,47,5
12336,2025,579,2.49,99,1
12337,2022,724,1.86,40,10
12337,2023,320,2.31,67,1
12337,2024,438,2.17,26,10
12337,2025,247,3.33,32,10
12338,2022,395,2.55,91,14
12338,2023,506,2.72,94,3
12338,2024,680,2.27,29,6
12338,2025,577,3.93,85,12
12339,2022,123,3.32,13,1
12339,2023,285,4.6,82,12
12339,2024,269,2.3,84,12
12339,2025,643,4.45,58,4
12340,2022,537,1.6,35,9
12340,2023,400,1.87,41,2
12340,2024,787,3.74,37,2
12340,2025,463,3.17,60,2
12341,2022,276,2.19,49,10
12341,2023,243,1.66,46,10
12341,2024,622,3.79,60,7
12341,2025,580,3.27,66,7
12342,2022,591,2.01,89,6
12342,2023,585,4.57,81,2
12342,2024,758,2.85,76,5
12342,2025,584,2.86,12,13
12343,2022,536,3.03,83,6
12343,2023,294,2.48,72,6
12343,2024,565,2.62,21,10
12343,2025,175,4.85,88,6
12344,2022,259,2.28,60,6
12344,2023,589,3.47,20,1
12344,2024,199,1.91,15,12
12344,2025,215,2.41,21,4
12345,2022,479,1.57,91,1
12345,2023,694,3.25,34,13
12345,2024,162,3.27,35,12
12345,2025,231,2.94,97,13
12346,2022,347,3.6,67,3
12346,2023,494,3.53,89,12
12346,2024,742,3.6,45,11
12346,2025,510,2.96,45,14
12347,2022,527,2.48,30,11
12347,2023,769,4.27,58,11
12347,2024,425,3.43,93,11
12347,2025,645,2.77,69,2
12348,2022,474,3.13,71,2
12348,2023,397,2.45,28,6
12348,2024,378,2.36,20,1
12348,2025,395,2.8,87,4
12349,2022,626,3.39,89,9
12349,2023,214,3.2,12,3
12349,2024,592,2.29,66,8
12349,2025,156,4.67,95,9
12350,2022,241,2.99,78,2
12350,2023,751,4.03,62,5
12350,2024,718,2.79,75,6
12350,2025,508,4.82,21,5
12351,2022,177,3.76,71,6
12351,2023,101,3.01,54,5
12351,2024,134,4.51,66,7
12351,2025,494,4.1,11,5
12352,2022,317,2.79,64,5
12352,2023,166,4.57,28,12
12352,2024,168,2.7,70,7
12352,2025,323,2.72,33,3
12353,2022,460,4.18,14,10
12353,2023,557,3.77,35,7
12353,2024,393,2.84,44,8
12353,2025,425,2.65,28,5
12354,2022,302,2.03,40,4
12354,2023,692,2.59,92,2
12354,2024,677,2.18,53,5
12354,2025,396,2.39,28,6
12355,2022,360,3.83,93,14
12355,2023,617,1.84,90,11
12355,2024,231,3.12,21,9
12355,2025,424,3.16,44,6
12356,2022,167,4.38,99,6
12356,2023,225,3.05,67,6
12356,2024,492,2.28,81,8
12356,2025,501,2.22,34,6
12357,2022,782,3.7,34,11
12357,2023,435,2.09,95,11
12357,2024,128,4.61,22,13
12357,2025,787,3.63,51,14
12358,2022,716,2.71,24,1
12358,2023,144,3.7,32,1
12358,2024,200,2.4,37,10
12358,2025,325,3.1,22,12
12359,2022,518,1.6,84,14
12359,2023,715,4.28,53,2
12359,2024,361,3.08,87,13
12359,2025,776,4.23,61,1
12360,2022,391,4.25,44,3
12360,2023,311,3.61,56,3
12360,2024,755,2.93,44,4
12360,2025,555,3.81,59,6
12361,2022,335,2.58,96,13
12361,2023,633,3.35,49,13
12361,2024,168,3.1,86,10
12361,2025,680,2.4,79,7
12362,2022,345,3.84,51,14
12362,2023,674,3.14,24,9
12362,2024,336,2.37,69,8
12362,2025,430,4.63,67,6
12363,2022,462,4.06,78,9
12363,2023,630,3.33,42,4
12363,2024,564,4.71,49,11
12363,2025,328,4.73,11,6
12364,2022,608,4.19,42,7
12364,2023,481,2.05,34,2
12364,2024,226,2.68,68,12
12364,2025,757,3.18,36,1
12365,2022,213,4.0,65,14
12365,2023,342,4.26,34,10
12365,2024,244,4.05,14,8
12365,2025,652,3.37,71,13
12366,2022,772,1.99,52,8
12366,2023,538,1.76,77,11
12366,2024,437,3.9,87,7
12366,2025,507,4.93,90,9
12367,2022,688,2.54,45,9
12367,2023,267,3.36,19,12
12367,2024,721,4.23,31,3
12367,2025,266,2.51,95,1
12368,2022,632,3.99,37,9
12368,2023,264,3.53,57,1
12368,2024,741,3.51,69,12
12368,2025,361,4.24,93,1
12369,2022,663,2.22,72,12
12369,2023,360,3.49,11,13
12369,2024,274,2.52,32,13
12369,2025,195,2.49,60,13
12370,2022,456,3.37,89,5
12370,2023,469,2.46,37,2
12370,2024,651,3.94,87,2
12370,2025,241,3.49,10,5
12371,2022,266,3.58,24,7
12371,2023,418,4.32,24,6
12371,2024,730,2.21,98,5
12371,2025,757,2.15,52,3
12372,2022,434,2.7,14,9
12372,2023,573,3.8,81,8
12372,2024,740,4.46,95,14
12372,2025,244,2.05,47,11
12373,2022,153,3.88,72,3
12373,2023,221,1.88,52,7
12373,2024,223,3.54,60,3
12373,2025,266,2.98,87,11
12374,2022,754,1.55,92,6
12374,2023,121,1.94,35,3
12374,2024,375,2.86,55,8
12374,2025,507,4.81,21,3
12375,2022,581,1.96,21,5
12375,2023,398,2.47,38,3
12375,2024,376,4.78,70,14
12375,2025,421,3.39,50,8
12376,2022,214,2.29,29,10
12376,2023,371,3.5,55,14
12376,2024,267,3.11,39,9
12376,2025,535,4.52,48,6
12377,2022,363,1.52,49,14
12377,2023,349,4.64,60,10
12377,2024,561,2.0,11,4
12377,2025,538,3.56,99,10
12378,2022,441,3.59,74,4
12378,2023,565,3.3,37,5
12378,2024,157,2.7,60,12
12378,2025,104,4.52,17,11
12379,2022,722,2.79,40,3
12379,2023,364,2.55,48,11
12379,2024,348,4.11,69,4
12379,2025,194,2.39,92,14
12380,2022,796,2.12,86,12
12380,2023,556,2.41,25,4
12380,2024,416,3.1,32,1
12380,2025,218,2.01,20,1
12381,2022,301,4.48,97,9
12381,2023,152,3.45,63,3
12381,2024,416,4.71,83,5
12381,2025,772,4.37,78,2
12382,2022,343,1.9,21,1
12382,2023,193,2.28,45,7
12382,2024,651,1.9,66,10
12382,2025,379,4.45,35,9
12383,2022,191,3.28,89,4
12383,2023,137,2.3,75,4
12383,2024,512,4.71,99,3
12383,2025,342,4.16,13,3
12384,2022,463,3.62,25,2
12384,2023,747,2.45,31,3
12384,2024,163,2.74,73,13
12384,2025,300,3.95,79,5
12385,2022,406,3.28,20,8
12385,2023,274,3.59,51,8
12385,2024,788,4.44,94,5
12385,2025,696,2.43,99,11
12386,2022,771,1.85,48,1
12386,2023,793,3.34,56,10
12386,2024,647,3.3,31,14
12386,2025,198,3.16,39,2
12387,2022,325,4.21,39,8
12387,2023,648,3.33,42,10
12387,2024,372,3.5,39,14
12387,2025,285,3.05,46,9
12388,2022,551,2.53,62,11
12388,2023,660,4.61,39,7
12388,2024,604,3.67,35,9
12388,2025,193,4.43,15,12
12389,2022,406,2.84,63,9
12389,2023,616,2.23,65,14
12389,2024,273,2.77,13,11
12389,2025,794,2.99,88,6
12390,2022,172,3.19,45,6
12390,2023,244,2.11,72,7
12390,2024,763,2.96,12,1
12390,2025,155,2.25,66,11
12391,2022,794,2.99,89,9
12391,2023,733,4.49,25,1
12391,2024,343,2.82,49,8
12391,2025,303,2.1,62,10
12392,2022,690,3.33,15,2
12392,2023,115,3.55,30,10
12392,2024,225,3.24,86,11
12392,2025,698,3.14,18,13
12393,2022,565,4.18,72,13
12393,2023,527,4.47,52,7
12393,2024,450,3.82,81,5
12393,2025,654,3.45,37,8
12394,2022,178,1.7,54,13
12394,2023,600,2.55,67,11
12394,2024,478,2.66,92,10
12394,2025,363,2.12,38,7
12395,2022,404,4.03,63,8
12395,2023,587,4.25,66,2
12395,2024,224,4.54,42,10
12395,2025,717,4.18,79,11
12396,2022,745,3.63,73,9
12396,2023,180,3.08,13,12
12396,2024,720,4.37,25,6
12396,2025,274,3.48,12,11
12397,2022,775,1.59,98,6
12397,2023,224,3.4,72,6
12397,2024,447,2.97,90,1
12397,2025,466,3.51,31,14
12398,2022,634,2.82,91,7
12398,2023,514,3.14,27,2
12398,2024,673,2.13,66,2
12398,2025,351,1.99,99,5
12399,2022,707,2.52,34,13
12399,2023,668,2.41,37,6
12399,2024,333,2.55,49,1
12399,2025,457,4.76,32,12
12400,2022,425,3.96,17,14
12400,2023,164,1.69,22,14
12400,2024,392,1.83,53,1
12400,2025,423,4.28,56,1
12401,2022,430,4.45,19,14
12401,2023,628,3.05,50,7
12401,2024,234,3.1,76,12
12401,2025,518,2.78,83,1
12402,2022,229,3.5,58,9
12402,2023,648,3.06,73,3
12402,2024,668,2.3,24,12
12402,2025,456,3.39,97,10
12403,2022,621,2.63,70,13
12403,2023,559,4.32,83,2
12403,2024,692,4.11,61,6
12403,2025,701,4.05,94,2
12404,2022,731,2.48,55,5
12404,2023,713,2.07,68,5
12404,2024,594,4.39,57,9
12404,2025,638,2.98,48,12
12405,2022,360,3.28,51,14
12405,2023,672,3.42,60,14
12405,2024,235,4.58,59,13
12405,2025,708,2.47,75,4
12406,2022,760,3.81,50,8
12406,2023,326,3.04,67,7
12406,2024,327,2.32,13,7
12406,2025,357,4.46,58,1
12407,2022,513,3.96,12,6
12407,2023,319,1.77,41,6
12407,2024,335,3.93,56,10
12407,2025,119,2.41,71,8
12408,2022,523,3.33,25,6
12408,2023,512,3.58,77,8
12408,2024,488,3.8,27,13
12408,2025,444,2.31,15,6
12409,2022,749,3.29,74,8
12409,2023,566,1.95,89,5
12409,2024,288,4.04,46,9
12409,2025,716,2.14,82,12
12410,2022,467,3.77,72,4
12410,2023,484,4.3,90,6
12410,2024,197,2.7,68,11
12410,2025,369,4.28,43,2
12411,2022,764,2.75,46,3
12411,2023,317,4.04,43,4
12411,2024,120,3.86,54,3
12411,2025,371,2.82,10,12
12412,2022,259,2.08,62,13
12412,2023,591,4.39,71,7
12412,2024,528,4.32,24,9
12412,2025,675,3.93,60,6
12413,2022,695,2.55,23,3
12413,2023,684,3.18,68,14
12413,2024,671,3.47,61,13
12413,2025,758,2.21,10,13
12414,2022,146,4.42,84,9
12414,2023,322,1.93,26,1
12414,2024,257,3.97,65,5
12414,2025,146,3.43,14,14
12415,2022,632,3.78,26,13
12415,2023,450,2.43,27,11
12415,2024,418,2.99,98,11
12415,2025,330,3.53,64,10
12416,2022,397,1.86,56,10
12416,2023,544,4.21,89,5
12416,2024,204,4.77,58,2
12416,2025,737,3.2,32,5
12417,2022,398,2.63,30,1
12417,2023,167,3.43,38,1
12417,2024,637,3.87,69,11
12417,2025,772,4.56,55,14
12418,2022,719,2.62,19,4
12418,2023,695,3.94,93,6
12418,2024,140,2.52,62,13
12418,2025,299,3.99,16,14
12419,2022,647,2.9,39,11
12419,2023,474,3.64,64,2
12419,2024,505,2.94,74,5
12419,2025,333,2.83,30,11
12420,2022,607,2.96,16,10
12420,2023,341,4.34,53,5
12420,2024,438,3.82,77,3
12420,2025,119,3.78,24,4
12421,2022,763,3.66,11,11
12421,2023,270,3.84,12,13
12421,2024,315,2.68,57,2
12421,2025,115,2.65,77,13
12422,2022,382,3.03,56,7
12422,2023,400,2.09,52,13
12422,2024,264,3.22,36,3
12422,2025,790,4.03,13,13
12423,2022,357,1.52,45,6
12423,2023,687,1.98,92,9
12423,2024,716,4.69,89,7
12423,2025,452,4.73,61,4
12424,2022,186,2.75,54,2
12424,2023,625,3.42,60,12
12424,2024,108,2.27,95,14
12424,2025,562,2.94,41,7
12425,2022,635,3.88,11,8
12425,2023,723,4.22,26,3
12425,2024,396,3.02,32,11
12425,2025,316,2.88,53,14
12426,2022,327,3.55,55,7
12426,2023,131,3.8,21,1
12426,2024,530,4.75,63,11
12426,2025,269,4.04,22,8
12427,2022,330,2.22,83,7
12427,2023,169,1.83,77,6
12427,2024,210,2.57,80,11
12427,2025,188,2.63,75,3
12428,2022,101,1.78,24,4
12428,2023,155,2.98,71,8
12428,2024,769,2.66,82,1
12428,2025,370,4.73,33,13
12429,2022,373,2.71,79,2
12429,2023,643,4.28,70,14
12429,2024,369,2.72,80,1
12429,2025,289,4.44,89,4
12430,2022,582,2.86,90,6
12430,2023,407,1.75,81,5
12430,2024,121,3.26,12,13
12430,2025,113,2.63,98,6
12431,2022,585,2.42,38,2
12431,2023,645,3.7,30,5
12431,2024,563,3.39,63,1
12431,2025,667,4.62,15,13
12432,2022,532,4.31,96,6
12432,2023,674,3.72,20,4
12432,2024,499,4.39,79,13
12432,2025,691,2.54,36,12
12433,2022,651,1.74,86,13
12433,2023,378,2.65,69,10
12433,2024,209,2.78,82,9
12433,2025,147,3.95,81,12
12434,2022,181,4.02,36,13
12434,2023,785,2.54,41,3
12434,2024,724,3.07,42,3
12434,2025,377,2.26,14,9
12435,2022,480,2.74,18,14
12435,2023,409,2.29,22,4
12435,2024,651,2.95,98,7
12435,2025,641,2.75,15,10
12436,2022,339,3.93,83,14
12436,2023,282,1.66,45,2
12436,2024,283,2.82,59,1
12436,2025,653,4.86,70,10
12437,2022,565,3.54,57,13
12437,2023,738,3.97,92,14
12437,2024,536,4.38,20,1
12437,2025,693,3.04,26,6
12438,2022,332,1.7,11,4
12438,2023,100,2.88,16,2
12438,2024,604,3.76,66,13
12438,2025,461,3.06,40,7
12439,2022,382,2.84,68,8
12439,2023,628,4.13,55,14
12439,2024,268,1.91,90,14
12439,2025,285,2.95,88,7
12440,2022,221,2.97,16,10
12440,2023,540,2.55,23,9
12440,2024,738,3.14,18,1
12440,2025,777,3.16,18,10
12441,2022,573,4.27,11,6
12441,2023,221,3.13,95,8
12441,2024,759,3.23,25,9
12441,2025,391,2.71,11,11
12442,2022,346,1.64,88,8
12442,2023,287,2.55,79,6
12442,2024,622,1.88,32,8
12442,2025,383,4.43,37,8
12443,2022,656,2.11,52,1
12443,2023,223,4.38,72,8
12443,2024,346,4.46,26,7
12443,2025,505,3.94,45,8
12444,2022,436,4.09,28,8
12444,2023,258,4.28,14,12
12444,2024,366,4.13,32,10
12444,2025,391,3.47,28,14
12445,2022,689,4.35,10,11
12445,2023,250,4.1,36,10
12445,2024,384,2.18,52,6
12445,2025,250,3.21,34,9
12446,2022,223,3.12,63,3
12446,2023,371,3.24,15,10
12446,2024,439,2.94,90,1
12446,2025,758,3.54,85,14
12447,2022,707,1.78,34,9
12447,2023,546,3.62,83,14
12447,2024,661,3.29,55,10
12447,2025,556,4.31,68,14
12448,2022,654,3.58,64,10
12448,2023,630,1.99,33,2
12448,2024,212,2.85,84,3
12448,2025,629,4.16,33,11
12449,2022,745,2.51,12,4
12449,2023,625,3.35,49,8
12449,2024,163,4.68,29,11
12449,2025,492,2.19,96,9
12450,2022,774,2.07,78,3
12450,2023,598,3.09,86,2
12450,2024,617,4.02,79,2
12450,2025,454,2.94,75,11
12451,2022,732,1.85,78,9
12451,2023,252,2.6,88,12
12451,2024,428,3.73,17,8
12451,2025,789,4.33,64,2
12452,2022,578,4.43,46,13
12452,2023,490,3.93,99,8
12452,2024,674,3.28,82,4
12452,2025,511,2.83,81,6
12453,2022,357,4.28,23,5
12453,2023,676,3.25,57,5
12453,2024,606,3.87,98,13
12453,2025,798,3.37,76,10
12454,2022,393,2.23,41,10
12454,2023,576,3.29,45,7
12454,2024,607,4.32,14,8
12454,2025,218,3.1,88,5
12455,2022,790,3.51,27,13
12455,2023,577,1.78,20,4
12455,2024,663,4.61,83,2
12455,2025,721,4.86,13,5
12456,2022,709,2.66,29,8
12456,2023,418,3.15,14,1
12456,2024,494,2.28,72,6
12456,2025,147,2.54,63,2
12457,2022,712,3.31,74,2
12457,2023,537,3.53,86,8
12457,2024,574,2.82,95,6
12457,2025,685,3.07,22,6
12458,2022,649,3.02,88,6
12458,2023,235,4.47,82,9
12458,2024,617,2.25,12,14
12458,2025,423,3.6,11,13
12459,2022,296,1.67,21,3
12459,2023,210,3.03,97,2
12459,2024,649,2.99,91,14
12459,2025,214,2.44,65,5
12460,2022,796,1.99,67,6
12460,2023,587,3.0,98,9
12460,2024,464,2.18,61,9
12460,2025,583,2.83,24,2
12461,2022,409,1.71,10,9
12461,2023,212,2.54,81,9
12461,2024,369,3.4,80,13
12461,2025,419,4.18,54,6
12462,2022,274,3.99,25,1
12462,2023,118,2.66,26,11
12462,2024,302,4.62,39,8
12462,2025,225,2.67,46,8
12463,2022,566,1.74,27,8
12463,2023,353,4.43,85,13
12463,2024,391,3.42,20,13
12463,2025,251,3.0,69,8
12464,2022,298,4.19,68,10
12464,2023,298,3.98,79,5
12464,2024,786,4.3,35,2
12464,2025,552,2.83,89,9
12465,2022,279,4.12,47,12
12465,2023,317,3.6,18,11
12465,2024,729,4.01,91,6
12465,2025,419,2.89,92,3
12466,2022,122,2.24,82,1
12466,2023,736,2.87,55,12
12466,2024,183,3.53,53,5
12466,2025,425,3.95,51,4
12467,2022,798,2.99,82,13
12467,2023,428,3.75,78,13
12467,2024,703,3.92,32,13
12467,2025,429,3.95,43,4
12468,2022,793,2.25,31,9
12468,2023,572,2.99,78,13
12468,2024,577,4.1,74,6
12468,2025,334,4.61,35,8
12469,2022,655,3.0,91,9
12469,2023,687,4.61,64,13
12469,2024,752,2.32,99,1
12469,2025,793,2.62,24,7
12470,2022,218,2.88,75,7
12470,2023,139,3.18,62,14
12470,2024,359,3.07,88,14
12470,2025,740,3.24,20,9
12471,2022,105,2.96,67,1
12471,2023,410,2.61,93,2
12471,2024,165,2.19,51,14
12471,2025,473,4.82,90,6
12472,2022,245,3.88,78,4
12472,2023,333,4.09,42,5
12472,2024,128,2.89,53,5
12472,2025,772,3.16,98,10
12473,2022,742,4.31,16,1
12473,2023,759,4.57,88,1
12473,2024,693,4.63,61,13
12473,2025,569,3.88,22,7
12474,2022,460,2.23,41,3
12474,2023,694,3.46,48,5
12474,2024,684,3.57,87,8
12474,2025,454,4.67,72,5
12475,2022,125,2.44,29,10
12475,2023,389,2.25,25,9
12475,2024,170,2.6,39,4
12475,2025,788,2.68,28,7
12476,2022,188,3.45,95,13
12476,2023,276,4.09,83,8
12476,2024,126,2.9,81,7
12476,2025,388,2.48,87,13
12477,2022,674,2.53,84,4
12477,2023,630,3.29,39,8
12477,2024,583,3.79,43,10
12477,2025,533,3.6,48,11
12478,2022,592,2.27,58,10
12478,2023,377,4.4,14,13
12478,2024,445,3.11,52,10
12478,2025,678,3.33,56,14
12479,2022,337,4.4,68,4
12479,2023,236,4.26,78,10
12479,2024,262,4.22,26,13
12479,2025,392,2.5,28,12
12480,2022,127,4.01,55,8
12480,2023,355,3.02,65,8
12480,2024,723,2.43,35,4
12480,2025,764,4.92,75,5
12481,2022,364,2.02,23,5
12481,2023,663,4.42,61,5
12481,2024,580,1.8,13,3
12481,2025,500,3.26,12,13
12482,2022,559,1.59,88,2
12482,2023,665,4.39,31,14
12482,2024,232,2.18,59,1
12482,2025,290,3.97,73,11
12483,2022,223,3.39,92,3
12483,2023,530,3.99,19,9
12483,2024,317,4.04,65,7
12483,2025,502,2.05,25,2
12484,2022,421,2.67,46,11
12484,2023,400,2.62,64,8
12484,2024,170,4.72,31,11
12484,2025,313,4.27,41,13
12485,2022,644,3.62,53,14
12485,2023,473,2.98,90,8
12485,2024,435,4.47,82,7
12485,2025,270,2.0,61,12
12486,2022,443,2.19,42,11
12486,2023,555,3.74,11,6
12486,2024,509,3.33,23,2
12486,2025,400,3.55,70,4
12487,2022,595,2.75,74,1
12487,2023,390,2.15,95,7
12487,2024,536,2.3,39,11
12487,2025,201,2.83,36,2
12488,2022,109,2.9,73,6
12488,2023,140,4.12,42,9
12488,2024,469,3.14,62,5
12488,2025,225,4.64,89,5
12489,2022,482,1.86,19,4
12489,2023,426,2.47,36,1
12489,2024,549,2.01,46,4
12489,2025,622,3.48,11,9
12490,2022,631,1.77,52,14
12490,2023,372,4.04,92,9
12490,2024,601,1.92,28,7
12490,2025,586,3.38,20,13
12491,2022,326,2.76,61,4
12491,2023,326,2.26,41,13
12491,2024,440,3.56,89,9
12491,2025,371,3.11,90,5
12492,2022,494,2.09,38,12
12492,2023,223,4.13,93,12
12492,2024,294,3.78,45,10
12492,2025,682,1.99,56,13
12493,2022,272,3.01,97,2
12493,2023,302,2.46,52,9
12493,2024,132,4.55,61,6
12493,2025,310,4.13,62,5
12494,2022,793,3.33,77,11
12494,2023,150,1.92,14,10
12494,2024,506,4.59,92,12
12494,2025,640,2.38,57,8
12495,2022,617,2.85,33,2
12495,2023,232,3.69,10,5
12495,2024,195,3.28,11,10
12495,2025,523,4.6,19,8
12496,2022,181,4.01,72,4
12496,2023,414,2.06,68,10
12496,2024,379,3.65,15,10
12496,2025,742,2.11,93,11
12497,2022,185,3.66,92,9
12497,2023,465,3.86,57,7
12497,2024,465,2.83,45,12
12497,2025,192,4.31,57,7
12498,2022,170,3.46,38,9
12498,2023,425,3.16,50,3
12498,2024,606,3.17,97,14
12498,2025,425,2.28,82,14
12499,2022,290,3.09,41,13
12499,2023,313,2.12,14,13
12499,2024,146,3.77,94,3
12499,2025,188,3.73,26,13
12500,2022,326,2.37,33,13
12500,2023,496,2.39,91,10
12500,2024,316,3.23,95,7
12500,2025,400,3.49,15,2
