Village_ID,Year,Primary_Schools,School_Dropout_Rate_Pct,Primary_Health_Centres,Clean_Water_Access_Pct
10001,2022,1,24.7,0,37.5
10001,2023,1,3.5,0,69.3
10001,2024,2,19.7,1,86.6
10001,2025,2,12.8,0,51.5
10002,2022,2,5.0,0,55.7
10002,2023,1,12.8,0,62.9
10002,2024,0,17.3,0,85.9
10002,2025,2,4.2,0,85.3
10003,2022,0,18.6,0,76.2
10003,2023,1,6.3,0,73.7
10003,2024,3,18.1,1,73.1
10003,2025,2,11.9,1,69.5
10004,2022,0,5.7,0,52.2
10004,2023,2,5.3,0,63.8
10004,2024,1,19.3,0,87.2
10004,2025,2,1.2,1,73.2
10005,2022,1,11.0,1,89.1
10005,2023,3,14.8,1,41.6
10005,2024,1,6.3,0,62.5
10005,2025,3,5.0,1,51.0
10006,2022,3,20.5,0,51.9
10006,2023,3,9.3,0,80.4
10006,2024,0,2.8,1,85.5
10006,2025,1,14.9,1,40.9
10007,2022,3,24.1,1,87.2
10007,2023,1,20.1,0,85.3
10007,2024,2,13.0,0,90.3
10007,2025,1,9.0,1,61.6
10008,2022,1,23.5,1,59.8
10008,2023,1,18.8,1,43.1
10008,2024,1,13.4,1,59.8
10008,2025,0,18.1,1,46.6
10009,2022,3,17.0,0,81.8
10009,2023,3,23.0,0,67.9
10009,2024,3,19.2,0,44.2
10009,2025,2,11.5,0,91.7
10010,2022,2,23.5,1,34.8
10010,2023,1,10.3,1,88.6
10010,2024,0,16.0,1,42.3
10010,2025,0,3.9,1,82.1
10011,2022,1,22.9,1,68.7
10011,2023,1,8.5,1,80.0
10011,2024,3,21.0,0,69.9
10011,2025,2,0.8,1,60.0
10012,2022,2,18.6,1,46.5
10012,2023,2,6.5,1,89.7
10012,2024,2,17.4,0,62.5
10012,2025,1,10.3,1,89.5
10013,2022,1,23.2,1,73.4
10013,2023,2,17.8,0,72.4
10013,2024,3,17.4,0,94.2
10013,2025,3,2.9,0,72.9
10014,2022,3,6.9,1,74.0
10014,2023,2,20.5,1,84.0
10014,2024,3,6.5,0,38.8
10014,2025,1,17.8,1,98.8
10015,2022,2,7.9,1,45.7
10015,2023,3,9.7,1,75.2
10015,2024,1,20.6,0,93.2
10015,2025,2,17.3,0,84.8
10016,2022,1,6.1,1,43.8
10016,2023,3,12.5,0,54.7
10016,2024,0,20.2,0,60.9
10016,2025,3,0.8,1,74.2
10017,2022,1,7.1,0,66.2
10017,2023,0,16.4,1,80.3
10017,2024,0,4.1,1,87.6
10017,2025,2,9.5,0,44.4
10018,2022,0,15.2,1,46.4
10018,2023,2,20.7,0,53.6
10018,2024,0,21.1,0,36.8
10018,2025,0,10.7,1,64.1
10019,2022,2,15.2,0,51.5
10019,2023,1,18.0,1,64.5
10019,2024,2,5.9,1,42.0
10019,2025,0,19.3,1,63.8
10020,2022,3,5.0,0,65.8
10020,2023,2,3.5,1,81.2
10020,2024,2,14.5,1,82.0
10020,2025,0,7.3,0,63.3
10021,2022,0,13.0,1,53.4
10021,2023,3,7.9,1,35.2
10021,2024,0,10.2,1,41.0
10021,2025,2,17.1,0,91.3
10022,2022,2,19.0,0,78.4
10022,2023,2,5.4,0,34.3
10022,2024,1,3.1,1,89.0
10022,2025,2,10.6,1,75.8
10023,2022,1,19.6,0,78.1
10023,2023,0,16.8,1,63.2
10023,2024,1,19.3,0,45.0
10023,2025,2,3.2,1,60.4
10024,2022,0,17.1,0,57.0
10024,2023,1,18.8,1,78.2
10024,2024,0,20.8,1,84.8
10024,2025,0,2.5,1,83.5
10025,2022,1,9.8,1,58.6
10025,2023,0,10.6,0,72.8
10025,2024,0,12.8,1,53.7
10025,2025,2,8.7,0,98.3
10026,2022,3,22.2,1,40.1
10026,2023,3,22.5,1,76.4
10026,2024,0,3.4,0,45.3
10026,2025,1,14.5,1,55.9
10027,2022,3,7.3,0,74.9
10027,2023,1,21.5,1,76.7
10027,2024,3,4.8,0,43.5
10027,2025,2,20.3,1,79.7
10028,2022,2,13.6,1,42.2
10028,2023,1,11.1,0,91.4
10028,2024,1,13.7,1,72.2
10028,2025,2,8.4,1,39.2
10029,2022,1,9.7,0,42.5
10029,2023,0,16.1,1,46.8
10029,2024,2,16.6,1,50.8
10029,2025,2,19.4,1,72.4
10030,2022,2,13.2,1,42.3
10030,2023,2,17.6,1,57.8
10030,2024,0,18.7,1,46.4
10030,2025,2,17.1,1,79.0
10031,2022,2,5.7,1,64.1
10031,2023,1,10.6,1,70.7
10031,2024,2,2.3,1,94.0
10031,2025,3,11.7,0,63.0
10032,2022,1,22.3,0,42.9
10032,2023,1,19.8,1,92.9
10032,2024,3,18.2,0,39.5
10032,2025,1,7.5,1,87.6
10033,2022,0,5.9,0,39.7
10033,2023,2,6.9,1,72.9
10033,2024,2,15.4,0,64.4
10033,2025,1,3.2,1,89.3
10034,2022,2,7.5,0,73.9
10034,2023,1,10.6,0,43.3
10034,2024,2,3.9,1,75.9
10034,2025,1,7.1,1,52.0
10035,2022,1,24.4,0,40.2
10035,2023,1,3.9,0,38.0
10035,2024,0,18.6,0,42.8
10035,2025,1,20.4,0,81.2
10036,2022,0,13.7,1,89.5
10036,2023,0,22.4,1,73.5
10036,2024,3,7.2,0,78.5
10036,2025,1,20.1,1,86.0
10037,2022,0,22.2,1,83.3
10037,2023,3,21.2,0,49.1
10037,2024,2,4.6,0,72.3
10037,2025,0,17.9,0,52.0
10038,2022,0,23.8,1,61.5
10038,2023,0,19.9,0,45.5
10038,2024,3,3.8,0,39.8
10038,2025,3,2.2,0,44.3
10039,2022,0,12.2,0,88.6
10039,2023,1,17.6,0,33.4
10039,2024,3,2.2,0,77.4
10039,2025,3,19.5,0,92.2
10040,2022,2,15.5,1,53.6
10040,2023,2,10.7,0,75.5
10040,2024,0,13.2,0,56.9
10040,2025,2,14.8,0,70.7
10041,2022,1,10.5,1,86.1
10041,2023,0,9.3,1,35.5
10041,2024,0,11.4,0,52.0
10041,2025,3,13.9,1,45.4
10042,2022,0,19.1,1,59.8
10042,2023,2,10.0,0,79.2
10042,2024,0,8.4,0,94.6
10042,2025,0,10.2,1,48.3
10043,2022,2,15.8,0,32.6
10043,2023,3,16.5,0,41.3
10043,2024,1,14.4,0,94.1
10043,2025,2,8.0,0,58.2
10044,2022,1,10.9,1,46.0
10044,2023,1,9.7,0,77.1
10044,2024,1,14.9,1,43.2
10044,2025,0,9.2,0,59.9
10045,2022,1,7.7,1,38.7
10045,2023,3,3.6,1,91.5
10045,2024,3,2.6,0,53.1
10045,2025,3,17.9,1,55.2
10046,2022,0,14.2,1,68.1
10046,2023,2,16.6,1,34.0
10046,2024,3,20.6,0,75.2
10046,2025,1,3.0,1,66.2
10047,2022,0,14.0,0,41.0
10047,2023,0,14.3,0,62.2
10047,2024,3,18.8,0,95.9
10047,2025,1,20.4,1,89.3
10048,2022,1,19.2,1,88.4
10048,2023,3,16.3,0,88.6
10048,2024,1,20.4,0,85.2
10048,2025,0,17.2,0,59.1
10049,2022,0,22.3,1,73.8
10049,2023,3,3.6,0,56.5
10049,2024,1,12.3,1,61.8
10049,2025,2,16.2,0,91.4
10050,2022,3,8.6,0,42.3
10050,2023,0,18.5,1,50.8
10050,2024,3,2.2,0,91.8
10050,2025,3,12.0,0,81.0
10051,2022,0,22.0,1,33.9
10051,2023,2,12.1,1,40.3
10051,2024,3,16.8,1,70.8
10051,2025,2,11.1,0,86.9
10052,2022,2,17.9,0,77.6
10052,2023,0,13.8,1,58.5
10052,2024,3,11.5,1,51.5
10052,2025,3,17.3,1,86.3
10053,2022,2,6.9,0,86.6
10053,2023,3,15.2,1,59.6
10053,2024,2,4.3,0,44.2
10053,2025,0,11.8,0,75.6
10054,2022,0,24.3,0,34.3
10054,2023,0,4.6,1,69.7
10054,2024,2,10.4,1,46.4
10054,2025,3,16.5,1,70.0
10055,2022,3,12.4,1,67.5
10055,2023,1,13.9,0,59.8
10055,2024,1,4.3,1,85.6
10055,2025,0,5.0,1,61.5
10056,2022,3,18.7,1,39.3
10056,2023,2,20.1,1,60.8
10056,2024,2,14.9,1,93.8
10056,2025,2,17.2,1,91.8
10057,2022,3,17.1,1,48.7
10057,2023,3,19.7,0,47.6
10057,2024,0,21.7,1,65.0
10057,2025,1,2.2,1,78.3
10058,2022,3,14.6,1,85.6
10058,2023,2,7.3,1,69.8
10058,2024,3,11.3,0,86.2
10058,2025,1,10.5,0,80.8
10059,2022,1,17.4,0,36.1
10059,2023,2,12.3,0,86.5
10059,2024,0,8.5,0,48.0
10059,2025,1,1.4,0,61.0
10060,2022,1,5.7,0,80.4
10060,2023,1,7.0,1,91.8
10060,2024,1,11.0,0,54.6
10060,2025,1,8.9,1,62.0
10061,2022,3,8.8,1,59.1
10061,2023,2,19.9,1,62.9
10061,2024,3,15.7,0,81.0
10061,2025,0,7.4,1,88.0
10062,2022,1,20.9,1,89.5
10062,2023,0,23.3,0,81.3
10062,2024,0,6.9,1,54.0
10062,2025,2,7.8,0,60.5
10063,2022,3,24.9,1,67.1
10063,2023,0,6.3,0,74.2
10063,2024,0,3.5,1,41.4
10063,2025,0,10.9,0,59.6
10064,2022,0,14.4,0,42.2
10064,2023,1,5.1,0,63.5
10064,2024,2,7.8,1,46.1
10064,2025,2,8.9,0,73.8
10065,2022,2,21.4,1,58.0
10065,2023,0,17.7,0,57.2
10065,2024,0,20.3,0,74.9
10065,2025,1,7.1,1,64.0
10066,2022,0,11.2,0,54.0
10066,2023,3,12.8,1,72.1
10066,2024,3,2.2,1,39.4
10066,2025,0,4.6,0,64.9
10067,2022,3,9.2,1,41.7
10067,2023,3,4.7,0,35.3
10067,2024,2,11.1,1,38.1
10067,2025,0,18.6,1,49.1
10068,2022,2,5.1,1,56.0
10068,2023,3,16.1,1,67.0
10068,2024,2,19.6,1,83.8
10068,2025,3,2.7,1,75.5
10069,2022,2,23.3,1,61.2
10069,2023,0,19.9,0,35.2
10069,2024,3,6.3,1,53.9
10069,2025,0,18.6,0,80.5
10070,2022,1,21.1,0,46.2
10070,2023,3,5.7,0,68.7
10070,2024,2,18.6,1,72.2
10070,2025,1,11.3,1,57.3
10071,2022,0,21.3,1,64.3
10071,2023,0,15.9,0,39.8
10071,2024,0,9.8,1,79.6
10071,2025,1,12.5,1,40.4
10072,2022,3,17.7,1,32.1
10072,2023,3,18.8,0,85.2
10072,2024,0,18.6,0,70.8
10072,2025,0,13.8,0,48.8
10073,2022,0,24.8,0,66.1
10073,2023,1,19.1,1,55.2
10073,2024,1,20.2,1,52.2
10073,2025,0,6.9,0,87.7
10074,2022,2,11.3,0,58.6
10074,2023,3,10.7,0,50.6
10074,2024,1,10.8,1,92.6
10074,2025,3,19.7,0,48.9
10075,2022,1,6.5,1,38.5
10075,2023,2,13.5,1,38.8
10075,2024,1,5.2,1,43.5
10075,2025,3,16.7,0,54.2
10076,2022,2,5.6,1,71.9
10076,2023,2,12.6,1,73.3
10076,2024,2,9.9,0,81.8
10076,2025,2,2.3,0,73.5
10077,2022,3,12.5,0,59.6
10077,2023,2,19.7,0,58.9
10077,2024,3,4.7,1,88.5
10077,2025,1,20.2,0,59.6
10078,2022,3,6.2,0,83.5
10078,2023,0,9.3,0,49.5
10078,2024,2,17.5,0,45.4
10078,2025,3,7.7,1,54.3
10079,2022,1,14.6,0,59.9
10079,2023,0,7.2,1,88.6
10079,2024,0,16.3,1,46.6
10079,2025,1,4.1,1,73.8
10080,2022,0,22.0,0,43.1
10080,2023,0,14.3,0,73.7
10080,2024,3,13.0,0,63.9
10080,2025,2,19.2,0,83.0
10081,2022,3,20.5,0,81.4
10081,2023,2,18.4,1,53.1
10081,2024,3,19.2,0,92.3
10081,2025,1,2.3,0,67.1
10082,2022,2,19.5,1,86.2
10082,2023,0,8.2,0,46.8
10082,2024,0,7.6,0,89.8
10082,2025,3,0.8,0,59.0
10083,2022,2,22.9,1,75.0
10083,2023,1,18.3,1,91.1
10083,2024,1,4.8,1,90.7
10083,2025,2,7.1,0,66.8
10084,2022,1,14.6,1,50.7
10084,2023,3,13.4,1,69.8
10084,2024,1,13.9,0,78.3
10084,2025,0,9.9,1,71.4
10085,2022,2,18.0,0,80.9
10085,2023,2,21.2,0,36.5
10085,2024,0,10.0,0,72.0
10085,2025,0,18.0,1,70.5
10086,2022,2,9.4,0,32.4
10086,2023,2,5.9,1,33.8
10086,2024,0,6.8,0,72.4
10086,2025,1,4.6,1,46.1
10087,2022,3,24.7,0,76.1
10087,2023,0,11.1,1,90.0
10087,2024,3,15.0,1,46.6
10087,2025,1,14.4,1,86.9
10088,2022,2,13.9,0,65.5
10088,2023,2,8.0,0,59.9
10088,2024,2,10.8,1,75.0
10088,2025,2,10.0,0,87.1
10089,2022,2,24.1,1,88.2
10089,2023,0,14.9,1,72.6
10089,2024,2,21.4,1,80.8
10089,2025,3,12.0,1,75.5
10090,2022,2,7.9,0,63.9
10090,2023,3,11.2,0,36.9
10090,2024,3,17.8,1,45.3
10090,2025,2,8.9,1,61.8
10091,2022,2,7.0,0,69.0
10091,2023,1,5.4,0,37.5
10091,2024,2,6.7,1,68.7
10091,2025,3,11.8,1,39.8
10092,2022,1,21.6,0,76.0
10092,2023,3,14.2,0,73.0
10092,2024,1,16.9,0,67.2
10092,2025,3,13.4,0,73.3
10093,2022,2,15.5,1,86.0
10093,2023,1,7.8,0,87.4
10093,2024,3,19.7,1,83.6
10093,2025,2,6.0,1,59.2
10094,2022,1,10.1,0,36.4
10094,2023,0,8.7,0,52.3
10094,2024,2,3.9,1,81.1
10094,2025,3,10.5,0,75.7
10095,2022,2,11.6,0,72.3
10095,2023,3,13.9,0,39.3
10095,2024,3,11.1,1,45.5
10095,2025,3,10.9,1,78.9
10096,2022,3,11.0,1,52.3
10096,2023,1,19.8,0,55.2
10096,2024,0,12.7,1,59.6
10096,2025,2,4.7,1,86.8
10097,2022,3,23.0,1,71.9
10097,2023,1,5.7,1,39.4
10097,2024,1,16.7,1,56.7
10097,2025,3,14.1,1,79.4
10098,2022,2,6.5,0,88.6
10098,2023,3,21.5,1,87.7
10098,2024,1,8.3,1,50.9
10098,2025,2,15.3,0,43.0
10099,2022,0,10.5,1,64.4
10099,2023,0,14.0,1,57.4
10099,2024,0,21.4,0,47.0
10099,2025,0,12.7,1,78.1
10100,2022,3,10.9,1,39.6
10100,2023,1,12.7,0,54.1
10100,2024,1,15.5,0,83.7
10100,2025,1,9.4,0,80.1
10101,2022,2,23.2,1,66.4
10101,2023,0,20.8,0,88.8
10101,2024,2,4.9,0,43.5
10101,2025,0,16.2,0,80.5
10102,2022,2,23.8,1,37.0
10102,2023,1,9.8,1,41.2
10102,2024,1,6.8,1,66.4
10102,2025,1,0.7,1,40.4
10103,2022,2,7.3,0,60.1
10103,2023,3,22.7,0,33.6
10103,2024,1,9.8,1,72.1
10103,2025,1,8.2,0,57.7
10104,2022,0,10.3,0,35.0
10104,2023,2,6.8,1,79.9
10104,2024,2,12.2,1,59.4
10104,2025,1,15.0,1,65.6
10105,2022,3,16.0,0,52.5
10105,2023,2,4.2,0,38.0
10105,2024,3,18.1,0,63.6
10105,2025,3,19.1,1,78.9
10106,2022,1,13.8,0,84.2
10106,2023,3,10.8,1,78.8
10106,2024,2,6.6,0,40.8
10106,2025,3,6.5,0,48.9
10107,2022,0,17.9,1,32.7
10107,2023,2,18.9,1,40.2
10107,2024,1,8.6,1,64.8
10107,2025,2,7.3,0,52.2
10108,2022,2,14.0,0,68.9
10108,2023,3,6.9,1,34.9
10108,2024,0,20.5,1,87.4
10108,2025,3,14.6,0,79.7
10109,2022,3,13.7,0,88.1
10109,2023,3,5.9,1,90.2
10109,2024,3,19.0,0,77.6
10109,2025,3,10.2,1,48.5
10110,2022,2,20.9,0,43.3
10110,2023,0,4.2,1,49.7
10110,2024,0,7.5,0,61.6
10110,2025,0,12.9,0,73.3
10111,2022,1,14.8,0,71.0
10111,2023,0,9.4,0,37.5
10111,2024,2,6.0,0,72.6
10111,2025,3,6.5,0,42.6
10112,2022,3,19.8,0,79.6
10112,2023,2,7.2,0,35.4
10112,2024,3,13.9,0,59.4
10112,2025,3,9.0,0,64.2
10113,2022,0,20.3,0,64.2
10113,2023,0,7.5,1,38.7
10113,2024,0,7.4,0,92.0
10113,2025,1,8.5,1,62.0
10114,2022,0,8.3,0,53.8
10114,2023,0,12.7,1,47.6
10114,2024,0,10.3,0,82.8
10114,2025,0,20.3,0,39.5
10115,2022,0,16.9,0,36.4
10115,2023,2,4.9,0,61.2
10115,2024,2,11.2,0,94.1
10115,2025,2,18.1,1,41.1
10116,2022,3,22.3,1,33.7
10116,2023,3,22.7,1,75.9
10116,2024,1,19.9,0,80.1
10116,2025,3,4.0,0,92.8
10117,2022,1,5.1,0,64.6
10117,2023,2,15.8,0,57.2
10117,2024,0,16.0,1,63.1
10117,2025,0,3.1,1,64.9
10118,2022,1,8.3,0,88.4
10118,2023,1,22.8,1,55.8
10118,2024,0,20.9,0,41.8
10118,2025,1,3.6,1,56.4
10119,2022,0,9.9,0,87.6
10119,2023,2,21.3,1,58.7
10119,2024,1,10.7,0,55.0
10119,2025,2,16.5,1,57.6
10120,2022,1,12.9,0,30.5
10120,2023,2,18.2,1,71.0
10120,2024,2,9.9,1,79.5
10120,2025,3,18.5,1,60.2
10121,2022,3,11.5,1,82.4
10121,2023,1,14.0,0,77.6
10121,2024,1,12.4,0,72.1
10121,2025,2,13.5,1,81.2
10122,2022,2,11.1,1,76.2
10122,2023,0,16.4,1,64.6
10122,2024,3,4.8,1,59.9
10122,2025,2,18.4,1,46.5
10123,2022,1,7.9,0,54.3
10123,2023,0,20.3,1,66.0
10123,2024,3,15.9,0,92.9
10123,2025,0,7.3,1,48.3
10124,2022,2,11.5,1,75.4
10124,2023,0,22.8,1,47.4
10124,2024,1,5.9,0,93.4
10124,2025,1,15.0,0,74.7
10125,2022,2,8.7,0,56.0
10125,2023,0,21.6,1,53.8
10125,2024,2,16.8,1,48.1
10125,2025,3,19.2,1,81.9
10126,2022,2,22.6,1,68.2
10126,2023,2,14.5,0,86.4
10126,2024,3,5.0,0,71.8
10126,2025,0,4.9,0,49.2
10127,2022,1,9.0,0,71.0
10127,2023,1,7.9,0,85.7
10127,2024,0,11.5,0,95.4
10127,2025,2,17.9,0,80.1
10128,2022,1,5.5,1,47.4
10128,2023,2,8.3,1,66.9
10128,2024,3,13.9,0,66.9
10128,2025,1,17.8,1,69.7
10129,2022,2,10.9,1,34.7
10129,2023,2,11.2,0,44.7
10129,2024,2,9.5,1,67.4
10129,2025,1,6.4,0,86.9
10130,2022,2,19.0,1,40.9
10130,2023,1,16.6,0,42.9
10130,2024,1,18.9,0,81.6
10130,2025,1,18.9,0,80.4
10131,2022,1,23.0,0,59.1
10131,2023,0,14.3,1,36.0
10131,2024,3,5.7,0,64.4
10131,2025,3,4.9,0,89.1
10132,2022,1,16.8,1,30.6
10132,2023,2,21.9,1,39.2
10132,2024,1,12.6,1,84.6
10132,2025,2,19.2,1,70.5
10133,2022,0,10.2,0,69.7
10133,2023,3,5.2,1,77.7
10133,2024,1,17.9,1,54.0
10133,2025,0,18.1,0,56.9
10134,2022,1,14.0,1,45.8
10134,2023,1,5.5,0,43.0
10134,2024,0,2.8,1,54.3
10134,2025,2,1.8,0,96.2
10135,2022,2,13.8,1,35.2
10135,2023,2,8.2,0,47.4
10135,2024,1,11.2,1,55.1
10135,2025,2,10.3,1,48.2
10136,2022,2,14.2,0,34.6
10136,2023,1,15.9,1,42.7
10136,2024,0,15.6,1,67.7
10136,2025,3,8.4,0,74.8
10137,2022,2,11.7,1,42.9
10137,2023,0,10.9,0,63.2
10137,2024,1,3.4,1,36.4
10137,2025,1,6.9,1,75.1
10138,2022,2,9.0,1,30.1
10138,2023,2,9.3,0,71.6
10138,2024,0,16.3,1,65.0
10138,2025,2,20.3,1,45.6
10139,2022,0,23.5,1,35.3
10139,2023,1,19.9,0,33.4
10139,2024,0,16.7,1,69.1
10139,2025,1,19.4,0,87.4
10140,2022,2,20.0,1,81.4
10140,2023,3,12.9,0,67.2
10140,2024,0,14.0,0,89.2
10140,2025,3,6.6,1,90.7
10141,2022,0,5.1,1,71.9
10141,2023,0,10.6,0,54.8
10141,2024,3,10.1,0,85.6
10141,2025,3,15.2,0,62.5
10142,2022,2,22.2,1,54.2
10142,2023,3,22.8,1,73.7
10142,2024,3,9.0,0,91.7
10142,2025,2,19.6,0,69.0
10143,2022,3,21.0,0,40.6
10143,2023,3,4.1,0,41.5
10143,2024,2,13.9,0,54.1
10143,2025,3,7.8,1,66.5
10144,2022,0,5.7,0,47.9
10144,2023,0,14.1,0,75.7
10144,2024,3,13.7,1,68.6
10144,2025,3,5.5,1,63.4
10145,2022,3,23.8,1,42.8
10145,2023,1,15.7,1,69.3
10145,2024,3,5.5,1,76.4
10145,2025,0,14.9,0,86.1
10146,2022,3,15.0,1,89.5
10146,2023,1,13.0,0,46.9
10146,2024,2,18.7,0,36.9
10146,2025,1,3.3,1,69.0
10147,2022,1,14.8,1,85.4
10147,2023,0,19.1,1,47.9
10147,2024,3,15.2,1,81.4
10147,2025,0,0.6,1,58.2
10148,2022,1,20.7,0,53.5
10148,2023,1,22.4,0,89.9
10148,2024,3,16.1,1,63.7
10148,2025,2,18.0,0,82.5
10149,2022,0,12.2,1,63.0
10149,2023,2,10.5,0,78.8
10149,2024,1,8.4,0,55.0
10149,2025,2,15.2,1,91.6
10150,2022,0,23.8,0,62.9
10150,2023,1,21.2,0,51.5
10150,2024,1,5.0,1,38.3
10150,2025,2,13.0,1,39.8
10151,2022,3,24.9,1,51.2
10151,2023,3,9.4,0,45.9
10151,2024,0,14.7,1,39.2
10151,2025,3,18.6,1,72.2
10152,2022,1,23.0,0,89.3
10152,2023,1,9.9,0,58.3
10152,2024,2,3.9,1,69.1
10152,2025,1,13.4,1,52.2
10153,2022,1,23.9,0,42.3
10153,2023,0,13.7,1,52.7
10153,2024,3,11.2,0,86.1
10153,2025,3,17.8,0,96.6
10154,2022,3,13.5,0,74.4
10154,2023,0,17.1,0,34.2
10154,2024,3,9.8,0,62.3
10154,2025,2,8.0,0,64.2
10155,2022,3,8.8,1,86.1
10155,2023,1,5.3,1,77.7
10155,2024,0,19.7,0,78.9
10155,2025,2,4.1,1,72.9
10156,2022,0,6.2,1,68.8
10156,2023,2,15.1,0,74.9
10156,2024,2,12.9,0,69.2
10156,2025,1,11.9,0,89.7
10157,2022,3,14.4,0,32.2
10157,2023,3,6.3,0,89.5
10157,2024,2,2.4,0,82.4
10157,2025,2,1.4,1,70.7
10158,2022,3,23.9,0,81.6
10158,2023,0,14.1,1,82.7
10158,2024,2,10.0,0,61.2
10158,2025,2,8.7,1,89.4
10159,2022,0,18.0,1,41.3
10159,2023,0,11.0,1,61.2
10159,2024,3,17.9,1,49.9
10159,2025,3,5.7,1,46.5
10160,2022,0,12.3,1,83.7
10160,2023,0,22.2,0,55.0
10160,2024,1,7.2,0,77.1
10160,2025,1,13.7,0,61.5
10161,2022,3,12.3,1,62.6
10161,2023,2,12.9,0,53.9
10161,2024,0,2.9,0,80.6
10161,2025,3,3.8,0,86.2
10162,2022,1,7.0,1,55.8
10162,2023,2,20.4,1,84.6
10162,2024,1,21.2,0,57.3
10162,2025,1,1.9,1,84.7
10163,2022,1,6.5,1,69.0
10163,2023,2,14.5,1,60.4
10163,2024,1,12.1,0,89.3
10163,2025,3,13.5,0,73.3
10164,2022,2,19.7,1,80.4
10164,2023,0,19.4,0,77.0
10164,2024,0,5.0,1,68.0
10164,2025,0,1.3,1,58.6
10165,2022,0,22.8,0,87.1
10165,2023,1,12.9,1,36.4
10165,2024,1,21.4,1,89.7
10165,2025,0,11.2,1,69.4
10166,2022,2,15.2,0,74.9
10166,2023,1,16.0,1,53.0
10166,2024,1,5.4,0,59.1
10166,2025,2,5.6,1,50.4
10167,2022,2,23.1,0,87.3
10167,2023,3,7.7,1,35.6
10167,2024,2,6.7,1,59.2
10167,2025,0,10.7,0,59.1
10168,2022,0,17.8,1,78.8
10168,2023,2,3.5,1,63.1
10168,2024,3,11.1,1,46.1
10168,2025,3,8.5,0,69.5
10169,2022,0,22.3,0,44.2
10169,2023,0,20.3,1,34.0
10169,2024,2,20.1,1,68.7
10169,2025,1,17.3,0,60.6
10170,2022,3,20.7,0,44.3
10170,2023,0,20.7,0,43.3
10170,2024,2,5.5,0,63.2
10170,2025,2,7.3,1,91.2
10171,2022,2,18.7,0,75.5
10171,2023,3,22.0,0,33.3
10171,2024,1,15.3,0,79.9
10171,2025,2,4.7,0,43.4
10172,2022,2,23.9,0,62.9
10172,2023,1,18.7,1,79.8
10172,2024,2,16.3,0,63.2
10172,2025,0,15.8,1,61.6
10173,2022,3,18.2,1,86.4
10173,2023,1,3.9,1,34.8
10173,2024,1,7.1,1,42.4
10173,2025,3,19.6,1,91.2
10174,2022,2,10.8,1,83.2
10174,2023,3,18.9,0,55.4
10174,2024,0,10.5,1,68.4
10174,2025,1,18.7,0,48.9
10175,2022,2,16.2,0,83.1
10175,2023,2,16.1,1,61.1
10175,2024,3,6.8,1,69.8
10175,2025,1,1.7,1,46.1
10176,2022,3,20.1,1,66.9
10176,2023,1,4.9,1,74.7
10176,2024,3,16.4,0,53.7
10176,2025,2,11.6,0,92.8
10177,2022,3,21.4,1,42.2
10177,2023,1,7.6,0,86.8
10177,2024,0,12.8,1,78.2
10177,2025,3,12.8,0,88.9
10178,2022,0,6.5,0,71.9
10178,2023,2,18.3,0,58.7
10178,2024,3,9.8,0,55.9
10178,2025,0,3.1,0,83.0
10179,2022,3,12.7,0,47.9
10179,2023,3,5.5,1,36.7
10179,2024,2,19.8,0,50.8
10179,2025,1,9.6,1,84.3
10180,2022,1,7.8,1,77.6
10180,2023,3,8.5,1,49.6
10180,2024,2,16.5,1,55.7
10180,2025,3,16.2,0,72.0
10181,2022,2,5.8,0,45.7
10181,2023,1,4.7,1,69.4
10181,2024,2,20.3,0,52.9
10181,2025,3,7.1,1,46.3
10182,2022,0,8.9,0,39.3
10182,2023,0,6.0,0,48.0
10182,2024,3,11.5,1,46.1
10182,2025,0,15.9,0,97.5
10183,2022,3,15.4,0,69.5
10183,2023,3,3.9,1,43.8
10183,2024,1,11.7,1,61.4
10183,2025,1,6.7,1,55.1
10184,2022,1,18.7,0,71.1
10184,2023,3,14.0,1,85.0
10184,2024,2,21.3,0,60.0
10184,2025,3,12.5,1,64.7
10185,2022,1,17.6,0,53.9
10185,2023,1,13.9,0,60.0
10185,2024,0,8.2,1,38.2
10185,2025,1,13.1,0,74.6
10186,2022,2,11.7,1,87.1
10186,2023,3,17.8,0,80.1
10186,2024,2,6.7,0,87.7
10186,2025,3,7.9,1,52.7
10187,2022,0,16.7,0,66.4
10187,2023,0,16.1,0,86.6
10187,2024,2,15.4,0,40.1
10187,2025,0,14.5,1,91.6
10188,2022,3,11.4,0,33.9
10188,2023,0,21.4,1,92.0
10188,2024,3,2.6,0,41.0
10188,2025,3,4.3,1,61.1
10189,2022,2,6.4,1,33.3
10189,2023,3,16.9,0,36.4
10189,2024,0,7.5,0,88.0
10189,2025,2,4.5,0,42.8
10190,2022,3,14.6,0,77.6
10190,2023,3,15.9,1,87.4
10190,2024,3,14.4,0,92.1
10190,2025,2,11.6,1,90.8
10191,2022,3,24.8,1,87.3
10191,2023,2,20.7,0,36.1
10191,2024,0,6.8,1,95.8
10191,2025,2,15.7,1,40.2
10192,2022,1,16.4,1,40.0
10192,2023,1,4.9,0,37.9
10192,2024,3,3.0,1,80.6
10192,2025,3,16.5,1,44.2
10193,2022,1,15.9,1,47.6
10193,2023,0,14.9,1,71.3
10193,2024,2,8.7,1,65.9
10193,2025,1,19.1,1,47.2
10194,2022,2,19.3,1,61.3
10194,2023,0,22.1,0,53.4
10194,2024,0,4.0,0,71.2
10194,2025,1,12.2,0,71.3
10195,2022,3,17.8,0,89.4
10195,2023,0,6.0,0,84.8
10195,2024,0,8.9,0,36.2
10195,2025,2,4.8,1,49.6
10196,2022,2,24.7,0,84.8
10196,2023,1,14.4,0,65.4
10196,2024,1,8.3,1,81.6
10196,2025,2,13.8,1,69.2
10197,2022,0,18.2,0,77.1
10197,2023,3,10.4,0,41.0
10197,2024,3,21.9,1,80.3
10197,2025,1,16.7,0,91.2
10198,2022,2,13.0,1,45.9
10198,2023,0,16.7,0,55.1
10198,2024,3,16.2,1,71.4
10198,2025,3,4.0,1,91.1
10199,2022,3,22.6,0,84.5
10199,2023,0,20.0,0,65.1
10199,2024,0,17.1,0,75.5
10199,2025,1,5.0,0,91.4
10200,2022,1,7.7,0,43.9
10200,2023,2,7.1,1,82.5
10200,2024,2,3.9,1,51.7
10200,2025,2,19.3,1,73.9
10201,2022,2,22.0,1,86.1
10201,2023,2,5.3,1,63.7
10201,2024,1,15.6,0,41.6
10201,2025,0,5.4,0,92.7
10202,2022,3,5.3,0,65.1
10202,2023,0,9.3,1,37.3
10202,2024,1,10.8,0,36.6
10202,2025,3,0.9,1,54.7
10203,2022,3,11.5,0,37.2
10203,2023,0,17.5,1,70.7
10203,2024,3,6.6,0,71.8
10203,2025,1,10.2,0,89.5
10204,2022,3,22.8,0,60.8
10204,2023,0,4.1,1,48.2
10204,2024,0,17.7,0,39.0
10204,2025,2,8.2,0,39.6
10205,2022,1,15.8,0,85.5
10205,2023,3,8.1,0,41.7
10205,2024,3,13.6,1,66.0
10205,2025,3,15.1,1,86.7
10206,2022,0,9.0,0,85.7
10206,2023,1,10.4,0,45.1
10206,2024,3,13.3,1,49.9
10206,2025,1,8.8,1,49.8
10207,2022,3,10.9,1,39.5
10207,2023,2,12.5,0,60.3
10207,2024,2,7.8,1,74.2
10207,2025,2,6.5,1,81.4
10208,2022,0,17.2,1,49.6
10208,2023,3,13.0,0,70.4
10208,2024,0,15.5,1,36.1
10208,2025,0,17.2,0,92.3
10209,2022,0,23.9,0,82.2
10209,2023,2,6.5,0,65.6
10209,2024,1,14.5,1,50.6
10209,2025,1,12.1,1,97.3
10210,2022,1,22.3,1,78.6
10210,2023,3,21.4,1,34.0
10210,2024,0,17.2,1,64.2
10210,2025,0,12.4,1,45.1
10211,2022,3,9.0,1,37.9
10211,2023,0,9.0,0,33.1
10211,2024,1,14.1,0,77.3
10211,2025,0,3.3,0,54.2
10212,2022,3,8.7,0,48.3
10212,2023,3,21.7,1,35.8
10212,2024,1,21.1,0,36.5
10212,2025,0,0.6,0,86.6
10213,2022,3,22.2,1,69.7
10213,2023,3,22.3,1,55.9
10213,2024,3,12.5,0,40.2
10213,2025,1,9.5,1,85.5
10214,2022,0,23.4,0,85.6
10214,2023,2,3.7,1,64.6
10214,2024,0,18.8,0,44.3
10214,2025,1,6.4,0,78.2
10215,2022,1,17.8,1,34.3
10215,2023,3,10.0,1,42.9
10215,2024,3,12.5,0,64.2
10215,2025,1,16.7,1,53.9
10216,2022,2,8.6,0,85.8
10216,2023,2,16.8,0,81.5
10216,2024,1,20.0,0,52.6
10216,2025,3,18.5,0,96.8
10217,2022,1,22.9,0,52.7
10217,2023,3,13.9,1,67.1
10217,2024,3,17.4,0,69.8
10217,2025,1,9.4,0,78.0
10218,2022,0,14.2,1,44.6
10218,2023,1,9.2,0,88.3
10218,2024,0,7.7,0,51.9
10218,2025,2,1.3,0,78.9
10219,2022,3,15.6,0,75.9
10219,2023,2,9.7,1,85.9
10219,2024,3,5.8,0,63.4
10219,2025,3,2.9,0,81.7
10220,2022,1,11.9,0,35.1
10220,2023,3,21.5,0,79.7
10220,2024,2,12.3,1,81.3
10220,2025,3,11.6,1,63.6
10221,2022,0,6.1,0,48.8
10221,2023,0,13.9,1,55.8
10221,2024,1,15.4,1,41.4
10221,2025,1,3.5,1,77.3
10222,2022,3,24.7,0,84.8
10222,2023,2,21.8,0,72.9
10222,2024,1,21.9,1,70.8
10222,2025,1,7.7,1,98.4
10223,2022,1,21.4,0,62.5
10223,2023,0,10.1,1,53.7
10223,2024,2,17.0,0,78.3
10223,2025,1,19.5,1,70.3
10224,2022,3,8.1,1,88.3
10224,2023,1,6.3,1,86.9
10224,2024,1,4.1,0,92.8
10224,2025,0,16.5,1,39.1
10225,2022,0,18.3,0,50.1
10225,2023,1,13.9,1,70.6
10225,2024,2,17.5,1,54.5
10225,2025,0,17.5,0,78.4
10226,2022,1,24.0,1,72.9
10226,2023,2,7.5,0,70.4
10226,2024,1,10.8,1,63.5
10226,2025,2,19.0,0,80.8
10227,2022,3,14.2,0,76.8
10227,2023,0,13.3,1,74.8
10227,2024,3,20.8,0,84.7
10227,2025,2,15.2,1,95.8
10228,2022,0,16.0,0,36.2
10228,2023,0,10.6,0,87.4
10228,2024,3,20.3,1,52.4
10228,2025,2,0.7,0,72.8
10229,2022,0,11.4,1,86.5
10229,2023,2,22.4,1,70.2
10229,2024,2,12.0,0,41.1
10229,2025,0,13.0,1,69.0
10230,2022,0,15.7,0,83.7
10230,2023,0,11.4,1,57.7
10230,2024,3,15.3,0,86.9
10230,2025,0,15.8,0,86.7
10231,2022,0,12.3,1,84.4
10231,2023,1,15.3,1,48.8
10231,2024,1,3.7,1,65.8
10231,2025,3,11.5,0,59.1
10232,2022,3,20.0,1,62.1
10232,2023,1,15.2,1,34.1
10232,2024,3,19.6,0,50.5
10232,2025,1,6.2,0,97.4
10233,2022,1,14.8,0,66.2
10233,2023,2,5.2,0,43.4
10233,2024,3,16.0,1,66.5
10233,2025,0,9.4,0,80.9
10234,2022,1,15.6,1,66.2
10234,2023,2,6.1,0,63.1
10234,2024,2,21.9,0,76.4
10234,2025,1,15.9,0,49.0
10235,2022,3,13.0,0,56.3
10235,2023,1,14.9,0,78.0
10235,2024,3,14.4,0,70.8
10235,2025,1,19.7,0,93.4
10236,2022,1,20.4,0,56.6
10236,2023,2,10.5,1,40.9
10236,2024,0,21.6,0,38.9
10236,2025,0,6.5,1,67.6
10237,2022,2,16.5,1,56.3
10237,2023,3,17.5,0,48.4
10237,2024,1,7.4,0,71.4
10237,2025,3,19.6,1,54.0
10238,2022,0,9.3,1,43.0
10238,2023,3,12.3,1,70.3
10238,2024,1,5.6,1,92.7
10238,2025,0,18.0,1,51.2
10239,2022,3,9.4,1,41.0
10239,2023,3,4.2,0,64.2
10239,2024,3,2.8,1,43.2
10239,2025,0,8.8,0,56.6
10240,2022,0,15.5,0,89.4
10240,2023,3,4.3,0,83.5
10240,2024,2,3.9,0,78.4
10240,2025,1,2.4,0,40.6
10241,2022,0,18.4,0,45.9
10241,2023,0,9.5,1,67.2
10241,2024,0,13.3,0,78.6
10241,2025,1,2.0,0,79.1
10242,2022,0,22.8,1,41.1
10242,2023,2,9.6,1,61.0
10242,2024,0,17.6,1,47.9
10242,2025,0,17.0,1,94.4
10243,2022,2,24.8,0,63.4
10243,2023,1,18.3,0,56.4
10243,2024,1,10.9,1,91.1
10243,2025,0,3.6,1,93.2
10244,2022,1,6.0,1,60.2
10244,2023,2,21.2,0,74.2
10244,2024,1,10.9,0,55.1
10244,2025,0,15.5,1,57.5
10245,2022,2,14.9,1,63.0
10245,2023,0,21.1,0,83.8
10245,2024,2,17.0,1,71.8
10245,2025,2,2.2,0,66.5
10246,2022,0,20.0,1,69.8
10246,2023,0,8.8,0,81.7
10246,2024,1,17.5,0,83.2
10246,2025,3,19.5,1,61.2
10247,2022,1,23.6,0,86.1
10247,2023,0,6.0,1,33.9
10247,2024,0,3.1,1,63.0
10247,2025,1,16.0,0,93.5
10248,2022,3,19.2,1,71.8
10248,2023,3,7.0,0,75.2
10248,2024,0,15.7,1,45.4
10248,2025,3,0.8,0,73.9
10249,2022,2,17.6,0,88.0
10249,2023,1,20.1,1,45.7
10249,2024,3,14.8,0,55.6
10249,2025,3,1.8,0,62.3
10250,2022,1,24.8,1,51.6
10250,2023,2,10.6,0,70.6
10250,2024,3,9.6,0,50.1
10250,2025,2,2.2,0,69.3
10251,2022,0,8.3,1,54.0
10251,2023,0,8.9,0,71.7
10251,2024,2,18.0,1,50.5
10251,2025,2,14.3,0,72.2
10252,2022,1,16.7,0,74.4
10252,2023,1,20.8,0,74.6
10252,2024,1,22.0,1,86.1
10252,2025,3,8.2,0,96.4
10253,2022,0,12.8,0,81.2
10253,2023,1,18.2,0,89.3
10253,2024,3,14.9,1,37.1
10253,2025,3,0.8,0,76.7
10254,2022,2,18.1,1,46.1
10254,2023,1,17.9,1,81.5
10254,2024,2,21.7,1,85.1
10254,2025,2,12.2,0,41.9
10255,2022,3,18.7,0,65.7
10255,2023,0,19.3,0,84.1
10255,2024,3,3.9,1,71.2
10255,2025,3,15.2,1,64.5
10256,2022,3,15.9,0,34.6
10256,2023,0,5.5,0,76.8
10256,2024,1,15.4,1,40.5
10256,2025,3,5.2,1,74.9
10257,2022,3,15.8,0,85.1
10257,2023,1,9.1,1,58.1
10257,2024,1,4.1,0,82.2
10257,2025,3,5.5,0,87.0
10258,2022,0,13.8,0,30.6
10258,2023,2,13.4,0,87.9
10258,2024,2,5.0,0,47.3
10258,2025,3,6.9,1,56.0
10259,2022,0,22.2,0,82.2
10259,2023,1,21.7,0,74.2
10259,2024,0,12.7,0,58.3
10259,2025,2,10.3,1,44.3
10260,2022,0,16.6,1,53.2
10260,2023,3,7.8,0,91.0
10260,2024,0,21.9,0,42.3
10260,2025,2,15.4,0,89.8
10261,2022,3,9.8,0,49.5
10261,2023,3,8.9,1,72.3
10261,2024,0,15.0,0,73.9
10261,2025,3,7.0,1,58.5
10262,2022,0,12.1,1,33.3
10262,2023,0,19.1,0,41.9
10262,2024,1,7.3,0,70.0
10262,2025,2,14.6,1,95.9
10263,2022,1,23.7,1,85.5
10263,2023,2,6.0,1,39.8
10263,2024,2,4.9,0,88.5
10263,2025,3,19.4,1,53.0
10264,2022,2,9.1,1,84.6
10264,2023,0,3.9,1,78.5
10264,2024,1,19.4,1,93.7
10264,2025,3,6.1,1,65.5
10265,2022,3,11.0,0,73.9
10265,2023,2,8.0,0,77.1
10265,2024,1,20.4,0,65.8
10265,2025,1,16.0,1,97.5
10266,2022,1,16.9,1,44.6
10266,2023,3,12.6,0,92.2
10266,2024,1,4.9,0,84.7
10266,2025,0,19.0,0,76.0
10267,2022,0,20.0,0,34.5
10267,2023,2,9.1,0,48.6
10267,2024,2,20.9,1,86.5
10267,2025,0,19.2,0,82.7
10268,2022,2,18.2,1,87.8
10268,2023,3,23.2,1,56.8
10268,2024,0,5.7,1,89.7
10268,2025,3,15.1,0,90.7
10269,2022,1,8.0,1,88.0
10269,2023,3,17.3,1,49.3
10269,2024,1,20.4,1,65.7
10269,2025,0,11.2,0,43.9
10270,2022,2,20.3,1,65.5
10270,2023,2,6.4,0,76.9
10270,2024,0,14.7,1,50.3
10270,2025,3,1.8,1,49.2
10271,2022,0,5.7,0,68.4
10271,2023,1,16.2,1,56.6
10271,2024,2,13.5,1,61.6
10271,2025,1,7.1,0,67.3
10272,2022,0,15.3,1,60.7
10272,2023,2,17.2,0,44.7
10272,2024,1,14.9,1,70.7
10272,2025,2,2.0,1,43.1
10273,2022,2,18.6,1,36.8
10273,2023,0,16.7,0,75.7
10273,2024,1,15.4,1,79.9
10273,2025,0,17.4,1,55.0
10274,2022,3,16.5,1,41.1
10274,2023,1,22.3,1,36.2
10274,2024,0,21.6,0,61.1
10274,2025,0,15.5,0,69.5
10275,2022,3,12.2,0,84.0
10275,2023,0,6.4,1,33.1
10275,2024,3,18.4,1,60.4
10275,2025,1,3.4,1,64.2
10276,2022,3,7.9,0,83.2
10276,2023,3,21.9,1,44.8
10276,2024,0,13.2,0,40.0
10276,2025,2,6.4,0,61.9
10277,2022,0,24.3,0,66.7
10277,2023,2,17.6,0,84.5
10277,2024,1,12.7,1,52.1
10277,2025,2,7.1,0,54.1
10278,2022,3,18.5,0,49.6
10278,2023,2,18.1,1,40.1
10278,2024,2,16.2,0,94.6
10278,2025,3,4.4,0,71.4
10279,2022,2,18.9,0,46.3
10279,2023,2,15.1,0,54.7
10279,2024,1,19.0,1,88.0
10279,2025,1,13.0,1,79.4
10280,2022,1,7.9,0,63.2
10280,2023,3,9.9,1,76.5
10280,2024,1,16.9,0,81.3
10280,2025,1,15.3,0,50.7
10281,2022,3,9.5,1,39.5
10281,2023,3,10.6,0,91.0
10281,2024,3,2.3,1,47.1
10281,2025,3,7.1,1,66.9
10282,2022,1,5.5,0,89.0
10282,2023,0,21.0,1,58.0
10282,2024,2,15.3,1,66.9
10282,2025,1,19.9,0,86.9
10283,2022,0,22.8,1,50.4
10283,2023,1,15.6,0,58.9
10283,2024,1,12.1,1,55.9
10283,2025,3,18.2,1,56.2
10284,2022,0,11.0,1,58.3
10284,2023,1,8.0,0,77.8
10284,2024,2,10.2,1,88.0
10284,2025,3,1.6,0,67.2
10285,2022,2,11.0,0,49.3
10285,2023,0,5.2,0,87.7
10285,2024,1,3.1,0,56.2
10285,2025,2,11.5,0,85.5
10286,2022,0,19.2,0,74.9
10286,2023,3,14.2,1,36.0
10286,2024,2,3.4,1,46.7
10286,2025,0,8.4,1,73.4
10287,2022,0,7.2,1,82.1
10287,2023,2,16.5,0,68.6
10287,2024,1,18.5,0,80.6
10287,2025,0,2.8,0,83.1
10288,2022,2,6.3,1,59.7
10288,2023,3,11.6,1,66.6
10288,2024,2,8.1,0,40.3
10288,2025,2,5.7,1,94.7
10289,2022,0,9.2,1,70.5
10289,2023,3,9.8,1,42.3
10289,2024,1,21.3,0,50.6
10289,2025,2,17.7,0,39.3
10290,2022,3,17.0,0,45.8
10290,2023,3,19.5,1,52.0
10290,2024,2,2.3,1,77.0
10290,2025,0,2.7,1,67.6
10291,2022,1,10.8,0,80.6
10291,2023,0,16.4,1,38.2
10291,2024,1,19.7,0,78.4
10291,2025,3,5.1,0,91.5
10292,2022,3,7.8,0,55.3
10292,2023,0,20.5,1,50.3
10292,2024,1,10.2,0,62.7
10292,2025,2,14.5,0,86.3
10293,2022,0,16.0,0,85.1
10293,2023,1,7.0,0,36.9
10293,2024,2,16.0,1,67.7
10293,2025,2,8.9,1,77.4
10294,2022,1,10.8,0,31.0
10294,2023,3,21.6,0,43.9
10294,2024,0,2.1,0,39.8
10294,2025,2,8.6,0,56.4
10295,2022,3,11.0,0,42.3
10295,2023,1,4.6,1,62.2
10295,2024,0,3.6,1,75.3
10295,2025,2,3.9,1,89.5
10296,2022,3,15.1,1,48.3
10296,2023,1,9.2,1,36.0
10296,2024,3,18.8,0,36.2
10296,2025,2,5.3,0,89.7
10297,2022,0,19.4,0,82.7
10297,2023,0,7.7,1,39.1
10297,2024,2,2.9,1,36.6
10297,2025,0,5.8,0,87.0
10298,2022,0,21.8,1,68.4
10298,2023,3,5.1,0,66.4
10298,2024,1,8.9,0,68.0
10298,2025,2,0.7,0,85.4
10299,2022,2,17.6,1,47.6
10299,2023,3,22.4,1,56.3
10299,2024,3,9.7,1,40.7
10299,2025,1,12.0,1,73.0
10300,2022,0,14.0,0,87.6
10300,2023,2,23.0,0,50.0
10300,2024,2,16.7,0,91.8
10300,2025,1,1.4,1,82.8
10301,2022,3,7.2,1,44.0
10301,2023,3,12.9,0,72.8
10301,2024,0,14.6,1,58.0
10301,2025,1,6.3,1,46.3
10302,2022,2,18.5,1,35.6
10302,2023,0,15.0,1,34.0
10302,2024,0,10.7,1,83.9
10302,2025,1,12.1,1,92.1
10303,2022,0,23.3,0,59.0
10303,2023,2,8.4,0,64.2
10303,2024,2,17.8,1,77.5
10303,2025,2,0.7,0,81.1
10304,2022,3,6.7,0,49.4
10304,2023,0,22.5,0,42.6
10304,2024,0,16.0,1,61.8
10304,2025,2,13.2,0,80.8
10305,2022,3,11.7,1,78.3
10305,2023,1,7.2,0,38.3
10305,2024,2,9.6,1,71.3
10305,2025,1,12.5,1,42.2
10306,2022,2,17.7,1,79.5
10306,2023,1,6.9,0,73.0
10306,2024,3,10.9,1,77.8
10306,2025,1,11.8,0,84.7
10307,2022,0,24.2,1,59.7
10307,2023,1,14.5,0,50.9
10307,2024,3,13.6,1,83.1
10307,2025,0,15.8,0,85.6
10308,2022,2,13.4,1,38.1
10308,2023,1,11.2,1,87.2
10308,2024,3,13.8,1,49.3
10308,2025,3,16.2,0,57.4
10309,2022,1,17.8,0,43.0
10309,2023,3,7.2,0,90.9
10309,2024,2,10.0,0,54.0
10309,2025,3,10.8,0,97.3
10310,2022,2,15.5,1,68.3
10310,2023,1,10.3,0,43.6
10310,2024,3,12.4,1,69.2
10310,2025,1,14.0,0,91.9
10311,2022,0,14.4,0,63.7
10311,2023,0,12.5,1,41.0
10311,2024,1,18.0,0,53.2
10311,2025,1,15.6,0,52.5
10312,2022,2,13.4,1,37.6
10312,2023,2,23.4,0,52.6
10312,2024,0,3.3,0,75.7
10312,2025,3,7.0,0,62.0
10313,2022,0,5.7,1,56.6
10313,2023,3,20.3,1,52.2
10313,2024,2,17.1,1,95.7
10313,2025,2,14.2,0,74.2
10314,2022,2,9.3,1,80.0
10314,2023,3,17.7,0,59.5
10314,2024,2,9.1,1,46.1
10314,2025,3,17.9,0,89.8
10315,2022,3,9.0,0,75.8
10315,2023,3,7.9,0,52.8
10315,2024,3,21.2,0,72.4
10315,2025,2,10.8,1,44.6
10316,2022,2,13.9,1,31.6
10316,2023,0,10.5,1,81.9
10316,2024,2,18.6,1,92.5
10316,2025,3,7.6,0,59.6
10317,2022,1,12.1,1,65.9
10317,2023,3,6.0,1,76.0
10317,2024,1,12.4,1,80.8
10317,2025,3,19.0,1,67.9
10318,2022,1,24.2,0,66.8
10318,2023,1,23.4,1,72.4
10318,2024,0,11.5,0,42.2
10318,2025,1,16.0,1,77.7
10319,2022,0,16.1,1,60.7
10319,2023,3,14.5,0,55.7
10319,2024,3,18.1,1,51.7
10319,2025,1,17.2,1,77.3
10320,2022,3,5.4,1,40.0
10320,2023,2,22.4,0,81.7
10320,2024,2,18.5,0,46.3
10320,2025,2,14.9,0,85.3
10321,2022,3,22.0,1,79.0
10321,2023,2,14.2,1,89.4
10321,2024,0,17.5,0,63.8
10321,2025,3,12.5,1,42.8
10322,2022,2,15.9,1,70.7
10322,2023,3,7.7,0,50.0
10322,2024,2,18.9,1,41.6
10322,2025,0,18.2,0,90.3
10323,2022,1,24.4,0,38.4
10323,2023,0,5.9,1,63.4
10323,2024,1,7.8,0,83.3
10323,2025,2,14.2,0,50.9
10324,2022,0,22.1,1,83.8
10324,2023,1,18.5,0,52.9
10324,2024,0,11.1,0,59.8
10324,2025,3,15.0,1,46.9
10325,2022,1,6.4,0,68.7
10325,2023,2,16.8,0,62.7
10325,2024,3,2.2,0,94.4
10325,2025,2,1.5,1,80.9
10326,2022,2,20.1,0,75.5
10326,2023,3,13.1,1,44.9
10326,2024,1,3.2,1,78.8
10326,2025,3,10.1,0,72.4
10327,2022,2,6.3,0,54.2
10327,2023,0,10.4,1,80.0
10327,2024,1,5.1,0,94.7
10327,2025,0,4.9,0,44.7
10328,2022,1,8.9,1,77.3
10328,2023,1,10.9,0,88.2
10328,2024,0,4.2,0,54.9
10328,2025,2,11.1,1,60.8
10329,2022,3,13.1,0,77.7
10329,2023,0,20.3,1,90.2
10329,2024,2,18.5,1,92.3
10329,2025,0,17.0,1,42.3
10330,2022,3,14.4,1,82.3
10330,2023,3,9.3,1,68.2
10330,2024,1,10.3,1,61.3
10330,2025,0,14.2,0,89.7
10331,2022,0,15.6,1,78.0
10331,2023,1,16.0,0,63.6
10331,2024,2,15.9,0,60.6
10331,2025,2,18.9,0,67.3
10332,2022,1,23.9,1,49.1
10332,2023,2,20.3,1,73.8
10332,2024,2,3.3,1,89.5
10332,2025,2,20.1,0,54.0
10333,2022,1,19.1,0,79.5
10333,2023,3,17.4,1,54.6
10333,2024,1,2.5,0,43.9
10333,2025,0,10.1,1,41.4
10334,2022,0,17.5,1,58.8
10334,2023,0,9.1,1,67.1
10334,2024,2,3.7,0,36.4
10334,2025,0,11.1,1,78.2
10335,2022,2,13.9,1,61.1
10335,2023,2,4.4,1,92.8
10335,2024,2,12.4,0,42.3
10335,2025,0,2.7,0,81.3
10336,2022,0,13.5,0,43.0
10336,2023,0,8.9,0,45.4
10336,2024,2,21.4,0,37.1
10336,2025,2,1.2,0,39.4
10337,2022,3,16.2,0,41.2
10337,2023,3,6.5,1,43.5
10337,2024,1,8.4,1,36.0
10337,2025,1,4.2,0,82.0
10338,2022,2,24.9,0,60.2
10338,2023,1,4.1,0,56.8
10338,2024,3,12.8,1,42.2
10338,2025,3,12.7,1,59.0
10339,2022,2,20.4,0,58.2
10339,2023,1,16.0,1,92.9
10339,2024,2,6.6,1,66.6
10339,2025,1,12.5,0,40.2
10340,2022,2,24.5,0,42.5
10340,2023,3,20.5,0,54.3
10340,2024,0,11.1,1,63.4
10340,2025,1,10.0,1,79.5
10341,2022,2,7.7,1,65.4
10341,2023,3,14.9,1,63.6
10341,2024,3,7.6,1,86.3
10341,2025,3,2.7,1,50.8
10342,2022,0,14.5,1,34.7
10342,2023,2,4.4,0,83.3
10342,2024,0,4.4,1,63.7
10342,2025,2,4.9,1,72.2
10343,2022,3,24.8,1,80.2
10343,2023,2,19.7,1,89.7
10343,2024,3,12.8,1,69.1
10343,2025,2,5.2,0,87.7
10344,2022,1,15.4,1,62.7
10344,2023,0,16.5,1,35.0
10344,2024,0,2.1,0,93.4
10344,2025,0,20.3,0,88.1
10345,2022,1,17.5,0,75.2
10345,2023,1,23.3,0,59.5
10345,2024,3,11.4,1,92.6
10345,2025,3,13.0,0,68.4
10346,2022,0,14.2,1,73.2
10346,2023,1,3.7,1,39.0
10346,2024,1,19.0,1,49.1
10346,2025,0,9.5,0,64.5
10347,2022,2,14.4,0,64.9
10347,2023,3,10.7,0,81.3
10347,2024,3,10.7,0,50.5
10347,2025,2,15.0,0,85.5
10348,2022,0,19.0,0,83.4
10348,2023,1,19.7,0,82.1
10348,2024,3,21.5,0,73.3
10348,2025,1,8.3,0,87.6
10349,2022,0,11.8,1,82.7
10349,2023,0,13.4,0,66.3
10349,2024,3,5.1,0,84.6
10349,2025,0,15.7,1,64.3
10350,2022,0,16.6,1,61.3
10350,2023,1,7.7,1,36.2
10350,2024,2,19.3,0,89.0
10350,2025,0,12.9,0,47.4
10351,2022,3,5.7,0,46.6
10351,2023,3,7.4,0,52.0
10351,2024,1,19.8,0,43.0
10351,2025,0,8.1,0,94.3
10352,2022,2,24.7,1,88.2
10352,2023,0,14.1,1,84.9
10352,2024,3,6.2,0,56.8
10352,2025,1,12.4,0,42.3
10353,2022,0,7.0,1,41.0
10353,2023,2,19.7,1,79.3
10353,2024,1,14.6,1,53.2
10353,2025,1,19.8,1,92.6
10354,2022,3,18.8,0,80.1
10354,2023,3,4.5,1,47.2
10354,2024,2,11.5,1,77.6
10354,2025,3,11.1,1,65.5
10355,2022,0,23.3,1,42.9
10355,2023,0,12.1,1,68.4
10355,2024,1,13.9,1,86.2
10355,2025,2,4.2,0,94.6
10356,2022,3,9.9,1,33.5
10356,2023,1,14.5,0,58.1
10356,2024,1,15.9,1,72.3
10356,2025,2,9.2,0,59.3
10357,2022,3,13.7,0,49.1
10357,2023,2,8.6,1,79.3
10357,2024,2,16.0,0,83.0
10357,2025,3,0.6,0,82.7
10358,2022,0,15.3,0,83.9
10358,2023,1,3.6,1,62.7
10358,2024,1,13.9,1,83.3
10358,2025,0,1.1,0,39.7
10359,2022,2,23.8,1,89.2
10359,2023,0,13.1,1,88.2
10359,2024,1,15.7,0,86.5
10359,2025,3,17.6,1,74.3
10360,2022,3,9.7,0,62.6
10360,2023,0,14.3,1,42.0
10360,2024,1,19.3,0,39.2
10360,2025,0,11.3,0,54.4
10361,2022,0,12.9,0,39.1
10361,2023,1,10.9,0,66.6
10361,2024,3,9.7,0,56.0
10361,2025,1,12.8,1,62.3
10362,2022,0,5.9,1,31.6
10362,2023,0,11.8,1,65.9
10362,2024,3,13.2,0,75.4
10362,2025,0,16.2,0,59.1
10363,2022,0,15.6,1,37.9
10363,2023,3,22.0,1,75.2
10363,2024,1,10.9,0,43.7
10363,2025,2,13.5,1,88.0
10364,2022,1,5.4,1,62.8
10364,2023,2,8.3,1,47.2
10364,2024,1,18.3,0,89.9
10364,2025,3,12.2,0,47.5
10365,2022,3,23.9,0,66.1
10365,2023,3,18.6,0,70.1
10365,2024,2,11.0,0,38.2
10365,2025,1,16.1,1,75.6
10366,2022,3,14.4,1,71.7
10366,2023,2,10.1,1,87.6
10366,2024,3,2.9,0,78.5
10366,2025,0,17.8,0,68.1
10367,2022,0,13.4,0,81.2
10367,2023,3,17.2,0,54.2
10367,2024,2,5.1,1,87.3
10367,2025,0,17.1,1,89.6
10368,2022,3,21.5,0,66.2
10368,2023,3,13.1,0,53.7
10368,2024,2,15.4,0,71.5
10368,2025,2,10.9,1,93.4
10369,2022,0,16.0,0,68.2
10369,2023,3,21.3,0,83.4
10369,2024,0,21.3,1,56.7
10369,2025,1,7.8,0,56.5
10370,2022,3,11.6,1,45.4
10370,2023,2,9.6,0,62.5
10370,2024,1,17.4,1,61.9
10370,2025,2,15.0,1,90.3
10371,2022,2,5.9,1,36.8
10371,2023,1,5.3,0,66.2
10371,2024,0,14.9,1,60.2
10371,2025,1,6.0,1,95.3
10372,2022,3,6.8,0,77.3
10372,2023,0,11.8,0,59.0
10372,2024,0,19.5,1,74.4
10372,2025,3,7.8,1,83.7
10373,2022,3,18.9,1,34.3
10373,2023,2,21.5,1,73.4
10373,2024,1,5.4,1,44.4
10373,2025,3,12.7,0,50.3
10374,2022,1,23.2,0,57.7
10374,2023,0,7.4,1,91.8
10374,2024,3,21.8,1,93.1
10374,2025,0,7.8,1,93.1
10375,2022,2,9.4,0,32.1
10375,2023,2,20.3,0,84.2
10375,2024,3,11.4,0,82.6
10375,2025,3,13.9,1,68.9
10376,2022,3,14.8,0,49.5
10376,2023,0,16.4,1,78.3
10376,2024,3,2.7,0,42.4
10376,2025,2,7.5,0,78.0
10377,2022,3,18.1,0,70.3
10377,2023,3,10.5,1,66.2
10377,2024,0,17.5,0,88.7
10377,2025,1,19.7,0,58.8
10378,2022,2,5.7,1,58.7
10378,2023,1,20.6,0,78.5
10378,2024,0,5.4,1,79.0
10378,2025,3,18.8,0,72.7
10379,2022,3,23.9,1,46.3
10379,2023,2,14.9,1,50.7
10379,2024,3,11.6,1,80.5
10379,2025,0,15.7,0,39.3
10380,2022,1,23.4,1,69.2
10380,2023,2,8.1,0,47.9
10380,2024,3,9.6,0,76.4
10380,2025,3,8.9,0,50.2
10381,2022,1,21.9,0,52.6
10381,2023,1,6.2,0,78.2
10381,2024,3,14.5,1,81.3
10381,2025,3,7.5,1,51.6
10382,2022,0,22.7,0,52.6
10382,2023,1,10.3,1,63.2
10382,2024,1,21.6,0,71.2
10382,2025,1,0.8,1,83.5
10383,2022,0,9.8,1,31.4
10383,2023,1,12.6,1,39.9
10383,2024,0,7.1,1,45.5
10383,2025,2,15.2,0,50.4
10384,2022,2,21.3,0,31.8
10384,2023,0,17.5,0,88.2
10384,2024,2,21.4,1,45.7
10384,2025,1,9.6,1,43.4
10385,2022,1,24.6,1,58.3
10385,2023,0,6.0,0,89.5
10385,2024,3,18.9,0,93.9
10385,2025,1,1.3,1,79.6
10386,2022,3,15.6,1,40.7
10386,2023,3,13.2,1,33.2
10386,2024,3,19.1,0,56.1
10386,2025,2,14.5,1,46.5
10387,2022,2,13.8,1,75.3
10387,2023,0,21.4,0,91.1
10387,2024,2,19.7,1,41.0
10387,2025,3,1.0,0,62.8
10388,2022,3,22.4,1,84.1
10388,2023,2,14.0,1,76.7
10388,2024,2,18.8,1,88.2
10388,2025,3,4.1,0,94.4
10389,2022,0,8.0,0,54.8
10389,2023,3,17.9,1,74.6
10389,2024,0,7.5,1,78.6
10389,2025,1,11.7,1,76.8
10390,2022,3,18.8,0,49.5
10390,2023,2,15.7,1,82.9
10390,2024,2,16.0,0,82.1
10390,2025,3,12.9,0,65.7
10391,2022,0,12.6,0,55.3
10391,2023,2,5.3,0,33.6
10391,2024,1,19.1,1,86.6
10391,2025,2,17.4,0,56.0
10392,2022,0,5.1,0,58.2
10392,2023,3,20.3,0,57.7
10392,2024,2,5.0,0,76.7
10392,2025,3,7.2,1,62.4
10393,2022,3,13.3,0,40.8
10393,2023,1,17.1,0,85.1
10393,2024,1,3.8,1,47.0
10393,2025,3,17.0,1,40.7
10394,2022,0,23.9,1,41.8
10394,2023,1,22.6,0,60.3
10394,2024,2,3.8,0,61.4
10394,2025,1,18.9,0,86.8
10395,2022,3,16.4,0,41.7
10395,2023,1,18.0,0,79.5
10395,2024,0,20.6,1,41.8
10395,2025,1,13.7,0,67.4
10396,2022,0,14.1,1,81.9
10396,2023,2,14.0,0,57.8
10396,2024,1,15.7,0,93.8
10396,2025,2,19.4,0,76.9
10397,2022,3,22.8,0,75.4
10397,2023,2,15.0,0,63.6
10397,2024,1,6.2,1,61.8
10397,2025,1,7.4,0,44.1
10398,2022,0,12.2,1,37.2
10398,2023,1,9.3,0,67.3
10398,2024,3,16.9,1,72.8
10398,2025,0,17.2,0,98.1
10399,2022,1,11.4,1,81.5
10399,2023,1,20.4,1,83.7
10399,2024,1,16.7,1,53.2
10399,2025,1,9.3,0,63.7
10400,2022,3,19.0,1,36.1
10400,2023,1,18.9,1,67.9
10400,2024,0,13.2,0,40.2
10400,2025,1,9.4,1,65.8
10401,2022,0,7.0,1,64.0
10401,2023,0,3.5,1,46.7
10401,2024,1,20.7,1,82.5
10401,2025,3,5.8,0,79.5
10402,2022,1,18.3,1,38.9
10402,2023,1,22.4,1,92.0
10402,2024,0,18.4,1,68.5
10402,2025,2,3.0,0,40.6
10403,2022,2,21.0,1,51.0
10403,2023,3,18.0,0,91.8
10403,2024,0,8.6,1,90.1
10403,2025,3,14.3,1,48.1
10404,2022,1,21.5,0,81.3
10404,2023,1,9.3,1,70.1
10404,2024,3,19.4,0,37.3
10404,2025,0,2.1,1,84.4
10405,2022,1,15.5,0,54.8
10405,2023,0,8.2,1,56.8
10405,2024,1,16.6,0,59.0
10405,2025,1,4.0,0,74.8
10406,2022,3,11.8,0,72.9
10406,2023,3,6.0,1,71.9
10406,2024,0,18.2,0,50.5
10406,2025,2,3.1,1,81.4
10407,2022,2,19.5,0,38.1
10407,2023,2,17.6,1,91.3
10407,2024,1,4.8,1,64.4
10407,2025,2,11.8,0,44.5
10408,2022,3,14.9,0,64.6
10408,2023,2,15.4,1,67.6
10408,2024,2,20.7,0,38.3
10408,2025,2,2.1,0,39.7
10409,2022,2,21.4,0,89.8
10409,2023,2,20.7,0,56.4
10409,2024,0,4.5,0,50.7
10409,2025,3,13.6,1,71.9
10410,2022,2,19.0,1,30.5
10410,2023,1,14.5,0,33.8
10410,2024,0,12.1,1,42.8
10410,2025,1,6.9,0,87.2
10411,2022,3,18.8,1,44.9
10411,2023,2,9.2,1,63.2
10411,2024,3,11.2,0,49.4
10411,2025,2,17.6,1,71.7
10412,2022,2,6.8,1,60.5
10412,2023,1,14.1,1,57.0
10412,2024,3,11.7,0,62.0
10412,2025,2,8.1,1,78.2
10413,2022,3,17.0,0,80.5
10413,2023,2,3.8,0,52.2
10413,2024,3,11.8,1,67.9
10413,2025,3,10.2,0,90.3
10414,2022,2,15.3,0,40.1
10414,2023,3,7.7,0,91.8
10414,2024,2,6.2,1,81.0
10414,2025,2,13.4,0,61.0
10415,2022,2,6.9,1,52.5
10415,2023,0,9.6,1,45.3
10415,2024,2,18.6,0,52.1
10415,2025,3,2.6,0,74.2
10416,2022,0,14.4,1,30.2
10416,2023,2,16.9,1,34.4
10416,2024,3,4.8,0,95.2
10416,2025,3,6.7,0,53.1
10417,2022,3,16.2,1,79.8
10417,2023,0,10.0,1,69.7
10417,2024,1,4.2,0,62.8
10417,2025,1,5.1,1,82.9
10418,2022,0,7.2,1,33.0
10418,2023,2,23.2,1,78.4
10418,2024,1,6.7,0,87.4
10418,2025,1,11.1,1,55.8
10419,2022,3,13.6,0,48.1
10419,2023,3,14.9,0,39.2
10419,2024,2,12.0,0,87.4
10419,2025,1,15.0,1,87.5
10420,2022,3,22.5,0,55.5
10420,2023,0,9.2,0,55.7
10420,2024,2,5.7,0,61.7
10420,2025,3,20.2,1,64.2
10421,2022,3,22.3,1,55.8
10421,2023,3,10.8,1,41.7
10421,2024,0,19.9,1,36.8
10421,2025,0,13.9,1,84.7
10422,2022,3,13.7,1,50.6
10422,2023,2,21.0,1,62.5
10422,2024,3,15.5,0,54.4
10422,2025,1,17.0,0,61.9
10423,2022,3,13.4,1,34.5
10423,2023,0,19.5,1,55.2
10423,2024,1,9.3,0,63.8
10423,2025,0,15.2,1,89.0
10424,2022,2,13.7,1,49.3
10424,2023,2,11.6,0,38.3
10424,2024,3,17.9,1,81.6
10424,2025,2,3.0,1,61.5
10425,2022,1,23.6,0,84.9
10425,2023,0,13.7,1,90.5
10425,2024,3,14.7,1,88.3
10425,2025,2,8.6,1,52.6
10426,2022,0,17.9,1,45.2
10426,2023,0,17.7,0,80.6
10426,2024,2,19.4,1,62.8
10426,2025,3,17.6,0,56.9
10427,2022,0,12.2,1,47.6
10427,2023,3,15.8,0,67.6
10427,2024,0,17.6,1,89.7
10427,2025,3,15.8,0,76.1
10428,2022,3,22.8,1,67.2
10428,2023,2,20.1,1,77.8
10428,2024,0,16.4,1,81.6
10428,2025,2,15.5,1,93.6
10429,2022,1,21.1,0,39.7
10429,2023,3,20.3,1,92.1
10429,2024,0,9.1,1,55.7
10429,2025,2,16.1,0,55.9
10430,2022,1,24.0,0,60.6
10430,2023,3,8.2,1,48.9
10430,2024,0,3.0,1,50.0
10430,2025,2,1.9,1,97.0
10431,2022,0,9.3,1,36.2
10431,2023,3,21.9,0,92.4
10431,2024,1,4.5,1,73.3
10431,2025,3,15.5,1,96.5
10432,2022,0,22.3,0,83.8
10432,2023,3,21.1,0,71.9
10432,2024,2,10.3,1,71.4
10432,2025,0,10.4,1,98.6
10433,2022,0,11.5,0,60.9
10433,2023,0,6.4,1,43.7
10433,2024,1,6.2,0,95.6
10433,2025,1,3.2,1,58.4
10434,2022,0,13.2,0,35.2
10434,2023,1,6.9,1,76.0
10434,2024,1,10.1,0,62.8
10434,2025,2,17.5,0,62.3
10435,2022,1,18.1,1,67.9
10435,2023,1,16.8,1,36.2
10435,2024,1,18.2,1,77.9
10435,2025,0,1.3,0,69.2
10436,2022,0,20.9,0,59.4
10436,2023,1,7.4,0,87.0
10436,2024,2,8.9,0,85.9
10436,2025,1,6.7,0,70.9
10437,2022,2,7.1,0,64.7
10437,2023,3,7.0,1,81.4
10437,2024,2,21.1,1,60.7
10437,2025,1,12.5,0,79.3
10438,2022,2,14.5,0,62.4
10438,2023,2,18.7,0,63.0
10438,2024,2,18.3,1,95.1
10438,2025,3,2.7,1,40.1
10439,2022,1,19.8,0,54.9
10439,2023,2,22.1,0,88.8
10439,2024,1,13.7,1,91.7
10439,2025,3,12.8,0,83.9
10440,2022,0,22.4,0,65.5
10440,2023,1,17.1,1,74.5
10440,2024,0,21.9,0,51.2
10440,2025,3,6.2,0,68.3
10441,2022,3,21.9,0,62.2
10441,2023,0,15.7,1,36.8
10441,2024,1,9.3,0,88.0
10441,2025,0,18.2,1,66.4
10442,2022,3,24.9,0,83.9
10442,2023,3,4.7,1,56.4
10442,2024,1,20.5,0,60.5
10442,2025,1,4.6,1,53.7
10443,2022,2,9.1,1,68.7
10443,2023,0,4.3,0,65.9
10443,2024,1,20.4,0,90.8
10443,2025,1,15.7,1,64.8
10444,2022,0,6.1,1,68.9
10444,2023,3,16.2,0,75.5
10444,2024,0,4.4,0,55.2
10444,2025,0,15.5,1,91.8
10445,2022,3,13.2,0,52.9
10445,2023,0,4.5,0,71.2
10445,2024,1,18.6,1,73.0
10445,2025,0,11.9,1,64.3
10446,2022,1,20.5,0,41.0
10446,2023,3,17.0,0,68.5
10446,2024,0,10.7,1,58.5
10446,2025,2,14.5,0,61.7
10447,2022,0,5.3,0,59.6
10447,2023,0,10.3,0,73.6
10447,2024,1,17.6,1,79.8
10447,2025,1,15.8,1,64.6
10448,2022,2,22.7,0,37.2
10448,2023,2,15.7,0,80.5
10448,2024,3,20.8,1,76.2
10448,2025,3,11.7,0,87.0
10449,2022,0,15.0,1,49.0
10449,2023,1,7.4,1,87.5
10449,2024,0,17.6,1,51.8
10449,2025,1,14.3,1,56.4
10450,2022,3,14.2,0,62.2
10450,2023,1,5.2,1,92.8
10450,2024,1,4.5,1,48.1
10450,2025,3,2.8,1,89.3
10451,2022,3,12.5,0,30.1
10451,2023,1,6.7,1,47.3
10451,2024,2,19.2,0,56.8
10451,2025,1,18.5,1,77.9
10452,2022,3,22.1,0,36.8
10452,2023,2,15.7,0,40.7
10452,2024,2,13.9,0,44.8
10452,2025,0,18.3,0,78.8
10453,2022,3,13.1,1,36.9
10453,2023,0,4.7,1,56.9
10453,2024,3,11.4,1,45.4
10453,2025,2,11.6,1,61.9
10454,2022,2,16.0,0,72.8
10454,2023,3,6.7,1,49.7
10454,2024,2,17.7,0,73.1
10454,2025,3,15.1,1,53.9
10455,2022,1,9.6,0,74.3
10455,2023,3,14.5,1,79.6
10455,2024,3,17.8,1,54.6
10455,2025,1,0.7,0,40.4
10456,2022,2,10.5,0,37.7
10456,2023,2,12.9,1,62.5
10456,2024,2,18.9,0,58.9
10456,2025,0,16.5,1,59.7
10457,2022,0,8.0,0,64.8
10457,2023,3,12.8,0,42.7
10457,2024,3,8.1,0,63.4
10457,2025,3,8.5,0,51.2
10458,2022,1,15.8,0,88.9
10458,2023,1,13.5,0,35.9
10458,2024,0,4.8,0,36.9
10458,2025,1,2.9,1,72.9
10459,2022,3,7.6,1,33.8
10459,2023,1,20.3,1,81.7
10459,2024,3,2.4,1,85.2
10459,2025,2,4.5,1,64.9
10460,2022,2,24.1,0,80.3
10460,2023,0,4.8,0,77.4
10460,2024,3,2.7,0,44.1
10460,2025,2,8.2,0,90.6
10461,2022,3,8.0,0,82.5
10461,2023,1,14.8,0,52.4
10461,2024,2,8.8,0,82.5
10461,2025,1,4.7,0,92.8
10462,2022,3,25.0,0,74.7
10462,2023,0,10.3,0,38.6
10462,2024,2,14.8,0,41.7
10462,2025,0,18.0,0,97.9
10463,2022,2,23.4,0,62.5
10463,2023,2,11.7,1,71.7
10463,2024,2,21.5,1,90.7
10463,2025,0,15.0,0,39.4
10464,2022,2,16.7,1,55.6
10464,2023,1,17.4,0,67.0
10464,2024,3,9.2,1,36.1
10464,2025,2,9.0,1,76.5
10465,2022,2,16.7,1,81.1
10465,2023,1,10.0,0,36.3
10465,2024,0,17.4,0,84.3
10465,2025,0,5.5,1,97.7
10466,2022,1,20.9,0,85.2
10466,2023,2,6.5,0,65.2
10466,2024,1,6.3,1,87.6
10466,2025,1,15.6,1,85.2
10467,2022,3,10.3,1,79.1
10467,2023,3,19.4,1,56.9
10467,2024,2,17.7,0,64.5
10467,2025,1,5.6,1,53.3
10468,2022,0,6.5,0,33.1
10468,2023,0,6.8,1,68.8
10468,2024,3,17.1,0,54.6
10468,2025,0,17.4,0,69.2
10469,2022,1,12.7,0,87.8
10469,2023,3,6.8,0,36.8
10469,2024,3,3.5,0,88.4
10469,2025,2,4.8,1,44.2
10470,2022,3,24.6,0,69.2
10470,2023,3,6.9,1,53.6
10470,2024,0,3.7,1,42.0
10470,2025,3,16.2,0,84.4
10471,2022,3,17.3,1,71.9
10471,2023,2,14.2,1,71.4
10471,2024,2,11.0,0,93.9
10471,2025,3,14.5,1,40.4
10472,2022,0,19.0,1,56.1
10472,2023,1,12.0,0,66.8
10472,2024,0,6.7,0,57.5
10472,2025,1,17.3,1,79.2
10473,2022,2,8.3,0,84.0
10473,2023,3,14.2,0,74.8
10473,2024,0,15.9,0,70.2
10473,2025,0,13.3,1,83.3
10474,2022,1,17.4,1,36.6
10474,2023,1,16.8,0,70.8
10474,2024,3,19.5,1,60.4
10474,2025,3,7.8,1,58.1
10475,2022,2,17.5,0,60.4
10475,2023,3,17.4,1,81.3
10475,2024,0,13.8,0,60.8
10475,2025,0,18.6,0,81.1
10476,2022,0,18.1,0,65.3
10476,2023,1,12.0,1,88.0
10476,2024,3,18.9,0,62.7
10476,2025,3,10.3,1,88.2
10477,2022,1,15.6,0,80.5
10477,2023,0,15.1,0,60.9
10477,2024,1,8.5,1,65.3
10477,2025,2,15.0,1,59.0
10478,2022,0,7.0,0,59.7
10478,2023,0,20.9,1,48.0
10478,2024,2,17.1,1,87.5
10478,2025,0,7.6,1,54.0
10479,2022,0,9.5,0,45.5
10479,2023,3,11.3,0,86.7
10479,2024,0,18.1,1,67.9
10479,2025,0,1.1,1,45.3
10480,2022,1,14.4,0,50.7
10480,2023,2,8.6,0,75.3
10480,2024,0,19.5,0,60.3
10480,2025,1,8.8,1,64.4
10481,2022,0,19.0,1,59.9
10481,2023,1,10.7,1,46.4
10481,2024,1,8.6,0,61.4
10481,2025,2,7.0,1,51.9
10482,2022,1,18.6,0,51.0
10482,2023,3,22.8,1,64.9
10482,2024,0,6.2,1,77.6
10482,2025,3,13.4,0,77.0
10483,2022,3,10.3,0,64.5
10483,2023,2,14.5,0,68.7
10483,2024,3,12.8,0,66.7
10483,2025,2,9.5,0,75.9
10484,2022,0,15.0,0,52.5
10484,2023,0,21.1,1,87.0
10484,2024,2,3.8,0,71.4
10484,2025,1,17.1,0,95.2
10485,2022,2,14.2,1,54.3
10485,2023,2,10.2,0,56.7
10485,2024,3,5.5,1,93.9
10485,2025,0,16.8,0,82.7
10486,2022,0,16.8,0,61.1
10486,2023,0,18.1,1,76.1
10486,2024,2,8.3,1,59.8
10486,2025,2,8.4,1,84.5
10487,2022,0,23.3,1,42.6
10487,2023,2,22.7,1,90.1
10487,2024,0,16.8,0,63.7
10487,2025,3,15.5,0,44.6
10488,2022,3,18.9,1,80.7
10488,2023,2,15.2,1,86.7
10488,2024,1,13.9,0,79.8
10488,2025,0,19.8,1,76.8
10489,2022,3,20.0,0,85.7
10489,2023,1,16.6,1,70.3
10489,2024,3,5.8,0,83.5
10489,2025,0,20.0,1,67.3
10490,2022,0,15.4,0,73.6
10490,2023,3,22.4,0,92.9
10490,2024,2,16.3,0,59.0
10490,2025,0,1.3,1,82.2
10491,2022,1,15.8,0,38.9
10491,2023,1,21.4,0,71.1
10491,2024,2,3.0,1,55.4
10491,2025,3,17.8,1,91.0
10492,2022,0,17.3,1,51.6
10492,2023,0,4.4,1,59.7
10492,2024,2,9.5,0,94.8
10492,2025,0,1.1,0,51.9
10493,2022,0,5.0,1,63.9
10493,2023,1,21.4,0,84.8
10493,2024,1,17.0,1,54.9
10493,2025,3,6.3,0,39.9
10494,2022,1,7.3,0,83.8
10494,2023,3,4.6,1,70.2
10494,2024,1,20.3,1,49.8
10494,2025,3,13.0,0,55.6
10495,2022,0,8.2,0,78.0
10495,2023,0,17.1,1,71.5
10495,2024,1,22.0,1,80.0
10495,2025,0,16.3,0,73.6
10496,2022,3,13.9,0,77.4
10496,2023,2,19.8,0,82.3
10496,2024,2,16.9,0,59.2
10496,2025,0,2.3,1,93.1
10497,2022,0,23.5,1,60.3
10497,2023,1,21.2,0,42.6
10497,2024,1,13.8,1,49.1
10497,2025,3,10.7,1,83.0
10498,2022,3,9.6,0,52.6
10498,2023,2,20.2,0,48.7
10498,2024,3,10.6,1,72.3
10498,2025,0,12.1,1,85.9
10499,2022,0,8.4,1,36.6
10499,2023,1,7.8,1,59.9
10499,2024,0,21.7,1,82.3
10499,2025,3,10.4,1,93.2
10500,2022,3,21.3,1,30.8
10500,2023,1,20.1,0,72.4
10500,2024,3,21.6,0,71.8
10500,2025,1,20.2,0,70.1
10501,2022,0,14.1,1,39.6
10501,2023,1,22.5,0,77.5
10501,2024,3,9.3,1,59.6
10501,2025,3,12.7,0,53.1
10502,2022,2,21.4,1,81.0
10502,2023,1,21.8,0,51.4
10502,2024,3,12.5,0,47.9
10502,2025,2,8.9,0,57.7
10503,2022,0,19.6,1,40.9
10503,2023,0,12.6,0,79.6
10503,2024,0,15.4,1,46.9
10503,2025,0,16.6,0,82.0
10504,2022,0,21.8,0,39.8
10504,2023,1,8.6,0,46.6
10504,2024,0,13.4,0,56.6
10504,2025,3,1.0,0,96.0
10505,2022,3,21.0,0,84.8
10505,2023,0,6.0,1,38.1
10505,2024,0,19.4,0,56.1
10505,2025,2,8.6,0,59.8
10506,2022,1,8.3,0,42.7
10506,2023,3,19.4,0,59.1
10506,2024,3,6.0,0,80.9
10506,2025,3,8.4,1,45.0
10507,2022,3,16.3,0,70.3
10507,2023,0,10.7,0,48.6
10507,2024,0,5.6,1,74.5
10507,2025,1,8.6,1,79.9
10508,2022,2,7.9,0,73.7
10508,2023,0,17.9,1,84.7
10508,2024,3,5.4,1,90.0
10508,2025,2,10.1,1,84.5
10509,2022,3,16.2,1,58.9
10509,2023,1,22.4,1,35.7
10509,2024,0,3.6,0,92.2
10509,2025,1,19.1,1,75.1
10510,2022,3,9.2,0,62.1
10510,2023,0,20.3,1,47.4
10510,2024,0,3.8,1,77.1
10510,2025,0,20.3,1,98.7
10511,2022,0,21.2,0,49.8
10511,2023,1,4.8,0,81.0
10511,2024,0,6.3,1,53.5
10511,2025,2,11.5,0,68.3
10512,2022,0,15.5,1,42.8
10512,2023,3,16.1,1,63.8
10512,2024,1,11.3,1,63.6
10512,2025,2,15.2,1,41.3
10513,2022,3,12.0,0,52.9
10513,2023,0,7.0,0,36.8
10513,2024,3,2.7,1,63.0
10513,2025,1,7.0,0,97.8
10514,2022,1,13.5,1,47.6
10514,2023,0,16.7,1,63.9
10514,2024,2,18.1,1,43.8
10514,2025,1,5.3,0,48.2
10515,2022,1,14.9,0,51.3
10515,2023,2,8.2,1,62.4
10515,2024,0,21.0,0,78.1
10515,2025,3,13.5,1,66.4
10516,2022,0,18.6,0,31.5
10516,2023,0,14.1,1,49.3
10516,2024,3,7.6,0,37.5
10516,2025,3,4.5,1,94.1
10517,2022,0,18.1,1,31.7
10517,2023,2,21.9,1,36.0
10517,2024,3,6.3,1,53.9
10517,2025,1,11.9,0,76.9
10518,2022,0,15.6,1,51.5
10518,2023,1,16.3,1,36.7
10518,2024,1,13.8,0,86.2
10518,2025,3,6.0,0,81.0
10519,2022,2,18.8,0,53.8
10519,2023,1,9.0,0,73.6
10519,2024,0,15.1,0,52.5
10519,2025,3,6.5,1,70.7
10520,2022,1,6.6,0,82.8
10520,2023,0,6.0,1,39.5
10520,2024,0,18.7,0,86.8
10520,2025,0,2.9,1,86.3
10521,2022,1,11.6,0,86.9
10521,2023,2,9.3,0,63.8
10521,2024,1,3.2,0,52.5
10521,2025,2,12.5,1,60.2
10522,2022,2,21.0,1,68.4
10522,2023,3,23.3,1,41.4
10522,2024,3,20.7,0,57.1
10522,2025,2,1.5,1,82.6
10523,2022,1,10.2,0,64.4
10523,2023,2,11.7,0,36.8
10523,2024,2,19.5,0,65.8
10523,2025,2,7.7,0,70.5
10524,2022,0,16.4,1,72.0
10524,2023,2,16.7,0,33.6
10524,2024,0,8.0,0,61.7
10524,2025,2,12.1,1,92.2
10525,2022,1,6.0,0,31.5
10525,2023,3,13.1,0,73.3
10525,2024,3,9.6,0,49.4
10525,2025,0,7.6,0,62.2
10526,2022,2,9.7,1,83.0
10526,2023,1,19.9,1,54.8
10526,2024,0,19.6,0,68.7
10526,2025,1,18.3,1,44.4
10527,2022,2,12.9,0,49.5
10527,2023,3,8.7,0,41.5
10527,2024,2,4.0,0,69.7
10527,2025,2,13.9,1,66.6
10528,2022,2,11.6,0,45.9
10528,2023,3,9.0,0,93.0
10528,2024,3,9.4,0,45.2
10528,2025,0,11.6,0,88.5
10529,2022,0,8.2,1,32.1
10529,2023,0,22.7,1,83.8
10529,2024,3,16.7,0,64.6
10529,2025,3,1.4,0,88.7
10530,2022,2,11.1,0,74.8
10530,2023,2,4.5,1,67.4
10530,2024,1,6.6,0,58.3
10530,2025,1,6.2,0,78.9
10531,2022,0,19.4,0,80.0
10531,2023,2,17.9,1,63.2
10531,2024,2,2.9,1,60.9
10531,2025,1,12.3,0,47.6
10532,2022,0,24.2,0,83.8
10532,2023,2,16.1,1,49.0
10532,2024,1,21.2,0,43.4
10532,2025,0,8.1,1,43.0
10533,2022,0,14.2,0,75.0
10533,2023,0,13.4,0,73.5
10533,2024,1,20.5,1,43.2
10533,2025,2,8.1,1,70.8
10534,2022,1,24.7,1,39.2
10534,2023,2,14.4,0,56.0
10534,2024,2,6.4,0,83.0
10534,2025,2,2.6,0,52.7
10535,2022,3,8.5,0,31.7
10535,2023,3,4.3,0,44.6
10535,2024,3,15.8,0,60.0
10535,2025,0,10.8,1,53.5
10536,2022,2,19.8,0,73.3
10536,2023,0,19.1,0,80.4
10536,2024,1,20.6,1,50.4
10536,2025,2,2.8,0,55.1
10537,2022,3,8.7,0,63.6
10537,2023,1,14.5,0,78.2
10537,2024,3,4.6,0,93.6
10537,2025,1,2.4,1,57.0
10538,2022,2,18.3,1,84.7
10538,2023,2,18.0,0,43.9
10538,2024,0,18.9,1,38.5
10538,2025,3,18.8,0,86.5
10539,2022,3,13.8,0,58.7
10539,2023,2,23.1,0,37.6
10539,2024,0,2.8,1,40.3
10539,2025,0,17.9,0,39.8
10540,2022,3,11.4,1,48.4
10540,2023,2,21.9,0,77.1
10540,2024,3,6.5,1,75.9
10540,2025,2,15.3,1,99.0
10541,2022,3,13.5,0,65.6
10541,2023,2,11.1,0,39.6
10541,2024,0,3.2,1,94.7
10541,2025,0,14.6,1,80.6
10542,2022,3,8.5,1,52.4
10542,2023,0,12.8,1,47.8
10542,2024,3,4.8,1,49.3
10542,2025,0,12.6,1,96.4
10543,2022,3,9.6,1,55.2
10543,2023,0,15.4,0,62.2
10543,2024,2,20.9,1,86.2
10543,2025,0,18.9,1,96.8
10544,2022,2,9.0,1,30.3
10544,2023,0,5.5,0,92.4
10544,2024,0,2.9,1,40.5
10544,2025,2,17.1,0,89.2
10545,2022,1,10.0,1,87.0
10545,2023,3,9.2,0,66.7
10545,2024,1,6.5,0,69.1
10545,2025,0,17.3,1,79.1
10546,2022,3,24.6,0,51.2
10546,2023,3,18.6,1,42.9
10546,2024,3,18.5,0,40.0
10546,2025,3,12.9,1,91.9
10547,2022,2,15.6,0,62.8
10547,2023,1,17.9,0,74.6
10547,2024,1,2.7,0,55.9
10547,2025,2,1.7,1,87.4
10548,2022,1,18.7,0,51.0
10548,2023,0,10.2,1,34.8
10548,2024,3,11.8,0,56.2
10548,2025,0,16.1,1,90.0
10549,2022,0,16.5,1,82.6
10549,2023,1,19.6,0,89.1
10549,2024,2,10.4,0,66.0
10549,2025,2,6.2,1,96.4
10550,2022,0,9.7,1,60.0
10550,2023,3,6.1,1,42.2
10550,2024,0,2.7,0,66.1
10550,2025,3,1.6,1,91.1
10551,2022,3,10.4,1,77.1
10551,2023,0,9.1,1,59.0
10551,2024,0,9.6,1,48.8
10551,2025,1,12.3,1,73.9
10552,2022,3,20.2,0,85.9
10552,2023,0,7.5,0,43.6
10552,2024,1,17.2,0,85.6
10552,2025,3,3.3,1,47.8
10553,2022,0,24.8,0,85.2
10553,2023,3,9.2,0,74.6
10553,2024,3,18.7,0,42.6
10553,2025,2,4.3,0,51.1
10554,2022,1,24.0,1,85.6
10554,2023,2,20.0,1,63.5
10554,2024,2,9.2,0,63.2
10554,2025,2,8.9,1,42.5
10555,2022,0,5.1,1,35.0
10555,2023,2,8.5,0,74.5
10555,2024,2,7.8,1,82.6
10555,2025,3,9.6,1,91.0
10556,2022,2,7.8,1,60.2
10556,2023,3,13.1,1,52.7
10556,2024,1,15.4,0,73.5
10556,2025,3,7.9,0,76.1
10557,2022,0,9.6,1,32.1
10557,2023,2,14.5,0,89.3
10557,2024,0,2.6,1,74.6
10557,2025,1,7.3,0,39.4
10558,2022,0,15.6,1,87.6
10558,2023,3,10.2,0,90.2
10558,2024,2,8.9,0,92.8
10558,2025,3,17.5,0,92.3
10559,2022,0,23.7,1,41.1
10559,2023,3,20.0,1,91.6
10559,2024,0,4.0,1,81.7
10559,2025,0,6.3,0,77.4
10560,2022,0,19.2,1,86.6
10560,2023,0,23.0,1,55.9
10560,2024,1,6.8,1,91.9
10560,2025,2,18.5,0,75.3
10561,2022,3,19.8,0,64.8
10561,2023,3,23.2,1,71.8
10561,2024,3,3.9,0,81.2
10561,2025,0,8.4,0,65.7
10562,2022,0,14.6,0,88.8
10562,2023,2,16.9,1,38.3
10562,2024,2,15.1,1,90.8
10562,2025,2,18.6,1,78.4
10563,2022,3,21.8,0,84.6
10563,2023,2,4.6,0,55.1
10563,2024,0,11.7,0,85.7
10563,2025,2,8.6,0,76.0
10564,2022,1,24.9,1,79.9
10564,2023,0,12.0,1,52.5
10564,2024,1,15.7,1,91.0
10564,2025,2,6.2,0,94.5
10565,2022,1,17.3,0,58.5
10565,2023,0,7.6,1,57.0
10565,2024,3,14.1,0,70.5
10565,2025,0,17.9,0,51.0
10566,2022,0,5.4,0,59.8
10566,2023,0,13.6,0,86.8
10566,2024,1,21.6,0,57.9
10566,2025,0,3.7,0,83.2
10567,2022,0,8.7,0,67.4
10567,2023,0,12.9,0,48.7
10567,2024,2,19.4,1,67.9
10567,2025,1,11.8,0,90.2
10568,2022,2,15.2,1,63.3
10568,2023,0,5.2,0,74.8
10568,2024,2,21.2,1,82.5
10568,2025,3,7.4,0,42.0
10569,2022,0,10.0,0,33.1
10569,2023,2,11.7,1,39.9
10569,2024,0,10.3,0,45.8
10569,2025,3,9.7,0,87.7
10570,2022,0,18.8,1,56.1
10570,2023,0,20.9,1,44.1
10570,2024,2,3.1,1,67.9
10570,2025,0,10.3,0,84.8
10571,2022,3,13.3,0,38.4
10571,2023,3,3.7,1,53.7
10571,2024,2,18.3,0,47.7
10571,2025,0,2.6,0,77.8
10572,2022,1,7.3,0,38.2
10572,2023,0,4.5,1,79.9
10572,2024,1,6.0,0,48.5
10572,2025,0,4.0,0,42.5
10573,2022,3,12.0,1,84.7
10573,2023,3,16.7,1,53.0
10573,2024,0,3.1,1,66.2
10573,2025,0,17.7,0,45.1
10574,2022,3,11.5,0,58.8
10574,2023,0,15.6,1,46.4
10574,2024,0,2.2,0,86.4
10574,2025,2,7.8,0,81.8
10575,2022,2,5.0,1,69.8
10575,2023,2,6.8,0,79.9
10575,2024,1,11.0,0,53.6
10575,2025,3,11.2,0,66.2
10576,2022,0,8.1,0,35.2
10576,2023,3,18.4,1,37.1
10576,2024,0,5.8,0,55.7
10576,2025,0,2.8,0,88.4
10577,2022,3,11.7,1,65.9
10577,2023,1,14.5,0,58.5
10577,2024,1,21.8,0,94.0
10577,2025,1,8.9,0,65.5
10578,2022,1,13.5,1,58.1
10578,2023,2,4.7,0,92.6
10578,2024,3,17.3,1,43.9
10578,2025,1,4.1,0,54.3
10579,2022,1,19.9,0,57.2
10579,2023,1,21.7,1,67.3
10579,2024,1,17.4,1,44.9
10579,2025,2,13.3,0,58.7
10580,2022,0,17.1,0,43.2
10580,2023,1,12.6,1,84.0
10580,2024,2,4.9,0,86.1
10580,2025,2,16.1,1,53.4
10581,2022,2,14.5,0,56.1
10581,2023,0,16.0,0,72.1
10581,2024,3,9.5,0,38.9
10581,2025,1,4.5,1,92.0
10582,2022,0,21.1,0,60.7
10582,2023,2,10.3,0,46.6
10582,2024,0,19.3,1,59.8
10582,2025,3,19.8,1,93.1
10583,2022,2,21.6,0,31.5
10583,2023,3,6.1,0,41.6
10583,2024,3,19.1,1,47.6
10583,2025,2,10.9,0,42.6
10584,2022,1,9.8,1,43.5
10584,2023,3,5.4,1,82.0
10584,2024,2,7.6,1,67.6
10584,2025,0,3.2,0,75.3
10585,2022,0,5.5,1,39.4
10585,2023,3,23.3,0,49.7
10585,2024,2,18.6,1,91.0
10585,2025,3,15.3,1,51.6
10586,2022,1,8.9,1,84.4
10586,2023,0,4.1,1,72.8
10586,2024,1,11.7,0,66.2
10586,2025,3,15.3,0,49.4
10587,2022,1,24.3,1,70.4
10587,2023,1,20.4,1,86.2
10587,2024,3,19.9,0,45.6
10587,2025,3,5.3,1,39.4
10588,2022,3,8.1,1,74.4
10588,2023,1,8.5,0,69.0
10588,2024,2,4.8,1,66.2
10588,2025,2,16.5,0,66.4
10589,2022,2,23.1,0,59.9
10589,2023,1,9.6,0,55.5
10589,2024,0,19.5,0,40.9
10589,2025,0,1.6,1,85.5
10590,2022,3,18.5,0,58.1
10590,2023,2,14.0,1,82.5
10590,2024,0,7.5,0,94.9
10590,2025,2,15.9,0,49.3
10591,2022,1,9.2,1,77.6
10591,2023,3,11.8,1,91.7
10591,2024,3,16.2,0,79.5
10591,2025,3,7.3,0,53.8
10592,2022,3,22.1,0,83.8
10592,2023,3,20.8,0,80.6
10592,2024,3,6.1,1,63.0
10592,2025,3,9.3,1,73.4
10593,2022,2,13.6,0,73.3
10593,2023,0,11.7,0,40.5
10593,2024,2,12.0,0,91.6
10593,2025,2,2.0,1,98.2
10594,2022,0,22.4,0,49.8
10594,2023,2,9.3,1,75.9
10594,2024,3,2.0,1,61.3
10594,2025,2,14.2,1,40.7
10595,2022,3,18.0,1,87.5
10595,2023,0,23.2,1,41.5
10595,2024,2,16.4,0,40.5
10595,2025,1,7.2,1,89.2
10596,2022,2,24.1,0,32.0
10596,2023,0,10.8,0,74.3
10596,2024,1,18.4,0,91.8
10596,2025,3,7.2,1,63.4
10597,2022,1,6.0,0,34.1
10597,2023,3,18.2,0,46.1
10597,2024,0,9.0,1,92.9
10597,2025,3,7.3,1,66.9
10598,2022,0,19.3,0,62.5
10598,2023,2,9.9,0,42.4
10598,2024,1,4.4,1,91.1
10598,2025,1,8.6,0,70.0
10599,2022,1,21.5,1,61.7
10599,2023,3,6.1,1,67.6
10599,2024,0,13.1,1,82.0
10599,2025,2,3.1,1,51.2
10600,2022,0,6.0,0,86.5
10600,2023,1,11.1,0,43.5
10600,2024,3,15.2,0,47.8
10600,2025,2,6.0,0,39.7
10601,2022,2,13.9,0,31.2
10601,2023,3,13.3,0,58.7
10601,2024,0,18.8,0,47.0
10601,2025,3,16.9,1,51.7
10602,2022,1,5.0,1,89.3
10602,2023,1,11.8,0,88.8
10602,2024,1,15.1,0,55.3
10602,2025,2,17.5,0,59.6
10603,2022,1,6.0,0,47.5
10603,2023,0,16.1,1,85.9
10603,2024,2,18.8,0,41.9
10603,2025,0,5.6,1,74.0
10604,2022,2,9.1,1,41.2
10604,2023,0,12.9,1,78.5
10604,2024,1,21.3,0,73.9
10604,2025,2,14.4,0,62.3
10605,2022,0,13.5,1,35.9
10605,2023,2,3.9,1,79.0
10605,2024,2,13.1,1,40.6
10605,2025,1,7.5,0,55.4
10606,2022,2,8.7,0,45.2
10606,2023,3,13.5,0,67.7
10606,2024,0,8.8,0,66.8
10606,2025,3,1.3,0,55.8
10607,2022,2,19.5,1,55.8
10607,2023,0,18.2,0,59.2
10607,2024,3,14.4,0,70.4
10607,2025,3,17.3,0,92.9
10608,2022,1,9.1,0,38.5
10608,2023,3,9.2,0,66.5
10608,2024,2,11.2,0,37.1
10608,2025,0,1.7,1,80.9
10609,2022,2,22.7,1,68.4
10609,2023,3,13.3,1,74.6
10609,2024,2,8.5,0,64.5
10609,2025,3,10.1,1,50.2
10610,2022,1,11.5,0,56.9
10610,2023,2,9.2,1,34.4
10610,2024,2,11.0,0,58.9
10610,2025,1,10.1,0,89.3
10611,2022,2,13.7,0,50.3
10611,2023,3,14.5,0,68.5
10611,2024,1,17.7,1,51.7
10611,2025,2,1.6,0,47.1
10612,2022,3,21.2,1,61.3
10612,2023,3,8.1,1,35.1
10612,2024,0,7.0,1,90.3
10612,2025,0,12.5,0,85.6
10613,2022,0,24.5,0,89.9
10613,2023,1,3.8,1,92.6
10613,2024,3,15.5,0,79.7
10613,2025,1,14.4,1,85.6
10614,2022,1,16.5,1,61.7
10614,2023,1,3.7,1,46.1
10614,2024,1,14.1,1,84.5
10614,2025,1,2.8,0,55.2
10615,2022,2,6.6,0,69.0
10615,2023,0,17.4,1,76.9
10615,2024,1,16.0,1,69.9
10615,2025,2,18.3,1,78.8
10616,2022,2,5.1,0,47.6
10616,2023,3,11.1,1,78.6
10616,2024,1,2.2,0,92.6
10616,2025,0,7.8,0,68.0
10617,2022,3,14.8,1,37.3
10617,2023,1,14.1,0,70.2
10617,2024,3,9.1,0,56.5
10617,2025,0,15.0,0,64.1
10618,2022,0,13.3,1,39.1
10618,2023,1,13.8,0,70.5
10618,2024,0,18.0,1,83.2
10618,2025,0,4.0,1,85.0
10619,2022,0,11.4,1,89.6
10619,2023,1,13.9,0,45.7
10619,2024,3,17.4,0,90.8
10619,2025,3,9.0,1,83.0
10620,2022,3,6.5,1,72.4
10620,2023,3,23.3,1,74.0
10620,2024,3,16.2,0,68.3
10620,2025,3,15.0,0,61.7
10621,2022,3,14.3,1,86.6
10621,2023,0,14.4,0,42.1
10621,2024,3,21.9,1,46.6
10621,2025,0,12.4,1,40.0
10622,2022,2,9.4,0,74.4
10622,2023,1,22.8,1,86.6
10622,2024,0,12.8,1,47.2
10622,2025,1,0.9,1,41.1
10623,2022,1,16.5,1,44.6
10623,2023,2,4.9,0,86.0
10623,2024,3,12.6,0,37.0
10623,2025,2,17.0,1,45.1
10624,2022,0,15.8,1,31.5
10624,2023,0,11.0,0,89.6
10624,2024,0,19.7,0,44.1
10624,2025,1,19.1,1,93.0
10625,2022,3,11.9,1,58.4
10625,2023,3,13.5,1,56.7
10625,2024,3,21.7,1,61.6
10625,2025,2,4.1,1,64.1
10626,2022,2,11.0,0,50.5
10626,2023,0,12.1,0,81.6
10626,2024,3,4.0,1,66.5
10626,2025,3,5.9,1,98.5
10627,2022,2,15.9,1,61.1
10627,2023,1,8.1,1,82.1
10627,2024,3,15.7,0,80.7
10627,2025,0,7.5,0,63.1
10628,2022,3,6.8,0,77.3
10628,2023,2,18.8,1,42.3
10628,2024,3,13.3,0,48.2
10628,2025,0,17.0,1,76.1
10629,2022,1,12.2,1,72.7
10629,2023,1,3.9,1,71.6
10629,2024,0,2.9,0,66.6
10629,2025,0,16.4,0,47.3
10630,2022,3,13.2,0,52.4
10630,2023,3,23.0,0,69.3
10630,2024,2,18.6,1,49.6
10630,2025,1,0.8,1,77.3
10631,2022,1,22.4,0,44.1
10631,2023,0,7.8,0,38.9
10631,2024,2,11.7,0,55.5
10631,2025,3,10.6,0,55.4
10632,2022,0,6.2,1,78.6
10632,2023,0,6.0,0,62.0
10632,2024,0,10.5,0,39.8
10632,2025,1,13.4,1,87.9
10633,2022,3,10.3,0,46.1
10633,2023,3,14.0,0,67.1
10633,2024,0,9.6,1,68.5
10633,2025,0,13.1,1,97.3
10634,2022,2,13.5,0,45.3
10634,2023,3,20.5,0,41.7
10634,2024,0,21.7,1,51.5
10634,2025,2,18.8,1,73.6
10635,2022,0,8.4,1,43.1
10635,2023,1,12.6,0,53.4
10635,2024,0,11.2,1,75.5
10635,2025,1,17.3,0,46.0
10636,2022,3,12.1,0,86.7
10636,2023,0,14.5,1,64.9
10636,2024,3,14.2,0,65.0
10636,2025,3,2.7,1,60.8
10637,2022,3,16.2,1,44.7
10637,2023,1,8.4,0,62.0
10637,2024,3,6.1,0,65.2
10637,2025,3,5.5,1,42.4
10638,2022,1,7.0,0,80.8
10638,2023,0,4.9,1,82.2
10638,2024,3,14.9,0,62.9
10638,2025,2,19.3,0,59.2
10639,2022,1,18.8,0,59.9
10639,2023,1,9.7,1,46.3
10639,2024,0,8.7,1,36.1
10639,2025,2,11.3,1,60.3
10640,2022,1,22.3,0,31.1
10640,2023,0,7.5,1,35.4
10640,2024,3,11.4,0,37.8
10640,2025,3,10.5,0,91.8
10641,2022,1,23.6,1,38.6
10641,2023,0,14.2,0,48.3
10641,2024,3,17.6,0,65.4
10641,2025,3,2.3,0,70.8
10642,2022,0,11.5,1,37.3
10642,2023,3,15.7,0,87.6
10642,2024,3,15.6,1,49.9
10642,2025,2,18.2,0,95.6
10643,2022,0,16.8,0,45.4
10643,2023,3,9.3,1,33.2
10643,2024,2,12.8,0,94.3
10643,2025,3,14.7,1,68.0
10644,2022,0,20.7,1,82.7
10644,2023,0,22.4,0,77.1
10644,2024,3,5.8,1,46.7
10644,2025,1,13.7,0,89.7
10645,2022,2,9.0,1,33.1
10645,2023,3,9.9,0,63.5
10645,2024,1,4.9,0,51.2
10645,2025,2,16.0,1,60.7
10646,2022,2,23.3,1,75.4
10646,2023,1,4.1,1,74.0
10646,2024,2,18.3,1,62.4
10646,2025,2,5.3,0,41.8
10647,2022,3,14.7,1,32.4
10647,2023,1,18.5,1,75.1
10647,2024,3,12.1,0,92.9
10647,2025,3,5.1,0,89.8
10648,2022,2,23.1,0,37.3
10648,2023,1,15.4,0,40.3
10648,2024,0,20.6,1,72.6
10648,2025,1,17.4,1,78.5
10649,2022,2,22.5,1,67.0
10649,2023,0,10.7,0,86.1
10649,2024,3,21.7,1,49.9
10649,2025,0,17.5,1,49.3
10650,2022,0,11.8,0,84.9
10650,2023,1,21.4,1,76.3
10650,2024,3,17.1,1,78.7
10650,2025,1,15.0,1,59.1
10651,2022,0,5.1,1,67.7
10651,2023,2,4.0,1,76.6
10651,2024,2,15.9,1,72.0
10651,2025,0,6.1,0,83.2
10652,2022,2,6.2,0,65.4
10652,2023,2,9.2,1,91.9
10652,2024,1,18.8,1,65.5
10652,2025,3,9.9,0,39.7
10653,2022,2,17.3,1,39.8
10653,2023,3,19.5,0,90.8
10653,2024,3,8.5,0,64.2
10653,2025,1,0.7,1,46.2
10654,2022,0,11.5,0,39.3
10654,2023,2,22.6,1,34.7
10654,2024,2,11.6,0,49.6
10654,2025,1,11.9,0,98.2
10655,2022,1,20.2,0,49.7
10655,2023,0,5.8,0,48.0
10655,2024,3,16.7,1,76.1
10655,2025,0,6.5,1,79.5
10656,2022,2,12.8,1,88.1
10656,2023,1,8.9,0,76.8
10656,2024,1,5.1,1,42.6
10656,2025,3,7.7,1,98.1
10657,2022,2,6.9,0,75.0
10657,2023,1,20.4,1,48.6
10657,2024,1,8.1,1,51.7
10657,2025,1,13.6,1,96.6
10658,2022,1,10.9,1,41.6
10658,2023,2,7.7,0,46.7
10658,2024,3,16.3,1,57.5
10658,2025,0,13.0,1,79.8
10659,2022,0,9.4,0,55.8
10659,2023,3,15.7,0,51.7
10659,2024,3,2.1,0,52.1
10659,2025,2,4.0,0,46.5
10660,2022,0,19.6,1,62.8
10660,2023,3,11.7,1,49.4
10660,2024,1,6.1,1,55.9
10660,2025,2,10.6,1,39.5
10661,2022,3,14.3,0,61.9
10661,2023,0,16.2,1,74.8
10661,2024,1,3.5,0,91.7
10661,2025,3,16.9,0,50.8
10662,2022,0,6.2,1,85.2
10662,2023,2,12.6,1,54.7
10662,2024,0,16.2,1,84.1
10662,2025,0,7.4,1,92.8
10663,2022,0,23.2,1,87.7
10663,2023,2,18.6,1,52.5
10663,2024,3,10.5,0,51.6
10663,2025,3,4.2,1,65.4
10664,2022,1,5.9,1,63.3
10664,2023,3,19.5,1,74.4
10664,2024,2,5.9,1,77.5
10664,2025,0,5.9,1,46.0
10665,2022,2,5.2,0,66.7
10665,2023,0,3.9,0,43.1
10665,2024,3,6.6,0,78.7
10665,2025,1,18.0,1,97.6
10666,2022,1,20.6,1,76.3
10666,2023,3,18.9,0,74.7
10666,2024,0,18.5,0,40.6
10666,2025,3,4.2,0,50.1
10667,2022,2,24.6,1,51.3
10667,2023,3,8.1,1,89.0
10667,2024,3,5.0,0,55.9
10667,2025,0,6.4,0,87.8
10668,2022,3,15.6,1,36.2
10668,2023,2,6.0,0,72.7
10668,2024,3,16.8,1,82.7
10668,2025,2,7.9,0,71.6
10669,2022,3,16.4,1,76.0
10669,2023,0,18.2,1,76.4
10669,2024,1,20.0,1,64.6
10669,2025,1,16.9,1,90.9
10670,2022,2,15.7,1,50.5
10670,2023,3,23.3,1,58.5
10670,2024,0,12.6,1,68.4
10670,2025,3,11.2,1,46.8
10671,2022,0,8.2,1,60.9
10671,2023,0,6.5,0,52.4
10671,2024,3,5.4,1,51.4
10671,2025,3,12.3,0,73.6
10672,2022,1,13.3,0,49.8
10672,2023,3,11.2,1,84.3
10672,2024,1,4.6,0,60.6
10672,2025,2,8.1,1,63.8
10673,2022,1,12.6,0,88.9
10673,2023,1,15.9,0,53.5
10673,2024,0,9.8,1,43.9
10673,2025,0,8.9,0,91.6
10674,2022,1,10.5,0,85.0
10674,2023,2,6.1,0,46.6
10674,2024,0,8.0,1,88.9
10674,2025,2,1.4,1,68.7
10675,2022,1,9.1,0,32.6
10675,2023,3,10.0,1,65.9
10675,2024,1,4.9,1,86.9
10675,2025,3,13.8,1,62.8
10676,2022,0,10.6,1,63.1
10676,2023,0,15.8,0,41.4
10676,2024,0,14.9,0,86.5
10676,2025,0,9.4,0,45.4
10677,2022,1,14.0,0,35.7
10677,2023,1,15.1,0,89.0
10677,2024,0,7.2,0,88.4
10677,2025,2,0.9,1,73.5
10678,2022,3,17.9,1,36.4
10678,2023,0,15.7,1,65.8
10678,2024,0,11.5,0,91.2
10678,2025,0,18.0,1,75.7
10679,2022,2,15.2,1,41.9
10679,2023,0,9.6,1,87.3
10679,2024,3,16.3,1,87.9
10679,2025,3,19.7,0,71.8
10680,2022,1,19.7,1,81.1
10680,2023,2,21.7,1,36.4
10680,2024,1,4.3,1,63.7
10680,2025,2,2.9,1,49.7
10681,2022,2,8.1,0,80.3
10681,2023,3,17.6,1,91.3
10681,2024,0,9.8,0,91.8
10681,2025,3,10.1,0,69.2
10682,2022,1,10.2,1,60.7
10682,2023,2,18.2,0,87.5
10682,2024,1,18.9,0,79.3
10682,2025,3,3.7,1,43.5
10683,2022,2,8.9,1,37.7
10683,2023,0,10.3,0,90.1
10683,2024,2,7.6,1,58.0
10683,2025,1,11.1,1,50.2
10684,2022,1,20.1,1,74.1
10684,2023,1,19.4,1,85.8
10684,2024,1,6.2,0,48.4
10684,2025,2,4.0,1,54.1
10685,2022,2,12.3,0,84.0
10685,2023,3,6.5,1,33.8
10685,2024,3,3.8,0,90.5
10685,2025,2,5.4,1,41.4
10686,2022,3,12.9,1,35.7
10686,2023,2,15.3,0,84.7
10686,2024,0,16.5,0,50.9
10686,2025,2,5.0,0,52.5
10687,2022,3,21.4,1,80.6
10687,2023,0,4.2,0,65.5
10687,2024,3,10.9,0,57.0
10687,2025,2,13.2,1,81.9
10688,2022,3,10.8,1,78.6
10688,2023,2,17.2,0,84.8
10688,2024,3,19.3,0,43.2
10688,2025,3,2.3,0,74.0
10689,2022,2,15.3,1,70.7
10689,2023,0,3.9,0,40.0
10689,2024,2,7.6,1,72.6
10689,2025,2,3.2,1,40.9
10690,2022,2,17.5,1,50.5
10690,2023,1,8.5,0,43.3
10690,2024,1,7.6,1,69.7
10690,2025,3,4.6,1,50.5
10691,2022,1,9.9,1,77.3
10691,2023,0,8.0,0,40.3
10691,2024,2,16.0,1,81.5
10691,2025,0,19.6,1,44.9
10692,2022,2,14.8,0,56.5
10692,2023,0,15.5,1,74.9
10692,2024,1,18.4,1,45.7
10692,2025,2,10.0,0,84.1
10693,2022,1,11.0,1,87.2
10693,2023,1,22.5,1,55.4
10693,2024,2,20.1,1,36.0
10693,2025,0,4.9,0,67.6
10694,2022,3,19.1,0,84.1
10694,2023,1,16.4,1,72.9
10694,2024,1,15.0,0,78.2
10694,2025,2,17.1,0,86.5
10695,2022,2,18.5,0,84.5
10695,2023,0,13.9,1,40.5
10695,2024,1,18.9,0,71.4
10695,2025,3,5.8,1,92.4
10696,2022,1,18.6,0,76.6
10696,2023,0,17.5,0,47.9
10696,2024,3,19.4,0,88.5
10696,2025,2,20.5,0,56.6
10697,2022,2,16.2,0,54.7
10697,2023,2,13.2,1,44.1
10697,2024,0,14.0,0,89.1
10697,2025,2,13.7,0,44.6
10698,2022,3,19.3,0,89.6
10698,2023,2,9.1,0,52.7
10698,2024,0,11.7,1,78.6
10698,2025,1,7.9,1,46.7
10699,2022,1,5.8,1,59.3
10699,2023,3,15.7,0,35.4
10699,2024,0,19.5,1,88.7
10699,2025,2,18.9,1,65.8
10700,2022,2,15.3,0,74.6
10700,2023,1,18.8,1,86.7
10700,2024,2,16.2,0,40.1
10700,2025,1,5.1,1,69.7
10701,2022,1,6.3,1,41.4
10701,2023,2,18.5,0,37.1
10701,2024,1,7.7,0,73.3
10701,2025,1,11.5,1,45.8
10702,2022,0,15.5,0,59.5
10702,2023,2,19.9,1,44.8
10702,2024,0,14.9,1,47.9
10702,2025,2,17.4,0,70.4
10703,2022,2,20.0,0,63.3
10703,2023,2,23.5,0,33.2
10703,2024,2,19.3,0,66.0
10703,2025,3,4.7,1,79.2
10704,2022,3,24.2,0,70.7
10704,2023,1,10.3,1,84.0
10704,2024,0,14.2,0,89.7
10704,2025,0,19.3,0,76.4
10705,2022,1,9.3,0,58.9
10705,2023,0,20.6,1,45.2
10705,2024,3,21.1,0,43.6
10705,2025,0,17.6,1,75.5
10706,2022,2,21.4,1,86.8
10706,2023,2,8.8,1,49.7
10706,2024,2,10.1,1,42.0
10706,2025,2,15.7,1,64.4
10707,2022,1,7.4,1,30.0
10707,2023,1,21.3,0,66.2
10707,2024,3,6.2,0,39.0
10707,2025,3,11.8,1,94.9
10708,2022,3,7.1,1,82.2
10708,2023,1,7.2,0,39.9
10708,2024,0,13.7,0,44.8
10708,2025,2,13.2,0,96.2
10709,2022,0,10.4,1,78.8
10709,2023,2,5.9,1,89.5
10709,2024,3,13.0,1,56.1
10709,2025,2,17.3,1,45.7
10710,2022,0,9.0,1,66.9
10710,2023,0,17.3,1,91.0
10710,2024,3,9.7,1,43.8
10710,2025,3,19.4,0,88.1
10711,2022,0,6.7,1,51.6
10711,2023,3,4.3,0,39.9
10711,2024,1,4.5,1,63.5
10711,2025,3,16.1,1,68.3
10712,2022,0,23.5,1,30.5
10712,2023,1,19.9,0,61.5
10712,2024,0,16.4,0,74.8
10712,2025,1,1.7,0,84.9
10713,2022,3,9.3,0,35.9
10713,2023,3,22.2,0,85.6
10713,2024,0,14.5,1,46.1
10713,2025,1,9.9,1,78.5
10714,2022,0,18.0,1,63.2
10714,2023,2,7.1,1,85.8
10714,2024,3,19.9,0,38.3
10714,2025,0,13.6,0,50.5
10715,2022,0,14.4,0,37.3
10715,2023,2,12.6,1,52.7
10715,2024,2,18.4,0,56.3
10715,2025,1,6.7,1,44.3
10716,2022,2,7.7,0,60.9
10716,2023,1,7.2,1,40.0
10716,2024,0,3.6,1,40.5
10716,2025,2,10.7,1,41.0
10717,2022,1,18.5,0,85.7
10717,2023,0,22.2,1,56.8
10717,2024,1,17.0,0,53.0
10717,2025,0,12.2,1,67.9
10718,2022,1,22.3,0,39.5
10718,2023,3,21.3,0,57.4
10718,2024,0,16.2,0,47.4
10718,2025,0,1.6,0,57.3
10719,2022,1,10.8,1,85.5
10719,2023,0,10.2,1,41.9
10719,2024,1,21.9,1,64.4
10719,2025,0,9.8,0,78.7
10720,2022,2,20.2,0,85.1
10720,2023,2,19.8,1,88.4
10720,2024,1,15.1,1,50.8
10720,2025,3,0.9,1,95.6
10721,2022,2,5.4,0,49.9
10721,2023,2,19.9,1,86.7
10721,2024,0,16.8,1,41.6
10721,2025,3,11.2,1,50.9
10722,2022,3,10.0,0,34.7
10722,2023,3,5.2,1,50.9
10722,2024,3,5.3,0,88.4
10722,2025,3,12.1,1,48.6
10723,2022,3,15.9,1,43.5
10723,2023,2,22.3,0,46.0
10723,2024,1,21.1,0,52.5
10723,2025,1,12.0,1,40.1
10724,2022,3,21.8,1,55.4
10724,2023,0,19.7,1,91.6
10724,2024,2,17.0,1,62.9
10724,2025,0,9.2,1,87.8
10725,2022,2,12.8,0,64.3
10725,2023,2,8.8,0,33.9
10725,2024,2,20.7,1,71.1
10725,2025,0,17.2,1,95.8
10726,2022,0,8.5,0,63.2
10726,2023,3,8.5,0,64.7
10726,2024,2,13.6,0,76.2
10726,2025,1,8.8,0,91.3
10727,2022,2,9.3,0,63.9
10727,2023,1,19.3,0,57.4
10727,2024,3,2.0,1,38.2
10727,2025,3,7.4,1,45.7
10728,2022,3,23.6,0,68.9
10728,2023,2,18.7,1,70.1
10728,2024,2,10.0,1,50.3
10728,2025,1,19.1,0,82.1
10729,2022,1,23.0,0,46.8
10729,2023,0,4.6,0,51.3
10729,2024,1,4.6,1,39.7
10729,2025,3,8.2,1,72.0
10730,2022,2,23.6,1,47.3
10730,2023,0,20.4,1,82.1
10730,2024,2,3.0,1,84.1
10730,2025,3,10.7,1,46.7
10731,2022,3,19.4,0,39.6
10731,2023,3,9.0,0,52.3
10731,2024,0,16.5,0,70.9
10731,2025,2,7.9,1,59.6
10732,2022,1,10.5,1,51.0
10732,2023,2,11.4,0,41.4
10732,2024,2,21.0,1,56.1
10732,2025,0,18.6,1,67.2
10733,2022,1,23.3,0,89.1
10733,2023,1,21.8,0,83.3
10733,2024,2,5.6,1,83.6
10733,2025,3,18.4,0,72.6
10734,2022,2,9.2,0,51.6
10734,2023,0,20.3,1,84.4
10734,2024,3,12.8,1,56.8
10734,2025,0,5.3,1,74.6
10735,2022,3,13.0,1,45.4
10735,2023,3,12.2,0,79.6
10735,2024,3,16.7,0,66.9
10735,2025,1,12.6,0,92.7
10736,2022,3,21.3,0,64.1
10736,2023,1,11.4,0,42.9
10736,2024,0,16.9,1,95.6
10736,2025,3,16.4,0,69.1
10737,2022,3,6.3,1,45.0
10737,2023,3,11.0,0,52.8
10737,2024,0,19.7,0,43.3
10737,2025,2,14.6,0,43.4
10738,2022,2,13.4,0,57.0
10738,2023,0,7.2,1,90.1
10738,2024,0,3.9,0,43.4
10738,2025,0,5.1,0,93.2
10739,2022,2,9.9,1,77.8
10739,2023,1,10.9,1,81.4
10739,2024,0,5.5,1,78.6
10739,2025,2,3.4,0,74.5
10740,2022,1,21.9,1,37.3
10740,2023,3,8.5,0,67.5
10740,2024,3,13.2,0,57.1
10740,2025,0,4.5,1,45.3
10741,2022,1,14.8,0,78.2
10741,2023,2,9.0,0,65.8
10741,2024,3,3.7,1,80.7
10741,2025,3,20.1,0,67.8
10742,2022,2,14.2,1,63.1
10742,2023,3,11.4,0,75.7
10742,2024,3,6.0,1,50.8
10742,2025,0,10.4,1,89.8
10743,2022,1,17.7,1,55.3
10743,2023,1,9.6,0,75.5
10743,2024,1,11.6,0,55.6
10743,2025,1,5.2,0,81.1
10744,2022,2,15.6,1,32.6
10744,2023,1,19.2,1,88.8
10744,2024,0,3.2,1,83.2
10744,2025,2,10.9,1,78.9
10745,2022,0,13.0,0,49.4
10745,2023,3,5.0,0,83.6
10745,2024,1,20.8,0,82.1
10745,2025,1,5.7,0,66.2
10746,2022,2,16.3,0,41.8
10746,2023,1,11.0,0,43.5
10746,2024,0,7.4,1,65.3
10746,2025,2,11.0,1,86.0
10747,2022,1,18.8,0,72.9
10747,2023,0,19.2,0,62.6
10747,2024,3,14.7,0,48.3
10747,2025,1,11.0,1,53.4
10748,2022,1,20.5,0,33.5
10748,2023,1,13.8,1,43.6
10748,2024,3,21.5,1,36.8
10748,2025,1,11.0,0,79.5
10749,2022,3,11.3,1,65.3
10749,2023,0,12.4,1,92.3
10749,2024,2,11.8,0,81.8
10749,2025,0,6.2,1,53.8
10750,2022,0,8.2,0,72.5
10750,2023,2,12.1,0,33.7
10750,2024,2,19.9,0,95.2
10750,2025,1,5.6,0,75.9
10751,2022,3,12.2,1,37.2
10751,2023,1,18.7,1,62.9
10751,2024,0,3.6,0,92.4
10751,2025,3,17.0,1,90.0
10752,2022,1,19.4,0,47.9
10752,2023,2,14.5,1,56.8
10752,2024,2,6.2,0,87.2
10752,2025,1,2.4,1,93.0
10753,2022,3,9.6,1,84.9
10753,2023,0,18.7,1,89.9
10753,2024,3,20.7,0,66.0
10753,2025,1,15.3,0,90.7
10754,2022,2,15.6,0,50.8
10754,2023,2,22.5,0,83.3
10754,2024,0,18.6,0,56.8
10754,2025,2,13.6,0,75.5
10755,2022,0,5.8,1,58.1
10755,2023,0,9.3,0,86.6
10755,2024,3,8.2,1,40.0
10755,2025,3,7.4,0,95.9
10756,2022,1,12.8,0,57.7
10756,2023,1,22.3,0,61.9
10756,2024,0,16.8,1,85.7
10756,2025,1,14.3,0,79.0
10757,2022,2,13.5,1,87.2
10757,2023,0,10.3,0,65.8
10757,2024,0,4.4,0,69.5
10757,2025,1,9.6,0,97.3
10758,2022,3,9.1,1,85.6
10758,2023,0,11.3,0,45.5
10758,2024,0,5.1,0,54.4
10758,2025,3,7.4,0,76.5
10759,2022,3,5.9,0,86.4
10759,2023,0,3.6,1,66.8
10759,2024,1,19.4,1,80.0
10759,2025,0,13.3,0,44.6
10760,2022,0,16.8,1,61.4
10760,2023,0,13.8,0,41.9
10760,2024,1,16.5,0,51.6
10760,2025,3,15.2,0,49.0
10761,2022,0,23.7,1,40.0
10761,2023,3,8.4,1,92.5
10761,2024,0,17.7,0,53.9
10761,2025,1,20.3,1,72.9
10762,2022,0,5.6,1,31.2
10762,2023,0,11.0,0,81.4
10762,2024,3,10.7,1,76.8
10762,2025,0,16.9,1,52.7
10763,2022,0,5.3,1,32.2
10763,2023,0,15.5,1,49.5
10763,2024,3,19.9,0,73.7
10763,2025,2,3.5,1,39.9
10764,2022,3,7.3,1,34.5
10764,2023,0,23.5,0,57.6
10764,2024,2,18.5,0,46.6
10764,2025,3,14.4,1,76.9
10765,2022,3,13.0,1,40.5
10765,2023,2,20.6,0,92.6
10765,2024,2,20.5,0,62.1
10765,2025,2,15.1,1,47.9
10766,2022,2,13.0,1,34.4
10766,2023,1,15.2,0,58.2
10766,2024,1,4.0,0,84.5
10766,2025,1,3.7,1,65.3
10767,2022,2,20.7,0,38.5
10767,2023,0,4.1,1,62.3
10767,2024,0,3.0,0,56.2
10767,2025,0,10.7,0,69.1
10768,2022,3,8.4,0,53.5
10768,2023,0,9.4,1,71.9
10768,2024,1,10.0,1,84.2
10768,2025,2,10.9,0,92.2
10769,2022,3,10.7,1,74.5
10769,2023,1,13.2,0,54.3
10769,2024,0,9.4,0,62.9
10769,2025,2,2.1,1,77.5
10770,2022,0,22.3,1,43.2
10770,2023,1,9.1,1,75.1
10770,2024,1,14.2,0,75.0
10770,2025,1,11.9,1,78.4
10771,2022,0,9.0,0,50.0
10771,2023,2,4.1,1,69.1
10771,2024,2,19.1,0,47.9
10771,2025,3,10.5,0,50.4
10772,2022,3,13.3,0,76.1
10772,2023,3,18.8,1,55.8
10772,2024,1,2.7,0,68.7
10772,2025,2,15.8,0,56.6
10773,2022,0,13.2,1,44.2
10773,2023,2,14.5,1,79.8
10773,2024,0,17.0,0,83.7
10773,2025,3,11.4,1,89.2
10774,2022,1,6.2,0,81.3
10774,2023,1,18.1,0,57.7
10774,2024,3,17.7,0,84.5
10774,2025,1,9.7,0,59.8
10775,2022,3,13.8,1,33.2
10775,2023,2,8.5,1,74.4
10775,2024,0,14.9,0,47.9
10775,2025,1,18.1,1,66.1
10776,2022,3,18.1,0,39.8
10776,2023,0,18.9,0,56.5
10776,2024,3,18.7,1,89.1
10776,2025,1,5.0,1,75.8
10777,2022,0,13.0,1,38.9
10777,2023,1,12.2,0,76.5
10777,2024,0,13.2,1,86.9
10777,2025,0,1.5,1,49.0
10778,2022,3,16.8,1,74.6
10778,2023,0,5.3,1,65.9
10778,2024,2,18.1,0,72.3
10778,2025,1,19.8,1,95.3
10779,2022,3,10.8,1,32.2
10779,2023,0,13.6,0,71.3
10779,2024,2,18.5,0,40.9
10779,2025,2,6.8,0,86.4
10780,2022,2,8.2,0,83.8
10780,2023,3,18.3,0,38.2
10780,2024,0,16.0,0,37.6
10780,2025,0,11.9,1,96.3
10781,2022,2,23.9,0,85.6
10781,2023,3,22.6,1,88.4
10781,2024,1,19.2,1,92.4
10781,2025,0,6.4,1,69.0
10782,2022,0,9.5,1,88.6
10782,2023,1,20.2,0,86.5
10782,2024,0,15.0,1,41.9
10782,2025,1,8.4,1,87.8
10783,2022,1,13.2,1,72.7
10783,2023,0,20.6,0,41.0
10783,2024,2,5.3,0,80.3
10783,2025,0,19.4,1,68.1
10784,2022,2,17.7,0,81.2
10784,2023,0,19.3,1,82.1
10784,2024,3,9.4,0,92.5
10784,2025,2,12.2,1,43.5
10785,2022,1,20.0,0,72.6
10785,2023,2,12.2,0,55.6
10785,2024,2,11.8,1,82.6
10785,2025,0,12.1,1,75.2
10786,2022,3,6.3,1,59.7
10786,2023,1,20.8,1,33.3
10786,2024,3,19.3,0,72.4
10786,2025,2,6.1,1,64.2
10787,2022,3,22.6,1,50.0
10787,2023,3,18.4,1,92.3
10787,2024,3,11.7,0,78.0
10787,2025,2,7.5,1,71.4
10788,2022,3,13.0,1,82.1
10788,2023,3,14.2,1,46.6
10788,2024,0,10.3,0,73.2
10788,2025,1,8.9,1,90.7
10789,2022,2,9.1,0,37.4
10789,2023,3,17.7,0,47.2
10789,2024,3,14.2,1,41.0
10789,2025,0,20.3,1,98.5
10790,2022,1,7.8,1,64.9
10790,2023,2,5.8,1,62.4
10790,2024,3,12.3,0,56.3
10790,2025,2,3.5,0,66.0
10791,2022,3,17.2,0,76.6
10791,2023,3,7.4,0,88.0
10791,2024,2,11.7,1,42.3
10791,2025,2,12.7,1,57.0
10792,2022,3,14.2,0,41.3
10792,2023,2,9.9,1,59.1
10792,2024,1,17.6,1,67.8
10792,2025,2,17.6,0,82.3
10793,2022,2,10.6,1,82.5
10793,2023,2,19.8,0,65.5
10793,2024,2,9.8,1,65.3
10793,2025,3,10.3,1,73.5
10794,2022,0,9.6,1,83.3
10794,2023,3,16.0,1,71.9
10794,2024,3,4.0,0,83.2
10794,2025,1,12.3,0,82.2
10795,2022,3,24.8,1,85.4
10795,2023,3,18.6,0,82.0
10795,2024,1,19.9,0,56.5
10795,2025,1,9.8,1,90.3
10796,2022,2,7.8,1,58.0
10796,2023,3,9.3,1,83.8
10796,2024,1,3.0,1,90.3
10796,2025,3,10.5,1,80.1
10797,2022,3,18.0,0,73.1
10797,2023,3,12.0,1,41.5
10797,2024,2,13.3,1,55.4
10797,2025,2,6.9,1,72.5
10798,2022,3,6.7,1,30.2
10798,2023,0,12.1,0,83.8
10798,2024,3,13.0,1,58.2
10798,2025,2,20.2,0,82.4
10799,2022,1,11.9,1,76.2
10799,2023,3,17.1,0,65.9
10799,2024,2,18.5,1,83.4
10799,2025,1,7.2,0,79.9
10800,2022,2,23.6,0,51.6
10800,2023,0,10.3,1,82.0
10800,2024,2,21.4,1,74.2
10800,2025,3,0.5,0,48.6
10801,2022,1,17.7,1,76.4
10801,2023,3,19.3,1,73.6
10801,2024,3,7.6,1,53.1
10801,2025,0,2.8,0,89.5
10802,2022,2,5.5,0,52.4
10802,2023,0,5.0,0,66.2
10802,2024,2,12.9,0,56.6
10802,2025,0,17.3,0,82.5
10803,2022,2,6.3,0,64.9
10803,2023,1,5.8,1,61.2
10803,2024,3,2.1,0,37.2
10803,2025,2,6.1,1,75.4
10804,2022,1,23.4,1,67.3
10804,2023,2,9.0,0,43.9
10804,2024,2,10.8,0,55.9
10804,2025,3,4.1,0,91.7
10805,2022,3,7.3,1,62.9
10805,2023,1,7.1,0,59.1
10805,2024,3,6.2,0,92.2
10805,2025,3,3.1,1,87.7
10806,2022,1,20.8,1,35.8
10806,2023,3,13.0,0,84.5
10806,2024,1,12.8,0,45.0
10806,2025,1,8.0,1,49.5
10807,2022,3,9.2,1,34.5
10807,2023,2,5.4,1,61.9
10807,2024,3,3.5,0,74.7
10807,2025,3,4.2,1,84.2
10808,2022,2,22.0,0,31.6
10808,2023,3,7.8,1,43.7
10808,2024,3,9.1,0,73.3
10808,2025,2,12.0,0,70.5
10809,2022,1,15.2,1,33.1
10809,2023,2,16.8,1,89.1
10809,2024,2,5.9,1,81.5
10809,2025,0,11.0,0,60.5
10810,2022,0,20.4,0,62.2
10810,2023,1,11.3,0,55.5
10810,2024,3,21.4,0,63.3
10810,2025,1,12.1,0,74.8
10811,2022,3,18.5,1,53.9
10811,2023,0,12.7,1,70.2
10811,2024,2,19.2,1,63.9
10811,2025,2,9.5,1,78.4
10812,2022,1,23.8,0,45.7
10812,2023,2,9.6,1,43.3
10812,2024,2,19.3,0,36.8
10812,2025,0,13.3,1,75.1
10813,2022,0,21.0,1,88.8
10813,2023,1,4.3,0,58.2
10813,2024,3,7.5,1,48.8
10813,2025,1,17.4,1,39.8
10814,2022,0,11.4,0,60.8
10814,2023,2,17.8,0,92.6
10814,2024,3,21.8,1,95.0
10814,2025,0,4.0,1,45.1
10815,2022,0,13.4,1,79.0
10815,2023,3,6.8,0,43.4
10815,2024,3,5.1,1,84.6
10815,2025,1,13.2,1,90.2
10816,2022,3,8.8,0,30.5
10816,2023,3,13.2,1,47.2
10816,2024,2,21.6,0,39.4
10816,2025,1,7.2,0,68.9
10817,2022,3,22.5,1,31.6
10817,2023,1,11.4,0,70.6
10817,2024,3,7.3,0,69.5
10817,2025,0,7.2,1,61.8
10818,2022,0,7.6,0,57.7
10818,2023,1,17.1,0,92.4
10818,2024,0,12.2,0,46.1
10818,2025,0,12.8,0,82.9
10819,2022,3,11.1,1,68.7
10819,2023,2,16.6,1,72.8
10819,2024,3,5.3,1,56.7
10819,2025,2,13.5,0,52.0
10820,2022,1,6.6,1,69.0
10820,2023,2,11.5,1,87.8
10820,2024,1,14.2,1,94.6
10820,2025,2,17.6,1,67.9
10821,2022,0,21.2,0,55.5
10821,2023,0,14.0,0,53.9
10821,2024,1,19.7,0,84.6
10821,2025,2,10.6,0,54.3
10822,2022,0,15.3,0,60.8
10822,2023,1,17.9,1,53.7
10822,2024,2,19.6,1,88.5
10822,2025,0,12.6,1,56.0
10823,2022,3,23.9,0,71.2
10823,2023,2,8.2,0,68.3
10823,2024,1,20.5,1,55.7
10823,2025,3,4.9,0,54.3
10824,2022,3,15.5,1,78.2
10824,2023,1,19.4,1,63.6
10824,2024,3,18.0,0,72.7
10824,2025,1,6.1,0,96.7
10825,2022,0,24.7,1,53.9
10825,2023,1,5.1,0,81.9
10825,2024,3,2.7,1,74.3
10825,2025,3,17.3,1,74.6
10826,2022,2,21.4,1,33.3
10826,2023,3,17.8,0,87.7
10826,2024,0,19.0,1,49.7
10826,2025,1,3.3,1,67.4
10827,2022,1,6.9,1,75.1
10827,2023,3,22.9,0,64.3
10827,2024,0,14.5,1,36.3
10827,2025,1,18.9,0,95.9
10828,2022,2,23.1,0,31.2
10828,2023,0,16.6,0,38.4
10828,2024,2,14.6,1,49.4
10828,2025,2,7.7,1,74.9
10829,2022,1,8.0,0,88.3
10829,2023,0,17.2,1,88.4
10829,2024,3,18.4,1,75.1
10829,2025,1,11.4,1,83.5
10830,2022,2,6.0,1,72.7
10830,2023,1,6.4,0,74.2
10830,2024,1,4.0,1,84.7
10830,2025,2,13.7,1,59.4
10831,2022,1,16.3,0,43.3
10831,2023,3,12.8,0,53.9
10831,2024,2,12.9,0,38.9
10831,2025,0,6.0,1,97.0
10832,2022,2,21.1,0,74.4
10832,2023,3,10.1,1,45.8
10832,2024,0,14.9,1,51.3
10832,2025,2,8.3,0,98.6
10833,2022,2,6.4,0,76.1
10833,2023,1,8.6,0,58.5
10833,2024,0,21.3,1,48.4
10833,2025,3,4.3,0,41.4
10834,2022,3,7.1,0,70.2
10834,2023,2,9.3,1,79.8
10834,2024,1,19.6,0,42.5
10834,2025,3,6.6,0,39.1
10835,2022,1,13.3,0,51.4
10835,2023,0,9.7,0,73.0
10835,2024,1,21.8,0,91.4
10835,2025,1,20.5,0,91.8
10836,2022,2,14.7,1,71.3
10836,2023,3,19.2,0,81.8
10836,2024,0,6.4,1,57.4
10836,2025,3,8.0,0,53.7
10837,2022,0,18.6,0,37.5
10837,2023,0,9.2,0,43.9
10837,2024,3,6.5,0,93.8
10837,2025,0,18.9,0,94.8
10838,2022,3,9.9,1,32.8
10838,2023,1,4.7,0,61.2
10838,2024,0,17.0,0,58.4
10838,2025,3,5.4,0,78.1
10839,2022,1,14.0,0,49.7
10839,2023,1,5.7,0,49.8
10839,2024,1,3.4,0,84.6
10839,2025,1,9.7,0,95.8
10840,2022,0,11.7,1,42.2
10840,2023,3,13.6,0,47.1
10840,2024,3,21.3,1,61.1
10840,2025,1,8.6,0,81.4
10841,2022,2,17.1,1,40.0
10841,2023,2,5.5,0,61.1
10841,2024,2,19.7,1,86.5
10841,2025,2,16.6,1,53.0
10842,2022,1,15.4,1,32.9
10842,2023,2,7.2,0,87.4
10842,2024,2,10.5,0,83.3
10842,2025,1,6.4,1,80.9
10843,2022,3,24.9,1,35.2
10843,2023,3,13.3,1,87.0
10843,2024,0,10.4,0,54.3
10843,2025,3,3.9,0,51.7
10844,2022,0,9.8,0,59.2
10844,2023,0,17.7,1,88.4
10844,2024,0,12.7,1,95.7
10844,2025,3,7.7,1,75.8
10845,2022,1,10.9,1,87.3
10845,2023,1,7.5,1,60.2
10845,2024,3,2.7,1,37.8
10845,2025,0,20.0,1,55.5
10846,2022,2,20.1,0,48.1
10846,2023,1,22.1,1,80.0
10846,2024,2,10.3,0,43.5
10846,2025,2,17.9,1,49.5
10847,2022,2,10.1,1,66.9
10847,2023,3,13.7,1,40.8
10847,2024,0,6.0,1,65.7
10847,2025,3,15.9,0,41.1
10848,2022,0,15.0,0,70.1
10848,2023,0,14.2,1,87.5
10848,2024,2,19.2,1,88.5
10848,2025,2,15.3,0,43.4
10849,2022,1,24.3,1,65.5
10849,2023,3,11.6,0,39.2
10849,2024,1,11.2,0,39.2
10849,2025,0,12.8,1,75.6
10850,2022,3,14.1,1,64.3
10850,2023,3,11.9,0,38.6
10850,2024,1,8.8,0,57.6
10850,2025,3,17.1,1,58.0
10851,2022,2,15.7,1,50.5
10851,2023,2,15.6,0,53.0
10851,2024,2,6.1,0,85.5
10851,2025,0,5.5,0,60.2
10852,2022,1,11.8,1,49.8
10852,2023,2,12.8,0,34.8
10852,2024,0,2.9,0,83.4
10852,2025,0,18.3,0,78.6
10853,2022,1,23.1,1,50.5
10853,2023,2,16.7,1,60.1
10853,2024,3,8.3,1,83.6
10853,2025,0,8.2,1,59.7
10854,2022,3,19.7,0,58.4
10854,2023,0,9.2,1,34.2
10854,2024,2,14.2,0,91.1
10854,2025,0,18.6,1,61.3
10855,2022,0,13.2,1,47.8
10855,2023,1,15.2,0,69.5
10855,2024,1,20.6,0,67.6
10855,2025,3,7.3,0,63.1
10856,2022,1,20.2,0,85.3
10856,2023,1,18.6,1,54.8
10856,2024,3,20.6,0,95.9
10856,2025,3,17.7,0,86.3
10857,2022,1,20.0,0,84.2
10857,2023,2,16.2,1,50.0
10857,2024,0,6.8,0,40.2
10857,2025,2,13.9,1,64.2
10858,2022,2,10.5,0,48.8
10858,2023,1,12.3,1,36.6
10858,2024,2,16.2,1,40.3
10858,2025,0,14.0,1,49.5
10859,2022,2,13.0,1,52.7
10859,2023,3,7.2,1,89.1
10859,2024,2,11.7,0,75.5
10859,2025,1,5.9,0,62.9
10860,2022,2,10.1,0,78.0
10860,2023,2,10.0,1,67.1
10860,2024,3,16.1,1,61.0
10860,2025,1,10.4,1,47.7
10861,2022,0,12.5,0,85.6
10861,2023,1,21.5,1,70.4
10861,2024,1,16.1,1,62.4
10861,2025,2,10.4,0,65.3
10862,2022,1,13.4,1,75.9
10862,2023,1,19.9,0,43.8
10862,2024,0,5.5,0,61.1
10862,2025,2,13.8,1,42.8
10863,2022,0,5.4,0,34.8
10863,2023,0,3.6,0,64.6
10863,2024,1,20.6,1,58.8
10863,2025,0,10.8,0,82.2
10864,2022,3,11.3,0,89.2
10864,2023,0,19.4,0,84.6
10864,2024,1,21.7,1,62.5
10864,2025,1,1.2,0,61.7
10865,2022,2,5.8,1,65.1
10865,2023,1,20.6,0,38.5
10865,2024,1,13.1,0,95.3
10865,2025,3,18.2,0,97.9
10866,2022,1,18.9,1,85.4
10866,2023,2,12.9,0,72.7
10866,2024,0,5.2,1,66.2
10866,2025,1,8.3,0,81.4
10867,2022,2,20.7,0,48.9
10867,2023,1,8.2,1,84.1
10867,2024,0,16.2,0,44.1
10867,2025,0,5.4,0,87.2
10868,2022,1,14.3,0,82.0
10868,2023,1,5.2,1,43.2
10868,2024,2,11.1,0,64.7
10868,2025,0,12.8,1,92.5
10869,2022,1,16.3,0,87.6
10869,2023,1,11.6,0,81.7
10869,2024,1,9.4,0,92.5
10869,2025,1,6.0,1,95.2
10870,2022,2,20.3,1,88.8
10870,2023,3,19.2,1,57.8
10870,2024,2,11.7,0,53.2
10870,2025,0,8.2,0,77.0
10871,2022,0,17.7,0,41.3
10871,2023,3,14.7,1,66.4
10871,2024,2,15.3,0,70.8
10871,2025,3,6.6,1,87.4
10872,2022,3,20.8,1,51.7
10872,2023,0,9.8,1,69.1
10872,2024,2,10.4,1,90.2
10872,2025,1,3.1,1,64.3
10873,2022,1,22.1,0,64.3
10873,2023,3,16.4,0,80.2
10873,2024,2,6.7,0,51.0
10873,2025,1,17.5,1,45.2
10874,2022,1,19.1,0,70.9
10874,2023,2,12.3,0,55.2
10874,2024,1,21.8,1,58.9
10874,2025,0,7.2,0,94.8
10875,2022,1,7.0,1,54.5
10875,2023,0,18.2,0,90.2
10875,2024,3,17.1,0,42.4
10875,2025,2,1.7,0,59.6
10876,2022,0,21.4,1,71.6
10876,2023,1,19.0,1,40.6
10876,2024,0,20.6,0,59.2
10876,2025,1,2.9,0,90.1
10877,2022,1,17.0,1,75.7
10877,2023,0,7.9,1,49.9
10877,2024,1,10.0,1,57.4
10877,2025,0,5.8,1,69.3
10878,2022,3,14.0,0,73.9
10878,2023,3,5.8,0,42.1
10878,2024,3,8.1,1,67.7
10878,2025,3,1.9,0,43.4
10879,2022,1,14.8,0,53.9
10879,2023,2,9.4,1,44.5
10879,2024,2,13.8,1,54.5
10879,2025,0,9.6,1,58.9
10880,2022,3,9.9,1,76.2
10880,2023,3,5.6,0,48.9
10880,2024,0,17.1,1,75.8
10880,2025,2,13.2,1,71.0
10881,2022,2,5.7,1,78.3
10881,2023,3,23.3,1,52.3
10881,2024,3,14.8,1,95.7
10881,2025,2,4.6,0,56.7
10882,2022,3,21.8,1,64.8
10882,2023,3,21.1,1,70.9
10882,2024,3,13.5,1,68.3
10882,2025,2,18.2,1,90.5
10883,2022,3,5.6,0,36.8
10883,2023,3,22.4,1,68.8
10883,2024,3,3.1,1,66.4
10883,2025,1,13.3,1,64.0
10884,2022,0,11.9,0,50.8
10884,2023,0,4.3,0,42.2
10884,2024,3,20.6,0,75.0
10884,2025,2,3.2,1,46.1
10885,2022,0,22.1,1,79.8
10885,2023,3,10.1,0,59.9
10885,2024,3,16.8,0,72.3
10885,2025,0,5.6,0,43.7
10886,2022,1,16.7,1,35.6
10886,2023,1,19.5,0,47.2
10886,2024,0,13.3,1,82.8
10886,2025,3,6.6,1,68.1
10887,2022,1,9.7,0,48.7
10887,2023,2,7.0,0,84.0
10887,2024,0,18.8,0,47.5
10887,2025,1,12.7,0,54.6
10888,2022,1,15.2,0,76.6
10888,2023,0,8.5,1,34.6
10888,2024,3,10.7,1,49.2
10888,2025,0,12.9,0,70.3
10889,2022,2,6.4,1,84.9
10889,2023,3,10.7,0,49.0
10889,2024,1,6.8,1,48.8
10889,2025,3,13.4,0,97.5
10890,2022,0,17.1,1,61.5
10890,2023,3,9.5,0,36.8
10890,2024,1,2.8,1,52.6
10890,2025,1,4.2,0,71.0
10891,2022,1,8.2,0,34.3
10891,2023,1,14.9,1,74.6
10891,2024,0,5.4,0,67.3
10891,2025,0,10.1,0,81.6
10892,2022,2,17.3,1,50.5
10892,2023,0,21.1,1,58.2
10892,2024,1,6.9,0,91.7
10892,2025,2,4.2,0,51.6
10893,2022,3,8.5,1,32.4
10893,2023,0,10.7,1,91.9
10893,2024,0,15.0,0,36.4
10893,2025,2,13.9,0,92.3
10894,2022,0,9.2,0,79.6
10894,2023,0,6.1,1,62.3
10894,2024,0,11.0,0,78.3
10894,2025,1,3.3,1,45.3
10895,2022,2,21.3,1,75.8
10895,2023,2,5.2,1,80.0
10895,2024,1,17.0,1,39.1
10895,2025,2,1.4,1,68.8
10896,2022,3,21.1,0,86.9
10896,2023,0,16.0,0,90.1
10896,2024,1,8.4,1,95.1
10896,2025,3,8.6,1,78.4
10897,2022,1,18.5,1,38.5
10897,2023,1,7.2,1,57.8
10897,2024,2,19.8,1,79.6
10897,2025,3,10.2,1,56.0
10898,2022,3,20.2,0,78.6
10898,2023,1,13.6,0,84.7
10898,2024,1,11.0,1,81.8
10898,2025,3,9.9,0,59.5
10899,2022,1,12.3,0,74.5
10899,2023,2,18.2,0,37.3
10899,2024,2,18.9,0,56.1
10899,2025,2,17.6,0,84.9
10900,2022,1,7.4,0,77.7
10900,2023,0,18.7,0,52.1
10900,2024,3,6.0,0,93.6
10900,2025,2,0.7,1,55.4
10901,2022,0,10.5,1,69.6
10901,2023,0,9.4,1,85.7
10901,2024,2,18.2,0,69.1
10901,2025,2,15.3,0,63.7
10902,2022,0,6.7,1,42.7
10902,2023,2,10.0,0,44.8
10902,2024,0,7.0,0,45.5
10902,2025,0,12.4,0,65.6
10903,2022,1,15.8,0,62.9
10903,2023,0,17.1,0,83.3
10903,2024,1,20.2,1,49.0
10903,2025,1,8.9,0,84.3
10904,2022,2,18.1,0,71.6
10904,2023,3,21.9,0,71.1
10904,2024,2,12.8,1,56.4
10904,2025,3,6.7,0,58.1
10905,2022,0,13.1,0,75.5
10905,2023,2,18.6,1,49.5
10905,2024,2,16.4,0,55.8
10905,2025,2,15.5,0,96.9
10906,2022,2,19.9,0,89.9
10906,2023,0,21.9,0,33.1
10906,2024,3,17.3,0,77.2
10906,2025,3,17.6,1,71.1
10907,2022,1,16.5,0,57.6
10907,2023,1,16.4,0,49.5
10907,2024,1,21.4,0,66.4
10907,2025,2,17.9,1,66.4
10908,2022,3,20.5,1,54.1
10908,2023,2,17.2,0,84.0
10908,2024,3,9.2,0,52.2
10908,2025,0,11.5,0,74.8
10909,2022,3,6.1,0,81.9
10909,2023,1,11.8,1,91.7
10909,2024,0,4.2,1,72.2
10909,2025,3,15.1,1,70.2
10910,2022,1,22.8,0,80.4
10910,2023,0,7.0,0,44.3
10910,2024,0,6.9,0,73.8
10910,2025,0,17.6,1,42.9
10911,2022,1,16.7,0,69.6
10911,2023,2,15.3,0,80.7
10911,2024,1,13.3,0,39.8
10911,2025,3,4.9,0,89.9
10912,2022,2,9.9,0,37.4
10912,2023,0,22.5,1,43.6
10912,2024,1,16.5,1,86.2
10912,2025,2,2.3,1,46.5
10913,2022,1,9.5,0,70.4
10913,2023,1,16.0,1,50.7
10913,2024,3,7.7,1,50.9
10913,2025,1,5.5,0,78.0
10914,2022,0,9.0,1,36.4
10914,2023,2,7.2,0,67.5
10914,2024,0,14.3,0,91.5
10914,2025,3,18.6,0,90.1
10915,2022,3,12.2,1,81.1
10915,2023,3,5.9,1,51.2
10915,2024,3,4.5,0,78.1
10915,2025,2,19.2,0,85.8
10916,2022,3,15.6,1,84.1
10916,2023,0,12.8,1,48.8
10916,2024,1,19.8,1,81.7
10916,2025,0,10.6,1,52.9
10917,2022,1,14.6,1,31.7
10917,2023,2,22.0,0,61.9
10917,2024,2,11.5,1,82.0
10917,2025,3,8.3,1,51.9
10918,2022,1,16.6,0,32.9
10918,2023,1,23.0,0,55.4
10918,2024,3,21.3,0,48.2
10918,2025,0,16.0,1,61.9
10919,2022,0,15.0,0,85.2
10919,2023,0,21.1,1,77.6
10919,2024,2,10.4,0,58.4
10919,2025,1,13.3,0,58.5
10920,2022,2,8.6,0,85.3
10920,2023,1,16.7,0,86.3
10920,2024,1,7.5,1,72.2
10920,2025,3,15.9,0,60.5
10921,2022,2,13.3,0,77.5
10921,2023,0,11.5,1,72.8
10921,2024,0,16.9,0,69.9
10921,2025,2,9.0,1,83.3
10922,2022,3,19.3,0,38.1
10922,2023,1,20.6,1,88.8
10922,2024,2,4.7,0,94.4
10922,2025,0,10.1,1,60.3
10923,2022,3,23.9,0,86.8
10923,2023,1,19.7,1,80.7
10923,2024,3,21.5,1,92.5
10923,2025,2,17.7,0,94.0
10924,2022,0,11.2,1,42.1
10924,2023,1,7.1,0,48.6
10924,2024,3,6.2,1,51.6
10924,2025,2,4.8,1,44.7
10925,2022,2,6.5,1,53.9
10925,2023,0,21.6,0,54.8
10925,2024,2,12.1,0,56.6
10925,2025,3,2.5,1,59.9
10926,2022,2,20.3,0,33.7
10926,2023,2,10.0,1,44.2
10926,2024,3,3.4,0,53.8
10926,2025,2,4.3,0,92.3
10927,2022,0,18.2,0,85.6
10927,2023,1,19.4,0,50.1
10927,2024,1,7.1,0,77.6
10927,2025,2,12.0,0,90.0
10928,2022,0,5.0,0,60.4
10928,2023,2,9.1,0,78.3
10928,2024,2,5.6,0,94.6
10928,2025,2,2.0,0,48.7
10929,2022,2,14.7,0,34.2
10929,2023,1,16.1,0,71.4
10929,2024,2,2.9,0,66.5
10929,2025,2,3.3,0,56.8
10930,2022,2,23.6,1,85.0
10930,2023,1,8.0,1,83.7
10930,2024,0,17.2,1,51.9
10930,2025,0,15.5,0,85.5
10931,2022,0,11.4,1,79.7
10931,2023,0,7.6,0,52.5
10931,2024,0,6.9,1,41.9
10931,2025,3,11.8,0,90.0
10932,2022,2,12.6,1,35.8
10932,2023,2,13.4,0,61.7
10932,2024,0,18.2,1,47.7
10932,2025,3,10.5,1,94.6
10933,2022,1,24.9,1,36.4
10933,2023,3,16.8,1,40.0
10933,2024,2,6.1,1,78.1
10933,2025,0,10.5,0,51.3
10934,2022,3,21.3,0,37.9
10934,2023,1,7.9,1,43.1
10934,2024,0,16.6,1,71.8
10934,2025,1,1.2,0,52.4
10935,2022,0,23.9,1,52.6
10935,2023,2,16.8,0,84.0
10935,2024,0,5.3,1,46.5
10935,2025,0,18.0,1,88.6
10936,2022,0,6.6,1,76.5
10936,2023,0,11.6,1,82.9
10936,2024,3,16.7,1,56.8
10936,2025,3,19.2,0,67.3
10937,2022,3,12.0,1,72.4
10937,2023,0,20.1,1,35.2
10937,2024,1,5.9,1,75.8
10937,2025,3,1.2,0,46.2
10938,2022,2,5.6,1,47.3
10938,2023,3,16.7,1,81.6
10938,2024,3,5.1,1,74.1
10938,2025,2,1.5,1,76.3
10939,2022,2,24.5,0,43.6
10939,2023,1,8.3,1,73.1
10939,2024,0,11.3,0,43.9
10939,2025,2,12.8,1,96.9
10940,2022,1,7.9,1,45.2
10940,2023,0,10.6,0,82.6
10940,2024,2,15.0,1,91.2
10940,2025,1,13.3,0,49.3
10941,2022,1,21.8,0,30.6
10941,2023,3,12.2,0,85.5
10941,2024,2,19.8,0,81.8
10941,2025,0,14.1,1,48.3
10942,2022,1,16.2,0,79.8
10942,2023,3,5.8,1,81.6
10942,2024,1,13.5,1,63.7
10942,2025,0,12.4,1,95.8
10943,2022,1,20.2,0,64.9
10943,2023,3,17.9,0,59.6
10943,2024,0,12.6,0,36.8
10943,2025,2,12.4,0,96.2
10944,2022,3,20.4,0,37.7
10944,2023,0,10.5,0,50.8
10944,2024,1,4.7,0,79.8
10944,2025,3,18.0,1,39.3
10945,2022,0,24.3,1,62.6
10945,2023,0,12.1,1,42.5
10945,2024,3,21.8,1,37.4
10945,2025,0,7.0,0,77.5
10946,2022,0,6.3,0,66.2
10946,2023,1,14.9,0,77.1
10946,2024,2,19.4,1,73.1
10946,2025,2,12.8,1,65.5
10947,2022,3,5.2,1,58.7
10947,2023,3,3.7,1,46.2
10947,2024,0,16.5,1,41.0
10947,2025,2,17.4,1,90.7
10948,2022,1,10.1,1,71.5
10948,2023,1,12.9,0,40.4
10948,2024,2,21.2,0,51.9
10948,2025,3,9.7,1,90.8
10949,2022,2,7.7,1,87.6
10949,2023,3,21.7,1,80.5
10949,2024,1,11.9,1,70.2
10949,2025,0,7.4,1,91.1
10950,2022,0,6.9,0,67.6
10950,2023,1,12.7,0,75.0
10950,2024,2,17.4,1,85.6
10950,2025,2,14.8,1,60.2
10951,2022,2,14.9,1,77.1
10951,2023,2,17.9,0,45.4
10951,2024,2,9.0,1,47.7
10951,2025,3,15.2,0,87.7
10952,2022,2,6.7,0,63.8
10952,2023,2,7.5,0,57.8
10952,2024,2,19.6,1,67.4
10952,2025,0,6.4,0,97.7
10953,2022,0,9.1,1,83.7
10953,2023,2,5.3,1,63.5
10953,2024,2,9.9,1,68.8
10953,2025,3,1.8,1,75.9
10954,2022,0,14.9,1,77.4
10954,2023,1,21.9,1,85.4
10954,2024,0,17.7,1,44.8
10954,2025,2,1.3,0,76.7
10955,2022,0,11.0,1,43.6
10955,2023,2,7.3,1,70.3
10955,2024,0,3.3,1,46.3
10955,2025,0,2.7,1,87.5
10956,2022,0,23.2,1,69.7
10956,2023,2,9.7,1,85.0
10956,2024,1,9.8,0,92.7
10956,2025,2,10.2,0,95.0
10957,2022,1,19.9,1,38.7
10957,2023,1,19.5,1,55.6
10957,2024,1,21.3,1,65.0
10957,2025,1,4.7,1,86.3
10958,2022,1,11.0,1,30.9
10958,2023,3,9.8,1,88.5
10958,2024,1,10.9,0,60.4
10958,2025,3,16.6,0,76.9
10959,2022,2,9.8,0,88.8
10959,2023,2,19.2,0,86.0
10959,2024,3,6.1,0,57.7
10959,2025,0,14.7,0,68.1
10960,2022,1,21.0,1,76.2
10960,2023,3,20.6,0,77.6
10960,2024,2,12.2,1,78.3
10960,2025,2,7.1,1,39.6
10961,2022,2,20.4,0,41.9
10961,2023,2,9.9,1,46.3
10961,2024,3,5.0,0,51.0
10961,2025,0,17.2,0,44.8
10962,2022,2,13.2,0,78.4
10962,2023,0,14.9,1,53.5
10962,2024,1,20.4,1,82.5
10962,2025,0,3.2,1,94.9
10963,2022,2,16.1,0,48.8
10963,2023,3,14.7,0,60.2
10963,2024,1,19.2,0,41.3
10963,2025,3,7.3,1,56.7
10964,2022,3,13.0,1,62.8
10964,2023,0,13.9,0,43.8
10964,2024,0,5.3,1,68.2
10964,2025,0,9.9,0,57.8
10965,2022,2,13.7,1,89.4
10965,2023,1,7.4,0,55.5
10965,2024,0,18.7,0,38.3
10965,2025,2,9.1,0,67.4
10966,2022,3,11.1,0,50.0
10966,2023,1,6.1,0,55.2
10966,2024,3,3.8,1,58.2
10966,2025,0,19.7,1,91.9
10967,2022,1,24.9,1,59.9
10967,2023,2,21.5,1,48.2
10967,2024,1,11.2,0,83.6
10967,2025,1,16.7,1,65.6
10968,2022,1,21.7,1,38.7
10968,2023,0,9.5,1,92.9
10968,2024,3,13.7,0,37.6
10968,2025,3,19.6,1,81.6
10969,2022,0,10.6,0,80.9
10969,2023,0,16.8,0,54.2
10969,2024,3,15.3,0,45.4
10969,2025,0,9.6,1,65.2
10970,2022,0,14.8,0,58.9
10970,2023,0,12.6,0,93.0
10970,2024,0,12.4,1,37.2
10970,2025,3,3.5,1,78.4
10971,2022,2,20.9,0,78.3
10971,2023,2,16.7,0,70.1
10971,2024,3,21.5,1,73.8
10971,2025,1,5.4,1,91.5
10972,2022,1,7.9,0,63.9
10972,2023,2,10.4,1,85.9
10972,2024,3,12.2,0,48.6
10972,2025,2,4.6,0,70.0
10973,2022,1,14.2,0,32.0
10973,2023,2,16.4,1,81.2
10973,2024,2,3.1,0,82.6
10973,2025,2,15.7,1,71.3
10974,2022,1,23.8,1,53.7
10974,2023,1,8.9,0,55.2
10974,2024,3,17.5,0,48.1
10974,2025,0,8.9,1,64.7
10975,2022,1,18.3,0,48.2
10975,2023,0,18.4,0,67.7
10975,2024,2,7.9,0,83.2
10975,2025,0,16.2,1,80.6
10976,2022,3,7.1,0,60.8
10976,2023,2,23.2,0,89.9
10976,2024,3,8.7,1,47.8
10976,2025,0,5.0,0,77.4
10977,2022,2,7.8,1,35.3
10977,2023,1,19.7,0,73.4
10977,2024,0,13.7,1,79.5
10977,2025,0,19.5,1,86.0
10978,2022,2,18.0,0,69.8
10978,2023,2,10.3,0,40.4
10978,2024,3,18.7,0,38.7
10978,2025,1,6.1,1,81.9
10979,2022,0,10.8,0,77.9
10979,2023,1,4.1,0,35.0
10979,2024,1,7.0,1,45.0
10979,2025,1,5.7,1,86.4
10980,2022,2,11.0,0,88.1
10980,2023,1,10.9,0,64.2
10980,2024,3,13.5,0,45.2
10980,2025,1,4.8,1,58.3
10981,2022,2,17.7,1,76.9
10981,2023,2,6.2,0,65.6
10981,2024,1,20.6,0,39.5
10981,2025,3,1.0,1,57.5
10982,2022,0,23.2,1,75.2
10982,2023,0,14.4,0,52.5
10982,2024,3,16.2,1,61.9
10982,2025,2,6.5,0,93.3
10983,2022,1,8.5,1,89.1
10983,2023,0,22.4,0,78.4
10983,2024,0,10.8,1,50.4
10983,2025,1,10.1,1,53.6
10984,2022,0,24.7,0,48.3
10984,2023,0,10.2,0,42.6
10984,2024,2,4.0,1,46.7
10984,2025,0,12.2,0,54.4
10985,2022,0,16.1,0,69.6
10985,2023,2,19.0,0,69.7
10985,2024,0,21.1,0,56.5
10985,2025,2,6.7,0,50.8
10986,2022,1,19.4,1,67.4
10986,2023,0,12.2,1,40.9
10986,2024,0,17.7,0,44.8
10986,2025,3,3.8,1,62.0
10987,2022,3,15.0,0,64.0
10987,2023,3,5.0,1,76.7
10987,2024,2,13.2,1,77.2
10987,2025,0,3.9,1,61.7
10988,2022,0,24.2,0,69.3
10988,2023,3,14.6,1,45.7
10988,2024,2,12.6,0,65.6
10988,2025,3,19.9,1,75.9
10989,2022,0,15.0,0,74.7
10989,2023,2,17.0,0,37.8
10989,2024,3,2.9,1,42.1
10989,2025,0,14.7,0,43.4
10990,2022,3,7.1,1,62.8
10990,2023,1,19.1,1,67.2
10990,2024,2,19.5,1,36.7
10990,2025,1,6.8,0,78.4
10991,2022,1,22.6,0,75.8
10991,2023,2,13.2,0,40.0
10991,2024,1,13.4,0,56.2
10991,2025,3,8.7,0,90.0
10992,2022,0,14.5,1,71.2
10992,2023,2,21.7,1,51.3
10992,2024,3,20.9,1,80.5
10992,2025,0,9.4,0,92.2
10993,2022,1,15.3,1,48.6
10993,2023,2,5.8,1,74.1
10993,2024,1,8.5,1,41.6
10993,2025,0,10.8,0,42.5
10994,2022,2,9.1,0,65.2
10994,2023,3,15.0,0,62.5
10994,2024,1,15.7,0,84.6
10994,2025,3,13.5,0,85.8
10995,2022,3,13.9,0,47.2
10995,2023,3,18.9,0,63.7
10995,2024,2,8.4,0,81.3
10995,2025,1,9.9,1,55.3
10996,2022,3,10.4,1,51.7
10996,2023,0,15.6,0,36.6
10996,2024,2,10.8,1,43.8
10996,2025,3,4.8,1,75.6
10997,2022,3,11.2,1,59.8
10997,2023,1,9.1,1,43.1
10997,2024,3,20.2,1,36.4
10997,2025,3,10.9,1,49.1
10998,2022,3,18.1,1,75.0
10998,2023,1,22.2,1,38.6
10998,2024,3,5.6,1,60.1
10998,2025,0,19.2,1,53.3
10999,2022,2,15.8,0,63.0
10999,2023,3,20.6,0,63.7
10999,2024,1,5.4,1,95.0
10999,2025,0,6.0,1,85.4
11000,2022,2,8.9,0,86.3
11000,2023,1,16.6,0,67.7
11000,2024,1,4.8,0,80.3
11000,2025,2,16.4,0,92.7
11001,2022,2,10.0,0,32.5
11001,2023,1,8.6,0,87.9
11001,2024,0,7.6,0,48.7
11001,2025,0,15.4,1,81.3
11002,2022,0,23.5,0,76.4
11002,2023,2,21.7,1,39.6
11002,2024,3,4.0,0,93.2
11002,2025,1,5.7,1,94.6
11003,2022,0,18.4,0,69.3
11003,2023,3,15.9,1,42.3
11003,2024,2,9.0,1,70.0
11003,2025,1,17.8,1,59.6
11004,2022,3,7.6,1,85.8
11004,2023,1,16.3,0,57.4
11004,2024,2,7.5,0,77.6
11004,2025,2,11.0,0,77.2
11005,2022,0,12.7,0,46.3
11005,2023,1,23.1,1,65.1
11005,2024,1,11.7,0,60.6
11005,2025,3,20.0,0,61.5
11006,2022,1,10.1,0,81.8
11006,2023,1,18.9,1,41.4
11006,2024,3,16.3,0,60.6
11006,2025,0,17.5,0,39.4
11007,2022,1,18.9,0,45.7
11007,2023,3,17.1,0,70.3
11007,2024,2,15.2,0,41.3
11007,2025,0,20.2,0,55.3
11008,2022,3,9.6,0,82.8
11008,2023,1,4.1,1,74.5
11008,2024,0,15.6,0,40.2
11008,2025,0,3.9,1,98.5
11009,2022,0,18.6,1,86.7
11009,2023,2,9.9,1,41.5
11009,2024,3,2.9,1,91.3
11009,2025,0,15.9,1,72.0
11010,2022,1,6.0,1,85.8
11010,2023,1,8.0,1,91.1
11010,2024,1,8.7,0,77.6
11010,2025,0,3.2,1,56.5
11011,2022,1,23.3,1,85.5
11011,2023,0,15.9,1,67.4
11011,2024,3,19.5,1,56.5
11011,2025,0,14.1,1,66.6
11012,2022,0,24.8,0,54.4
11012,2023,3,14.0,0,89.1
11012,2024,1,3.1,0,85.2
11012,2025,0,3.7,0,40.9
11013,2022,3,16.8,1,30.6
11013,2023,2,10.5,0,37.2
11013,2024,3,4.3,0,72.6
11013,2025,2,5.3,0,87.9
11014,2022,3,14.5,1,60.9
11014,2023,0,13.9,1,65.1
11014,2024,1,20.7,0,50.4
11014,2025,0,2.3,0,66.6
11015,2022,0,12.2,0,45.4
11015,2023,2,13.6,1,49.4
11015,2024,1,4.3,0,59.5
11015,2025,1,14.3,1,41.9
11016,2022,0,15.3,1,87.3
11016,2023,3,12.7,1,87.9
11016,2024,3,15.1,0,83.8
11016,2025,1,6.3,0,73.1
11017,2022,0,11.8,1,78.8
11017,2023,0,6.8,1,91.4
11017,2024,2,12.5,1,53.0
11017,2025,1,7.9,0,60.9
11018,2022,3,10.2,0,73.7
11018,2023,3,6.0,1,71.6
11018,2024,1,2.5,1,85.5
11018,2025,2,4.4,1,59.8
11019,2022,3,9.9,0,48.6
11019,2023,1,13.2,1,68.1
11019,2024,0,6.8,1,44.8
11019,2025,1,16.9,1,41.4
11020,2022,1,14.5,1,44.6
11020,2023,1,16.0,1,42.5
11020,2024,0,6.2,0,36.4
11020,2025,1,8.8,1,85.7
11021,2022,0,17.1,1,62.6
11021,2023,3,9.7,0,73.1
11021,2024,2,8.7,1,45.8
11021,2025,0,16.6,0,54.4
11022,2022,2,21.7,0,33.6
11022,2023,2,14.2,1,92.8
11022,2024,3,19.9,1,42.2
11022,2025,0,15.2,1,44.4
11023,2022,3,6.1,0,66.9
11023,2023,0,14.7,1,52.9
11023,2024,2,16.0,1,89.3
11023,2025,2,11.3,1,88.9
11024,2022,1,21.6,0,82.1
11024,2023,0,9.5,1,77.1
11024,2024,2,3.3,0,43.9
11024,2025,0,13.2,0,42.8
11025,2022,3,19.6,1,33.9
11025,2023,3,18.8,0,81.1
11025,2024,0,2.2,1,75.4
11025,2025,2,14.0,0,97.9
11026,2022,3,5.4,1,68.6
11026,2023,2,19.0,1,48.0
11026,2024,0,16.1,1,41.4
11026,2025,1,11.8,0,60.9
11027,2022,2,15.1,0,42.0
11027,2023,3,17.8,0,70.7
11027,2024,0,3.1,1,41.8
11027,2025,1,17.1,0,85.4
11028,2022,3,9.0,0,71.8
11028,2023,0,13.1,1,77.2
11028,2024,0,11.7,1,93.9
11028,2025,2,16.0,1,78.0
11029,2022,1,8.9,1,77.3
11029,2023,0,9.5,1,38.1
11029,2024,1,15.3,0,92.6
11029,2025,1,8.8,1,52.1
11030,2022,2,11.0,1,59.6
11030,2023,0,15.9,0,90.4
11030,2024,0,3.7,1,46.8
11030,2025,2,16.3,1,41.1
11031,2022,2,15.5,0,47.8
11031,2023,0,7.6,1,42.4
11031,2024,2,10.2,0,76.1
11031,2025,0,3.1,0,55.7
11032,2022,3,17.3,1,33.8
11032,2023,1,16.9,0,86.6
11032,2024,1,10.1,1,39.0
11032,2025,2,7.3,1,55.3
11033,2022,3,22.0,0,44.4
11033,2023,1,15.0,0,34.4
11033,2024,0,15.3,0,45.9
11033,2025,1,3.1,0,87.9
11034,2022,1,19.3,1,32.3
11034,2023,1,12.4,0,34.4
11034,2024,0,9.3,1,74.0
11034,2025,2,19.1,1,44.3
11035,2022,0,6.1,1,52.3
11035,2023,2,7.4,1,33.1
11035,2024,1,9.5,0,57.7
11035,2025,1,7.0,0,58.1
11036,2022,3,15.2,1,66.8
11036,2023,1,11.5,0,62.9
11036,2024,0,17.8,0,76.7
11036,2025,1,15.9,0,95.2
11037,2022,3,20.4,0,77.7
11037,2023,0,10.9,0,89.0
11037,2024,3,10.1,0,39.3
11037,2025,3,14.9,1,98.4
11038,2022,0,7.5,1,49.3
11038,2023,2,20.5,1,49.6
11038,2024,2,12.8,1,60.2
11038,2025,2,17.5,0,86.0
11039,2022,2,20.9,1,87.3
11039,2023,3,11.0,1,66.3
11039,2024,3,4.0,1,45.3
11039,2025,0,18.9,0,51.8
11040,2022,0,11.9,1,54.3
11040,2023,2,11.0,0,54.9
11040,2024,2,20.2,1,50.3
11040,2025,2,18.8,1,90.0
11041,2022,2,10.3,0,46.8
11041,2023,2,5.3,1,68.6
11041,2024,3,2.0,0,64.8
11041,2025,3,9.3,1,94.4
11042,2022,3,16.4,0,67.7
11042,2023,3,8.9,0,52.9
11042,2024,2,7.2,1,74.3
11042,2025,3,7.6,1,58.1
11043,2022,2,10.3,1,35.5
11043,2023,3,20.7,0,62.1
11043,2024,3,14.9,0,87.6
11043,2025,1,17.1,0,93.6
11044,2022,2,22.2,0,62.6
11044,2023,2,12.2,1,75.0
11044,2024,3,11.6,0,72.6
11044,2025,0,20.1,1,87.6
11045,2022,2,21.3,0,36.2
11045,2023,3,19.5,1,57.1
11045,2024,2,13.7,0,51.2
11045,2025,2,9.7,0,39.4
11046,2022,0,22.9,1,79.8
11046,2023,0,19.6,1,41.1
11046,2024,1,12.3,1,55.4
11046,2025,0,5.9,0,91.0
11047,2022,3,7.9,0,73.3
11047,2023,0,14.6,1,67.1
11047,2024,1,7.9,1,54.6
11047,2025,3,5.8,1,69.9
11048,2022,0,7.1,1,33.4
11048,2023,1,4.2,0,76.6
11048,2024,1,17.7,0,50.2
11048,2025,0,2.7,1,67.8
11049,2022,0,22.8,1,35.7
11049,2023,1,7.8,1,75.6
11049,2024,3,17.2,0,89.7
11049,2025,3,17.0,1,66.4
11050,2022,3,20.9,0,35.0
11050,2023,1,21.0,1,89.7
11050,2024,1,8.8,1,62.8
11050,2025,3,20.2,0,43.8
11051,2022,1,10.6,1,41.3
11051,2023,0,22.2,1,40.2
11051,2024,2,10.7,0,47.9
11051,2025,1,1.6,0,48.3
11052,2022,0,20.7,1,85.4
11052,2023,3,19.2,1,45.5
11052,2024,3,5.9,0,62.5
11052,2025,1,17.0,0,82.8
11053,2022,2,8.2,0,70.6
11053,2023,0,6.5,1,90.4
11053,2024,0,18.2,1,94.0
11053,2025,3,6.3,1,73.2
11054,2022,2,6.5,0,75.1
11054,2023,3,22.6,1,56.2
11054,2024,2,13.1,0,61.8
11054,2025,0,9.5,0,45.3
11055,2022,3,15.1,1,70.4
11055,2023,3,16.9,0,49.2
11055,2024,3,19.2,0,40.8
11055,2025,2,14.0,1,44.9
11056,2022,0,19.8,1,73.3
11056,2023,2,7.1,0,46.7
11056,2024,3,9.7,0,82.2
11056,2025,1,12.2,1,93.4
11057,2022,1,17.4,1,50.5
11057,2023,0,8.9,1,80.6
11057,2024,0,21.5,1,61.7
11057,2025,0,2.9,1,85.3
11058,2022,1,7.2,0,48.4
11058,2023,1,8.1,0,88.9
11058,2024,3,17.1,0,95.2
11058,2025,0,1.2,1,62.2
11059,2022,2,24.8,1,41.9
11059,2023,0,23.3,1,74.1
11059,2024,0,5.2,0,71.0
11059,2025,3,8.5,0,98.5
11060,2022,3,9.1,1,78.7
11060,2023,0,11.7,0,83.1
11060,2024,3,12.7,0,79.6
11060,2025,2,17.0,1,60.0
11061,2022,1,5.7,1,86.2
11061,2023,2,23.2,0,60.9
11061,2024,1,20.8,0,60.0
11061,2025,3,11.9,0,50.7
11062,2022,1,14.6,1,48.2
11062,2023,2,14.5,1,33.1
11062,2024,1,2.4,1,75.6
11062,2025,2,15.3,1,75.3
11063,2022,1,14.9,0,54.2
11063,2023,3,9.2,1,91.0
11063,2024,0,11.2,1,77.6
11063,2025,1,6.4,0,53.6
11064,2022,2,19.0,1,52.7
11064,2023,3,15.8,1,63.9
11064,2024,1,9.8,0,68.7
11064,2025,3,6.8,1,55.5
11065,2022,0,22.6,1,45.0
11065,2023,2,17.1,1,51.0
11065,2024,0,16.3,1,93.8
11065,2025,3,12.9,1,60.6
11066,2022,0,6.5,1,52.4
11066,2023,3,4.7,1,76.2
11066,2024,0,10.6,1,45.8
11066,2025,2,19.1,1,77.6
11067,2022,1,15.5,1,70.0
11067,2023,0,21.0,0,36.9
11067,2024,2,3.9,1,47.4
11067,2025,1,15.0,1,67.0
11068,2022,3,9.9,0,80.1
11068,2023,1,14.0,0,76.9
11068,2024,3,7.9,0,88.4
11068,2025,2,14.7,1,90.1
11069,2022,2,13.0,0,60.7
11069,2023,1,12.7,1,70.3
11069,2024,1,6.9,0,91.2
11069,2025,3,6.1,1,83.5
11070,2022,0,8.6,0,51.5
11070,2023,1,14.6,1,54.0
11070,2024,0,4.9,0,58.0
11070,2025,3,5.9,1,68.7
11071,2022,0,15.6,0,51.7
11071,2023,1,9.0,0,44.3
11071,2024,2,13.8,0,71.7
11071,2025,1,0.8,0,91.2
11072,2022,0,24.5,1,59.6
11072,2023,1,18.1,1,46.1
11072,2024,1,12.1,1,84.8
11072,2025,2,18.9,0,84.3
11073,2022,0,22.4,0,72.0
11073,2023,0,10.8,0,73.5
11073,2024,0,4.3,0,82.9
11073,2025,0,5.5,0,88.8
11074,2022,2,9.2,0,83.9
11074,2023,3,18.5,0,69.6
11074,2024,3,13.0,0,59.6
11074,2025,2,17.5,0,44.4
11075,2022,0,14.8,0,73.3
11075,2023,1,18.9,0,41.5
11075,2024,0,8.5,0,88.1
11075,2025,3,12.5,1,63.4
11076,2022,1,17.8,1,82.6
11076,2023,3,18.7,0,64.1
11076,2024,0,18.0,0,63.2
11076,2025,3,6.0,0,60.8
11077,2022,2,12.7,1,33.7
11077,2023,2,7.6,0,33.7
11077,2024,0,17.0,0,66.5
11077,2025,1,5.9,0,93.1
11078,2022,1,12.8,0,65.2
11078,2023,1,19.6,0,84.7
11078,2024,2,8.8,0,96.0
11078,2025,1,6.3,1,49.7
11079,2022,3,18.0,1,69.6
11079,2023,3,23.0,1,58.0
11079,2024,1,3.3,0,48.5
11079,2025,1,17.2,0,53.5
11080,2022,2,7.4,1,44.7
11080,2023,0,10.4,0,76.8
11080,2024,2,10.3,0,57.3
11080,2025,2,14.9,1,54.3
11081,2022,0,23.5,1,83.2
11081,2023,3,5.5,0,35.1
11081,2024,0,16.9,1,80.1
11081,2025,1,6.9,0,96.6
11082,2022,3,23.0,1,67.5
11082,2023,3,9.1,0,65.9
11082,2024,1,15.9,0,39.7
11082,2025,0,3.8,0,69.2
11083,2022,1,24.2,1,51.7
11083,2023,3,3.6,0,79.7
11083,2024,0,6.7,1,84.7
11083,2025,3,14.0,0,49.1
11084,2022,3,22.1,1,61.3
11084,2023,1,23.4,0,84.6
11084,2024,2,5.5,0,73.5
11084,2025,1,6.6,1,67.9
11085,2022,3,22.8,0,83.9
11085,2023,0,4.1,1,91.0
11085,2024,0,16.7,0,50.1
11085,2025,2,9.0,0,50.0
11086,2022,1,18.8,1,81.9
11086,2023,3,14.0,0,47.6
11086,2024,0,14.5,0,86.9
11086,2025,1,13.8,0,57.1
11087,2022,0,17.6,1,31.2
11087,2023,3,16.8,1,58.3
11087,2024,1,13.4,1,38.4
11087,2025,3,14.8,1,51.5
11088,2022,2,20.5,1,58.8
11088,2023,3,19.3,1,35.3
11088,2024,3,19.1,0,38.0
11088,2025,1,6.8,1,48.3
11089,2022,3,19.9,0,57.8
11089,2023,3,22.4,0,91.4
11089,2024,1,9.3,1,41.6
11089,2025,0,16.1,0,76.3
11090,2022,1,10.8,1,59.8
11090,2023,0,7.0,0,36.6
11090,2024,0,10.9,1,38.0
11090,2025,1,16.6,1,52.3
11091,2022,0,11.1,0,71.1
11091,2023,2,9.4,0,90.7
11091,2024,1,7.6,0,69.4
11091,2025,2,4.9,1,41.7
11092,2022,1,17.2,0,45.5
11092,2023,3,8.4,0,89.5
11092,2024,0,20.7,1,36.8
11092,2025,2,7.4,0,75.1
11093,2022,2,15.8,1,40.7
11093,2023,3,11.7,0,37.0
11093,2024,0,21.3,1,51.3
11093,2025,1,9.0,0,95.2
11094,2022,1,16.3,1,75.7
11094,2023,1,18.8,1,43.3
11094,2024,1,5.4,0,39.9
11094,2025,2,1.2,1,68.6
11095,2022,0,14.1,0,33.2
11095,2023,3,14.5,0,57.2
11095,2024,3,7.7,0,84.0
11095,2025,3,9.8,1,69.0
11096,2022,0,17.3,1,83.8
11096,2023,2,23.0,0,80.5
11096,2024,0,14.0,1,69.3
11096,2025,0,9.5,1,86.4
11097,2022,0,5.5,1,35.7
11097,2023,3,9.7,0,45.1
11097,2024,2,9.2,1,78.0
11097,2025,2,10.0,0,39.3
11098,2022,0,20.6,1,30.3
11098,2023,2,19.0,1,55.8
11098,2024,2,18.9,1,88.0
11098,2025,2,6.3,1,97.9
11099,2022,1,11.9,0,69.0
11099,2023,3,6.5,0,90.0
11099,2024,2,19.1,1,86.9
11099,2025,3,13.5,1,51.1
11100,2022,1,6.6,0,54.2
11100,2023,0,9.6,1,70.4
11100,2024,0,5.1,1,45.1
11100,2025,0,19.9,1,57.8
11101,2022,3,11.5,0,75.4
11101,2023,2,13.4,0,53.7
11101,2024,1,8.4,1,91.6
11101,2025,2,10.0,1,63.4
11102,2022,3,25.0,1,43.2
11102,2023,0,9.2,1,45.6
11102,2024,1,7.7,1,77.2
11102,2025,2,7.9,1,61.1
11103,2022,2,8.4,1,44.2
11103,2023,0,18.3,1,74.6
11103,2024,2,9.6,0,61.3
11103,2025,2,12.1,1,89.8
11104,2022,0,18.2,0,62.9
11104,2023,3,4.2,0,91.3
11104,2024,3,14.9,1,58.5
11104,2025,1,11.2,1,55.9
11105,2022,2,6.7,1,68.7
11105,2023,3,6.0,1,75.5
11105,2024,0,10.8,0,37.0
11105,2025,3,7.4,1,79.2
11106,2022,2,13.7,1,40.9
11106,2023,1,16.2,1,90.5
11106,2024,1,5.1,0,70.6
11106,2025,3,13.7,1,46.6
11107,2022,0,21.4,0,33.2
11107,2023,0,3.6,1,85.8
11107,2024,2,9.4,0,87.0
11107,2025,3,6.0,0,65.0
11108,2022,0,13.6,1,35.2
11108,2023,0,15.8,0,56.4
11108,2024,0,5.8,1,81.6
11108,2025,3,3.2,0,78.7
11109,2022,2,19.6,1,81.9
11109,2023,0,17.2,1,78.1
11109,2024,1,11.2,0,55.8
11109,2025,3,10.5,1,59.5
11110,2022,3,10.4,0,68.9
11110,2023,3,10.1,0,51.6
11110,2024,0,8.4,1,88.1
11110,2025,2,15.0,0,58.7
11111,2022,2,16.1,0,59.3
11111,2023,1,18.1,1,35.6
11111,2024,1,13.8,1,43.1
11111,2025,2,11.4,0,46.9
11112,2022,2,11.4,1,50.6
11112,2023,2,11.4,0,40.0
11112,2024,3,19.7,1,63.4
11112,2025,3,12.0,0,55.1
11113,2022,2,15.5,1,46.3
11113,2023,1,4.6,1,59.7
11113,2024,2,15.4,0,87.2
11113,2025,1,14.2,1,84.7
11114,2022,3,18.8,1,83.0
11114,2023,2,5.3,1,92.4
11114,2024,1,8.0,0,36.7
11114,2025,2,7.9,0,80.6
11115,2022,3,21.5,0,37.2
11115,2023,3,23.1,1,89.2
11115,2024,3,10.3,1,49.6
11115,2025,0,11.6,1,60.0
11116,2022,3,5.1,1,88.7
11116,2023,2,3.7,1,85.0
11116,2024,1,3.5,1,38.8
11116,2025,2,14.9,1,41.8
11117,2022,2,8.6,1,79.1
11117,2023,0,18.7,1,37.2
11117,2024,2,10.6,0,87.1
11117,2025,0,17.5,1,94.5
11118,2022,2,22.4,1,31.4
11118,2023,0,21.1,1,46.2
11118,2024,3,12.9,0,37.4
11118,2025,0,16.3,1,43.4
11119,2022,0,18.2,0,62.0
11119,2023,2,7.2,0,76.8
11119,2024,3,9.6,1,64.8
11119,2025,0,19.7,1,62.2
11120,2022,2,20.5,0,42.4
11120,2023,1,8.8,1,47.2
11120,2024,2,7.6,1,70.9
11120,2025,2,5.6,1,90.3
11121,2022,1,11.6,1,54.3
11121,2023,0,22.1,1,89.4
11121,2024,2,10.7,1,39.1
11121,2025,2,7.8,0,88.8
11122,2022,2,9.8,1,50.3
11122,2023,3,21.3,0,85.1
11122,2024,0,21.1,1,91.2
11122,2025,3,7.0,0,81.0
11123,2022,0,17.3,1,51.3
11123,2023,1,22.7,1,60.4
11123,2024,2,12.0,1,69.1
11123,2025,3,9.9,0,66.7
11124,2022,1,15.6,0,77.5
11124,2023,0,4.2,0,79.3
11124,2024,0,8.0,1,36.8
11124,2025,1,14.5,0,48.1
11125,2022,0,24.3,1,51.8
11125,2023,2,14.9,0,73.3
11125,2024,0,5.8,0,49.8
11125,2025,0,9.0,0,58.4
11126,2022,1,14.8,1,57.7
11126,2023,0,6.5,0,68.4
11126,2024,0,8.6,0,90.1
11126,2025,1,9.4,1,87.3
11127,2022,2,10.2,0,51.6
11127,2023,1,10.6,1,79.1
11127,2024,2,7.5,0,86.0
11127,2025,2,12.8,0,70.3
11128,2022,3,16.6,1,47.8
11128,2023,1,14.5,0,89.6
11128,2024,1,3.9,0,93.7
11128,2025,1,4.2,0,52.5
11129,2022,0,7.2,1,77.1
11129,2023,2,4.8,1,35.5
11129,2024,2,6.9,1,36.1
11129,2025,2,4.4,0,60.1
11130,2022,1,19.5,1,57.8
11130,2023,2,17.4,1,65.8
11130,2024,2,6.0,1,58.7
11130,2025,2,3.8,1,46.7
11131,2022,2,7.9,0,50.7
11131,2023,3,9.9,0,82.3
11131,2024,3,7.9,1,56.1
11131,2025,1,1.1,0,74.5
11132,2022,3,16.4,0,70.9
11132,2023,0,21.5,1,76.9
11132,2024,3,12.8,0,65.3
11132,2025,0,1.8,1,46.5
11133,2022,1,17.0,1,84.0
11133,2023,0,13.2,0,48.6
11133,2024,2,20.1,1,56.3
11133,2025,0,7.8,0,85.4
11134,2022,3,20.0,1,75.8
11134,2023,0,4.3,1,86.8
11134,2024,2,16.4,1,38.0
11134,2025,2,1.3,1,91.5
11135,2022,2,11.9,1,77.5
11135,2023,3,22.5,0,64.5
11135,2024,1,16.1,1,45.6
11135,2025,0,19.0,0,71.7
11136,2022,1,14.9,1,41.6
11136,2023,1,15.6,0,90.9
11136,2024,2,12.4,1,78.5
11136,2025,0,10.1,0,74.8
11137,2022,1,16.6,1,78.8
11137,2023,3,4.3,1,64.9
11137,2024,3,5.7,0,39.6
11137,2025,3,4.8,0,54.5
11138,2022,3,12.7,1,88.9
11138,2023,3,12.2,0,84.0
11138,2024,2,16.8,1,91.6
11138,2025,1,3.8,0,44.9
11139,2022,0,16.4,1,44.9
11139,2023,2,8.9,0,36.8
11139,2024,1,12.3,0,85.3
11139,2025,3,13.0,1,49.4
11140,2022,0,16.6,1,54.6
11140,2023,3,7.8,0,49.2
11140,2024,3,16.2,1,91.8
11140,2025,0,13.6,1,75.5
11141,2022,1,23.6,1,78.0
11141,2023,0,16.2,0,69.1
11141,2024,2,16.4,0,72.8
11141,2025,3,16.7,0,62.0
11142,2022,2,7.1,1,44.3
11142,2023,2,17.4,0,53.9
11142,2024,2,8.4,0,53.7
11142,2025,3,17.0,1,80.5
11143,2022,3,14.6,0,55.4
11143,2023,1,15.1,1,66.0
11143,2024,1,7.2,0,82.3
11143,2025,0,13.5,0,55.0
11144,2022,0,5.7,0,55.4
11144,2023,3,18.5,0,64.2
11144,2024,0,5.3,1,39.2
11144,2025,2,5.1,0,48.1
11145,2022,1,5.0,0,33.8
11145,2023,3,9.8,0,78.1
11145,2024,1,9.8,0,54.0
11145,2025,0,5.2,0,64.4
11146,2022,1,9.6,0,70.3
11146,2023,1,21.4,0,91.0
11146,2024,0,8.5,0,84.7
11146,2025,1,14.9,0,42.5
11147,2022,3,9.7,1,48.3
11147,2023,2,19.7,0,35.9
11147,2024,1,15.6,1,39.7
11147,2025,3,15.6,0,46.6
11148,2022,2,13.8,0,49.3
11148,2023,3,21.1,1,46.9
11148,2024,3,9.5,1,57.1
11148,2025,2,12.5,1,88.3
11149,2022,0,17.8,1,77.9
11149,2023,3,22.5,1,54.0
11149,2024,0,4.7,1,75.6
11149,2025,0,3.2,0,61.4
11150,2022,1,14.2,0,53.2
11150,2023,0,21.9,0,73.5
11150,2024,3,2.4,0,59.1
11150,2025,3,6.0,1,72.0
11151,2022,2,10.7,0,36.9
11151,2023,0,9.6,0,65.3
11151,2024,2,2.5,0,80.5
11151,2025,3,17.0,1,92.3
11152,2022,2,5.2,1,38.8
11152,2023,1,13.1,0,57.6
11152,2024,2,3.1,0,65.2
11152,2025,1,16.5,0,93.3
11153,2022,1,19.9,0,45.4
11153,2023,0,17.9,0,42.9
11153,2024,3,16.7,1,44.5
11153,2025,1,19.3,1,48.3
11154,2022,3,13.3,0,82.2
11154,2023,2,20.7,1,70.2
11154,2024,2,5.7,0,61.2
11154,2025,2,9.5,1,91.0
11155,2022,2,5.2,1,47.9
11155,2023,2,9.2,1,88.7
11155,2024,0,11.2,0,81.5
11155,2025,0,18.7,1,40.2
11156,2022,1,11.3,0,57.8
11156,2023,3,16.9,0,83.5
11156,2024,2,18.7,1,59.8
11156,2025,3,7.0,0,98.2
11157,2022,2,8.4,1,80.8
11157,2023,1,15.3,0,78.2
11157,2024,0,7.7,1,44.1
11157,2025,1,13.5,1,45.5
11158,2022,3,7.7,0,68.5
11158,2023,3,6.5,1,72.7
11158,2024,2,15.5,1,44.9
11158,2025,0,20.0,1,90.2
11159,2022,3,9.9,0,82.4
11159,2023,1,17.8,1,58.0
11159,2024,1,12.6,1,72.5
11159,2025,2,17.4,1,69.6
11160,2022,2,12.8,0,32.1
11160,2023,0,22.9,0,38.4
11160,2024,2,3.6,0,82.8
11160,2025,1,20.2,0,68.3
11161,2022,2,21.9,0,66.7
11161,2023,1,20.8,1,69.8
11161,2024,3,18.8,1,58.8
11161,2025,2,17.7,0,40.8
11162,2022,0,21.3,1,77.2
11162,2023,0,21.5,1,61.1
11162,2024,0,11.2,0,44.3
11162,2025,2,19.3,0,40.3
11163,2022,3,12.7,1,31.1
11163,2023,3,18.1,0,35.0
11163,2024,0,16.2,0,45.3
11163,2025,3,16.9,0,52.9
11164,2022,1,19.8,1,44.8
11164,2023,2,4.2,0,70.9
11164,2024,3,16.8,1,50.5
11164,2025,3,1.0,1,79.4
11165,2022,3,15.7,1,79.4
11165,2023,0,20.3,0,56.1
11165,2024,2,18.6,1,79.1
11165,2025,3,17.3,1,45.2
11166,2022,2,17.0,1,49.7
11166,2023,3,7.2,1,74.0
11166,2024,1,12.2,1,91.9
11166,2025,2,10.8,1,75.9
11167,2022,2,11.5,0,51.8
11167,2023,2,12.0,1,51.8
11167,2024,1,19.4,0,59.5
11167,2025,0,10.9,0,78.2
11168,2022,3,19.1,0,49.6
11168,2023,0,13.4,1,61.2
11168,2024,2,14.3,0,81.5
11168,2025,0,2.4,0,53.3
11169,2022,2,23.6,1,73.0
11169,2023,3,12.2,0,78.7
11169,2024,0,17.0,1,87.8
11169,2025,3,13.8,1,40.4
11170,2022,3,21.0,1,36.8
11170,2023,0,4.2,1,90.3
11170,2024,1,20.7,0,43.5
11170,2025,1,17.1,0,68.3
11171,2022,1,21.7,0,40.0
11171,2023,0,12.8,1,81.7
11171,2024,0,17.9,0,41.8
11171,2025,0,12.0,1,44.1
11172,2022,0,15.1,0,60.3
11172,2023,1,19.2,1,47.3
11172,2024,1,14.6,0,75.7
11172,2025,0,2.0,0,80.1
11173,2022,3,11.3,0,65.2
11173,2023,3,15.9,1,83.1
11173,2024,3,20.1,1,77.8
11173,2025,0,19.2,1,50.3
11174,2022,1,21.8,1,34.7
11174,2023,0,8.6,0,77.9
11174,2024,2,11.5,1,80.4
11174,2025,1,9.2,0,90.0
11175,2022,1,13.8,0,42.1
11175,2023,3,4.5,1,46.4
11175,2024,3,5.5,1,70.6
11175,2025,3,3.6,1,48.3
11176,2022,0,17.3,1,47.8
11176,2023,2,11.7,1,81.7
11176,2024,3,8.5,0,56.1
11176,2025,0,9.4,0,39.7
11177,2022,2,11.5,1,69.0
11177,2023,0,18.6,0,43.8
11177,2024,1,5.3,0,47.7
11177,2025,1,1.6,0,40.0
11178,2022,2,18.0,1,64.7
11178,2023,3,8.1,1,66.7
11178,2024,2,14.9,0,41.8
11178,2025,0,1.7,1,42.0
11179,2022,1,9.9,0,59.5
11179,2023,3,6.6,0,79.9
11179,2024,0,7.8,0,93.2
11179,2025,0,7.1,1,43.5
11180,2022,1,14.9,0,72.5
11180,2023,3,13.9,0,44.5
11180,2024,2,14.6,1,38.0
11180,2025,1,7.1,1,59.1
11181,2022,1,15.6,0,64.4
11181,2023,3,23.3,0,69.1
11181,2024,2,6.2,1,39.0
11181,2025,1,3.6,0,94.7
11182,2022,2,21.9,0,33.3
11182,2023,1,11.7,0,46.0
11182,2024,2,18.9,0,62.0
11182,2025,2,9.0,0,95.7
11183,2022,0,5.4,1,89.5
11183,2023,1,11.0,0,33.0
11183,2024,0,14.2,1,49.5
11183,2025,1,9.5,0,69.1
11184,2022,0,14.2,1,71.7
11184,2023,0,23.5,1,72.4
11184,2024,0,12.9,0,51.1
11184,2025,0,14.4,0,50.9
11185,2022,0,19.4,0,30.9
11185,2023,1,3.5,1,83.6
11185,2024,3,13.0,0,58.7
11185,2025,0,19.8,0,90.9
11186,2022,3,20.0,0,49.4
11186,2023,0,10.3,0,78.4
11186,2024,1,9.3,1,40.2
11186,2025,2,6.6,0,87.7
11187,2022,3,17.6,1,83.5
11187,2023,3,5.4,0,48.9
11187,2024,1,7.8,1,44.5
11187,2025,2,10.5,1,50.8
11188,2022,3,15.7,1,82.1
11188,2023,1,15.6,1,50.2
11188,2024,0,17.9,1,49.9
11188,2025,3,3.8,1,97.7
11189,2022,2,9.5,0,70.2
11189,2023,3,20.9,0,82.9
11189,2024,0,18.6,1,80.8
11189,2025,2,16.9,0,61.4
11190,2022,0,9.2,0,81.8
11190,2023,2,4.7,0,68.3
11190,2024,0,12.5,1,75.4
11190,2025,2,17.9,1,58.6
11191,2022,2,9.8,0,88.9
11191,2023,0,21.6,0,84.3
11191,2024,3,4.8,0,44.9
11191,2025,1,6.5,0,51.2
11192,2022,3,11.0,0,74.9
11192,2023,1,6.5,1,34.5
11192,2024,0,19.5,1,56.1
11192,2025,3,8.8,0,71.0
11193,2022,0,8.8,1,42.3
11193,2023,1,6.4,1,85.4
11193,2024,2,10.4,0,89.4
11193,2025,0,0.8,1,96.4
11194,2022,3,7.4,1,38.8
11194,2023,0,3.6,1,37.8
11194,2024,0,2.5,1,69.4
11194,2025,0,20.4,0,86.5
11195,2022,1,14.0,1,47.5
11195,2023,3,18.1,1,47.5
11195,2024,3,16.7,1,67.1
11195,2025,1,18.1,1,67.9
11196,2022,3,7.1,0,58.8
11196,2023,3,14.0,0,57.3
11196,2024,0,8.4,0,79.6
11196,2025,1,11.5,1,75.9
11197,2022,1,11.6,0,59.3
11197,2023,1,7.2,0,76.2
11197,2024,2,15.5,0,51.7
11197,2025,3,1.3,0,92.5
11198,2022,0,22.9,1,53.1
11198,2023,0,6.4,0,52.7
11198,2024,0,14.3,0,68.5
11198,2025,0,15.6,0,55.2
11199,2022,3,6.5,0,46.1
11199,2023,1,21.6,1,37.7
11199,2024,1,9.1,0,75.1
11199,2025,2,20.4,0,93.8
11200,2022,0,6.4,1,71.1
11200,2023,2,17.8,1,67.1
11200,2024,3,5.2,0,78.7
11200,2025,2,8.6,0,97.0
11201,2022,3,13.9,0,50.2
11201,2023,2,11.6,1,58.8
11201,2024,3,8.8,0,53.2
11201,2025,3,15.8,1,40.0
11202,2022,2,21.4,1,50.8
11202,2023,1,10.2,1,37.3
11202,2024,2,11.7,0,87.5
11202,2025,1,8.9,0,81.9
11203,2022,1,16.9,1,48.2
11203,2023,2,6.5,0,52.7
11203,2024,0,18.1,0,70.2
11203,2025,1,16.4,1,86.9
11204,2022,0,16.8,1,73.1
11204,2023,3,18.4,1,34.7
11204,2024,3,21.8,0,83.1
11204,2025,3,19.0,1,91.9
11205,2022,1,17.2,0,35.4
11205,2023,1,13.7,1,79.2
11205,2024,3,12.7,0,51.1
11205,2025,2,9.8,0,49.4
11206,2022,2,14.6,1,62.6
11206,2023,3,18.1,0,66.2
11206,2024,0,21.8,1,64.3
11206,2025,3,1.4,0,93.1
11207,2022,1,9.6,1,44.5
11207,2023,0,7.7,1,69.2
11207,2024,2,18.7,0,60.6
11207,2025,2,8.9,1,91.4
11208,2022,0,15.5,0,38.0
11208,2023,0,12.9,0,38.0
11208,2024,1,19.1,1,95.6
11208,2025,3,10.5,1,73.6
11209,2022,0,18.4,1,84.7
11209,2023,0,3.9,1,57.5
11209,2024,2,15.0,1,72.3
11209,2025,2,5.3,0,80.6
11210,2022,3,22.3,1,89.2
11210,2023,0,18.5,0,39.8
11210,2024,2,4.2,1,43.5
11210,2025,3,2.6,0,70.4
11211,2022,2,10.9,1,33.3
11211,2023,2,6.0,1,76.6
11211,2024,2,16.8,1,95.4
11211,2025,1,20.2,0,87.7
11212,2022,1,18.1,1,45.9
11212,2023,0,8.5,1,81.0
11212,2024,3,13.3,0,73.7
11212,2025,3,16.6,0,46.2
11213,2022,1,24.2,0,64.0
11213,2023,3,3.6,0,86.8
11213,2024,0,12.5,1,53.4
11213,2025,3,9.6,1,78.5
11214,2022,3,13.3,1,32.5
11214,2023,1,13.6,1,83.1
11214,2024,1,10.1,0,48.4
11214,2025,3,7.4,0,75.5
11215,2022,3,7.3,1,61.5
11215,2023,0,13.5,0,65.9
11215,2024,0,18.4,1,51.2
11215,2025,0,2.6,1,72.5
11216,2022,2,19.8,1,66.2
11216,2023,2,8.9,0,58.5
11216,2024,2,9.6,0,74.0
11216,2025,3,20.3,0,50.5
11217,2022,0,18.5,1,60.8
11217,2023,2,17.9,0,76.0
11217,2024,1,14.0,1,58.1
11217,2025,1,6.9,1,63.7
11218,2022,3,18.5,0,39.9
11218,2023,1,12.6,0,70.0
11218,2024,3,18.6,0,43.4
11218,2025,1,11.9,0,69.0
11219,2022,2,20.4,0,42.6
11219,2023,2,20.5,0,44.6
11219,2024,3,18.4,1,41.7
11219,2025,3,8.5,0,60.4
11220,2022,1,12.4,1,82.0
11220,2023,0,20.9,1,69.3
11220,2024,1,4.9,1,82.7
11220,2025,1,6.1,0,45.9
11221,2022,3,7.4,1,48.8
11221,2023,0,4.3,1,56.3
11221,2024,0,14.3,1,87.6
11221,2025,3,18.5,1,78.9
11222,2022,2,7.6,0,59.4
11222,2023,3,19.4,0,51.0
11222,2024,3,9.6,1,81.6
11222,2025,3,12.9,0,92.3
11223,2022,0,20.3,1,62.2
11223,2023,3,17.7,1,35.6
11223,2024,0,4.7,1,52.3
11223,2025,3,2.8,1,83.7
11224,2022,2,23.5,1,53.3
11224,2023,2,5.1,1,70.6
11224,2024,1,6.4,1,67.5
11224,2025,1,9.3,0,93.5
11225,2022,0,21.4,1,48.4
11225,2023,2,15.6,0,59.8
11225,2024,0,13.4,0,39.9
11225,2025,3,14.3,1,87.3
11226,2022,3,21.0,1,49.5
11226,2023,0,8.2,0,76.3
11226,2024,1,2.4,1,36.2
11226,2025,0,3.0,1,91.0
11227,2022,0,8.3,1,88.3
11227,2023,1,4.3,0,61.2
11227,2024,3,17.0,1,65.0
11227,2025,1,18.2,0,76.0
11228,2022,2,19.2,0,88.5
11228,2023,1,7.3,0,66.5
11228,2024,2,14.1,1,40.4
11228,2025,2,10.9,0,72.9
11229,2022,1,21.4,0,55.1
11229,2023,1,22.3,1,78.7
11229,2024,1,16.9,0,54.2
11229,2025,0,10.8,1,94.5
11230,2022,1,15.2,1,78.0
11230,2023,2,19.7,1,52.6
11230,2024,2,4.5,1,57.1
11230,2025,2,3.6,1,70.1
11231,2022,1,11.9,0,36.0
11231,2023,3,18.4,1,74.4
11231,2024,3,3.3,1,72.5
11231,2025,2,7.4,1,58.1
11232,2022,2,11.4,0,68.3
11232,2023,0,13.2,0,38.9
11232,2024,1,11.3,1,93.1
11232,2025,1,14.8,1,43.0
11233,2022,2,17.5,0,49.7
11233,2023,0,21.6,0,91.2
11233,2024,2,5.6,0,59.9
11233,2025,0,9.1,1,92.1
11234,2022,2,13.0,1,39.1
11234,2023,2,5.8,1,37.0
11234,2024,1,5.3,0,42.5
11234,2025,0,7.2,0,97.3
11235,2022,3,19.7,0,35.3
11235,2023,0,6.5,1,72.1
11235,2024,0,7.3,0,62.4
11235,2025,1,14.0,0,90.6
11236,2022,3,16.9,0,47.7
11236,2023,3,5.6,0,34.7
11236,2024,1,20.9,0,80.9
11236,2025,2,3.5,0,74.3
11237,2022,0,6.2,0,56.1
11237,2023,0,9.6,0,52.4
11237,2024,2,2.5,1,90.0
11237,2025,3,1.1,1,46.3
11238,2022,2,16.6,1,38.5
11238,2023,3,21.4,0,33.9
11238,2024,2,10.1,0,40.4
11238,2025,2,6.5,0,90.4
11239,2022,3,23.3,1,77.6
11239,2023,0,4.7,0,39.1
11239,2024,2,11.5,1,82.8
11239,2025,3,5.6,0,77.5
11240,2022,0,12.6,0,53.2
11240,2023,0,11.7,1,38.1
11240,2024,0,12.9,1,72.1
11240,2025,3,9.6,0,89.4
11241,2022,3,24.8,0,55.2
11241,2023,2,4.0,0,58.5
11241,2024,2,17.2,0,85.6
11241,2025,2,1.5,0,51.6
11242,2022,2,13.6,1,40.3
11242,2023,3,7.5,1,74.7
11242,2024,3,20.9,0,75.4
11242,2025,1,14.9,0,93.7
11243,2022,2,14.3,0,50.1
11243,2023,3,22.5,0,45.1
11243,2024,1,16.4,0,61.7
11243,2025,2,19.5,0,62.0
11244,2022,1,19.1,1,86.3
11244,2023,2,5.1,1,88.1
11244,2024,2,14.3,0,61.7
11244,2025,0,20.1,0,63.7
11245,2022,3,9.3,1,56.7
11245,2023,1,19.4,1,76.9
11245,2024,2,5.7,1,69.0
11245,2025,3,9.5,1,56.3
11246,2022,1,6.7,0,76.1
11246,2023,0,10.3,1,87.2
11246,2024,3,17.5,0,79.1
11246,2025,1,1.4,0,50.7
11247,2022,2,11.4,0,77.5
11247,2023,0,16.1,0,92.3
11247,2024,3,21.0,1,77.1
11247,2025,2,5.4,1,53.6
11248,2022,0,8.5,0,30.3
11248,2023,0,7.6,1,56.1
11248,2024,1,6.7,1,64.2
11248,2025,2,13.3,1,93.6
11249,2022,2,25.0,0,67.2
11249,2023,3,14.0,0,49.9
11249,2024,3,7.4,0,77.5
11249,2025,3,15.4,1,44.5
11250,2022,3,8.2,1,42.8
11250,2023,0,4.1,1,77.7
11250,2024,3,14.1,1,53.8
11250,2025,2,4.7,1,40.9
11251,2022,0,13.0,1,59.8
11251,2023,3,8.1,1,72.5
11251,2024,3,20.4,1,83.3
11251,2025,1,7.3,0,57.4
11252,2022,0,14.0,1,55.5
11252,2023,2,8.2,1,66.4
11252,2024,3,3.7,1,40.5
11252,2025,0,10.8,0,50.9
11253,2022,2,22.4,1,52.2
11253,2023,3,10.5,1,49.0
11253,2024,3,17.6,0,63.9
11253,2025,1,1.2,0,78.0
11254,2022,1,9.7,1,62.4
11254,2023,0,6.1,1,79.5
11254,2024,1,10.1,1,73.6
11254,2025,1,18.4,0,56.5
11255,2022,0,12.5,1,37.2
11255,2023,3,15.6,1,71.4
11255,2024,2,20.0,1,48.7
11255,2025,0,7.7,1,58.1
11256,2022,0,12.3,0,77.7
11256,2023,2,5.3,1,46.2
11256,2024,1,9.0,0,68.3
11256,2025,0,15.4,0,44.7
11257,2022,3,21.9,0,55.0
11257,2023,0,18.0,1,91.8
11257,2024,2,2.1,0,93.3
11257,2025,3,2.8,0,95.8
11258,2022,0,19.6,0,65.7
11258,2023,3,22.3,1,50.7
11258,2024,2,15.9,1,57.3
11258,2025,0,5.0,1,51.4
11259,2022,0,7.2,0,35.9
11259,2023,2,21.0,0,43.1
11259,2024,3,4.0,0,64.0
11259,2025,3,3.5,1,40.6
11260,2022,2,16.9,1,86.4
11260,2023,3,7.3,0,66.7
11260,2024,3,6.6,1,46.4
11260,2025,0,3.3,0,64.0
11261,2022,3,23.9,0,52.6
11261,2023,2,6.0,1,83.1
11261,2024,3,20.6,0,43.2
11261,2025,0,7.0,1,64.8
11262,2022,3,21.4,0,72.7
11262,2023,2,22.5,1,55.4
11262,2024,1,12.4,0,57.5
11262,2025,1,15.9,0,59.4
11263,2022,1,10.3,1,75.7
11263,2023,1,11.2,1,40.2
11263,2024,0,13.1,0,87.4
11263,2025,3,17.5,1,43.3
11264,2022,0,17.4,0,49.1
11264,2023,1,3.9,1,56.3
11264,2024,3,8.1,0,59.6
11264,2025,1,17.8,1,50.3
11265,2022,1,9.8,0,66.2
11265,2023,2,10.9,0,60.2
11265,2024,0,9.8,0,70.1
11265,2025,1,3.6,0,75.9
11266,2022,1,12.0,0,41.5
11266,2023,0,19.8,0,88.2
11266,2024,1,19.0,0,85.8
11266,2025,1,12.1,1,88.7
11267,2022,3,18.6,0,61.9
11267,2023,0,14.2,0,82.2
11267,2024,0,2.9,0,73.6
11267,2025,2,14.4,1,66.0
11268,2022,3,24.9,0,75.1
11268,2023,0,8.1,1,69.0
11268,2024,1,21.6,1,36.1
11268,2025,0,20.5,0,98.8
11269,2022,0,7.8,1,55.8
11269,2023,1,22.0,0,67.3
11269,2024,3,15.5,0,60.4
11269,2025,0,9.8,0,45.0
11270,2022,2,11.9,0,80.0
11270,2023,0,16.1,0,74.0
11270,2024,0,18.9,0,85.7
11270,2025,1,1.2,1,68.0
11271,2022,3,15.7,1,77.5
11271,2023,2,16.5,0,80.9
11271,2024,2,2.5,0,56.2
11271,2025,3,18.3,1,39.2
11272,2022,0,24.0,0,81.6
11272,2023,2,15.7,1,44.1
11272,2024,1,4.3,0,88.1
11272,2025,0,19.1,1,76.1
11273,2022,2,21.1,0,68.1
11273,2023,1,4.1,1,47.8
11273,2024,3,13.6,0,60.2
11273,2025,3,2.8,1,57.7
11274,2022,3,7.8,0,41.4
11274,2023,3,7.4,0,76.5
11274,2024,1,9.9,0,41.8
11274,2025,1,18.0,1,69.7
11275,2022,0,5.6,1,62.2
11275,2023,3,17.3,1,90.3
11275,2024,3,21.3,1,88.2
11275,2025,3,13.3,0,68.5
11276,2022,1,21.3,1,80.7
11276,2023,3,21.5,0,80.4
11276,2024,1,16.3,0,37.7
11276,2025,0,13.7,1,94.3
11277,2022,3,5.4,1,71.3
11277,2023,0,13.9,0,73.3
11277,2024,1,11.4,0,78.8
11277,2025,0,11.0,1,52.5
11278,2022,2,13.6,0,31.8
11278,2023,0,21.6,0,46.9
11278,2024,1,19.8,0,83.7
11278,2025,0,3.0,1,74.8
11279,2022,0,15.7,0,51.7
11279,2023,1,22.7,0,47.5
11279,2024,1,14.0,0,84.0
11279,2025,3,16.5,0,66.5
11280,2022,0,12.5,0,66.7
11280,2023,3,11.0,1,33.8
11280,2024,2,8.5,0,61.8
11280,2025,2,0.9,0,39.9
11281,2022,1,23.5,1,77.2
11281,2023,3,10.5,0,48.0
11281,2024,2,9.3,0,46.0
11281,2025,0,15.7,1,94.6
11282,2022,1,15.5,0,31.1
11282,2023,0,10.7,0,44.9
11282,2024,3,19.7,0,50.4
11282,2025,3,17.0,0,88.4
11283,2022,2,24.5,0,72.6
11283,2023,3,16.3,1,91.0
11283,2024,2,15.8,1,77.7
11283,2025,2,7.0,1,53.2
11284,2022,1,7.0,1,40.0
11284,2023,2,5.6,1,78.3
11284,2024,3,14.9,1,90.1
11284,2025,3,2.8,1,93.7
11285,2022,1,23.1,1,76.3
11285,2023,3,17.6,1,80.7
11285,2024,1,6.5,0,75.7
11285,2025,1,6.1,1,83.1
11286,2022,1,19.2,1,37.0
11286,2023,1,20.0,1,52.8
11286,2024,1,18.8,1,63.5
11286,2025,2,12.5,0,78.9
11287,2022,3,8.1,0,55.1
11287,2023,1,19.9,1,55.5
11287,2024,0,17.8,0,69.8
11287,2025,0,17.2,1,62.7
11288,2022,0,8.2,1,34.4
11288,2023,3,17.2,1,91.2
11288,2024,3,21.2,1,91.6
11288,2025,2,5.6,1,41.3
11289,2022,1,19.3,1,61.8
11289,2023,2,8.7,1,75.8
11289,2024,2,8.1,0,72.6
11289,2025,1,10.2,0,60.2
11290,2022,2,22.9,1,78.2
11290,2023,1,4.3,1,69.9
11290,2024,1,21.8,0,50.3
11290,2025,1,15.9,1,75.7
11291,2022,0,12.2,1,46.5
11291,2023,3,10.6,0,68.8
11291,2024,1,11.7,1,81.9
11291,2025,1,18.0,1,57.2
11292,2022,2,5.4,0,47.0
11292,2023,0,14.5,0,76.6
11292,2024,2,3.1,0,66.5
11292,2025,2,2.8,0,47.3
11293,2022,0,18.8,1,62.7
11293,2023,2,8.2,0,72.8
11293,2024,2,2.8,0,65.5
11293,2025,1,3.8,1,76.4
11294,2022,0,9.2,1,51.9
11294,2023,0,18.9,1,85.7
11294,2024,0,14.5,0,50.4
11294,2025,2,15.2,1,55.9
11295,2022,3,12.4,0,76.4
11295,2023,2,5.8,0,36.5
11295,2024,3,18.1,1,95.2
11295,2025,0,3.3,0,76.7
11296,2022,2,12.7,1,78.4
11296,2023,3,8.7,1,68.0
11296,2024,0,7.9,0,83.2
11296,2025,2,12.5,0,65.1
11297,2022,0,8.3,0,64.6
11297,2023,3,12.4,1,72.7
11297,2024,0,14.8,1,90.1
11297,2025,3,17.9,1,41.1
11298,2022,2,12.4,0,36.5
11298,2023,3,9.9,1,74.4
11298,2024,0,9.4,0,56.7
11298,2025,0,10.5,1,79.7
11299,2022,3,11.3,0,43.7
11299,2023,1,8.5,1,70.7
11299,2024,0,9.5,1,64.7
11299,2025,0,16.1,1,46.4
11300,2022,1,10.1,1,85.8
11300,2023,3,20.4,0,80.5
11300,2024,0,7.7,1,82.9
11300,2025,0,12.6,1,80.8
11301,2022,1,24.4,0,31.3
11301,2023,2,22.5,1,63.3
11301,2024,3,10.7,1,81.1
11301,2025,0,1.9,1,52.0
11302,2022,2,23.1,1,66.9
11302,2023,0,6.0,1,88.8
11302,2024,0,20.5,0,81.2
11302,2025,2,15.2,0,71.9
11303,2022,1,23.7,0,48.6
11303,2023,3,16.8,0,71.2
11303,2024,1,21.9,0,78.9
11303,2025,0,9.8,0,77.3
11304,2022,1,11.6,0,75.3
11304,2023,0,11.4,0,49.8
11304,2024,0,9.0,1,66.5
11304,2025,2,8.5,1,71.9
11305,2022,2,22.7,1,35.4
11305,2023,1,15.3,0,43.6
11305,2024,2,16.5,0,54.4
11305,2025,0,6.3,0,41.9
11306,2022,1,24.8,0,44.0
11306,2023,2,9.1,0,64.3
11306,2024,1,5.2,1,68.5
11306,2025,3,16.1,1,54.0
11307,2022,1,21.8,1,86.8
11307,2023,3,11.4,0,61.0
11307,2024,0,12.8,1,74.2
11307,2025,1,8.8,1,40.8
11308,2022,0,10.9,0,54.0
11308,2023,0,19.8,1,65.5
11308,2024,1,17.1,1,54.7
11308,2025,2,10.2,0,49.3
11309,2022,2,14.1,0,42.1
11309,2023,1,7.1,1,61.0
11309,2024,3,14.7,1,40.3
11309,2025,0,19.0,1,53.1
11310,2022,3,19.4,0,73.2
11310,2023,0,13.6,0,45.9
11310,2024,1,2.8,0,43.0
11310,2025,1,19.1,1,44.0
11311,2022,2,11.2,0,89.3
11311,2023,0,9.5,0,38.2
11311,2024,0,11.4,0,62.0
11311,2025,3,9.1,0,69.7
11312,2022,1,24.2,1,87.9
11312,2023,0,6.8,1,86.5
11312,2024,1,15.8,1,50.3
11312,2025,0,2.6,0,44.1
11313,2022,3,10.5,0,56.3
11313,2023,2,17.9,0,39.1
11313,2024,0,18.1,1,88.3
11313,2025,1,9.9,1,81.2
11314,2022,3,20.8,1,86.6
11314,2023,1,22.2,0,67.2
11314,2024,0,20.7,1,57.9
11314,2025,2,7.3,1,69.0
11315,2022,3,11.2,1,39.6
11315,2023,2,18.0,1,60.8
11315,2024,2,15.1,1,95.9
11315,2025,1,8.3,1,80.4
11316,2022,1,9.6,1,33.7
11316,2023,3,15.9,0,76.5
11316,2024,2,10.6,1,42.0
11316,2025,0,3.1,0,62.4
11317,2022,0,17.8,0,77.2
11317,2023,0,17.5,0,40.7
11317,2024,0,9.3,0,53.6
11317,2025,1,17.1,0,50.7
11318,2022,2,6.5,1,82.2
11318,2023,2,13.4,1,41.9
11318,2024,3,21.1,0,68.1
11318,2025,0,4.3,0,55.5
11319,2022,2,8.4,1,60.4
11319,2023,1,11.1,0,43.0
11319,2024,3,7.4,0,81.5
11319,2025,0,4.9,0,77.6
11320,2022,3,24.0,0,32.6
11320,2023,2,10.4,1,89.9
11320,2024,1,3.2,0,89.6
11320,2025,2,18.5,0,56.9
11321,2022,3,14.0,1,47.5
11321,2023,1,18.2,1,63.0
11321,2024,2,9.3,1,73.1
11321,2025,2,19.2,1,56.5
11322,2022,1,10.8,1,77.7
11322,2023,2,16.8,1,37.7
11322,2024,0,18.5,0,59.9
11322,2025,2,5.3,1,72.3
11323,2022,3,21.0,0,78.0
11323,2023,2,19.3,1,85.3
11323,2024,1,21.3,1,50.7
11323,2025,0,19.0,0,53.5
11324,2022,2,12.8,0,52.1
11324,2023,2,15.3,1,58.7
11324,2024,3,20.5,0,86.9
11324,2025,3,0.6,1,39.5
11325,2022,2,17.5,1,71.1
11325,2023,3,7.8,0,46.2
11325,2024,2,16.8,1,88.9
11325,2025,1,16.4,0,58.0
11326,2022,2,19.3,0,62.3
11326,2023,1,23.4,1,52.7
11326,2024,0,11.6,1,61.5
11326,2025,1,11.7,0,70.3
11327,2022,0,13.2,1,74.9
11327,2023,0,23.0,1,40.2
11327,2024,0,20.5,0,57.1
11327,2025,3,20.2,1,77.4
11328,2022,2,24.7,1,65.3
11328,2023,1,21.4,0,79.8
11328,2024,0,20.6,1,89.3
11328,2025,1,2.9,1,44.6
11329,2022,0,8.5,0,72.8
11329,2023,3,21.2,1,50.0
11329,2024,0,16.5,1,64.9
11329,2025,0,18.0,0,76.7
11330,2022,2,20.4,1,39.0
11330,2023,1,6.3,0,53.8
11330,2024,2,20.3,0,94.6
11330,2025,3,15.9,1,47.2
11331,2022,1,16.4,0,35.0
11331,2023,3,14.1,1,83.2
11331,2024,0,13.5,1,61.8
11331,2025,3,8.3,0,79.5
11332,2022,1,21.1,1,48.3
11332,2023,1,21.7,1,44.9
11332,2024,1,7.1,1,48.7
11332,2025,2,1.3,0,50.7
11333,2022,0,9.1,0,44.8
11333,2023,1,18.6,1,46.3
11333,2024,3,19.4,0,84.8
11333,2025,3,7.5,1,71.0
11334,2022,3,8.0,1,47.8
11334,2023,1,20.7,1,53.7
11334,2024,1,6.3,0,93.5
11334,2025,3,5.3,1,50.0
11335,2022,3,6.9,1,83.2
11335,2023,0,21.7,1,77.2
11335,2024,1,8.5,1,72.8
11335,2025,3,3.9,0,76.4
11336,2022,1,24.1,0,55.4
11336,2023,0,10.2,1,59.3
11336,2024,2,16.9,1,83.8
11336,2025,1,5.1,0,87.7
11337,2022,1,19.5,1,64.3
11337,2023,0,8.1,1,79.1
11337,2024,1,14.8,1,84.6
11337,2025,3,9.3,1,58.9
11338,2022,0,21.0,1,67.4
11338,2023,2,18.1,1,59.1
11338,2024,0,20.7,1,41.9
11338,2025,3,8.0,0,77.9
11339,2022,1,20.1,0,65.2
11339,2023,0,22.9,1,39.2
11339,2024,3,8.7,1,40.2
11339,2025,3,6.3,1,54.0
11340,2022,3,20.4,0,80.0
11340,2023,0,12.4,0,36.8
11340,2024,0,10.0,0,63.6
11340,2025,0,11.4,1,49.7
11341,2022,2,23.7,1,45.2
11341,2023,3,5.2,0,79.2
11341,2024,0,11.3,1,87.0
11341,2025,0,2.7,1,73.8
11342,2022,1,22.7,0,81.8
11342,2023,1,6.2,0,84.4
11342,2024,0,3.8,0,49.3
11342,2025,0,19.8,0,77.7
11343,2022,2,16.3,0,76.7
11343,2023,1,20.0,1,66.7
11343,2024,2,11.4,1,84.3
11343,2025,0,9.2,0,76.7
11344,2022,2,23.2,1,47.1
11344,2023,3,23.3,0,74.1
11344,2024,2,14.4,1,71.3
11344,2025,1,18.9,1,76.5
11345,2022,1,22.3,1,35.7
11345,2023,1,14.4,1,40.5
11345,2024,1,20.8,1,84.9
11345,2025,0,4.7,0,64.9
11346,2022,1,22.7,0,42.9
11346,2023,0,9.7,1,38.6
11346,2024,3,2.6,0,51.8
11346,2025,1,16.2,0,56.7
11347,2022,3,23.6,0,89.0
11347,2023,3,7.8,0,83.1
11347,2024,0,12.7,0,40.7
11347,2025,2,15.5,0,83.9
11348,2022,1,11.6,0,63.8
11348,2023,1,6.4,0,46.7
11348,2024,2,9.8,0,80.8
11348,2025,1,9.6,1,40.8
11349,2022,0,19.8,1,73.9
11349,2023,2,7.5,0,86.7
11349,2024,1,18.3,0,89.0
11349,2025,1,10.5,1,85.3
11350,2022,0,23.1,0,86.1
11350,2023,1,14.8,1,75.4
11350,2024,0,10.9,1,77.2
11350,2025,3,6.2,0,40.6
11351,2022,1,7.1,0,40.5
11351,2023,2,10.9,1,79.9
11351,2024,0,10.3,0,95.9
11351,2025,0,11.9,1,82.2
11352,2022,1,22.2,0,64.8
11352,2023,0,12.8,0,44.0
11352,2024,3,8.3,0,92.9
11352,2025,0,18.0,0,78.0
11353,2022,3,19.7,1,59.3
11353,2023,2,9.6,1,84.7
11353,2024,0,5.3,1,93.2
11353,2025,2,6.3,0,61.3
11354,2022,3,7.5,0,60.9
11354,2023,0,21.6,0,39.9
11354,2024,3,14.2,1,93.6
11354,2025,3,17.8,1,46.2
11355,2022,2,21.4,1,85.7
11355,2023,2,6.6,0,44.5
11355,2024,2,10.9,0,90.5
11355,2025,3,19.9,0,66.1
11356,2022,3,9.7,1,65.5
11356,2023,2,4.5,0,35.1
11356,2024,3,8.9,0,59.7
11356,2025,2,10.7,1,68.6
11357,2022,1,6.1,1,30.6
11357,2023,0,12.0,0,72.7
11357,2024,1,7.1,1,86.3
11357,2025,3,4.7,0,40.5
11358,2022,0,10.3,0,59.6
11358,2023,3,5.6,0,35.0
11358,2024,3,3.5,1,88.4
11358,2025,0,12.4,1,48.6
11359,2022,3,24.0,1,33.5
11359,2023,3,19.6,0,84.5
11359,2024,3,18.7,1,62.7
11359,2025,2,15.2,0,44.7
11360,2022,3,24.1,1,68.9
11360,2023,0,22.5,0,75.3
11360,2024,1,17.6,0,70.1
11360,2025,0,14.8,1,58.9
11361,2022,0,11.1,0,55.5
11361,2023,1,5.3,1,90.3
11361,2024,3,3.9,0,68.1
11361,2025,1,15.2,0,62.8
11362,2022,1,5.6,0,72.5
11362,2023,2,19.8,0,37.6
11362,2024,2,9.3,0,53.4
11362,2025,0,4.3,1,52.6
11363,2022,0,13.2,0,70.8
11363,2023,2,17.6,0,69.2
11363,2024,1,7.5,1,81.6
11363,2025,1,4.0,1,64.6
11364,2022,1,19.8,0,40.4
11364,2023,3,21.1,1,44.0
11364,2024,2,13.7,1,89.5
11364,2025,3,11.0,0,43.5
11365,2022,1,20.1,0,65.6
11365,2023,3,18.2,1,46.9
11365,2024,0,2.1,0,48.9
11365,2025,2,6.1,0,44.9
11366,2022,1,23.6,0,88.8
11366,2023,0,22.7,0,36.7
11366,2024,3,12.2,1,44.9
11366,2025,0,11.7,0,60.9
11367,2022,1,5.0,1,57.3
11367,2023,2,16.9,1,90.0
11367,2024,2,6.2,1,50.5
11367,2025,1,3.1,0,82.3
11368,2022,2,11.1,1,69.4
11368,2023,0,16.8,1,64.0
11368,2024,1,10.7,0,52.0
11368,2025,3,7.5,0,48.4
11369,2022,2,19.5,0,40.6
11369,2023,3,19.8,1,53.8
11369,2024,2,19.4,1,44.2
11369,2025,2,9.4,0,98.9
11370,2022,1,19.4,0,56.7
11370,2023,1,21.2,0,65.3
11370,2024,0,20.2,0,73.0
11370,2025,3,10.3,1,50.7
11371,2022,3,12.1,0,58.9
11371,2023,1,21.5,1,36.8
11371,2024,1,7.2,1,94.2
11371,2025,3,16.4,0,67.4
11372,2022,3,23.2,0,31.8
11372,2023,2,18.3,1,68.9
11372,2024,2,15.6,0,42.0
11372,2025,1,1.5,1,86.4
11373,2022,3,9.1,1,87.2
11373,2023,2,16.8,0,88.0
11373,2024,2,17.7,0,61.7
11373,2025,3,1.8,1,81.8
11374,2022,3,5.4,0,39.3
11374,2023,1,9.7,0,37.5
11374,2024,3,14.9,1,85.3
11374,2025,1,10.7,1,80.7
11375,2022,2,5.2,1,84.4
11375,2023,0,6.5,1,87.9
11375,2024,0,17.0,0,56.8
11375,2025,3,6.5,0,58.1
11376,2022,1,7.3,0,56.5
11376,2023,0,4.5,0,72.9
11376,2024,2,19.0,1,36.3
11376,2025,2,9.9,1,71.1
11377,2022,1,15.1,0,31.2
11377,2023,0,4.7,0,60.0
11377,2024,2,11.8,0,40.9
11377,2025,2,13.4,0,72.7
11378,2022,3,7.5,1,48.9
11378,2023,0,21.6,1,61.7
11378,2024,3,17.7,1,93.5
11378,2025,2,16.5,1,59.5
11379,2022,2,15.7,1,73.2
11379,2023,0,10.2,0,74.0
11379,2024,0,14.8,0,88.1
11379,2025,1,5.0,1,59.1
11380,2022,0,7.7,0,33.4
11380,2023,1,14.3,0,91.2
11380,2024,3,11.6,0,57.7
11380,2025,0,3.5,0,50.6
11381,2022,3,15.6,0,84.8
11381,2023,3,14.4,1,44.4
11381,2024,1,19.4,0,67.7
11381,2025,2,15.7,0,84.3
11382,2022,1,9.4,0,73.9
11382,2023,1,19.9,0,34.8
11382,2024,3,21.4,1,48.1
11382,2025,2,14.8,0,92.3
11383,2022,0,20.7,0,63.2
11383,2023,0,8.8,0,74.2
11383,2024,3,21.8,1,60.1
11383,2025,1,4.0,1,83.7
11384,2022,0,20.0,1,47.3
11384,2023,1,11.4,0,46.9
11384,2024,2,9.1,1,95.8
11384,2025,0,6.2,0,48.5
11385,2022,0,13.8,1,88.9
11385,2023,0,19.3,1,88.6
11385,2024,3,20.8,1,78.9
11385,2025,2,8.8,1,73.9
11386,2022,1,18.0,0,30.3
11386,2023,1,19.3,0,71.1
11386,2024,2,4.0,1,82.3
11386,2025,1,19.7,1,83.0
11387,2022,3,9.2,1,40.3
11387,2023,1,21.8,1,65.7
11387,2024,3,21.7,1,69.0
11387,2025,3,2.5,1,78.2
11388,2022,2,22.9,0,79.9
11388,2023,3,16.3,0,74.9
11388,2024,0,18.4,0,44.5
11388,2025,3,2.7,0,40.1
11389,2022,1,21.7,1,38.2
11389,2023,2,16.0,1,35.4
11389,2024,1,12.2,1,62.2
11389,2025,0,11.7,0,56.0
11390,2022,3,19.9,1,30.4
11390,2023,0,9.5,0,37.8
11390,2024,3,20.9,1,59.9
11390,2025,0,6.7,0,95.4
11391,2022,0,22.5,1,89.7
11391,2023,0,3.7,1,36.0
11391,2024,0,20.3,0,85.8
11391,2025,0,17.5,1,67.8
11392,2022,0,7.5,0,67.3
11392,2023,3,18.2,1,63.4
11392,2024,1,9.5,1,91.5
11392,2025,2,10.1,0,67.7
11393,2022,2,6.4,0,40.1
11393,2023,1,7.8,1,79.8
11393,2024,3,21.1,0,66.8
11393,2025,3,8.9,1,46.0
11394,2022,2,5.5,1,57.7
11394,2023,2,13.8,0,74.2
11394,2024,0,21.9,1,53.8
11394,2025,1,7.2,0,93.7
11395,2022,0,7.8,1,81.0
11395,2023,0,16.4,1,67.1
11395,2024,0,20.4,0,39.3
11395,2025,1,17.7,1,74.0
11396,2022,1,18.1,0,54.9
11396,2023,1,7.2,0,76.4
11396,2024,0,17.7,0,52.0
11396,2025,3,17.0,1,75.3
11397,2022,1,22.0,0,63.3
11397,2023,0,11.6,1,64.6
11397,2024,3,10.2,1,43.0
11397,2025,2,3.6,0,68.4
11398,2022,0,20.5,0,63.0
11398,2023,2,18.2,1,88.7
11398,2024,2,4.0,1,63.7
11398,2025,1,0.9,1,77.4
11399,2022,0,24.0,0,64.2
11399,2023,1,3.8,0,44.7
11399,2024,3,14.6,1,47.1
11399,2025,1,9.6,1,83.4
11400,2022,2,20.5,1,61.4
11400,2023,2,5.3,0,86.8
11400,2024,0,15.6,1,90.5
11400,2025,3,12.8,0,56.8
11401,2022,2,22.1,0,36.1
11401,2023,0,13.9,0,53.6
11401,2024,0,16.6,0,40.0
11401,2025,1,9.3,0,85.9
11402,2022,2,24.7,1,38.8
11402,2023,1,14.7,0,85.0
11402,2024,2,17.1,1,60.9
11402,2025,2,2.4,0,55.7
11403,2022,3,14.3,0,60.1
11403,2023,1,4.8,1,69.3
11403,2024,0,4.4,0,78.1
11403,2025,1,10.6,1,59.3
11404,2022,3,12.0,0,89.0
11404,2023,2,12.7,0,58.3
11404,2024,1,11.9,1,86.1
11404,2025,1,3.7,1,41.1
11405,2022,3,12.3,1,76.7
11405,2023,2,20.7,1,66.1
11405,2024,2,19.1,0,74.4
11405,2025,0,10.3,0,61.4
11406,2022,2,20.0,0,62.7
11406,2023,2,18.6,1,88.9
11406,2024,2,2.9,0,59.2
11406,2025,2,12.7,1,45.3
11407,2022,2,21.1,1,73.2
11407,2023,0,15.4,1,63.3
11407,2024,2,12.8,1,61.5
11407,2025,1,11.1,0,85.7
11408,2022,1,15.2,1,63.7
11408,2023,2,19.1,0,70.9
11408,2024,1,14.8,0,91.6
11408,2025,0,4.8,0,42.5
11409,2022,1,13.7,0,45.7
11409,2023,0,14.1,1,86.9
11409,2024,0,10.4,0,83.6
11409,2025,3,5.3,1,50.3
11410,2022,1,7.5,0,40.1
11410,2023,1,5.8,0,82.5
11410,2024,2,7.9,0,69.2
11410,2025,2,8.6,0,90.6
11411,2022,3,18.7,0,85.1
11411,2023,2,23.2,0,37.2
11411,2024,1,19.9,0,94.2
11411,2025,0,16.8,0,82.0
11412,2022,3,21.3,1,80.1
11412,2023,0,15.4,0,70.8
11412,2024,2,7.1,1,54.3
11412,2025,0,9.9,1,75.0
11413,2022,3,7.9,1,61.0
11413,2023,1,14.8,0,88.9
11413,2024,1,2.5,0,69.3
11413,2025,3,4.3,0,40.7
11414,2022,0,19.2,0,71.2
11414,2023,3,9.0,0,36.0
11414,2024,1,10.4,1,92.6
11414,2025,0,17.1,1,68.2
11415,2022,2,5.9,1,88.1
11415,2023,1,4.0,0,34.6
11415,2024,3,6.6,1,68.0
11415,2025,1,14.2,1,52.6
11416,2022,2,9.7,1,68.4
11416,2023,0,20.8,1,62.9
11416,2024,3,9.0,0,70.0
11416,2025,1,6.2,1,60.6
11417,2022,1,9.7,0,33.1
11417,2023,3,15.0,0,39.4
11417,2024,0,19.1,0,87.5
11417,2025,2,8.6,0,81.2
11418,2022,3,10.1,1,76.2
11418,2023,1,11.9,1,40.4
11418,2024,2,20.1,1,39.0
11418,2025,0,7.2,1,40.0
11419,2022,3,18.1,0,61.3
11419,2023,0,10.1,1,63.1
11419,2024,2,15.5,0,42.6
11419,2025,0,18.1,0,59.8
11420,2022,2,17.0,1,61.8
11420,2023,1,22.4,0,73.5
11420,2024,2,14.0,1,84.6
11420,2025,3,20.0,0,77.5
11421,2022,2,19.5,1,31.8
11421,2023,2,16.6,1,68.2
11421,2024,1,18.6,0,41.3
11421,2025,0,0.7,1,72.9
11422,2022,1,10.1,1,52.6
11422,2023,3,7.8,0,50.2
11422,2024,2,4.2,1,64.9
11422,2025,1,19.3,1,61.9
11423,2022,3,7.6,1,79.8
11423,2023,0,8.8,1,46.6
11423,2024,1,8.7,0,44.2
11423,2025,2,13.0,1,89.2
11424,2022,1,20.3,0,44.6
11424,2023,1,15.6,1,34.9
11424,2024,2,17.0,1,59.2
11424,2025,3,8.5,0,88.1
11425,2022,2,24.9,0,55.9
11425,2023,0,6.9,1,61.2
11425,2024,1,10.0,0,38.8
11425,2025,3,17.1,1,81.7
11426,2022,0,9.9,0,50.6
11426,2023,2,18.5,1,76.7
11426,2024,3,9.3,1,60.7
11426,2025,3,4.1,1,70.6
11427,2022,2,13.1,0,65.4
11427,2023,3,19.2,0,44.8
11427,2024,0,4.2,0,53.6
11427,2025,3,10.8,1,74.1
11428,2022,0,19.8,1,79.4
11428,2023,3,18.5,1,90.7
11428,2024,1,9.8,0,67.5
11428,2025,3,9.8,0,43.4
11429,2022,0,22.1,1,87.4
11429,2023,1,7.7,1,58.2
11429,2024,2,21.9,1,42.1
11429,2025,2,8.9,1,97.3
11430,2022,3,10.5,1,46.8
11430,2023,1,3.6,0,72.4
11430,2024,3,4.5,0,44.6
11430,2025,3,15.6,1,82.2
11431,2022,1,18.0,0,88.6
11431,2023,2,8.4,1,92.1
11431,2024,1,20.5,0,43.6
11431,2025,0,17.2,1,85.1
11432,2022,1,10.4,1,69.9
11432,2023,2,10.1,0,81.1
11432,2024,1,5.7,1,56.0
11432,2025,0,13.4,0,63.1
11433,2022,1,19.0,1,50.5
11433,2023,3,11.4,1,79.0
11433,2024,1,16.7,1,84.5
11433,2025,1,20.3,1,54.0
11434,2022,2,17.2,1,64.4
11434,2023,3,16.5,1,40.6
11434,2024,3,9.5,1,36.8
11434,2025,3,0.7,0,75.6
11435,2022,1,24.1,0,80.4
11435,2023,0,18.9,1,87.4
11435,2024,2,15.9,1,73.2
11435,2025,1,1.1,0,87.5
11436,2022,2,20.2,1,54.3
11436,2023,1,16.9,0,85.5
11436,2024,3,13.4,0,82.5
11436,2025,2,13.0,1,57.5
11437,2022,3,23.4,0,65.8
11437,2023,1,3.6,0,36.1
11437,2024,0,5.1,0,44.8
11437,2025,2,18.4,1,95.8
11438,2022,3,5.2,1,30.6
11438,2023,1,21.6,1,45.2
11438,2024,3,2.6,1,44.3
11438,2025,1,16.1,1,80.9
11439,2022,3,22.8,0,36.3
11439,2023,3,15.8,0,34.2
11439,2024,1,14.8,0,91.8
11439,2025,3,1.5,0,91.4
11440,2022,2,9.2,1,51.5
11440,2023,2,21.5,0,39.0
11440,2024,1,18.5,0,76.7
11440,2025,1,1.7,0,92.0
11441,2022,3,21.3,0,88.5
11441,2023,1,12.0,1,40.8
11441,2024,3,13.2,0,72.0
11441,2025,2,2.7,1,64.8
11442,2022,0,13.0,0,39.4
11442,2023,0,12.2,0,81.5
11442,2024,1,15.4,0,82.9
11442,2025,2,13.7,0,96.9
11443,2022,1,16.0,0,35.1
11443,2023,1,4.1,1,47.3
11443,2024,2,5.2,1,85.7
11443,2025,0,3.7,1,62.7
11444,2022,3,22.8,1,58.6
11444,2023,2,21.5,1,69.7
11444,2024,1,18.1,0,60.5
11444,2025,0,4.0,0,41.1
11445,2022,2,21.8,1,66.2
11445,2023,3,7.3,1,46.7
11445,2024,3,13.1,1,94.1
11445,2025,0,15.2,0,80.4
11446,2022,3,6.0,1,80.4
11446,2023,2,15.5,0,90.3
11446,2024,2,7.0,1,39.8
11446,2025,0,10.5,1,47.9
11447,2022,0,12.7,0,78.5
11447,2023,3,17.2,1,86.1
11447,2024,1,11.8,0,36.3
11447,2025,1,6.5,1,95.7
11448,2022,0,23.2,1,57.3
11448,2023,1,22.7,1,60.8
11448,2024,1,18.0,1,88.7
11448,2025,2,12.1,1,56.4
11449,2022,1,22.7,0,65.0
11449,2023,2,15.5,1,53.1
11449,2024,1,5.0,1,42.8
11449,2025,0,0.8,0,60.5
11450,2022,2,19.5,0,40.4
11450,2023,1,18.5,1,64.3
11450,2024,3,20.5,1,67.8
11450,2025,3,17.0,1,65.2
11451,2022,3,17.8,1,40.4
11451,2023,0,7.3,0,40.1
11451,2024,2,13.9,1,42.3
11451,2025,1,9.2,1,45.7
11452,2022,0,9.6,1,47.7
11452,2023,3,19.5,1,33.1
11452,2024,2,5.0,1,39.7
11452,2025,1,13.1,1,67.2
11453,2022,1,17.2,0,41.0
11453,2023,2,9.6,1,48.8
11453,2024,0,10.6,0,57.2
11453,2025,2,2.8,1,41.4
11454,2022,0,5.5,0,43.2
11454,2023,3,3.8,1,79.6
11454,2024,3,5.5,1,56.5
11454,2025,0,17.8,1,50.2
11455,2022,2,15.5,0,41.9
11455,2023,0,5.8,1,92.1
11455,2024,3,20.1,1,44.9
11455,2025,1,11.9,1,93.3
11456,2022,2,5.6,1,34.8
11456,2023,3,18.8,0,85.5
11456,2024,0,11.5,0,66.4
11456,2025,3,11.2,0,75.5
11457,2022,1,17.3,1,44.8
11457,2023,0,5.4,1,86.9
11457,2024,2,21.0,0,71.2
11457,2025,1,5.6,0,79.5
11458,2022,0,17.4,1,63.4
11458,2023,3,20.6,1,40.5
11458,2024,3,8.6,0,86.2
11458,2025,2,13.1,1,50.0
11459,2022,0,24.8,1,47.5
11459,2023,3,20.5,0,73.2
11459,2024,2,17.6,0,41.6
11459,2025,1,9.3,0,95.0
11460,2022,2,14.0,0,37.4
11460,2023,1,13.2,0,73.0
11460,2024,0,15.8,1,74.1
11460,2025,3,3.4,1,80.9
11461,2022,0,22.2,1,56.0
11461,2023,1,3.9,1,55.9
11461,2024,0,5.4,1,94.7
11461,2025,1,10.1,1,88.0
11462,2022,0,10.0,0,59.1
11462,2023,3,10.8,1,43.9
11462,2024,0,8.7,0,89.4
11462,2025,2,5.9,1,77.9
11463,2022,3,12.6,1,38.1
11463,2023,2,13.6,0,44.0
11463,2024,2,11.5,0,68.4
11463,2025,3,16.7,0,69.2
11464,2022,1,11.2,0,54.6
11464,2023,2,9.1,0,58.6
11464,2024,2,12.1,1,46.3
11464,2025,2,1.5,1,54.3
11465,2022,0,7.2,0,59.6
11465,2023,1,19.6,1,36.8
11465,2024,2,11.9,1,57.2
11465,2025,3,1.8,1,51.6
11466,2022,2,13.8,0,40.5
11466,2023,2,11.5,1,41.8
11466,2024,0,6.9,1,44.4
11466,2025,1,7.9,0,48.6
11467,2022,2,8.8,0,52.4
11467,2023,2,12.5,0,39.1
11467,2024,2,10.2,1,89.8
11467,2025,0,12.7,1,68.9
11468,2022,0,23.8,1,60.3
11468,2023,3,7.2,0,45.7
11468,2024,2,10.3,1,88.0
11468,2025,0,11.7,0,88.7
11469,2022,3,15.9,0,32.1
11469,2023,3,16.7,1,76.9
11469,2024,1,7.4,1,47.1
11469,2025,3,13.2,0,72.3
11470,2022,2,9.0,0,82.2
11470,2023,1,6.0,0,89.0
11470,2024,1,18.6,1,47.1
11470,2025,1,10.0,1,95.4
11471,2022,0,12.9,1,34.2
11471,2023,0,22.1,0,87.6
11471,2024,1,16.2,1,82.3
11471,2025,0,14.0,0,93.8
11472,2022,0,8.9,0,52.0
11472,2023,2,7.7,0,89.4
11472,2024,3,11.7,0,85.1
11472,2025,2,13.5,0,58.7
11473,2022,2,12.9,1,50.3
11473,2023,2,4.8,0,54.4
11473,2024,1,15.7,0,71.3
11473,2025,0,16.0,1,49.9
11474,2022,1,23.9,1,56.0
11474,2023,2,11.7,1,37.1
11474,2024,3,7.2,0,57.5
11474,2025,2,19.0,0,79.0
11475,2022,0,19.3,1,65.4
11475,2023,3,4.8,1,52.0
11475,2024,3,13.6,1,51.4
11475,2025,0,1.1,1,58.6
11476,2022,0,9.5,1,34.2
11476,2023,2,4.9,0,48.5
11476,2024,0,6.1,1,78.5
11476,2025,3,10.3,0,49.7
11477,2022,0,11.0,1,38.3
11477,2023,2,5.3,1,83.8
11477,2024,1,11.6,1,50.2
11477,2025,1,14.7,1,54.1
11478,2022,2,6.1,1,57.8
11478,2023,3,21.1,0,61.3
11478,2024,1,15.1,1,47.2
11478,2025,2,10.9,1,72.4
11479,2022,1,12.9,1,71.7
11479,2023,3,11.4,1,62.1
11479,2024,3,8.7,1,89.7
11479,2025,3,2.8,1,98.5
11480,2022,0,6.6,1,61.7
11480,2023,3,9.7,1,91.4
11480,2024,3,15.3,0,74.8
11480,2025,3,6.3,1,70.7
11481,2022,1,21.2,0,82.2
11481,2023,2,11.1,1,91.0
11481,2024,2,14.6,1,95.9
11481,2025,3,9.1,1,84.6
11482,2022,1,15.0,0,59.1
11482,2023,2,8.5,1,50.8
11482,2024,1,12.3,0,69.5
11482,2025,2,2.7,1,85.7
11483,2022,0,12.7,0,31.6
11483,2023,3,12.5,1,49.1
11483,2024,1,16.1,1,57.3
11483,2025,1,8.5,0,85.8
11484,2022,0,18.3,0,66.8
11484,2023,2,7.0,0,58.5
11484,2024,1,2.5,1,91.2
11484,2025,3,10.6,1,71.3
11485,2022,0,14.5,0,73.4
11485,2023,3,16.9,1,72.3
11485,2024,2,8.3,1,87.5
11485,2025,3,1.1,0,87.7
11486,2022,0,19.5,0,89.3
11486,2023,0,22.3,0,55.8
11486,2024,1,9.9,1,45.9
11486,2025,3,12.7,0,84.6
11487,2022,3,15.9,0,82.5
11487,2023,2,14.8,1,36.3
11487,2024,1,19.3,0,56.0
11487,2025,2,15.2,1,87.4
11488,2022,2,20.4,0,71.0
11488,2023,0,5.3,0,78.3
11488,2024,0,4.9,1,68.6
11488,2025,1,13.8,0,61.9
11489,2022,2,15.8,1,78.7
11489,2023,3,19.0,0,66.3
11489,2024,3,3.9,1,66.9
11489,2025,0,11.8,1,83.1
11490,2022,2,14.7,1,41.5
11490,2023,0,20.6,1,68.2
11490,2024,0,5.7,0,54.3
11490,2025,1,7.5,0,40.3
11491,2022,2,8.0,1,74.9
11491,2023,0,12.5,1,61.5
11491,2024,2,19.6,0,90.2
11491,2025,2,13.9,0,69.0
11492,2022,2,19.9,0,30.6
11492,2023,3,5.4,1,57.5
11492,2024,0,11.0,0,46.3
11492,2025,2,17.3,0,94.3
11493,2022,1,21.7,1,56.7
11493,2023,1,23.3,0,63.6
11493,2024,0,12.5,1,57.9
11493,2025,1,0.5,1,70.3
11494,2022,3,23.0,1,35.0
11494,2023,1,22.6,1,60.5
11494,2024,0,20.6,0,75.8
11494,2025,2,15.9,0,61.3
11495,2022,3,9.2,1,53.6
11495,2023,0,6.3,0,83.2
11495,2024,0,16.0,0,68.2
11495,2025,1,3.3,1,74.3
11496,2022,0,24.1,0,47.8
11496,2023,2,12.4,0,62.0
11496,2024,0,2.6,0,39.2
11496,2025,0,3.5,1,64.8
11497,2022,2,10.8,0,78.2
11497,2023,0,17.6,0,42.7
11497,2024,2,16.7,1,81.9
11497,2025,2,4.8,0,61.5
11498,2022,1,18.0,1,31.6
11498,2023,0,4.1,1,90.2
11498,2024,3,4.1,1,46.9
11498,2025,3,11.2,1,59.1
11499,2022,2,19.1,0,58.8
11499,2023,0,21.8,1,90.0
11499,2024,1,10.8,0,70.9
11499,2025,1,2.9,1,93.3
11500,2022,1,23.6,0,63.9
11500,2023,2,12.2,1,45.3
11500,2024,1,11.9,1,69.9
11500,2025,3,17.6,1,45.0
11501,2022,0,16.7,1,37.0
11501,2023,0,9.5,1,39.9
11501,2024,3,12.8,1,36.7
11501,2025,2,13.0,1,48.1
11502,2022,0,22.8,0,51.2
11502,2023,2,8.2,1,37.3
11502,2024,1,13.2,1,36.4
11502,2025,2,18.9,1,45.7
11503,2022,3,5.9,0,86.2
11503,2023,2,7.4,1,64.5
11503,2024,0,8.9,1,62.1
11503,2025,0,14.1,0,68.2
11504,2022,1,21.8,0,63.3
11504,2023,0,7.5,1,39.5
11504,2024,3,6.9,1,71.1
11504,2025,3,17.0,0,89.1
11505,2022,0,8.0,1,63.6
11505,2023,0,8.7,0,86.0
11505,2024,0,16.7,0,44.3
11505,2025,0,3.8,0,88.6
11506,2022,1,21.6,1,69.8
11506,2023,1,13.3,0,69.2
11506,2024,1,11.0,0,71.3
11506,2025,1,3.2,1,46.1
11507,2022,1,18.6,0,68.5
11507,2023,0,21.2,1,56.9
11507,2024,2,15.8,0,39.8
11507,2025,1,6.8,1,51.3
11508,2022,2,19.0,1,56.6
11508,2023,1,13.7,1,92.6
11508,2024,2,19.1,1,61.8
11508,2025,0,9.7,0,48.0
11509,2022,0,9.7,0,84.1
11509,2023,3,5.5,0,35.1
11509,2024,0,7.6,0,43.6
11509,2025,3,11.8,0,67.4
11510,2022,2,8.4,1,35.6
11510,2023,1,4.3,0,67.3
11510,2024,0,11.0,1,45.5
11510,2025,3,7.4,1,78.1
11511,2022,2,13.4,0,37.1
11511,2023,1,12.6,0,81.6
11511,2024,0,17.3,0,80.0
11511,2025,1,19.7,0,94.5
11512,2022,1,10.2,0,34.1
11512,2023,0,22.3,0,66.3
11512,2024,3,6.6,0,78.5
11512,2025,0,15.6,1,93.2
11513,2022,3,18.6,0,58.9
11513,2023,3,4.5,1,90.1
11513,2024,1,16.5,0,43.3
11513,2025,3,18.5,1,65.0
11514,2022,3,23.6,1,45.2
11514,2023,0,17.2,1,42.3
11514,2024,3,17.7,0,53.2
11514,2025,0,1.9,1,78.9
11515,2022,0,8.2,1,59.0
11515,2023,2,8.7,0,43.9
11515,2024,3,12.6,1,37.9
11515,2025,0,8.2,1,94.4
11516,2022,0,18.1,0,48.8
11516,2023,1,12.4,0,40.7
11516,2024,3,17.5,0,44.8
11516,2025,3,14.8,0,54.2
11517,2022,1,19.9,0,43.8
11517,2023,0,20.1,0,49.8
11517,2024,1,18.7,1,49.5
11517,2025,2,16.1,1,64.8
11518,2022,0,6.3,0,75.9
11518,2023,3,16.0,0,34.6
11518,2024,1,2.4,1,47.4
11518,2025,1,15.4,1,81.7
11519,2022,0,6.2,1,38.9
11519,2023,1,23.2,1,77.5
11519,2024,1,14.3,0,66.9
11519,2025,3,4.1,1,91.9
11520,2022,1,14.4,0,30.6
11520,2023,0,20.0,0,80.1
11520,2024,0,5.6,0,70.3
11520,2025,1,11.2,1,67.1
11521,2022,1,5.1,1,38.7
11521,2023,3,19.3,0,47.0
11521,2024,1,5.9,1,83.2
11521,2025,0,8.2,0,47.9
11522,2022,1,15.6,0,61.6
11522,2023,1,6.4,1,45.5
11522,2024,1,20.5,0,65.4
11522,2025,2,9.9,1,54.3
11523,2022,2,9.6,1,51.1
11523,2023,1,18.2,1,81.1
11523,2024,1,19.9,1,38.2
11523,2025,2,18.8,1,94.5
11524,2022,3,13.6,0,49.2
11524,2023,1,10.7,0,68.8
11524,2024,1,20.6,1,49.3
11524,2025,3,1.6,1,60.5
11525,2022,0,20.0,1,57.6
11525,2023,2,7.1,1,74.3
11525,2024,2,11.3,1,88.4
11525,2025,3,19.6,1,91.0
11526,2022,2,16.6,0,50.2
11526,2023,0,14.0,1,38.3
11526,2024,0,3.2,1,91.5
11526,2025,2,6.0,0,40.8
11527,2022,0,5.1,1,82.9
11527,2023,0,21.0,1,34.5
11527,2024,0,14.9,1,94.6
11527,2025,1,2.9,0,39.7
11528,2022,3,12.3,1,31.0
11528,2023,2,19.7,1,63.5
11528,2024,1,4.8,0,76.0
11528,2025,2,5.1,1,60.2
11529,2022,3,15.8,0,66.4
11529,2023,0,6.4,0,83.8
11529,2024,2,9.7,1,83.7
11529,2025,2,20.1,1,92.0
11530,2022,1,15.9,1,39.5
11530,2023,1,17.5,0,46.5
11530,2024,0,15.3,0,71.3
11530,2025,3,4.7,0,82.4
11531,2022,0,21.9,1,36.4
11531,2023,1,5.9,0,43.5
11531,2024,2,20.4,0,91.4
11531,2025,2,4.8,1,40.6
11532,2022,3,24.1,0,54.1
11532,2023,0,19.5,1,45.7
11532,2024,0,5.4,1,82.5
11532,2025,0,3.7,1,90.8
11533,2022,2,6.7,0,44.8
11533,2023,3,8.4,0,68.4
11533,2024,2,15.2,1,86.6
11533,2025,3,10.9,1,74.9
11534,2022,3,17.3,0,66.0
11534,2023,0,4.1,0,57.8
11534,2024,2,3.6,0,75.2
11534,2025,2,14.3,1,96.6
11535,2022,3,22.0,1,48.0
11535,2023,2,10.7,0,45.0
11535,2024,3,5.3,1,93.5
11535,2025,2,6.7,1,42.6
11536,2022,2,13.2,1,80.4
11536,2023,3,16.1,1,87.6
11536,2024,2,10.2,1,49.2
11536,2025,0,18.4,1,64.5
11537,2022,0,13.0,0,37.4
11537,2023,1,7.1,0,55.0
11537,2024,3,7.0,0,63.4
11537,2025,0,9.8,1,69.6
11538,2022,1,20.6,0,37.3
11538,2023,3,20.9,0,57.2
11538,2024,2,5.7,0,73.5
11538,2025,3,0.6,1,69.0
11539,2022,2,22.4,0,80.5
11539,2023,3,8.1,1,90.1
11539,2024,2,18.4,1,85.0
11539,2025,3,11.5,0,41.8
11540,2022,3,13.1,0,42.9
11540,2023,0,6.4,1,38.3
11540,2024,2,15.4,0,62.0
11540,2025,3,16.9,1,82.4
11541,2022,0,14.2,0,31.9
11541,2023,0,12.4,1,49.0
11541,2024,0,17.1,0,41.6
11541,2025,2,10.5,0,63.6
11542,2022,0,20.7,0,85.5
11542,2023,1,4.6,1,57.8
11542,2024,1,19.2,1,74.1
11542,2025,3,5.7,1,62.2
11543,2022,2,8.4,0,73.9
11543,2023,1,4.1,0,77.6
11543,2024,0,18.7,1,44.3
11543,2025,1,1.7,1,78.2
11544,2022,2,24.1,1,53.2
11544,2023,1,14.8,1,84.6
11544,2024,1,16.0,0,45.5
11544,2025,1,15.0,1,92.8
11545,2022,0,10.9,0,60.7
11545,2023,0,19.6,1,48.3
11545,2024,1,20.9,1,56.1
11545,2025,0,7.9,0,39.3
11546,2022,1,21.7,1,87.0
11546,2023,1,18.9,1,46.5
11546,2024,1,13.8,0,90.6
11546,2025,3,7.9,0,90.2
11547,2022,3,13.3,1,50.9
11547,2023,3,9.7,1,45.7
11547,2024,2,10.5,1,61.6
11547,2025,2,20.3,1,95.0
11548,2022,3,12.3,0,81.3
11548,2023,0,16.8,0,62.3
11548,2024,2,8.4,1,68.7
11548,2025,3,9.8,0,63.5
11549,2022,3,6.7,0,86.7
11549,2023,3,18.8,1,92.3
11549,2024,0,15.2,1,53.3
11549,2025,1,7.4,0,96.0
11550,2022,2,15.5,1,87.0
11550,2023,1,20.9,1,61.4
11550,2024,0,2.9,0,60.9
11550,2025,1,19.1,1,91.2
11551,2022,2,14.4,0,86.6
11551,2023,0,20.7,0,57.1
11551,2024,2,19.2,0,65.5
11551,2025,2,1.7,1,59.1
11552,2022,2,20.6,0,42.5
11552,2023,3,18.2,0,92.8
11552,2024,2,2.9,0,47.3
11552,2025,1,19.3,1,87.9
11553,2022,0,17.7,1,55.2
11553,2023,3,6.9,1,38.0
11553,2024,2,4.5,0,55.5
11553,2025,2,11.7,0,44.0
11554,2022,1,6.2,0,88.9
11554,2023,2,6.8,1,48.9
11554,2024,0,21.0,0,80.8
11554,2025,2,15.4,0,64.5
11555,2022,3,17.3,1,70.8
11555,2023,2,7.7,0,48.3
11555,2024,3,6.4,0,41.6
11555,2025,2,9.4,0,87.5
11556,2022,0,20.1,0,73.0
11556,2023,2,3.6,1,39.6
11556,2024,0,2.9,0,79.9
11556,2025,0,17.9,1,74.9
11557,2022,2,21.3,1,40.3
11557,2023,3,17.4,0,82.5
11557,2024,1,12.0,0,77.9
11557,2025,3,3.4,0,69.4
11558,2022,2,7.0,0,40.7
11558,2023,1,21.6,1,65.4
11558,2024,2,9.7,1,45.8
11558,2025,1,14.4,0,50.0
11559,2022,3,14.1,1,44.5
11559,2023,3,18.1,1,72.3
11559,2024,0,5.9,1,76.8
11559,2025,0,10.2,0,43.4
11560,2022,2,12.5,1,69.1
11560,2023,2,8.4,0,35.1
11560,2024,1,14.0,0,90.3
11560,2025,1,11.2,1,85.7
11561,2022,0,14.9,0,73.5
11561,2023,1,15.3,1,47.4
11561,2024,0,4.9,1,95.3
11561,2025,0,7.9,0,94.5
11562,2022,1,11.5,1,59.4
11562,2023,2,18.9,0,35.1
11562,2024,1,2.7,1,66.7
11562,2025,2,6.1,0,48.2
11563,2022,0,23.4,1,65.6
11563,2023,0,9.5,0,92.2
11563,2024,2,5.0,0,81.4
11563,2025,0,15.6,0,58.3
11564,2022,0,6.0,0,53.6
11564,2023,1,12.0,1,89.7
11564,2024,1,19.1,0,42.6
11564,2025,0,19.6,1,92.4
11565,2022,1,10.0,0,34.5
11565,2023,0,9.4,1,57.9
11565,2024,0,13.3,0,80.7
11565,2025,2,5.0,0,62.7
11566,2022,1,8.0,1,64.3
11566,2023,1,12.0,0,62.4
11566,2024,0,3.4,0,72.3
11566,2025,2,18.4,0,49.3
11567,2022,3,11.7,0,64.7
11567,2023,1,10.2,1,92.2
11567,2024,3,17.8,1,47.6
11567,2025,1,7.3,1,43.0
11568,2022,0,20.2,1,53.5
11568,2023,1,7.1,0,55.5
11568,2024,1,12.6,1,43.5
11568,2025,0,15.9,0,73.3
11569,2022,2,14.0,0,56.3
11569,2023,1,4.9,0,83.2
11569,2024,0,16.7,0,61.4
11569,2025,0,10.4,0,98.1
11570,2022,2,11.3,0,76.8
11570,2023,3,23.4,1,62.2
11570,2024,2,19.5,1,69.1
11570,2025,0,1.3,0,91.0
11571,2022,0,16.9,1,76.4
11571,2023,0,10.6,1,72.5
11571,2024,1,2.7,1,52.0
11571,2025,1,0.7,1,63.6
11572,2022,3,16.7,0,77.2
11572,2023,3,9.9,1,70.6
11572,2024,1,16.1,0,93.4
11572,2025,1,9.6,0,91.4
11573,2022,2,20.3,0,55.6
11573,2023,1,19.8,1,50.6
11573,2024,3,15.1,1,43.4
11573,2025,0,8.9,1,63.5
11574,2022,1,24.8,1,43.6
11574,2023,2,9.6,0,34.0
11574,2024,0,12.3,0,44.3
11574,2025,1,10.9,0,66.2
11575,2022,1,13.6,0,83.5
11575,2023,0,5.9,1,52.3
11575,2024,0,9.1,0,62.5
11575,2025,0,4.8,0,62.0
11576,2022,2,23.0,1,52.1
11576,2023,2,16.6,0,76.4
11576,2024,2,7.8,1,66.4
11576,2025,0,11.8,0,63.5
11577,2022,1,22.1,0,86.6
11577,2023,0,22.2,0,49.6
11577,2024,3,3.5,0,86.0
11577,2025,1,16.2,0,69.9
11578,2022,1,24.3,1,56.5
11578,2023,0,12.8,0,36.8
11578,2024,3,21.9,1,87.5
11578,2025,2,19.6,0,55.2
11579,2022,0,18.1,0,70.8
11579,2023,1,20.5,0,85.5
11579,2024,0,7.9,1,68.2
11579,2025,3,18.8,0,77.4
11580,2022,0,16.8,0,50.4
11580,2023,3,13.7,0,76.6
11580,2024,1,18.7,0,75.4
11580,2025,3,18.3,1,65.7
11581,2022,0,19.0,1,68.1
11581,2023,2,4.0,0,48.8
11581,2024,2,13.9,1,75.5
11581,2025,2,16.9,0,79.4
11582,2022,3,15.9,1,56.7
11582,2023,3,22.2,0,48.0
11582,2024,3,19.9,1,84.2
11582,2025,1,11.1,1,84.2
11583,2022,3,13.1,1,33.4
11583,2023,0,4.6,1,62.7
11583,2024,0,14.7,1,41.5
11583,2025,2,5.8,0,58.2
11584,2022,1,18.4,1,55.3
11584,2023,2,19.5,1,43.6
11584,2024,3,10.2,1,64.1
11584,2025,3,0.8,1,81.4
11585,2022,3,22.3,0,56.2
11585,2023,3,14.5,1,47.0
11585,2024,2,8.3,1,60.9
11585,2025,3,13.2,0,74.5
11586,2022,2,18.5,1,86.2
11586,2023,2,6.4,0,63.0
11586,2024,1,14.9,1,89.3
11586,2025,1,6.2,0,98.1
11587,2022,2,21.1,0,63.5
11587,2023,1,22.3,0,41.8
11587,2024,3,4.1,0,88.5
11587,2025,3,18.8,1,90.7
11588,2022,2,23.1,1,82.1
11588,2023,2,10.4,0,90.0
11588,2024,3,2.6,1,52.6
11588,2025,2,13.8,1,59.0
11589,2022,2,11.9,0,71.2
11589,2023,0,7.3,1,66.8
11589,2024,3,4.2,0,88.1
11589,2025,0,4.4,0,54.3
11590,2022,2,9.7,1,69.5
11590,2023,2,19.4,0,89.4
11590,2024,2,17.7,0,49.0
11590,2025,0,10.4,1,57.4
11591,2022,0,16.1,0,54.4
11591,2023,3,21.9,1,38.2
11591,2024,2,20.2,0,46.6
11591,2025,0,17.1,1,61.9
11592,2022,3,12.5,0,34.5
11592,2023,0,10.8,0,54.8
11592,2024,3,19.8,0,50.6
11592,2025,3,19.0,0,90.9
11593,2022,0,21.0,1,66.5
11593,2023,1,18.6,0,86.9
11593,2024,3,13.2,0,48.2
11593,2025,2,7.3,1,43.9
11594,2022,0,9.8,0,51.2
11594,2023,0,6.3,1,36.4
11594,2024,1,16.6,0,89.0
11594,2025,1,16.0,0,50.3
11595,2022,3,12.2,1,38.5
11595,2023,1,3.6,0,80.3
11595,2024,3,20.8,1,78.7
11595,2025,1,9.2,0,42.4
11596,2022,1,24.5,0,60.6
11596,2023,1,17.0,1,59.9
11596,2024,1,4.5,1,59.2
11596,2025,2,7.0,1,46.6
11597,2022,1,18.1,0,77.2
11597,2023,0,16.5,0,47.4
11597,2024,0,6.6,0,63.5
11597,2025,0,4.0,1,91.9
11598,2022,0,10.5,1,49.1
11598,2023,3,19.2,1,35.1
11598,2024,1,6.8,1,89.3
11598,2025,2,14.5,0,68.6
11599,2022,2,22.4,1,59.8
11599,2023,1,11.3,0,66.1
11599,2024,3,2.1,0,46.8
11599,2025,2,3.3,0,81.9
11600,2022,1,11.2,0,43.9
11600,2023,0,7.3,0,51.1
11600,2024,3,7.8,0,73.9
11600,2025,1,11.4,1,84.0
11601,2022,2,5.4,0,73.8
11601,2023,2,4.8,1,38.0
11601,2024,3,19.1,0,81.3
11601,2025,2,10.9,0,78.8
11602,2022,1,23.7,1,66.3
11602,2023,1,3.6,1,91.0
11602,2024,3,2.0,0,56.8
11602,2025,1,15.3,0,80.0
11603,2022,2,14.5,1,64.4
11603,2023,3,21.8,1,56.3
11603,2024,2,17.7,1,83.3
11603,2025,2,10.6,1,63.2
11604,2022,0,14.6,1,63.5
11604,2023,1,19.7,0,66.6
11604,2024,1,18.1,0,66.7
11604,2025,2,6.0,1,66.4
11605,2022,2,18.5,1,40.1
11605,2023,2,16.4,1,47.5
11605,2024,2,19.1,1,43.4
11605,2025,0,17.9,1,82.4
11606,2022,2,10.4,0,74.7
11606,2023,2,21.1,0,71.3
11606,2024,2,20.5,1,91.1
11606,2025,3,2.7,0,54.9
11607,2022,3,16.5,0,79.3
11607,2023,3,12.2,1,44.2
11607,2024,3,10.0,0,40.1
11607,2025,1,14.6,0,39.0
11608,2022,3,7.6,1,64.8
11608,2023,3,19.9,1,79.7
11608,2024,3,2.5,1,85.4
11608,2025,1,12.1,0,67.2
11609,2022,2,9.5,1,33.5
11609,2023,1,16.8,1,35.1
11609,2024,0,12.5,1,91.0
11609,2025,0,20.5,0,44.6
11610,2022,3,22.2,1,77.1
11610,2023,0,10.2,0,37.2
11610,2024,3,12.6,0,47.0
11610,2025,0,6.9,1,48.8
11611,2022,1,19.6,0,46.6
11611,2023,3,11.9,0,57.3
11611,2024,1,4.3,1,43.5
11611,2025,3,13.7,0,97.4
11612,2022,2,5.2,0,30.1
11612,2023,3,9.4,0,79.3
11612,2024,3,20.1,0,67.6
11612,2025,0,2.4,0,44.1
11613,2022,0,15.1,0,37.2
11613,2023,3,19.4,1,68.4
11613,2024,3,20.1,0,54.9
11613,2025,1,11.7,0,66.0
11614,2022,3,8.1,1,63.0
11614,2023,0,22.3,1,67.4
11614,2024,3,17.0,1,71.0
11614,2025,1,8.4,0,43.2
11615,2022,1,10.5,1,74.4
11615,2023,3,4.5,1,50.6
11615,2024,0,5.8,1,42.9
11615,2025,2,16.1,1,45.1
11616,2022,3,7.2,0,44.2
11616,2023,1,6.1,0,70.7
11616,2024,1,5.9,1,64.3
11616,2025,0,8.4,1,45.4
11617,2022,1,8.8,1,31.9
11617,2023,3,21.6,0,34.5
11617,2024,2,7.2,1,61.3
11617,2025,0,18.9,0,86.3
11618,2022,1,24.7,0,64.4
11618,2023,0,18.6,0,81.6
11618,2024,3,2.1,1,55.2
11618,2025,2,5.3,0,47.4
11619,2022,3,10.3,1,78.2
11619,2023,0,14.4,1,76.7
11619,2024,2,5.2,0,71.3
11619,2025,3,2.0,1,92.3
11620,2022,0,8.5,0,67.8
11620,2023,2,10.0,1,64.5
11620,2024,0,3.0,0,66.1
11620,2025,3,4.4,0,76.0
11621,2022,0,8.4,0,61.0
11621,2023,1,18.9,1,49.4
11621,2024,0,5.4,1,93.2
11621,2025,1,16.3,0,96.5
11622,2022,2,15.2,0,40.0
11622,2023,2,18.7,1,64.8
11622,2024,3,11.0,1,83.4
11622,2025,0,18.5,1,42.3
11623,2022,1,10.5,1,37.4
11623,2023,1,18.8,1,65.7
11623,2024,3,5.3,1,37.7
11623,2025,0,18.2,1,89.0
11624,2022,1,5.6,1,82.4
11624,2023,3,12.6,1,77.2
11624,2024,3,10.4,0,85.3
11624,2025,0,13.0,1,79.3
11625,2022,0,13.8,1,38.5
11625,2023,0,15.3,0,34.8
11625,2024,1,19.2,0,86.9
11625,2025,3,3.3,1,81.4
11626,2022,0,9.9,1,53.9
11626,2023,2,19.6,0,80.8
11626,2024,0,6.6,0,39.2
11626,2025,1,18.6,0,58.1
11627,2022,0,15.8,1,50.5
11627,2023,0,5.1,0,39.3
11627,2024,2,2.4,1,80.5
11627,2025,2,15.8,1,85.7
11628,2022,1,22.1,0,65.0
11628,2023,0,8.3,1,58.1
11628,2024,0,6.8,0,72.4
11628,2025,2,19.6,1,92.9
11629,2022,0,18.1,0,51.5
11629,2023,1,6.9,0,53.1
11629,2024,2,11.0,1,73.4
11629,2025,3,18.7,1,80.0
11630,2022,3,17.4,1,57.5
11630,2023,3,11.6,1,84.6
11630,2024,3,5.0,1,57.1
11630,2025,2,15.0,0,77.5
11631,2022,1,10.5,1,70.1
11631,2023,3,14.8,1,50.7
11631,2024,3,14.0,1,37.1
11631,2025,0,11.6,0,88.6
11632,2022,1,9.9,0,58.9
11632,2023,3,17.7,1,38.7
11632,2024,2,13.3,1,93.5
11632,2025,2,8.6,1,56.8
11633,2022,1,6.0,0,58.5
11633,2023,3,10.1,1,62.0
11633,2024,2,9.0,0,58.2
11633,2025,0,16.3,0,48.1
11634,2022,2,15.3,1,72.3
11634,2023,1,22.1,1,44.7
11634,2024,3,17.0,0,76.9
11634,2025,1,11.3,0,87.1
11635,2022,2,8.4,1,31.4
11635,2023,3,7.9,0,76.9
11635,2024,1,5.2,0,74.3
11635,2025,1,9.4,0,50.7
11636,2022,3,19.5,0,67.2
11636,2023,0,18.7,1,58.2
11636,2024,2,3.9,1,41.1
11636,2025,0,10.4,0,70.4
11637,2022,1,14.6,0,88.4
11637,2023,1,12.3,1,71.9
11637,2024,0,8.0,0,55.8
11637,2025,2,10.0,0,72.8
11638,2022,1,15.3,1,74.3
11638,2023,3,15.5,1,42.4
11638,2024,1,9.5,1,67.7
11638,2025,1,19.4,0,69.4
11639,2022,2,11.8,1,52.6
11639,2023,3,21.4,0,77.8
11639,2024,0,18.0,0,69.9
11639,2025,0,9.8,1,80.9
11640,2022,2,14.9,1,65.8
11640,2023,1,20.9,0,79.9
11640,2024,1,11.9,1,74.0
11640,2025,2,14.1,1,79.7
11641,2022,1,21.2,1,43.5
11641,2023,0,21.7,0,83.8
11641,2024,0,6.4,0,45.3
11641,2025,1,20.0,1,59.4
11642,2022,3,24.3,1,83.4
11642,2023,2,9.4,1,39.5
11642,2024,3,14.3,0,88.0
11642,2025,2,1.4,1,67.5
11643,2022,1,8.4,0,41.0
11643,2023,3,15.2,1,77.2
11643,2024,1,15.0,0,53.0
11643,2025,1,11.2,0,79.7
11644,2022,2,19.1,1,77.5
11644,2023,2,19.4,1,67.2
11644,2024,2,5.4,0,83.2
11644,2025,1,13.7,1,95.1
11645,2022,3,16.3,1,63.0
11645,2023,2,5.9,1,42.1
11645,2024,2,6.6,1,78.6
11645,2025,0,8.9,1,63.6
11646,2022,1,22.3,1,61.9
11646,2023,0,7.8,1,70.6
11646,2024,2,5.7,1,79.0
11646,2025,0,14.9,0,77.4
11647,2022,3,24.5,0,44.0
11647,2023,3,12.4,1,77.9
11647,2024,0,9.0,1,84.4
11647,2025,3,5.6,0,41.3
11648,2022,1,6.0,0,48.5
11648,2023,0,7.1,0,91.7
11648,2024,1,3.9,0,46.7
11648,2025,3,10.4,0,50.0
11649,2022,0,24.6,1,65.5
11649,2023,0,19.2,1,53.3
11649,2024,2,14.0,1,75.4
11649,2025,1,10.2,1,54.8
11650,2022,2,17.3,1,55.6
11650,2023,2,11.0,0,92.9
11650,2024,3,5.6,1,58.4
11650,2025,1,12.3,0,44.2
11651,2022,1,15.6,0,74.5
11651,2023,3,22.4,1,68.3
11651,2024,3,15.0,1,62.7
11651,2025,1,16.0,0,93.5
11652,2022,3,6.9,0,38.8
11652,2023,1,18.7,0,62.4
11652,2024,3,21.7,1,47.5
11652,2025,2,13.6,1,44.0
11653,2022,3,19.8,0,56.5
11653,2023,0,23.1,0,89.8
11653,2024,3,9.8,1,79.3
11653,2025,0,17.0,0,53.1
11654,2022,1,13.0,0,57.8
11654,2023,2,12.0,0,80.8
11654,2024,3,15.2,0,47.7
11654,2025,1,5.6,0,51.2
11655,2022,0,24.9,1,40.9
11655,2023,2,10.1,0,69.4
11655,2024,1,4.5,1,37.7
11655,2025,1,7.0,1,74.3
11656,2022,1,22.1,0,79.5
11656,2023,1,9.8,1,80.0
11656,2024,3,14.2,0,76.0
11656,2025,1,19.2,0,52.2
11657,2022,1,10.2,0,79.0
11657,2023,3,6.1,1,90.4
11657,2024,0,3.9,1,47.0
11657,2025,2,9.3,1,93.6
11658,2022,2,7.1,1,81.2
11658,2023,3,12.6,1,91.8
11658,2024,3,19.3,1,55.2
11658,2025,0,16.0,1,95.0
11659,2022,2,16.6,0,40.8
11659,2023,3,20.5,1,43.5
11659,2024,1,4.0,1,42.4
11659,2025,3,12.7,0,64.7
11660,2022,2,7.3,0,30.7
11660,2023,0,13.1,0,55.9
11660,2024,0,11.3,0,73.6
11660,2025,1,5.8,1,43.7
11661,2022,1,21.6,1,79.1
11661,2023,2,8.1,0,50.6
11661,2024,1,13.0,1,38.8
11661,2025,2,10.1,1,61.5
11662,2022,2,13.6,1,38.3
11662,2023,3,4.2,1,80.7
11662,2024,1,15.9,0,56.0
11662,2025,3,0.8,1,46.0
11663,2022,3,21.4,1,57.2
11663,2023,2,8.8,0,60.1
11663,2024,2,4.4,0,52.5
11663,2025,2,8.8,0,58.6
11664,2022,2,16.2,0,76.1
11664,2023,3,9.7,1,71.3
11664,2024,0,4.4,1,48.9
11664,2025,0,0.9,0,95.9
11665,2022,0,19.1,0,48.3
11665,2023,2,21.2,0,65.0
11665,2024,1,4.0,0,70.3
11665,2025,0,5.1,0,51.8
11666,2022,3,5.4,1,47.5
11666,2023,3,21.2,1,61.8
11666,2024,2,10.9,0,51.4
11666,2025,3,19.0,0,57.3
11667,2022,3,14.4,1,66.8
11667,2023,0,20.7,1,77.0
11667,2024,0,21.0,0,84.1
11667,2025,3,7.2,0,46.3
11668,2022,0,17.8,1,74.2
11668,2023,3,16.8,0,89.2
11668,2024,3,2.4,1,70.8
11668,2025,0,9.3,0,75.3
11669,2022,2,22.1,0,87.3
11669,2023,0,22.4,0,85.2
11669,2024,2,20.0,0,69.5
11669,2025,1,20.0,0,85.0
11670,2022,3,18.1,1,40.9
11670,2023,1,8.2,0,57.8
11670,2024,3,13.5,1,78.9
11670,2025,0,8.9,1,56.3
11671,2022,1,10.2,0,57.2
11671,2023,1,19.0,0,43.4
11671,2024,3,14.6,1,89.9
11671,2025,3,16.3,0,92.7
11672,2022,2,10.4,0,58.7
11672,2023,2,21.6,0,44.5
11672,2024,0,6.8,1,76.8
11672,2025,1,12.5,0,51.8
11673,2022,1,6.1,0,43.7
11673,2023,2,14.3,0,91.3
11673,2024,0,4.0,0,42.0
11673,2025,1,7.1,0,61.8
11674,2022,3,22.2,0,63.3
11674,2023,3,21.4,0,39.5
11674,2024,3,17.3,0,38.3
11674,2025,1,7.9,0,71.5
11675,2022,0,16.6,0,36.9
11675,2023,2,8.0,1,48.1
11675,2024,2,15.6,0,65.8
11675,2025,2,7.4,0,59.8
11676,2022,3,9.4,1,72.6
11676,2023,1,15.2,0,90.7
11676,2024,1,4.2,1,81.2
11676,2025,2,14.2,0,99.0
11677,2022,2,8.7,1,53.3
11677,2023,1,14.6,0,51.3
11677,2024,2,9.9,0,48.8
11677,2025,1,11.8,0,92.1
11678,2022,3,9.9,1,53.4
11678,2023,2,9.7,0,75.7
11678,2024,2,4.8,1,76.5
11678,2025,1,16.0,0,42.4
11679,2022,0,6.4,0,82.8
11679,2023,2,11.0,0,62.2
11679,2024,0,11.0,0,49.4
11679,2025,0,4.4,1,97.7
11680,2022,2,12.7,0,75.2
11680,2023,2,11.9,0,70.0
11680,2024,0,6.5,1,95.3
11680,2025,0,13.3,0,84.4
11681,2022,2,5.6,1,37.3
11681,2023,1,7.5,0,92.5
11681,2024,2,14.5,0,71.9
11681,2025,3,13.1,0,57.0
11682,2022,3,10.3,0,79.1
11682,2023,1,17.2,0,35.9
11682,2024,0,11.4,1,75.3
11682,2025,0,11.0,0,48.6
11683,2022,0,11.7,1,35.3
11683,2023,3,23.2,0,54.2
11683,2024,2,16.7,1,57.4
11683,2025,1,5.5,1,75.0
11684,2022,2,9.7,1,63.9
11684,2023,0,19.0,1,74.3
11684,2024,2,9.8,1,46.4
11684,2025,1,2.3,1,91.3
11685,2022,3,5.7,0,81.5
11685,2023,2,11.8,0,46.0
11685,2024,2,10.3,0,64.4
11685,2025,1,14.6,1,68.3
11686,2022,1,16.5,1,85.3
11686,2023,0,18.9,1,87.3
11686,2024,1,8.4,1,40.0
11686,2025,3,13.0,0,96.5
11687,2022,0,22.7,0,34.1
11687,2023,2,4.9,0,66.0
11687,2024,0,16.2,0,54.7
11687,2025,2,14.8,1,62.4
11688,2022,1,20.9,0,67.6
11688,2023,0,8.9,1,68.0
11688,2024,3,10.3,1,46.0
11688,2025,0,5.3,0,97.2
11689,2022,3,11.2,1,31.7
11689,2023,0,22.9,0,53.6
11689,2024,1,10.9,0,84.1
11689,2025,2,17.5,1,90.1
11690,2022,0,20.9,0,77.8
11690,2023,2,12.4,1,55.3
11690,2024,2,21.8,0,76.4
11690,2025,2,17.3,1,84.9
11691,2022,0,14.7,1,64.7
11691,2023,2,9.7,1,73.7
11691,2024,0,3.5,1,69.2
11691,2025,3,9.8,1,42.3
11692,2022,2,12.2,0,46.4
11692,2023,3,17.7,0,75.2
11692,2024,2,2.4,1,50.5
11692,2025,0,17.1,1,66.3
11693,2022,0,13.3,0,62.1
11693,2023,3,12.9,1,73.3
11693,2024,3,5.7,1,51.5
11693,2025,1,19.2,1,74.7
11694,2022,1,13.0,1,65.8
11694,2023,1,20.4,0,83.7
11694,2024,2,6.7,0,69.1
11694,2025,3,2.4,0,56.7
11695,2022,1,17.7,0,61.4
11695,2023,3,23.2,1,39.4
11695,2024,1,14.9,1,72.5
11695,2025,3,12.7,1,94.0
11696,2022,3,13.8,0,61.8
11696,2023,1,9.2,1,50.5
11696,2024,2,10.6,1,60.3
11696,2025,1,3.5,1,93.1
11697,2022,3,10.2,1,78.8
11697,2023,0,13.2,1,81.2
11697,2024,2,4.9,1,69.8
11697,2025,2,16.3,1,62.8
11698,2022,0,5.2,1,37.9
11698,2023,1,9.9,0,91.5
11698,2024,3,12.3,0,46.7
11698,2025,1,19.1,1,54.1
11699,2022,3,16.5,0,75.9
11699,2023,0,9.4,1,54.0
11699,2024,3,9.0,0,71.0
11699,2025,3,7.3,1,84.7
11700,2022,1,8.6,1,63.4
11700,2023,3,6.4,0,62.4
11700,2024,1,11.6,1,39.0
11700,2025,1,5.9,0,68.3
11701,2022,2,6.8,0,57.3
11701,2023,0,7.8,0,85.8
11701,2024,1,12.4,1,62.8
11701,2025,0,5.6,1,76.8
11702,2022,2,9.8,1,76.4
11702,2023,1,15.9,1,61.1
11702,2024,0,15.8,0,51.7
11702,2025,2,5.3,0,92.6
11703,2022,2,14.4,0,83.7
11703,2023,3,18.8,1,87.0
11703,2024,3,15.8,0,52.4
11703,2025,0,1.9,1,57.9
11704,2022,1,12.2,0,85.1
11704,2023,3,18.0,1,40.5
11704,2024,1,5.6,0,75.4
11704,2025,3,4.4,0,56.5
11705,2022,3,17.6,1,73.3
11705,2023,0,9.2,0,83.0
11705,2024,3,8.5,0,60.5
11705,2025,2,11.0,1,48.1
11706,2022,3,20.0,0,73.9
11706,2023,3,13.5,1,36.3
11706,2024,0,19.9,1,36.9
11706,2025,0,2.6,0,91.6
11707,2022,2,20.1,1,79.0
11707,2023,0,14.4,0,67.9
11707,2024,3,18.3,1,75.9
11707,2025,2,6.8,0,96.2
11708,2022,3,14.6,0,33.8
11708,2023,3,20.0,0,46.0
11708,2024,2,18.6,0,79.8
11708,2025,0,8.0,0,54.8
11709,2022,0,21.4,0,42.4
11709,2023,3,17.1,1,59.5
11709,2024,0,10.2,0,79.4
11709,2025,1,19.9,0,51.6
11710,2022,2,5.6,0,55.8
11710,2023,2,11.2,1,64.1
11710,2024,3,8.1,0,46.3
11710,2025,3,19.2,1,67.6
11711,2022,2,7.0,0,82.0
11711,2023,3,16.1,1,77.8
11711,2024,2,16.3,0,66.2
11711,2025,2,4.2,0,46.5
11712,2022,1,8.0,1,31.4
11712,2023,2,4.5,1,37.0
11712,2024,1,5.2,1,81.0
11712,2025,3,16.7,0,81.3
11713,2022,0,23.9,1,74.8
11713,2023,0,21.5,1,51.4
11713,2024,1,9.3,1,41.4
11713,2025,3,15.0,1,81.9
11714,2022,2,21.5,1,85.3
11714,2023,2,19.7,1,60.1
11714,2024,2,3.3,1,81.9
11714,2025,2,4.8,0,82.7
11715,2022,2,23.8,1,81.2
11715,2023,3,18.3,1,34.7
11715,2024,1,18.7,1,93.3
11715,2025,3,10.8,1,90.9
11716,2022,1,12.9,1,82.6
11716,2023,1,16.5,1,92.8
11716,2024,3,11.5,1,74.4
11716,2025,0,8.0,0,43.9
11717,2022,3,12.0,1,79.4
11717,2023,0,6.7,0,41.1
11717,2024,1,12.6,1,80.3
11717,2025,3,10.9,0,64.4
11718,2022,1,16.8,0,30.4
11718,2023,0,5.8,1,59.1
11718,2024,1,20.3,1,83.8
11718,2025,3,15.3,0,44.2
11719,2022,0,7.6,0,30.1
11719,2023,0,5.1,0,60.2
11719,2024,1,14.9,0,36.1
11719,2025,1,7.3,0,95.1
11720,2022,0,11.4,0,79.5
11720,2023,1,20.3,0,70.8
11720,2024,2,8.9,1,37.0
11720,2025,0,13.1,1,73.2
11721,2022,0,15.7,0,70.3
11721,2023,2,8.8,0,68.2
11721,2024,3,8.6,1,92.8
11721,2025,3,19.4,0,88.9
11722,2022,3,11.6,1,51.9
11722,2023,3,19.2,0,74.7
11722,2024,2,19.2,0,63.7
11722,2025,2,1.9,1,94.7
11723,2022,1,18.3,0,67.1
11723,2023,2,18.5,1,67.9
11723,2024,2,10.7,0,66.0
11723,2025,3,11.9,1,61.7
11724,2022,3,8.2,1,38.9
11724,2023,1,9.9,1,49.4
11724,2024,2,16.2,0,56.0
11724,2025,0,12.6,1,48.2
11725,2022,3,7.7,0,78.8
11725,2023,3,23.3,1,33.1
11725,2024,2,20.8,1,90.9
11725,2025,2,5.0,0,46.7
11726,2022,1,22.5,0,33.1
11726,2023,1,8.8,1,92.7
11726,2024,2,13.3,1,96.0
11726,2025,2,16.1,0,50.5
11727,2022,0,11.9,0,38.0
11727,2023,1,14.6,0,44.9
11727,2024,0,11.0,0,66.7
11727,2025,0,15.7,0,58.3
11728,2022,2,14.6,1,50.2
11728,2023,2,14.8,0,81.6
11728,2024,2,18.9,0,89.4
11728,2025,0,14.5,0,97.2
11729,2022,0,15.6,1,60.9
11729,2023,1,12.7,1,47.8
11729,2024,1,4.5,0,69.3
11729,2025,3,1.6,1,91.3
11730,2022,1,24.1,0,31.9
11730,2023,3,7.2,0,87.7
11730,2024,1,7.5,1,49.6
11730,2025,3,12.7,1,57.6
11731,2022,1,21.6,1,51.8
11731,2023,1,20.2,0,87.8
11731,2024,0,18.6,1,46.6
11731,2025,2,20.1,0,52.4
11732,2022,1,6.1,0,73.9
11732,2023,0,11.5,0,89.1
11732,2024,0,20.3,1,42.3
11732,2025,2,9.8,1,70.3
11733,2022,1,22.4,1,84.9
11733,2023,3,3.9,0,86.2
11733,2024,3,12.1,0,92.9
11733,2025,2,18.9,0,93.1
11734,2022,2,10.2,1,48.9
11734,2023,2,22.1,0,45.5
11734,2024,1,2.2,0,90.1
11734,2025,1,2.1,1,81.7
11735,2022,1,14.5,0,52.7
11735,2023,0,5.6,1,75.8
11735,2024,3,6.5,1,54.4
11735,2025,0,6.5,1,73.9
11736,2022,0,14.6,1,44.0
11736,2023,1,11.3,1,66.7
11736,2024,2,20.4,1,91.4
11736,2025,2,18.2,0,85.3
11737,2022,0,20.0,1,69.4
11737,2023,2,16.7,0,47.8
11737,2024,0,6.1,0,39.8
11737,2025,2,12.5,1,81.6
11738,2022,1,7.9,1,64.6
11738,2023,0,12.6,0,45.8
11738,2024,3,11.2,1,92.1
11738,2025,0,14.3,1,72.1
11739,2022,2,21.7,1,64.3
11739,2023,1,9.9,1,50.9
11739,2024,1,2.8,0,88.8
11739,2025,3,1.4,1,92.5
11740,2022,1,22.5,1,72.9
11740,2023,1,13.2,0,39.0
11740,2024,0,7.0,1,41.1
11740,2025,1,1.1,0,67.2
11741,2022,2,15.6,0,38.5
11741,2023,3,6.2,1,52.9
11741,2024,3,10.3,1,46.3
11741,2025,0,10.8,0,57.6
11742,2022,2,9.6,1,86.6
11742,2023,1,7.5,1,78.2
11742,2024,0,2.4,1,44.3
11742,2025,2,12.2,1,79.1
11743,2022,1,9.0,1,31.8
11743,2023,0,21.1,1,92.0
11743,2024,3,14.1,1,67.9
11743,2025,1,11.6,0,69.3
11744,2022,3,15.1,1,44.4
11744,2023,1,7.8,0,60.5
11744,2024,1,21.4,1,67.6
11744,2025,3,19.8,1,78.5
11745,2022,1,11.4,1,32.8
11745,2023,2,19.0,1,53.5
11745,2024,1,4.4,1,59.2
11745,2025,0,16.1,0,47.9
11746,2022,2,10.7,1,44.4
11746,2023,1,9.3,1,47.2
11746,2024,0,12.1,0,84.6
11746,2025,0,8.3,0,80.2
11747,2022,2,7.4,1,85.4
11747,2023,2,15.4,0,51.6
11747,2024,2,6.3,1,88.9
11747,2025,3,9.4,0,90.8
11748,2022,3,9.6,1,56.9
11748,2023,2,20.7,1,70.8
11748,2024,1,8.8,0,71.9
11748,2025,3,18.2,0,57.5
11749,2022,2,11.5,1,45.7
11749,2023,2,7.1,0,43.1
11749,2024,0,13.5,1,86.3
11749,2025,3,11.6,0,71.0
11750,2022,2,17.4,1,50.3
11750,2023,0,9.5,0,63.6
11750,2024,1,8.4,0,40.8
11750,2025,0,5.2,0,45.4
11751,2022,3,23.6,0,75.6
11751,2023,3,17.2,1,87.1
11751,2024,1,17.1,1,55.2
11751,2025,0,4.4,0,63.6
11752,2022,0,18.2,1,52.4
11752,2023,2,18.8,1,61.7
11752,2024,0,8.8,0,60.8
11752,2025,3,3.7,1,62.2
11753,2022,3,18.9,0,69.6
11753,2023,1,15.7,1,49.3
11753,2024,3,13.5,0,92.6
11753,2025,0,4.2,1,57.5
11754,2022,3,10.2,1,42.9
11754,2023,2,16.0,1,91.3
11754,2024,2,14.3,0,49.7
11754,2025,3,11.6,1,71.2
11755,2022,1,20.4,0,49.7
11755,2023,2,19.8,1,37.6
11755,2024,3,7.5,1,93.2
11755,2025,3,3.7,1,61.5
11756,2022,0,9.0,1,68.7
11756,2023,1,9.1,0,84.7
11756,2024,2,21.0,0,69.2
11756,2025,0,3.2,0,81.8
11757,2022,2,22.6,0,77.1
11757,2023,3,7.6,0,55.9
11757,2024,2,9.0,0,73.7
11757,2025,1,3.0,0,51.4
11758,2022,1,7.1,1,33.3
11758,2023,1,5.4,0,92.2
11758,2024,0,8.9,1,41.6
11758,2025,2,11.0,0,64.7
11759,2022,1,9.0,0,34.0
11759,2023,0,22.2,0,88.4
11759,2024,0,13.7,0,42.6
11759,2025,0,18.2,0,86.2
11760,2022,2,8.0,1,72.9
11760,2023,1,6.4,0,35.7
11760,2024,2,18.9,0,79.3
11760,2025,0,11.9,1,97.2
11761,2022,2,23.8,0,61.3
11761,2023,1,6.4,0,50.4
11761,2024,3,2.5,1,68.7
11761,2025,0,18.8,0,46.3
11762,2022,2,19.0,1,87.4
11762,2023,1,19.6,0,54.9
11762,2024,1,7.9,1,63.4
11762,2025,1,0.6,1,63.1
11763,2022,1,14.7,1,31.7
11763,2023,0,23.3,0,35.1
11763,2024,0,20.2,0,69.7
11763,2025,3,1.9,0,69.1
11764,2022,2,8.8,1,89.2
11764,2023,1,9.7,1,48.8
11764,2024,1,18.6,1,58.1
11764,2025,0,17.0,0,98.3
11765,2022,3,8.7,1,32.9
11765,2023,2,14.2,1,71.6
11765,2024,2,12.0,1,42.1
11765,2025,0,8.8,1,95.8
11766,2022,0,15.7,1,47.3
11766,2023,0,9.4,1,81.8
11766,2024,3,12.6,0,90.7
11766,2025,0,14.2,0,89.8
11767,2022,3,6.3,0,63.4
11767,2023,0,22.8,0,91.4
11767,2024,0,5.3,1,76.6
11767,2025,3,7.7,1,86.2
11768,2022,2,14.4,1,44.6
11768,2023,0,4.3,1,58.1
11768,2024,0,13.0,1,71.9
11768,2025,3,17.9,0,47.7
11769,2022,2,23.0,1,87.9
11769,2023,2,10.0,1,39.6
11769,2024,3,13.2,1,80.0
11769,2025,1,16.0,1,42.5
11770,2022,1,10.1,1,36.2
11770,2023,2,14.1,0,70.4
11770,2024,0,9.3,1,63.1
11770,2025,2,8.1,0,39.2
11771,2022,0,6.9,1,53.6
11771,2023,0,11.6,0,48.0
11771,2024,0,5.2,1,88.3
11771,2025,2,6.5,0,81.5
11772,2022,0,11.6,1,74.2
11772,2023,2,12.1,1,90.1
11772,2024,0,20.3,0,78.6
11772,2025,0,13.1,1,48.6
11773,2022,2,24.5,0,86.2
11773,2023,2,15.3,1,39.8
11773,2024,3,18.1,1,47.6
11773,2025,0,17.2,1,56.1
11774,2022,3,19.8,1,40.5
11774,2023,0,16.9,1,34.1
11774,2024,3,10.4,0,63.5
11774,2025,3,11.8,0,80.3
11775,2022,1,8.9,1,55.3
11775,2023,2,15.9,1,47.1
11775,2024,1,12.3,0,89.0
11775,2025,3,16.6,1,62.3
11776,2022,1,23.1,1,80.3
11776,2023,1,6.2,1,43.7
11776,2024,2,15.8,0,56.0
11776,2025,3,19.5,1,87.2
11777,2022,0,23.4,1,31.8
11777,2023,0,20.2,0,88.2
11777,2024,3,3.0,0,59.8
11777,2025,2,5.5,1,97.7
11778,2022,1,8.0,1,72.1
11778,2023,2,22.0,0,90.0
11778,2024,0,17.0,0,40.0
11778,2025,2,11.1,1,82.3
11779,2022,1,24.6,0,82.5
11779,2023,2,7.4,0,92.3
11779,2024,0,14.8,1,38.0
11779,2025,0,12.7,0,44.0
11780,2022,3,11.8,1,73.9
11780,2023,3,13.2,0,35.3
11780,2024,3,6.7,0,36.7
11780,2025,0,14.0,1,71.7
11781,2022,1,13.4,1,61.8
11781,2023,0,4.0,1,69.8
11781,2024,0,21.0,1,36.8
11781,2025,2,10.5,1,69.2
11782,2022,3,19.1,0,47.2
11782,2023,2,7.4,1,78.4
11782,2024,1,4.5,0,56.9
11782,2025,1,18.5,0,60.4
11783,2022,2,16.8,1,69.3
11783,2023,0,13.4,0,72.6
11783,2024,2,12.4,0,39.5
11783,2025,2,5.2,0,76.6
11784,2022,0,23.3,1,69.5
11784,2023,3,7.8,1,60.5
11784,2024,3,5.2,0,85.7
11784,2025,3,19.1,1,39.5
11785,2022,2,10.2,1,88.1
11785,2023,2,20.7,1,55.6
11785,2024,0,17.5,1,71.7
11785,2025,3,8.1,0,41.1
11786,2022,0,10.1,0,72.5
11786,2023,1,18.7,1,65.6
11786,2024,1,14.0,0,93.6
11786,2025,2,5.6,0,64.4
11787,2022,1,22.8,1,73.3
11787,2023,0,17.9,1,37.5
11787,2024,0,20.2,1,39.9
11787,2025,1,9.2,0,95.9
11788,2022,0,7.6,0,45.2
11788,2023,0,22.0,0,87.7
11788,2024,2,14.0,0,41.3
11788,2025,0,12.6,0,77.3
11789,2022,2,16.7,1,63.1
11789,2023,0,12.9,0,91.0
11789,2024,2,7.1,0,60.2
11789,2025,1,12.8,1,41.9
11790,2022,2,19.4,1,58.4
11790,2023,0,21.8,0,82.5
11790,2024,3,3.4,0,39.1
11790,2025,3,5.6,0,41.2
11791,2022,2,20.5,1,79.3
11791,2023,2,19.0,1,82.4
11791,2024,2,6.2,0,48.0
11791,2025,1,4.2,0,78.4
11792,2022,0,12.3,0,33.9
11792,2023,2,4.8,1,78.9
11792,2024,3,16.6,1,54.3
11792,2025,1,13.9,0,52.8
11793,2022,3,22.2,1,70.7
11793,2023,2,12.1,0,87.7
11793,2024,2,14.7,1,38.5
11793,2025,0,19.6,0,47.6
11794,2022,1,24.2,0,45.3
11794,2023,2,4.9,0,88.7
11794,2024,0,2.0,1,88.6
11794,2025,2,19.7,1,93.4
11795,2022,3,15.7,0,52.7
11795,2023,0,17.5,1,46.9
11795,2024,1,20.3,0,47.5
11795,2025,3,9.2,1,91.9
11796,2022,3,13.8,1,43.9
11796,2023,1,6.8,0,64.9
11796,2024,1,20.1,0,55.9
11796,2025,3,13.5,1,68.9
11797,2022,2,8.6,1,50.7
11797,2023,1,14.7,1,50.6
11797,2024,1,8.6,1,61.6
11797,2025,0,3.4,1,59.0
11798,2022,1,8.6,0,80.4
11798,2023,0,14.7,0,67.8
11798,2024,1,13.3,1,46.6
11798,2025,2,16.3,1,53.2
11799,2022,2,10.0,0,33.2
11799,2023,1,21.8,1,51.0
11799,2024,0,12.4,0,76.2
11799,2025,2,4.6,1,50.0
11800,2022,2,13.3,0,36.0
11800,2023,3,22.0,1,52.3
11800,2024,3,11.6,0,72.8
11800,2025,2,18.0,0,67.4
11801,2022,3,8.2,0,49.9
11801,2023,0,21.8,0,86.0
11801,2024,1,10.6,0,64.1
11801,2025,2,19.2,1,66.3
11802,2022,2,22.3,0,31.9
11802,2023,3,16.7,1,71.4
11802,2024,2,15.5,0,63.6
11802,2025,2,4.7,1,47.7
11803,2022,2,17.1,1,44.6
11803,2023,2,14.5,0,45.1
11803,2024,1,8.7,0,43.3
11803,2025,3,10.6,0,65.1
11804,2022,3,23.6,0,51.8
11804,2023,2,3.6,1,54.6
11804,2024,2,10.3,1,51.1
11804,2025,2,7.2,1,65.2
11805,2022,1,24.2,1,62.9
11805,2023,0,23.0,1,69.7
11805,2024,0,13.7,0,49.2
11805,2025,2,11.5,1,82.7
11806,2022,1,23.1,0,31.6
11806,2023,1,3.6,1,78.0
11806,2024,3,13.2,1,53.0
11806,2025,0,1.0,1,61.2
11807,2022,0,24.4,0,64.8
11807,2023,1,9.9,1,69.6
11807,2024,2,12.4,0,61.3
11807,2025,3,8.9,1,95.3
11808,2022,1,22.9,0,81.5
11808,2023,3,23.5,0,46.5
11808,2024,0,3.4,1,71.3
11808,2025,1,15.1,1,82.3
11809,2022,3,12.4,0,43.0
11809,2023,2,6.3,0,34.1
11809,2024,3,10.1,1,94.5
11809,2025,3,20.5,0,96.5
11810,2022,2,12.2,1,49.2
11810,2023,0,9.0,0,47.3
11810,2024,1,18.9,0,45.3
11810,2025,1,17.9,0,80.2
11811,2022,2,11.8,0,75.3
11811,2023,1,9.5,0,58.2
11811,2024,2,14.9,0,50.6
11811,2025,2,4.6,0,65.9
11812,2022,1,14.7,0,61.0
11812,2023,3,6.3,0,65.6
11812,2024,0,8.1,0,62.6
11812,2025,1,6.4,1,39.2
11813,2022,1,18.9,0,58.3
11813,2023,0,9.1,0,53.8
11813,2024,1,20.0,1,69.4
11813,2025,2,20.2,0,43.2
11814,2022,3,6.6,0,82.8
11814,2023,1,11.5,1,85.5
11814,2024,2,8.0,0,69.8
11814,2025,0,7.5,1,83.2
11815,2022,1,10.3,1,56.3
11815,2023,1,11.2,1,68.4
11815,2024,0,4.8,1,73.1
11815,2025,0,6.1,1,60.2
11816,2022,3,20.0,0,87.7
11816,2023,2,10.4,0,69.2
11816,2024,0,6.2,0,95.4
11816,2025,2,2.7,0,64.9
11817,2022,0,12.0,0,31.9
11817,2023,2,16.4,0,51.1
11817,2024,0,7.1,1,75.0
11817,2025,2,8.9,0,93.6
11818,2022,2,24.0,1,66.9
11818,2023,1,14.5,0,61.3
11818,2024,2,12.6,0,40.8
11818,2025,1,8.7,1,47.7
11819,2022,1,16.1,0,33.2
11819,2023,0,23.2,0,75.7
11819,2024,1,7.1,1,85.9
11819,2025,2,19.3,1,48.9
11820,2022,3,8.0,1,49.5
11820,2023,3,5.7,1,61.7
11820,2024,0,15.1,1,44.6
11820,2025,2,5.5,1,64.0
11821,2022,1,13.9,0,88.0
11821,2023,1,18.1,1,76.1
11821,2024,3,12.7,0,46.0
11821,2025,1,0.8,0,44.9
11822,2022,1,11.1,1,56.7
11822,2023,2,4.8,0,92.3
11822,2024,3,20.5,0,83.6
11822,2025,2,16.4,0,56.6
11823,2022,0,24.7,0,31.6
11823,2023,0,21.2,0,57.7
11823,2024,2,11.5,1,45.6
11823,2025,2,18.2,1,49.8
11824,2022,3,18.4,1,39.7
11824,2023,3,14.0,1,76.2
11824,2024,1,9.4,1,38.2
11824,2025,1,14.1,0,72.9
11825,2022,0,16.8,1,75.2
11825,2023,0,15.8,1,42.4
11825,2024,0,10.0,1,89.6
11825,2025,3,15.3,1,43.7
11826,2022,3,6.6,0,71.0
11826,2023,2,18.0,1,43.3
11826,2024,0,16.6,1,84.4
11826,2025,3,10.8,1,73.3
11827,2022,2,10.3,0,65.4
11827,2023,2,13.9,0,53.8
11827,2024,3,4.5,0,53.0
11827,2025,0,6.2,0,66.8
11828,2022,2,13.4,1,75.5
11828,2023,2,17.0,0,43.1
11828,2024,0,5.7,1,85.0
11828,2025,0,3.7,1,67.8
11829,2022,0,17.2,0,57.1
11829,2023,0,17.1,1,34.0
11829,2024,1,3.7,0,43.5
11829,2025,3,1.2,1,64.9
11830,2022,3,7.9,1,88.9
11830,2023,1,21.5,0,48.0
11830,2024,1,15.5,1,36.6
11830,2025,3,18.9,0,65.2
11831,2022,0,18.3,0,31.0
11831,2023,1,22.8,1,53.2
11831,2024,0,10.8,0,57.2
11831,2025,1,12.5,1,39.1
11832,2022,2,17.0,0,76.8
11832,2023,0,3.6,1,87.8
11832,2024,1,2.5,1,95.9
11832,2025,1,3.4,1,69.5
11833,2022,0,15.2,1,48.4
11833,2023,2,12.1,1,76.0
11833,2024,3,12.8,1,80.2
11833,2025,1,16.5,0,61.8
11834,2022,0,21.4,0,63.9
11834,2023,1,23.0,0,82.3
11834,2024,3,13.2,1,47.4
11834,2025,2,7.4,1,40.2
11835,2022,0,11.2,1,62.4
11835,2023,3,10.3,0,72.9
11835,2024,1,8.5,1,70.5
11835,2025,3,8.4,1,74.8
11836,2022,3,6.5,1,53.6
11836,2023,3,16.2,1,72.1
11836,2024,1,13.4,1,38.6
11836,2025,0,9.7,1,48.1
11837,2022,3,6.6,0,56.7
11837,2023,2,5.4,0,89.6
11837,2024,1,12.9,0,74.7
11837,2025,2,1.2,0,60.3
11838,2022,0,19.5,0,57.5
11838,2023,1,23.4,1,83.7
11838,2024,3,13.9,1,68.5
11838,2025,1,15.0,1,41.9
11839,2022,2,13.8,1,55.0
11839,2023,3,16.8,1,56.3
11839,2024,2,15.0,0,90.0
11839,2025,2,17.0,0,57.3
11840,2022,0,19.2,1,33.9
11840,2023,2,18.5,1,54.3
11840,2024,1,13.1,0,38.6
11840,2025,0,10.2,1,88.9
11841,2022,0,14.2,1,65.4
11841,2023,3,11.3,1,61.2
11841,2024,0,7.3,0,57.6
11841,2025,1,1.2,1,64.1
11842,2022,2,18.4,1,77.3
11842,2023,0,21.5,0,43.8
11842,2024,0,20.6,0,40.3
11842,2025,1,12.1,1,72.7
11843,2022,1,6.9,0,81.5
11843,2023,3,21.1,0,66.7
11843,2024,3,17.0,1,83.8
11843,2025,3,5.5,0,92.6
11844,2022,2,21.1,1,34.6
11844,2023,2,12.9,1,68.4
11844,2024,3,19.8,0,86.0
11844,2025,2,5.5,0,77.6
11845,2022,1,21.0,1,65.5
11845,2023,0,17.7,1,80.3
11845,2024,0,2.3,1,78.4
11845,2025,1,11.8,0,69.1
11846,2022,2,19.3,1,32.6
11846,2023,3,6.6,1,69.8
11846,2024,0,12.6,0,48.8
11846,2025,3,6.6,0,54.2
11847,2022,0,18.9,0,70.8
11847,2023,1,14.3,1,60.2
11847,2024,2,14.4,0,79.0
11847,2025,0,2.0,0,62.6
11848,2022,2,7.8,0,82.2
11848,2023,1,14.5,1,58.6
11848,2024,1,5.6,0,65.6
11848,2025,2,10.5,0,46.6
11849,2022,0,18.8,1,60.2
11849,2023,0,19.7,1,47.4
11849,2024,0,4.9,0,81.8
11849,2025,3,15.3,0,81.8
11850,2022,3,12.3,1,31.0
11850,2023,2,17.1,0,62.6
11850,2024,2,4.9,1,38.7
11850,2025,0,10.8,1,73.2
11851,2022,1,21.8,1,84.1
11851,2023,3,5.6,0,85.0
11851,2024,1,18.6,1,50.6
11851,2025,0,9.6,0,47.4
11852,2022,2,21.5,1,77.5
11852,2023,0,22.7,1,65.8
11852,2024,1,5.2,0,61.4
11852,2025,1,14.0,1,87.6
11853,2022,3,9.7,1,45.2
11853,2023,3,6.2,1,46.5
11853,2024,3,14.6,0,72.7
11853,2025,3,2.7,1,55.4
11854,2022,1,14.3,1,55.6
11854,2023,3,16.2,1,60.3
11854,2024,0,12.0,0,48.3
11854,2025,0,14.4,1,42.7
11855,2022,1,21.0,1,76.0
11855,2023,1,20.9,0,80.0
11855,2024,1,13.2,0,71.9
11855,2025,1,6.0,1,47.9
11856,2022,2,15.2,1,58.6
11856,2023,0,11.3,0,43.7
11856,2024,2,6.5,0,88.9
11856,2025,1,11.1,1,80.8
11857,2022,1,5.5,1,31.9
11857,2023,3,15.6,0,33.1
11857,2024,2,18.4,1,95.0
11857,2025,2,20.5,1,41.4
11858,2022,2,23.4,0,82.0
11858,2023,3,5.3,1,90.3
11858,2024,1,5.2,1,54.5
11858,2025,0,3.3,0,71.4
11859,2022,0,16.2,0,68.8
11859,2023,2,4.4,1,64.2
11859,2024,3,20.7,1,48.8
11859,2025,3,1.7,1,73.9
11860,2022,2,12.8,0,45.5
11860,2023,2,21.4,0,42.9
11860,2024,1,21.0,0,66.3
11860,2025,2,9.8,1,61.3
11861,2022,1,14.8,1,31.6
11861,2023,3,16.2,1,90.0
11861,2024,0,10.2,1,38.4
11861,2025,1,7.0,0,93.2
11862,2022,2,19.8,0,41.4
11862,2023,1,15.4,1,41.5
11862,2024,3,11.6,1,40.1
11862,2025,3,2.5,1,64.5
11863,2022,1,6.4,1,65.2
11863,2023,1,13.7,1,87.2
11863,2024,1,14.4,0,83.0
11863,2025,1,13.7,0,48.6
11864,2022,3,22.9,0,40.1
11864,2023,3,19.8,1,33.5
11864,2024,1,4.8,0,77.3
11864,2025,0,16.4,0,40.0
11865,2022,3,18.5,1,38.3
11865,2023,3,20.1,0,71.1
11865,2024,0,18.9,1,45.0
11865,2025,0,7.4,0,48.2
11866,2022,2,10.3,1,44.0
11866,2023,0,14.6,0,56.1
11866,2024,2,8.0,0,36.5
11866,2025,0,7.5,1,83.8
11867,2022,1,6.4,1,76.4
11867,2023,1,23.3,1,55.0
11867,2024,0,8.2,1,83.9
11867,2025,0,16.1,1,56.1
11868,2022,2,24.9,0,89.1
11868,2023,2,22.9,1,56.9
11868,2024,2,14.7,0,76.1
11868,2025,3,11.3,0,58.3
11869,2022,1,11.2,1,57.0
11869,2023,0,20.7,1,71.7
11869,2024,2,8.8,1,56.9
11869,2025,0,2.6,1,78.4
11870,2022,0,10.9,1,38.8
11870,2023,3,9.8,0,62.0
11870,2024,0,16.4,0,52.4
11870,2025,3,3.9,1,94.2
11871,2022,3,11.3,1,79.5
11871,2023,3,5.0,0,62.2
11871,2024,1,19.0,0,63.2
11871,2025,3,15.0,1,89.0
11872,2022,1,13.7,0,71.4
11872,2023,3,12.1,1,74.0
11872,2024,3,5.3,0,68.9
11872,2025,3,8.2,0,90.7
11873,2022,3,23.1,1,41.4
11873,2023,2,6.3,1,84.7
11873,2024,0,17.3,1,67.2
11873,2025,3,1.4,1,76.3
11874,2022,2,11.2,1,87.7
11874,2023,0,20.4,1,58.5
11874,2024,0,10.9,0,76.1
11874,2025,0,14.6,0,70.3
11875,2022,1,7.1,1,85.9
11875,2023,3,17.2,0,62.3
11875,2024,1,18.4,1,51.4
11875,2025,0,16.6,1,68.0
11876,2022,2,13.8,1,85.0
11876,2023,2,21.6,1,63.0
11876,2024,1,13.5,0,44.8
11876,2025,3,16.9,1,71.5
11877,2022,0,9.3,0,53.3
11877,2023,3,7.7,1,72.0
11877,2024,1,17.1,0,50.5
11877,2025,2,13.4,1,58.3
11878,2022,2,18.5,1,61.0
11878,2023,1,8.2,1,40.1
11878,2024,0,10.0,0,48.6
11878,2025,1,5.7,1,87.1
11879,2022,1,6.4,1,86.4
11879,2023,1,7.6,1,91.2
11879,2024,0,21.9,0,92.2
11879,2025,0,5.2,1,95.5
11880,2022,2,8.2,0,79.3
11880,2023,3,17.4,1,77.1
11880,2024,0,14.0,1,49.9
11880,2025,0,15.4,0,65.5
11881,2022,0,18.1,1,53.9
11881,2023,1,8.0,1,76.8
11881,2024,3,12.0,0,64.5
11881,2025,2,4.0,1,60.6
11882,2022,2,10.1,0,78.8
11882,2023,1,23.2,1,78.0
11882,2024,2,16.6,0,58.1
11882,2025,1,16.2,1,64.2
11883,2022,1,5.6,0,83.6
11883,2023,0,11.1,0,77.0
11883,2024,0,13.1,0,77.4
11883,2025,0,3.5,1,81.7
11884,2022,3,22.0,1,36.1
11884,2023,3,6.3,1,66.8
11884,2024,2,14.7,0,53.5
11884,2025,3,11.6,0,44.1
11885,2022,0,22.0,1,73.9
11885,2023,3,9.7,0,51.3
11885,2024,2,7.7,0,54.6
11885,2025,0,17.4,1,77.4
11886,2022,3,9.4,1,70.0
11886,2023,0,18.4,0,61.4
11886,2024,2,5.8,0,69.4
11886,2025,2,18.0,0,89.9
11887,2022,0,21.8,1,36.4
11887,2023,1,19.2,0,36.9
11887,2024,2,11.8,1,75.4
11887,2025,3,1.2,1,75.2
11888,2022,2,7.6,0,41.2
11888,2023,0,12.6,0,64.3
11888,2024,0,2.9,0,80.7
11888,2025,2,1.8,0,82.9
11889,2022,0,7.5,1,65.7
11889,2023,1,8.7,1,40.8
11889,2024,2,17.0,1,54.2
11889,2025,1,1.5,1,63.3
11890,2022,2,24.7,1,77.3
11890,2023,1,9.0,0,65.6
11890,2024,3,8.4,0,80.0
11890,2025,0,5.5,1,94.4
11891,2022,0,17.0,0,67.4
11891,2023,2,3.9,0,47.2
11891,2024,2,3.9,0,44.4
11891,2025,1,2.5,1,39.0
11892,2022,0,18.3,0,40.5
11892,2023,0,10.1,1,49.2
11892,2024,1,10.7,1,52.2
11892,2025,3,19.5,0,79.0
11893,2022,3,9.0,1,39.0
11893,2023,3,4.9,1,59.1
11893,2024,2,10.8,0,36.3
11893,2025,1,3.8,1,54.7
11894,2022,1,7.9,1,32.5
11894,2023,3,11.7,1,75.6
11894,2024,1,15.4,0,57.3
11894,2025,1,5.4,0,67.8
11895,2022,3,22.5,0,75.7
11895,2023,2,10.7,0,84.8
11895,2024,1,20.7,1,67.0
11895,2025,0,10.3,0,78.0
11896,2022,2,19.5,0,74.2
11896,2023,1,20.5,0,50.1
11896,2024,1,12.6,0,78.4
11896,2025,0,17.5,1,78.2
11897,2022,1,12.6,1,56.6
11897,2023,0,10.8,1,53.4
11897,2024,0,17.9,0,94.4
11897,2025,1,5.3,1,98.2
11898,2022,2,19.3,1,71.7
11898,2023,2,5.0,1,56.0
11898,2024,1,14.7,0,81.1
11898,2025,1,19.3,1,79.8
11899,2022,3,14.1,1,62.7
11899,2023,3,11.8,1,40.9
11899,2024,3,12.8,0,92.8
11899,2025,2,14.9,0,53.0
11900,2022,3,12.2,0,53.6
11900,2023,1,3.5,0,53.5
11900,2024,1,12.0,1,45.2
11900,2025,0,8.9,0,40.5
11901,2022,2,15.7,1,85.8
11901,2023,3,17.8,1,77.4
11901,2024,0,7.7,0,37.2
11901,2025,2,10.6,1,80.3
11902,2022,0,10.1,1,37.8
11902,2023,2,12.7,0,76.4
11902,2024,2,8.9,1,66.3
11902,2025,0,7.9,0,97.7
11903,2022,3,16.6,1,55.9
11903,2023,1,17.3,0,77.9
11903,2024,3,2.3,1,38.5
11903,2025,2,18.0,1,95.1
11904,2022,1,12.3,1,63.7
11904,2023,1,16.4,0,51.9
11904,2024,3,4.4,0,43.6
11904,2025,3,11.9,0,77.4
11905,2022,3,18.6,0,74.8
11905,2023,0,6.6,1,38.1
11905,2024,1,20.2,0,45.9
11905,2025,1,15.6,1,62.1
11906,2022,2,15.7,0,81.1
11906,2023,2,6.8,0,92.0
11906,2024,2,19.3,0,80.7
11906,2025,3,1.9,1,39.3
11907,2022,1,7.3,1,84.2
11907,2023,3,17.5,1,34.6
11907,2024,3,7.1,0,89.8
11907,2025,2,9.7,0,63.6
11908,2022,2,15.8,1,74.5
11908,2023,2,12.7,1,38.2
11908,2024,0,3.7,0,45.9
11908,2025,1,15.2,1,66.0
11909,2022,3,9.8,1,32.3
11909,2023,0,18.3,0,56.4
11909,2024,0,19.3,1,81.1
11909,2025,0,11.2,1,78.3
11910,2022,2,19.1,1,51.1
11910,2023,0,4.2,0,33.5
11910,2024,1,2.7,0,52.2
11910,2025,0,4.4,0,85.6
11911,2022,0,12.2,0,50.4
11911,2023,3,7.2,1,55.6
11911,2024,1,14.7,1,40.5
11911,2025,2,6.0,1,75.1
11912,2022,3,21.9,0,67.3
11912,2023,3,14.7,1,58.9
11912,2024,3,9.6,1,81.6
11912,2025,0,18.4,1,91.6
11913,2022,1,21.6,1,75.0
11913,2023,0,19.9,0,65.7
11913,2024,3,16.6,1,92.1
11913,2025,0,12.8,0,61.9
11914,2022,2,12.3,0,69.3
11914,2023,1,12.0,0,67.5
11914,2024,3,14.9,1,86.5
11914,2025,3,4.0,0,69.0
11915,2022,0,21.6,0,63.2
11915,2023,0,22.3,1,60.2
11915,2024,3,4.0,1,44.4
11915,2025,3,0.9,1,92.2
11916,2022,1,7.9,0,81.7
11916,2023,0,18.7,1,75.1
11916,2024,2,4.2,1,56.9
11916,2025,1,7.9,0,60.3
11917,2022,2,6.3,1,32.2
11917,2023,1,12.2,1,37.7
11917,2024,3,14.1,1,66.8
11917,2025,0,13.1,1,42.0
11918,2022,1,15.4,0,36.0
11918,2023,3,22.3,1,48.1
11918,2024,3,12.6,0,58.4
11918,2025,1,17.7,1,68.4
11919,2022,1,24.9,1,49.5
11919,2023,0,8.1,1,89.4
11919,2024,3,7.3,0,93.1
11919,2025,3,10.9,1,42.4
11920,2022,0,8.6,1,89.1
11920,2023,3,14.8,1,43.4
11920,2024,2,15.7,0,55.9
11920,2025,3,1.7,1,89.2
11921,2022,2,18.6,1,71.3
11921,2023,0,6.7,1,36.5
11921,2024,0,8.0,0,82.5
11921,2025,1,15.3,0,78.8
11922,2022,0,8.3,1,87.0
11922,2023,2,14.1,1,87.6
11922,2024,0,13.8,1,94.5
11922,2025,2,3.8,0,66.3
11923,2022,0,10.5,1,72.4
11923,2023,3,15.6,0,90.7
11923,2024,0,11.2,0,36.1
11923,2025,1,13.7,1,86.3
11924,2022,2,22.1,1,33.2
11924,2023,0,6.2,0,92.9
11924,2024,3,3.4,1,36.8
11924,2025,1,13.8,0,72.3
11925,2022,3,20.4,0,61.3
11925,2023,1,12.5,0,51.3
11925,2024,3,9.9,0,79.9
11925,2025,3,12.4,0,54.4
11926,2022,2,16.0,1,47.4
11926,2023,3,13.3,1,43.8
11926,2024,1,18.4,0,78.8
11926,2025,3,4.0,0,49.2
11927,2022,2,18.6,1,83.9
11927,2023,3,18.3,0,50.3
11927,2024,2,20.0,0,67.1
11927,2025,2,19.4,1,67.5
11928,2022,1,15.2,0,72.1
11928,2023,3,12.2,1,47.0
11928,2024,1,12.1,0,86.3
11928,2025,2,15.2,1,83.3
11929,2022,1,5.3,1,50.6
11929,2023,1,7.0,1,40.2
11929,2024,2,20.2,1,66.3
11929,2025,2,4.4,1,97.8
11930,2022,1,9.6,0,31.5
11930,2023,3,22.3,0,83.7
11930,2024,2,7.9,1,78.0
11930,2025,2,6.3,1,50.0
11931,2022,3,23.5,1,58.6
11931,2023,0,11.0,1,70.7
11931,2024,2,11.9,0,77.8
11931,2025,0,11.7,0,94.3
11932,2022,3,22.4,0,82.4
11932,2023,3,5.1,0,52.7
11932,2024,3,7.2,0,43.2
11932,2025,3,12.2,1,45.3
11933,2022,1,13.7,0,88.1
11933,2023,1,9.1,0,90.3
11933,2024,0,10.2,0,85.2
11933,2025,3,19.8,1,97.8
11934,2022,0,5.4,0,46.5
11934,2023,0,6.4,1,82.5
11934,2024,3,2.4,1,66.1
11934,2025,0,12.4,1,87.0
11935,2022,0,5.3,1,66.6
11935,2023,0,12.6,1,83.8
11935,2024,0,19.2,1,59.8
11935,2025,1,2.4,0,98.3
11936,2022,0,12.3,1,43.2
11936,2023,3,11.1,1,73.4
11936,2024,0,9.2,1,84.2
11936,2025,3,15.0,0,74.1
11937,2022,3,5.1,1,47.4
11937,2023,1,19.1,1,66.7
11937,2024,1,18.8,1,66.3
11937,2025,0,9.1,1,50.4
11938,2022,0,22.7,0,75.8
11938,2023,2,11.1,1,49.0
11938,2024,0,15.9,0,85.9
11938,2025,2,8.3,1,51.9
11939,2022,2,5.8,1,60.1
11939,2023,1,5.2,1,74.7
11939,2024,3,10.8,1,95.7
11939,2025,2,20.3,1,55.3
11940,2022,0,8.6,1,68.1
11940,2023,2,21.4,0,42.2
11940,2024,1,20.4,1,85.2
11940,2025,2,8.7,1,90.7
11941,2022,2,14.2,1,83.3
11941,2023,2,13.6,0,89.7
11941,2024,2,17.4,1,57.3
11941,2025,2,3.0,1,79.0
11942,2022,2,11.6,0,48.9
11942,2023,2,6.9,0,81.2
11942,2024,1,19.6,0,60.9
11942,2025,0,1.9,0,72.3
11943,2022,1,20.0,1,38.0
11943,2023,2,12.3,0,84.0
11943,2024,2,16.3,1,65.0
11943,2025,3,18.3,0,77.4
11944,2022,1,11.8,1,70.2
11944,2023,2,8.0,0,49.5
11944,2024,3,15.0,1,83.7
11944,2025,1,20.5,0,89.0
11945,2022,2,19.6,0,60.9
11945,2023,3,19.4,0,87.1
11945,2024,3,14.6,1,45.7
11945,2025,2,7.9,1,63.9
11946,2022,0,18.1,1,32.7
11946,2023,2,6.1,1,56.9
11946,2024,3,11.8,0,95.8
11946,2025,0,12.0,0,66.8
11947,2022,0,23.1,1,55.2
11947,2023,1,21.9,1,74.3
11947,2024,0,3.2,0,38.9
11947,2025,3,13.1,1,60.2
11948,2022,3,20.9,1,62.0
11948,2023,1,14.2,0,62.0
11948,2024,3,3.9,1,74.5
11948,2025,3,5.2,1,47.3
11949,2022,3,11.3,0,54.2
11949,2023,1,16.8,1,71.0
11949,2024,0,3.3,0,54.1
11949,2025,1,11.5,1,75.8
11950,2022,0,7.2,1,87.5
11950,2023,3,11.4,0,88.8
11950,2024,2,10.5,0,79.5
11950,2025,1,9.5,1,49.7
11951,2022,0,19.2,1,77.1
11951,2023,0,5.1,1,59.8
11951,2024,3,7.4,0,93.1
11951,2025,0,13.3,1,75.7
11952,2022,3,23.9,0,43.1
11952,2023,3,15.9,0,51.7
11952,2024,3,19.7,0,55.1
11952,2025,0,19.9,1,55.6
11953,2022,2,22.7,0,76.3
11953,2023,1,22.9,0,53.2
11953,2024,0,17.5,0,47.7
11953,2025,1,18.2,1,74.8
11954,2022,0,14.8,1,57.9
11954,2023,3,10.4,1,34.3
11954,2024,1,22.0,1,52.7
11954,2025,3,2.5,0,41.3
11955,2022,0,24.2,1,76.0
11955,2023,0,12.1,1,90.1
11955,2024,2,2.4,1,66.0
11955,2025,1,16.6,1,72.5
11956,2022,0,13.9,1,80.7
11956,2023,0,19.5,0,34.1
11956,2024,2,2.9,1,45.7
11956,2025,2,20.0,0,78.3
11957,2022,2,18.4,0,74.5
11957,2023,3,4.5,1,70.6
11957,2024,2,2.1,1,92.4
11957,2025,2,12.4,0,62.5
11958,2022,1,24.5,0,63.3
11958,2023,3,14.0,0,90.4
11958,2024,3,9.1,0,90.0
11958,2025,0,19.3,1,40.8
11959,2022,1,24.7,1,51.1
11959,2023,2,19.2,1,77.3
11959,2024,3,16.4,1,36.1
11959,2025,0,0.5,0,90.8
11960,2022,1,11.3,1,60.1
11960,2023,2,22.0,1,38.2
11960,2024,1,9.4,1,62.5
11960,2025,1,7.2,0,68.6
11961,2022,2,15.7,1,52.0
11961,2023,0,12.5,0,60.3
11961,2024,2,19.2,1,89.5
11961,2025,3,2.1,0,58.4
11962,2022,2,18.2,0,87.7
11962,2023,1,17.4,1,74.2
11962,2024,0,19.6,0,89.8
11962,2025,2,8.8,1,51.5
11963,2022,3,10.9,0,59.5
11963,2023,0,16.0,0,66.9
11963,2024,1,16.5,1,41.1
11963,2025,2,3.9,0,68.6
11964,2022,0,8.2,0,81.7
11964,2023,0,8.8,0,36.1
11964,2024,1,7.0,0,74.5
11964,2025,0,15.5,0,98.3
11965,2022,0,15.6,1,61.6
11965,2023,3,14.5,0,51.2
11965,2024,0,2.3,1,71.1
11965,2025,2,20.4,0,71.5
11966,2022,3,21.6,1,36.3
11966,2023,3,12.4,0,45.9
11966,2024,2,3.3,0,76.2
11966,2025,3,14.4,0,74.6
11967,2022,1,15.7,0,50.7
11967,2023,1,17.1,0,91.7
11967,2024,2,15.6,1,74.7
11967,2025,0,3.6,1,52.8
11968,2022,3,11.6,1,58.3
11968,2023,2,3.9,0,75.7
11968,2024,3,21.6,0,76.3
11968,2025,1,16.6,1,53.8
11969,2022,1,23.6,1,68.9
11969,2023,2,4.4,0,53.0
11969,2024,3,12.0,1,63.5
11969,2025,1,15.4,0,79.1
11970,2022,3,7.1,1,64.9
11970,2023,1,19.0,1,75.8
11970,2024,1,15.0,0,58.9
11970,2025,1,20.2,1,84.1
11971,2022,1,7.8,1,30.9
11971,2023,0,16.1,0,44.3
11971,2024,2,20.9,1,94.4
11971,2025,3,15.4,0,44.2
11972,2022,1,11.7,0,69.7
11972,2023,1,5.9,0,88.0
11972,2024,1,21.3,1,87.6
11972,2025,2,1.9,1,93.8
11973,2022,3,24.5,0,89.0
11973,2023,2,9.6,1,54.4
11973,2024,2,19.2,1,55.8
11973,2025,1,11.6,1,46.3
11974,2022,3,23.3,1,42.1
11974,2023,1,12.0,1,72.2
11974,2024,2,19.0,1,55.9
11974,2025,0,5.3,0,59.5
11975,2022,0,14.3,1,68.8
11975,2023,2,20.4,0,39.3
11975,2024,1,4.4,1,39.4
11975,2025,1,15.1,1,87.2
11976,2022,3,13.7,1,77.4
11976,2023,3,13.8,0,56.1
11976,2024,0,13.6,0,71.6
11976,2025,1,6.0,0,53.3
11977,2022,2,6.9,1,52.1
11977,2023,1,3.9,0,35.2
11977,2024,1,10.6,0,52.4
11977,2025,2,5.9,1,40.0
11978,2022,0,17.7,0,55.4
11978,2023,2,17.8,0,64.2
11978,2024,1,12.1,1,65.7
11978,2025,2,12.9,1,59.4
11979,2022,3,16.2,1,42.4
11979,2023,3,3.6,1,60.3
11979,2024,3,18.8,0,88.2
11979,2025,3,1.7,0,98.0
11980,2022,2,13.2,1,48.8
11980,2023,0,5.7,1,91.5
11980,2024,0,15.2,0,62.1
11980,2025,3,7.0,0,75.8
11981,2022,1,6.4,1,78.2
11981,2023,2,4.4,1,54.6
11981,2024,1,6.7,1,48.5
11981,2025,3,13.8,0,55.4
11982,2022,2,19.4,1,80.3
11982,2023,3,6.1,1,89.1
11982,2024,2,4.8,0,43.7
11982,2025,3,12.4,0,80.7
11983,2022,0,24.1,0,32.1
11983,2023,2,14.6,0,85.5
11983,2024,0,16.2,0,87.4
11983,2025,3,12.0,0,85.5
11984,2022,2,7.1,1,79.5
11984,2023,1,22.4,1,69.3
11984,2024,1,3.4,1,44.8
11984,2025,2,15.7,1,93.9
11985,2022,0,24.6,0,38.5
11985,2023,3,9.9,0,46.5
11985,2024,0,5.4,0,62.0
11985,2025,0,11.8,0,68.9
11986,2022,2,20.9,0,35.8
11986,2023,1,22.5,0,78.7
11986,2024,3,15.9,0,44.2
11986,2025,0,7.2,1,78.3
11987,2022,1,14.9,1,57.1
11987,2023,0,18.7,0,81.7
11987,2024,2,17.8,1,53.7
11987,2025,2,2.0,0,89.2
11988,2022,0,17.3,0,45.1
11988,2023,1,22.8,1,67.5
11988,2024,0,17.7,1,65.2
11988,2025,3,0.6,0,60.2
11989,2022,0,9.5,0,30.7
11989,2023,3,12.4,1,56.9
11989,2024,0,16.1,1,43.1
11989,2025,3,11.6,0,52.5
11990,2022,1,6.5,0,71.3
11990,2023,0,18.3,0,67.3
11990,2024,0,18.8,1,67.6
11990,2025,3,4.6,0,72.8
11991,2022,2,6.3,1,37.2
11991,2023,1,19.3,1,42.9
11991,2024,2,14.8,1,68.6
11991,2025,2,16.6,1,63.4
11992,2022,0,16.3,0,57.8
11992,2023,0,12.1,1,85.7
11992,2024,0,21.3,0,47.1
11992,2025,2,16.1,0,93.6
11993,2022,1,13.2,0,81.4
11993,2023,3,21.7,1,87.1
11993,2024,3,21.9,1,74.5
11993,2025,3,6.7,0,90.8
11994,2022,1,22.8,0,89.5
11994,2023,2,4.4,0,61.3
11994,2024,2,6.3,0,87.7
11994,2025,1,3.7,1,93.2
11995,2022,0,12.1,1,48.6
11995,2023,1,14.8,1,59.6
11995,2024,2,16.4,0,70.4
11995,2025,3,18.6,1,59.9
11996,2022,3,8.2,0,49.3
11996,2023,3,15.1,0,55.8
11996,2024,0,13.1,1,61.4
11996,2025,0,9.7,1,54.1
11997,2022,1,18.9,0,58.4
11997,2023,3,13.8,0,79.7
11997,2024,0,13.0,0,73.5
11997,2025,2,18.6,1,61.8
11998,2022,1,22.2,0,39.4
11998,2023,2,15.0,1,82.4
11998,2024,2,5.1,0,66.7
11998,2025,3,19.7,0,97.3
11999,2022,2,17.5,1,45.2
11999,2023,3,19.6,1,43.5
11999,2024,1,3.1,0,36.5
11999,2025,2,18.4,0,44.0
12000,2022,3,18.9,1,53.1
12000,2023,2,17.2,0,44.9
12000,2024,0,4.2,0,38.3
12000,2025,0,14.8,1,52.5
12001,2022,2,6.5,1,73.7
12001,2023,0,4.6,0,77.1
12001,2024,1,8.5,0,45.0
12001,2025,0,1.0,0,95.2
12002,2022,1,8.2,1,39.5
12002,2023,3,18.0,1,38.4
12002,2024,1,18.7,0,45.8
12002,2025,3,4.1,1,47.4
12003,2022,0,21.5,1,67.9
12003,2023,3,13.1,0,42.4
12003,2024,0,21.2,1,74.1
12003,2025,3,3.3,0,55.6
12004,2022,1,6.1,1,44.9
12004,2023,2,20.4,0,86.8
12004,2024,2,9.2,0,48.9
12004,2025,2,9.6,1,90.9
12005,2022,3,15.2,0,48.2
12005,2023,2,20.0,0,92.5
12005,2024,0,3.5,1,94.9
12005,2025,0,11.5,1,88.7
12006,2022,1,13.6,1,82.1
12006,2023,3,10.3,1,82.4
12006,2024,1,9.0,0,73.8
12006,2025,2,19.1,1,87.5
12007,2022,3,10.4,0,67.7
12007,2023,1,12.6,1,83.5
12007,2024,0,11.9,0,92.1
12007,2025,2,14.9,1,84.2
12008,2022,2,15.4,0,87.9
12008,2023,2,15.9,1,59.9
12008,2024,1,10.0,0,91.5
12008,2025,2,14.9,0,52.6
12009,2022,0,14.3,1,31.9
12009,2023,2,8.0,0,40.7
12009,2024,1,18.3,0,45.6
12009,2025,1,15.8,1,88.5
12010,2022,2,17.5,0,54.1
12010,2023,2,13.9,1,47.0
12010,2024,1,6.2,0,84.7
12010,2025,0,17.9,1,51.1
12011,2022,0,6.9,0,34.7
12011,2023,2,11.2,0,61.0
12011,2024,2,19.1,0,40.2
12011,2025,2,12.4,1,55.7
12012,2022,1,13.8,0,72.0
12012,2023,3,19.3,1,55.5
12012,2024,3,21.8,0,41.2
12012,2025,1,4.3,0,63.2
12013,2022,2,6.0,0,60.8
12013,2023,3,12.8,0,48.0
12013,2024,1,7.7,1,46.3
12013,2025,1,13.8,0,84.7
12014,2022,0,14.9,1,34.1
12014,2023,1,13.5,0,90.4
12014,2024,2,9.1,0,36.5
12014,2025,0,4.7,1,78.1
12015,2022,3,9.3,0,38.0
12015,2023,1,11.2,0,65.8
12015,2024,0,15.6,1,47.2
12015,2025,1,7.2,0,41.1
12016,2022,1,11.5,0,81.6
12016,2023,0,12.0,1,58.4
12016,2024,3,21.8,1,52.5
12016,2025,1,2.3,1,95.8
12017,2022,2,10.9,0,34.9
12017,2023,3,9.3,1,53.9
12017,2024,3,21.5,0,46.6
12017,2025,1,8.6,0,98.5
12018,2022,3,16.3,0,62.8
12018,2023,0,7.5,0,81.7
12018,2024,0,2.3,1,45.8
12018,2025,3,7.3,0,57.3
12019,2022,1,17.8,0,67.2
12019,2023,2,17.3,0,43.7
12019,2024,1,17.1,0,66.0
12019,2025,1,17.7,0,94.9
12020,2022,1,7.3,1,85.8
12020,2023,3,5.2,1,54.3
12020,2024,3,17.8,1,67.0
12020,2025,1,9.2,1,50.9
12021,2022,2,23.9,1,88.7
12021,2023,1,22.4,0,64.2
12021,2024,2,4.8,1,48.4
12021,2025,1,14.3,0,89.7
12022,2022,2,6.3,0,55.2
12022,2023,1,11.6,1,71.2
12022,2024,0,18.8,0,86.6
12022,2025,3,9.7,1,57.6
12023,2022,1,5.7,1,64.7
12023,2023,3,8.3,1,36.4
12023,2024,1,3.7,0,50.1
12023,2025,3,8.7,0,47.3
12024,2022,0,18.9,1,68.7
12024,2023,3,16.7,0,48.3
12024,2024,0,16.4,0,81.6
12024,2025,3,8.2,1,84.7
12025,2022,1,10.3,1,77.1
12025,2023,2,4.6,0,41.0
12025,2024,3,20.8,0,67.6
12025,2025,0,2.9,0,79.7
12026,2022,0,8.6,0,49.4
12026,2023,3,4.0,0,48.6
12026,2024,0,8.3,0,79.1
12026,2025,0,16.9,0,60.1
12027,2022,0,11.6,1,44.9
12027,2023,0,16.8,0,66.8
12027,2024,3,21.3,0,73.2
12027,2025,1,18.4,0,85.6
12028,2022,1,8.6,1,32.5
12028,2023,0,10.7,0,43.5
12028,2024,2,17.0,1,82.6
12028,2025,3,20.1,1,70.9
12029,2022,3,19.3,1,78.4
12029,2023,2,8.5,1,59.9
12029,2024,3,4.7,0,63.6
12029,2025,2,10.4,1,61.7
12030,2022,1,8.9,0,71.5
12030,2023,1,8.1,0,68.4
12030,2024,1,14.7,0,59.6
12030,2025,1,10.8,1,50.3
12031,2022,0,7.4,0,30.1
12031,2023,0,6.6,0,38.5
12031,2024,3,2.4,0,42.5
12031,2025,2,4.9,0,73.2
12032,2022,2,22.7,1,75.6
12032,2023,0,19.4,0,60.4
12032,2024,2,10.3,1,60.9
12032,2025,1,15.3,0,46.9
12033,2022,2,13.1,1,84.1
12033,2023,1,19.3,0,77.1
12033,2024,3,5.6,1,61.0
12033,2025,2,3.6,1,44.8
12034,2022,1,6.6,0,80.8
12034,2023,3,8.3,1,43.2
12034,2024,3,4.9,0,76.4
12034,2025,3,16.5,1,59.4
12035,2022,2,9.8,0,81.6
12035,2023,1,13.8,0,68.2
12035,2024,0,17.1,0,49.6
12035,2025,0,14.0,0,39.8
12036,2022,1,9.1,0,42.7
12036,2023,3,5.0,1,54.9
12036,2024,0,20.2,1,78.5
12036,2025,2,12.9,1,52.0
12037,2022,3,19.1,0,45.7
12037,2023,0,11.2,1,59.1
12037,2024,1,6.8,1,38.6
12037,2025,0,11.1,0,85.1
12038,2022,2,6.6,1,34.7
12038,2023,1,19.5,1,77.2
12038,2024,0,15.1,0,52.1
12038,2025,0,15.7,1,66.6
12039,2022,0,16.4,1,54.6
12039,2023,3,15.1,0,48.2
12039,2024,3,14.0,0,51.3
12039,2025,2,16.2,0,95.9
12040,2022,0,9.5,1,48.3
12040,2023,2,17.1,1,44.0
12040,2024,1,13.1,0,51.0
12040,2025,2,10.4,1,80.7
12041,2022,3,15.8,0,48.5
12041,2023,0,8.9,1,43.3
12041,2024,3,2.7,0,60.9
12041,2025,1,15.7,0,46.1
12042,2022,3,23.3,1,53.9
12042,2023,0,13.1,1,84.7
12042,2024,3,18.8,1,58.4
12042,2025,0,11.6,0,69.8
12043,2022,2,23.6,0,77.3
12043,2023,0,13.7,1,64.0
12043,2024,2,6.1,1,38.8
12043,2025,1,17.9,0,51.9
12044,2022,1,21.0,0,83.7
12044,2023,3,11.5,1,81.1
12044,2024,1,18.8,0,81.6
12044,2025,0,0.7,1,71.8
12045,2022,3,21.0,1,51.2
12045,2023,3,17.3,0,74.7
12045,2024,2,9.6,0,75.8
12045,2025,0,16.3,1,77.6
12046,2022,0,7.5,1,60.2
12046,2023,2,7.6,1,48.6
12046,2024,0,12.7,0,62.1
12046,2025,1,18.1,0,69.7
12047,2022,2,7.6,0,43.0
12047,2023,1,14.8,0,46.8
12047,2024,0,17.1,0,83.5
12047,2025,3,15.4,1,58.2
12048,2022,0,17.6,0,88.4
12048,2023,1,22.3,0,59.2
12048,2024,3,11.6,1,72.5
12048,2025,0,18.1,0,69.2
12049,2022,0,17.4,1,59.6
12049,2023,3,18.2,1,86.4
12049,2024,2,11.3,1,41.6
12049,2025,2,3.9,1,59.7
12050,2022,1,7.2,1,47.2
12050,2023,3,17.1,1,52.6
12050,2024,0,9.5,1,90.8
12050,2025,1,11.8,1,43.2
12051,2022,3,19.9,1,47.0
12051,2023,0,19.2,0,77.3
12051,2024,2,12.2,1,50.3
12051,2025,2,6.8,1,89.0
12052,2022,0,20.5,0,49.8
12052,2023,2,11.8,1,39.8
12052,2024,2,20.7,1,67.2
12052,2025,0,17.0,0,69.7
12053,2022,2,19.9,0,32.3
12053,2023,0,8.3,1,76.1
12053,2024,3,9.3,1,44.5
12053,2025,1,17.5,1,51.8
12054,2022,3,5.5,0,63.7
12054,2023,0,19.1,1,86.4
12054,2024,1,10.1,0,37.2
12054,2025,3,16.5,1,88.4
12055,2022,0,16.0,1,75.2
12055,2023,0,14.0,0,42.7
12055,2024,3,16.0,1,58.4
12055,2025,0,16.6,1,93.4
12056,2022,0,18.9,0,38.8
12056,2023,3,12.5,1,39.7
12056,2024,0,8.4,0,80.1
12056,2025,3,17.4,0,67.3
12057,2022,1,15.4,1,47.0
12057,2023,2,19.2,0,43.3
12057,2024,0,21.9,0,79.3
12057,2025,1,13.4,1,65.4
12058,2022,1,10.6,1,44.4
12058,2023,0,20.8,1,89.6
12058,2024,3,7.5,1,69.7
12058,2025,0,5.7,1,60.2
12059,2022,3,6.5,1,73.2
12059,2023,0,5.1,1,62.8
12059,2024,1,19.2,1,36.6
12059,2025,0,5.1,1,89.4
12060,2022,0,7.2,0,34.0
12060,2023,2,10.6,1,92.4
12060,2024,1,16.3,1,57.0
12060,2025,0,7.3,0,70.5
12061,2022,1,11.2,0,90.0
12061,2023,3,13.3,0,49.2
12061,2024,0,2.4,1,63.8
12061,2025,0,10.3,1,84.3
12062,2022,1,24.8,0,58.0
12062,2023,1,19.5,0,53.0
12062,2024,1,3.4,1,43.2
12062,2025,1,13.6,0,69.8
12063,2022,2,14.2,1,63.1
12063,2023,1,20.0,1,47.0
12063,2024,0,4.0,0,56.0
12063,2025,0,5.2,1,56.9
12064,2022,3,20.8,1,55.6
12064,2023,1,20.5,1,80.9
12064,2024,1,12.6,0,56.0
12064,2025,1,0.9,1,55.3
12065,2022,1,22.9,1,80.4
12065,2023,1,11.2,0,81.7
12065,2024,0,2.8,0,83.6
12065,2025,2,16.9,1,83.6
12066,2022,3,13.4,0,83.3
12066,2023,1,7.3,0,75.8
12066,2024,1,18.0,1,46.2
12066,2025,1,9.7,1,41.0
12067,2022,1,17.2,1,40.9
12067,2023,2,20.0,1,54.9
12067,2024,2,12.4,0,39.2
12067,2025,0,2.7,0,84.4
12068,2022,3,24.3,1,68.5
12068,2023,1,9.2,0,76.1
12068,2024,1,21.9,0,41.7
12068,2025,0,0.6,0,58.7
12069,2022,3,14.7,0,57.6
12069,2023,3,17.6,0,69.2
12069,2024,0,20.1,1,84.2
12069,2025,1,16.1,0,97.6
12070,2022,2,10.1,0,34.9
12070,2023,0,8.4,1,71.5
12070,2024,1,9.1,0,44.1
12070,2025,1,2.7,0,57.0
12071,2022,1,18.4,0,76.3
12071,2023,0,22.3,1,92.6
12071,2024,0,14.8,1,67.6
12071,2025,0,11.2,1,60.2
12072,2022,1,15.1,1,42.8
12072,2023,0,15.4,0,80.0
12072,2024,1,16.2,1,90.2
12072,2025,2,16.4,1,89.9
12073,2022,2,19.0,1,60.6
12073,2023,2,17.6,0,68.3
12073,2024,3,21.0,1,86.2
12073,2025,3,18.5,1,94.7
12074,2022,0,21.5,1,86.3
12074,2023,3,4.4,0,74.4
12074,2024,1,15.4,0,47.5
12074,2025,3,9.6,0,57.8
12075,2022,0,17.4,1,46.0
12075,2023,2,17.2,0,43.4
12075,2024,1,16.3,0,51.0
12075,2025,2,17.9,1,91.2
12076,2022,1,23.2,1,76.2
12076,2023,0,15.6,0,35.6
12076,2024,1,19.9,1,44.9
12076,2025,3,15.8,1,98.1
12077,2022,2,9.1,0,43.6
12077,2023,1,4.2,0,71.1
12077,2024,3,2.2,1,48.3
12077,2025,1,12.2,1,53.0
12078,2022,3,15.4,0,59.9
12078,2023,3,17.4,0,62.3
12078,2024,3,18.9,1,74.8
12078,2025,2,3.8,0,49.1
12079,2022,2,22.1,1,45.8
12079,2023,2,5.5,0,70.4
12079,2024,3,19.7,0,41.8
12079,2025,2,17.5,0,93.6
12080,2022,1,18.9,1,40.7
12080,2023,3,9.5,1,59.3
12080,2024,1,3.9,0,42.5
12080,2025,2,16.1,0,80.1
12081,2022,1,9.4,0,49.6
12081,2023,2,12.3,0,37.4
12081,2024,1,12.6,0,71.6
12081,2025,0,14.2,1,97.8
12082,2022,1,14.7,0,82.3
12082,2023,3,17.4,0,75.2
12082,2024,2,18.3,0,36.8
12082,2025,3,14.8,1,90.6
12083,2022,0,11.0,0,83.8
12083,2023,0,21.4,0,35.3
12083,2024,3,13.0,1,43.3
12083,2025,2,9.8,0,66.1
12084,2022,2,16.5,0,54.1
12084,2023,1,13.2,0,50.7
12084,2024,1,17.1,0,47.9
12084,2025,0,8.9,1,71.9
12085,2022,3,20.5,0,76.3
12085,2023,1,18.7,1,89.2
12085,2024,1,7.5,0,54.1
12085,2025,1,2.4,0,81.2
12086,2022,0,22.0,1,77.3
12086,2023,1,6.9,0,61.7
12086,2024,1,2.6,0,91.3
12086,2025,2,8.5,1,40.4
12087,2022,0,10.1,1,84.0
12087,2023,2,7.9,0,86.6
12087,2024,0,5.4,1,44.2
12087,2025,2,15.5,1,65.4
12088,2022,2,20.7,1,61.0
12088,2023,2,4.4,0,57.1
12088,2024,2,12.9,0,89.7
12088,2025,1,3.2,0,81.8
12089,2022,3,15.0,0,37.4
12089,2023,1,10.5,0,88.6
12089,2024,1,6.0,0,38.8
12089,2025,2,19.5,1,74.7
12090,2022,0,24.1,0,61.4
12090,2023,0,14.8,1,37.3
12090,2024,3,5.8,0,77.8
12090,2025,2,12.2,0,96.8
12091,2022,2,23.6,0,57.5
12091,2023,3,11.1,1,63.8
12091,2024,1,4.8,0,59.0
12091,2025,2,14.4,1,91.5
12092,2022,3,18.1,0,85.7
12092,2023,1,3.5,1,56.8
12092,2024,1,19.1,0,89.5
12092,2025,2,13.7,1,51.3
12093,2022,0,8.9,1,57.5
12093,2023,3,3.6,0,48.1
12093,2024,0,21.4,1,49.4
12093,2025,3,15.6,1,90.4
12094,2022,2,12.3,1,72.9
12094,2023,1,12.2,1,37.0
12094,2024,1,12.8,0,81.4
12094,2025,0,14.9,1,73.4
12095,2022,1,8.5,1,77.2
12095,2023,0,7.4,0,68.6
12095,2024,2,3.0,0,58.6
12095,2025,3,20.2,0,68.7
12096,2022,2,22.5,1,38.5
12096,2023,1,14.6,1,51.6
12096,2024,2,10.6,0,37.3
12096,2025,2,5.2,0,63.4
12097,2022,1,16.9,0,35.5
12097,2023,1,17.3,1,72.6
12097,2024,0,15.8,1,90.8
12097,2025,3,0.6,1,83.4
12098,2022,2,19.0,1,42.4
12098,2023,2,20.8,0,63.4
12098,2024,1,4.3,1,78.7
12098,2025,3,15.6,1,87.3
12099,2022,2,21.5,0,47.0
12099,2023,0,9.0,0,61.6
12099,2024,0,16.2,0,42.3
12099,2025,1,2.4,1,82.6
12100,2022,2,18.0,0,56.1
12100,2023,0,13.7,1,35.5
12100,2024,2,19.0,0,67.8
12100,2025,1,9.5,1,86.5
12101,2022,1,13.6,0,32.7
12101,2023,3,22.2,0,57.2
12101,2024,2,20.7,0,64.9
12101,2025,0,1.2,1,99.0
12102,2022,1,14.7,1,43.1
12102,2023,2,6.7,0,82.1
12102,2024,2,7.5,1,44.8
12102,2025,0,13.8,0,96.8
12103,2022,1,7.6,1,48.4
12103,2023,3,3.7,1,41.7
12103,2024,2,16.5,0,58.9
12103,2025,1,13.3,1,39.9
12104,2022,3,23.1,1,36.5
12104,2023,1,14.3,0,62.8
12104,2024,1,20.9,0,92.4
12104,2025,2,12.7,1,65.7
12105,2022,2,12.7,0,69.6
12105,2023,0,15.7,0,75.4
12105,2024,0,17.0,0,38.2
12105,2025,1,7.5,1,58.3
12106,2022,2,12.5,0,89.8
12106,2023,1,16.1,0,33.4
12106,2024,2,11.1,1,64.2
12106,2025,3,11.0,0,89.2
12107,2022,2,24.6,0,47.3
12107,2023,1,4.4,1,92.8
12107,2024,0,15.0,0,65.2
12107,2025,2,19.0,0,93.8
12108,2022,1,9.7,1,61.7
12108,2023,3,7.7,0,56.9
12108,2024,0,9.3,1,78.6
12108,2025,0,2.0,0,96.5
12109,2022,3,16.2,1,52.6
12109,2023,2,16.4,1,84.9
12109,2024,3,18.4,1,75.6
12109,2025,1,1.8,0,61.7
12110,2022,3,13.7,1,33.3
12110,2023,0,19.2,0,51.7
12110,2024,2,17.4,0,85.9
12110,2025,1,2.0,0,44.7
12111,2022,2,5.2,1,64.3
12111,2023,3,19.2,0,63.7
12111,2024,3,4.8,0,75.7
12111,2025,1,12.1,1,95.3
12112,2022,3,6.9,0,75.1
12112,2023,2,9.4,0,63.6
12112,2024,3,5.2,1,85.8
12112,2025,2,15.2,1,81.1
12113,2022,3,18.5,1,83.7
12113,2023,1,6.2,1,76.5
12113,2024,2,3.2,1,81.2
12113,2025,1,9.8,0,44.0
12114,2022,0,8.9,0,30.2
12114,2023,0,3.7,1,90.3
12114,2024,3,7.3,1,51.1
12114,2025,2,4.8,1,48.9
12115,2022,3,18.7,1,39.5
12115,2023,1,20.7,1,77.3
12115,2024,3,6.8,1,38.8
12115,2025,0,5.0,0,78.7
12116,2022,1,12.8,1,64.3
12116,2023,0,7.0,0,41.8
12116,2024,1,20.9,0,44.1
12116,2025,1,5.4,0,47.0
12117,2022,0,6.9,0,45.6
12117,2023,3,14.6,1,71.5
12117,2024,0,12.8,0,48.4
12117,2025,2,13.1,1,78.6
12118,2022,1,24.3,1,88.3
12118,2023,2,10.0,0,84.7
12118,2024,0,9.2,0,83.9
12118,2025,0,7.2,0,95.9
12119,2022,3,17.6,1,66.7
12119,2023,1,15.6,0,79.1
12119,2024,3,12.6,1,82.4
12119,2025,1,7.8,1,97.5
12120,2022,0,13.6,0,68.8
12120,2023,2,19.4,1,49.4
12120,2024,1,14.2,1,47.7
12120,2025,1,14.8,0,57.4
12121,2022,2,10.5,1,75.7
12121,2023,0,21.7,0,72.4
12121,2024,0,2.7,0,49.2
12121,2025,0,12.4,0,90.6
12122,2022,3,21.2,1,88.9
12122,2023,0,20.8,0,78.4
12122,2024,2,8.4,1,39.7
12122,2025,3,9.7,0,76.7
12123,2022,0,5.7,1,86.3
12123,2023,1,19.3,1,51.8
12123,2024,1,4.5,0,71.1
12123,2025,1,9.1,1,52.6
12124,2022,2,24.8,1,82.8
12124,2023,2,21.9,1,85.2
12124,2024,1,8.6,0,57.9
12124,2025,3,5.0,0,60.0
12125,2022,0,10.0,1,30.0
12125,2023,0,17.2,0,52.0
12125,2024,0,16.5,0,82.9
12125,2025,0,4.8,0,40.7
12126,2022,1,9.8,0,42.2
12126,2023,0,10.0,0,76.8
12126,2024,2,10.7,1,74.9
12126,2025,0,18.8,1,98.2
12127,2022,3,5.5,0,53.4
12127,2023,0,16.3,1,41.0
12127,2024,3,19.2,0,75.9
12127,2025,1,15.0,0,43.7
12128,2022,3,9.3,0,37.0
12128,2023,0,13.0,1,67.1
12128,2024,3,20.2,0,64.3
12128,2025,1,2.8,1,54.8
12129,2022,1,24.8,1,58.7
12129,2023,0,6.4,1,85.1
12129,2024,1,4.8,1,79.5
12129,2025,3,16.8,0,66.3
12130,2022,2,21.6,1,48.7
12130,2023,1,4.3,0,67.9
12130,2024,3,5.4,0,36.2
12130,2025,1,19.5,0,83.0
12131,2022,0,10.6,0,78.1
12131,2023,0,3.7,1,40.3
12131,2024,1,7.1,1,60.2
12131,2025,2,15.2,1,47.7
12132,2022,2,23.3,0,86.9
12132,2023,3,6.6,1,82.6
12132,2024,3,6.5,1,37.2
12132,2025,1,9.3,1,97.2
12133,2022,3,20.0,1,38.5
12133,2023,1,16.7,1,38.0
12133,2024,1,8.6,1,38.0
12133,2025,1,1.8,1,86.4
12134,2022,0,10.1,1,85.5
12134,2023,1,7.9,1,38.7
12134,2024,1,2.4,1,95.0
12134,2025,2,20.0,0,58.0
12135,2022,3,10.1,0,70.7
12135,2023,1,20.2,1,92.2
12135,2024,1,11.7,1,36.5
12135,2025,1,19.9,0,71.8
12136,2022,1,8.0,0,69.4
12136,2023,1,5.7,0,55.3
12136,2024,2,2.0,0,42.6
12136,2025,0,14.9,0,76.3
12137,2022,0,11.1,1,32.8
12137,2023,2,20.9,0,88.4
12137,2024,1,14.7,0,63.7
12137,2025,2,12.0,1,93.6
12138,2022,1,14.7,0,80.2
12138,2023,3,8.7,0,33.2
12138,2024,0,3.3,1,63.6
12138,2025,0,9.4,0,92.3
12139,2022,3,7.0,1,52.3
12139,2023,3,21.6,0,52.4
12139,2024,0,18.6,1,77.1
12139,2025,3,12.9,0,81.3
12140,2022,3,14.0,0,68.6
12140,2023,1,12.6,0,54.8
12140,2024,3,11.3,1,39.8
12140,2025,1,15.4,1,94.4
12141,2022,3,7.5,0,49.0
12141,2023,2,14.1,0,80.7
12141,2024,1,18.3,0,57.1
12141,2025,1,10.7,0,68.7
12142,2022,0,5.3,1,52.4
12142,2023,3,8.4,0,37.9
12142,2024,1,15.4,0,55.8
12142,2025,2,19.2,1,96.3
12143,2022,2,22.9,1,36.6
12143,2023,0,20.0,1,66.4
12143,2024,3,21.0,0,94.1
12143,2025,1,6.1,0,40.2
12144,2022,0,5.2,1,34.2
12144,2023,3,10.6,0,87.5
12144,2024,3,13.5,0,80.1
12144,2025,0,6.8,1,71.7
12145,2022,2,5.9,0,62.2
12145,2023,0,13.6,0,91.5
12145,2024,0,6.0,0,37.3
12145,2025,2,15.1,1,55.2
12146,2022,0,6.8,1,49.0
12146,2023,0,22.7,1,40.2
12146,2024,1,19.5,1,57.4
12146,2025,1,18.0,1,61.2
12147,2022,1,20.8,1,87.5
12147,2023,1,16.2,1,59.5
12147,2024,2,3.1,0,92.1
12147,2025,2,13.7,0,87.6
12148,2022,1,19.9,0,74.2
12148,2023,0,6.1,0,52.8
12148,2024,0,14.3,1,61.6
12148,2025,0,10.1,1,41.7
12149,2022,1,14.4,1,52.6
12149,2023,3,7.5,1,85.2
12149,2024,3,16.8,1,82.9
12149,2025,3,19.0,0,87.5
12150,2022,0,20.8,1,43.3
12150,2023,2,10.9,0,45.6
12150,2024,1,21.7,1,75.8
12150,2025,1,7.8,0,78.1
12151,2022,0,9.7,0,41.7
12151,2023,3,22.9,0,76.2
12151,2024,3,17.8,0,58.6
12151,2025,3,15.7,1,92.2
12152,2022,1,6.5,1,51.9
12152,2023,0,7.3,1,46.8
12152,2024,3,2.4,0,47.8
12152,2025,1,16.0,1,92.9
12153,2022,0,10.6,1,81.6
12153,2023,0,6.1,1,58.6
12153,2024,0,5.6,0,50.4
12153,2025,0,13.3,0,56.1
12154,2022,0,13.7,1,53.1
12154,2023,2,22.3,1,35.7
12154,2024,2,9.3,0,40.0
12154,2025,0,17.2,0,94.6
12155,2022,2,15.9,1,76.0
12155,2023,0,17.6,1,81.8
12155,2024,3,5.4,0,64.7
12155,2025,0,15.5,1,60.9
12156,2022,2,6.7,0,35.5
12156,2023,2,17.3,0,66.5
12156,2024,3,11.3,1,80.6
12156,2025,0,5.1,0,50.8
12157,2022,2,14.6,0,53.3
12157,2023,1,20.6,1,88.6
12157,2024,2,5.1,1,86.6
12157,2025,0,3.9,1,86.9
12158,2022,1,15.7,0,32.4
12158,2023,2,16.0,0,42.9
12158,2024,2,10.4,0,54.4
12158,2025,2,5.8,0,57.2
12159,2022,2,6.3,1,37.7
12159,2023,2,4.5,0,50.4
12159,2024,0,2.8,0,61.7
12159,2025,2,18.5,0,42.0
12160,2022,3,7.6,1,54.2
12160,2023,1,9.4,0,62.8
12160,2024,2,21.7,0,38.5
12160,2025,2,19.0,0,79.5
12161,2022,0,5.9,1,34.8
12161,2023,0,14.5,0,71.9
12161,2024,1,14.7,0,95.6
12161,2025,0,1.6,1,42.6
12162,2022,3,19.6,0,46.3
12162,2023,1,23.3,1,40.8
12162,2024,3,10.6,1,58.2
12162,2025,2,9.5,1,89.1
12163,2022,0,18.2,0,85.8
12163,2023,2,18.2,1,83.4
12163,2024,3,17.8,0,77.5
12163,2025,2,2.1,0,82.0
12164,2022,0,21.0,1,37.2
12164,2023,0,20.8,0,47.9
12164,2024,0,2.9,1,57.8
12164,2025,2,1.3,0,42.0
12165,2022,0,16.0,0,79.3
12165,2023,1,13.4,0,48.3
12165,2024,1,21.6,0,39.1
12165,2025,0,6.4,0,43.4
12166,2022,1,16.8,0,88.2
12166,2023,3,13.6,1,87.7
12166,2024,0,12.7,1,93.5
12166,2025,2,13.7,1,96.4
12167,2022,1,15.8,0,78.0
12167,2023,1,3.6,0,49.6
12167,2024,1,18.9,1,55.5
12167,2025,1,4.5,0,63.1
12168,2022,3,9.6,1,77.1
12168,2023,3,16.5,1,88.6
12168,2024,3,11.6,1,62.4
12168,2025,1,12.0,1,57.1
12169,2022,3,14.9,1,44.6
12169,2023,2,11.9,0,48.4
12169,2024,3,11.7,1,36.4
12169,2025,1,3.3,0,53.0
12170,2022,0,24.4,1,47.7
12170,2023,1,15.0,1,79.5
12170,2024,0,7.7,1,68.9
12170,2025,3,14.8,0,58.9
12171,2022,3,22.6,1,65.8
12171,2023,0,9.4,1,80.3
12171,2024,2,8.5,0,72.6
12171,2025,1,9.3,0,43.2
12172,2022,2,9.3,0,44.5
12172,2023,1,19.7,0,50.2
12172,2024,1,13.7,1,57.8
12172,2025,2,1.6,1,40.5
12173,2022,2,24.9,1,74.7
12173,2023,0,15.0,0,61.2
12173,2024,3,19.8,0,89.8
12173,2025,3,10.5,0,70.1
12174,2022,0,16.6,0,89.3
12174,2023,0,12.6,0,75.0
12174,2024,3,10.5,0,89.2
12174,2025,2,4.9,1,97.4
12175,2022,3,24.2,0,58.3
12175,2023,1,7.1,1,71.0
12175,2024,0,12.5,0,90.8
12175,2025,3,2.2,1,73.5
12176,2022,2,24.9,0,33.2
12176,2023,3,14.6,0,74.8
12176,2024,0,18.3,0,92.1
12176,2025,1,11.8,0,85.9
12177,2022,2,21.1,1,77.5
12177,2023,2,14.2,0,37.8
12177,2024,1,10.9,1,80.2
12177,2025,2,9.6,0,40.9
12178,2022,2,5.0,0,85.8
12178,2023,3,10.9,0,87.9
12178,2024,2,21.0,0,94.8
12178,2025,0,14.0,0,57.2
12179,2022,1,23.4,1,62.4
12179,2023,0,7.5,0,67.7
12179,2024,1,11.8,0,69.4
12179,2025,2,1.2,1,63.7
12180,2022,1,18.5,0,89.2
12180,2023,2,19.2,0,86.2
12180,2024,2,17.0,0,72.6
12180,2025,1,2.2,1,77.9
12181,2022,2,10.0,0,72.9
12181,2023,0,16.6,1,69.2
12181,2024,1,17.2,1,78.5
12181,2025,1,6.0,1,88.0
12182,2022,1,13.1,0,88.7
12182,2023,2,10.5,1,83.9
12182,2024,0,2.1,1,43.8
12182,2025,1,12.0,1,71.8
12183,2022,2,18.4,1,67.9
12183,2023,3,9.0,0,48.9
12183,2024,3,15.8,0,64.5
12183,2025,3,5.4,0,95.0
12184,2022,0,19.3,1,45.5
12184,2023,2,12.6,0,52.0
12184,2024,2,19.4,1,90.5
12184,2025,3,11.4,0,44.7
12185,2022,0,8.7,1,82.8
12185,2023,2,19.9,0,51.2
12185,2024,3,17.6,1,65.9
12185,2025,0,2.2,0,77.6
12186,2022,3,6.0,1,68.8
12186,2023,1,6.2,0,91.8
12186,2024,1,18.9,0,38.1
12186,2025,0,6.9,1,81.2
12187,2022,2,15.1,0,80.7
12187,2023,3,15.6,0,68.3
12187,2024,1,16.9,0,94.5
12187,2025,3,17.1,1,64.1
12188,2022,0,15.3,1,75.0
12188,2023,0,11.8,0,74.2
12188,2024,2,5.9,1,37.9
12188,2025,2,12.7,0,72.2
12189,2022,3,16.0,0,45.7
12189,2023,1,9.3,1,64.7
12189,2024,1,10.9,1,89.0
12189,2025,1,15.3,1,76.8
12190,2022,2,17.5,1,65.6
12190,2023,1,13.1,1,73.3
12190,2024,0,7.4,0,67.7
12190,2025,0,13.9,1,65.9
12191,2022,1,17.6,1,52.5
12191,2023,2,12.7,1,75.0
12191,2024,1,6.8,0,82.5
12191,2025,0,4.0,1,64.4
12192,2022,1,11.8,1,32.6
12192,2023,3,21.7,0,65.6
12192,2024,0,17.1,0,70.4
12192,2025,3,18.3,1,67.7
12193,2022,2,21.9,0,51.6
12193,2023,3,12.7,0,86.8
12193,2024,0,12.6,1,64.9
12193,2025,1,3.9,1,86.9
12194,2022,2,19.4,0,68.3
12194,2023,2,11.9,0,80.2
12194,2024,3,5.2,0,88.7
12194,2025,2,2.4,1,53.6
12195,2022,3,18.9,0,79.7
12195,2023,1,13.1,1,76.3
12195,2024,0,2.2,1,69.7
12195,2025,1,17.0,0,71.7
12196,2022,0,17.4,1,48.7
12196,2023,3,4.3,0,65.4
12196,2024,2,8.1,1,59.1
12196,2025,0,14.9,1,92.3
12197,2022,3,6.2,1,64.9
12197,2023,2,18.2,1,50.9
12197,2024,2,12.1,1,44.7
12197,2025,3,16.2,0,80.6
12198,2022,2,22.1,1,69.9
12198,2023,3,18.9,0,54.6
12198,2024,2,3.6,1,45.7
12198,2025,1,9.7,1,82.0
12199,2022,0,11.4,1,46.2
12199,2023,3,13.7,1,84.7
12199,2024,3,21.3,1,79.6
12199,2025,1,3.0,1,92.5
12200,2022,2,22.3,1,89.1
12200,2023,0,23.3,0,53.5
12200,2024,0,21.8,1,66.2
12200,2025,3,16.4,1,63.2
12201,2022,0,14.3,1,34.7
12201,2023,1,7.1,1,57.3
12201,2024,0,14.2,1,62.6
12201,2025,0,12.7,1,49.4
12202,2022,0,11.3,1,83.0
12202,2023,3,15.8,0,50.5
12202,2024,0,4.3,1,81.5
12202,2025,2,13.2,0,43.6
12203,2022,0,22.9,1,31.8
12203,2023,2,12.9,1,92.7
12203,2024,0,17.3,0,43.4
12203,2025,3,13.2,1,85.0
12204,2022,0,5.1,1,66.3
12204,2023,3,5.9,1,60.2
12204,2024,1,17.5,1,38.2
12204,2025,1,1.3,1,58.7
12205,2022,1,24.1,1,84.0
12205,2023,0,21.4,1,87.3
12205,2024,2,9.2,0,72.0
12205,2025,1,6.7,0,73.5
12206,2022,1,17.3,1,55.5
12206,2023,0,15.7,1,79.5
12206,2024,3,3.8,1,89.0
12206,2025,3,4.8,0,82.7
12207,2022,1,17.7,1,61.5
12207,2023,0,19.5,1,71.1
12207,2024,2,5.8,1,49.2
12207,2025,3,14.5,0,98.5
12208,2022,0,22.4,1,86.2
12208,2023,2,5.9,1,90.4
12208,2024,2,10.8,0,46.0
12208,2025,0,17.5,0,78.2
12209,2022,0,12.4,0,69.4
12209,2023,2,8.9,1,54.3
12209,2024,3,16.9,0,87.9
12209,2025,1,8.5,1,85.9
12210,2022,0,19.1,1,73.2
12210,2023,0,6.0,1,34.7
12210,2024,0,13.1,0,95.4
12210,2025,2,8.1,1,82.1
12211,2022,1,24.9,0,88.2
12211,2023,3,15.3,0,38.2
12211,2024,0,15.6,1,77.7
12211,2025,0,3.1,1,83.7
12212,2022,3,24.8,0,33.9
12212,2023,1,4.5,1,36.9
12212,2024,2,3.4,1,81.7
12212,2025,3,2.0,0,86.9
12213,2022,0,22.4,1,84.6
12213,2023,0,18.1,0,79.3
12213,2024,2,21.5,0,50.4
12213,2025,0,1.8,1,97.1
12214,2022,2,18.8,0,46.0
12214,2023,3,14.2,0,76.6
12214,2024,3,14.8,1,67.8
12214,2025,3,10.8,0,46.3
12215,2022,3,18.5,0,85.6
12215,2023,1,21.6,0,68.3
12215,2024,1,13.7,1,41.5
12215,2025,2,18.4,0,62.0
12216,2022,3,20.6,0,75.9
12216,2023,2,20.8,1,70.1
12216,2024,2,15.2,1,49.4
12216,2025,1,10.9,1,73.2
12217,2022,1,6.4,0,48.5
12217,2023,0,20.2,0,64.6
12217,2024,3,6.8,0,55.1
12217,2025,2,1.2,0,68.8
12218,2022,2,15.4,1,80.5
12218,2023,0,16.2,1,45.7
12218,2024,0,15.2,0,36.1
12218,2025,1,13.9,0,48.3
12219,2022,0,18.1,1,80.5
12219,2023,0,19.7,0,57.9
12219,2024,2,17.4,0,80.4
12219,2025,0,16.8,0,40.8
12220,2022,3,14.2,1,38.8
12220,2023,2,4.8,1,67.1
12220,2024,2,14.8,1,79.2
12220,2025,2,4.7,1,86.3
12221,2022,0,22.2,0,68.6
12221,2023,0,17.9,0,78.4
12221,2024,2,17.3,1,45.9
12221,2025,1,6.2,0,78.5
12222,2022,3,17.7,1,55.5
12222,2023,1,14.1,0,87.9
12222,2024,2,7.4,0,72.9
12222,2025,3,16.7,0,71.5
12223,2022,1,16.0,1,64.7
12223,2023,3,7.3,0,82.9
12223,2024,3,8.1,0,36.7
12223,2025,3,5.0,0,90.6
12224,2022,3,11.2,0,31.8
12224,2023,0,7.3,1,68.0
12224,2024,2,9.4,0,66.2
12224,2025,3,14.4,0,61.2
12225,2022,0,24.2,1,37.7
12225,2023,1,7.7,1,40.4
12225,2024,1,8.0,0,80.5
12225,2025,0,0.5,0,45.8
12226,2022,1,9.5,1,71.2
12226,2023,1,11.9,1,92.4
12226,2024,0,11.2,0,76.9
12226,2025,0,5.8,1,43.5
12227,2022,0,8.0,1,62.5
12227,2023,0,14.8,0,83.1
12227,2024,1,10.2,0,93.3
12227,2025,3,9.0,1,82.7
12228,2022,0,22.9,0,48.6
12228,2023,2,14.7,0,48.1
12228,2024,3,9.8,0,83.0
12228,2025,1,5.6,1,84.6
12229,2022,3,13.6,1,59.2
12229,2023,1,20.7,1,38.2
12229,2024,0,21.3,1,76.3
12229,2025,1,8.0,0,74.4
12230,2022,0,9.2,0,30.7
12230,2023,1,21.8,1,71.5
12230,2024,0,4.9,1,43.9
12230,2025,1,6.4,1,88.5
12231,2022,2,9.1,0,70.4
12231,2023,0,14.8,1,36.1
12231,2024,0,10.2,0,67.9
12231,2025,2,6.2,1,87.3
12232,2022,0,20.4,1,79.8
12232,2023,3,16.8,0,38.1
12232,2024,3,21.9,1,40.7
12232,2025,1,6.7,1,85.5
12233,2022,3,21.9,1,44.0
12233,2023,1,9.6,0,68.6
12233,2024,1,2.2,0,72.5
12233,2025,3,3.5,1,76.8
12234,2022,2,15.2,1,50.3
12234,2023,2,19.7,1,35.4
12234,2024,1,3.1,1,68.2
12234,2025,2,17.1,0,69.9
12235,2022,0,19.3,1,56.0
12235,2023,2,4.2,1,49.8
12235,2024,0,4.1,0,86.6
12235,2025,3,2.0,1,61.2
12236,2022,1,18.6,0,37.6
12236,2023,1,14.7,1,78.5
12236,2024,1,9.2,1,74.2
12236,2025,2,2.3,0,57.5
12237,2022,1,12.9,0,39.1
12237,2023,2,17.1,0,59.4
12237,2024,1,3.9,0,40.0
12237,2025,0,17.6,1,52.4
12238,2022,2,6.3,1,87.8
12238,2023,0,15.7,0,42.0
12238,2024,0,5.8,0,52.5
12238,2025,3,2.3,0,47.3
12239,2022,3,12.1,1,84.7
12239,2023,0,16.8,1,88.5
12239,2024,1,4.4,1,39.6
12239,2025,3,10.0,1,92.9
12240,2022,3,13.1,0,38.5
12240,2023,0,12.0,1,56.8
12240,2024,0,20.9,1,71.2
12240,2025,0,7.5,1,66.7
12241,2022,2,24.8,1,38.2
12241,2023,2,14.3,0,80.5
12241,2024,2,18.8,1,77.2
12241,2025,2,7.5,0,95.5
12242,2022,2,6.7,0,51.2
12242,2023,2,5.2,1,58.8
12242,2024,3,13.5,1,57.0
12242,2025,2,19.1,1,42.8
12243,2022,1,6.4,0,33.3
12243,2023,2,17.3,1,78.7
12243,2024,0,13.3,0,53.1
12243,2025,1,13.5,1,68.2
12244,2022,2,9.3,0,88.7
12244,2023,2,4.9,1,34.1
12244,2024,0,3.5,1,67.1
12244,2025,0,5.4,0,70.1
12245,2022,0,9.3,0,89.9
12245,2023,1,6.0,1,83.1
12245,2024,1,7.3,0,40.0
12245,2025,1,11.2,0,48.4
12246,2022,3,24.0,1,32.0
12246,2023,3,21.9,1,44.8
12246,2024,3,7.4,1,48.7
12246,2025,1,1.8,0,44.4
12247,2022,3,24.9,0,61.6
12247,2023,3,13.0,0,91.5
12247,2024,0,21.6,0,84.2
12247,2025,0,11.3,1,51.2
12248,2022,3,22.7,0,77.0
12248,2023,3,12.4,0,91.9
12248,2024,3,14.4,0,86.1
12248,2025,3,11.2,1,67.1
12249,2022,0,9.4,0,46.2
12249,2023,0,18.8,1,77.9
12249,2024,3,3.1,1,83.2
12249,2025,0,7.7,0,56.8
12250,2022,2,22.4,1,43.5
12250,2023,0,13.6,0,73.3
12250,2024,0,3.6,1,89.3
12250,2025,3,4.7,1,40.2
12251,2022,2,7.2,1,89.2
12251,2023,1,9.1,0,44.5
12251,2024,0,5.3,1,57.0
12251,2025,2,14.7,0,42.2
12252,2022,2,18.2,1,33.3
12252,2023,3,6.2,1,49.4
12252,2024,2,10.9,0,69.9
12252,2025,3,6.4,1,93.1
12253,2022,2,11.7,0,34.2
12253,2023,1,15.0,0,65.8
12253,2024,1,20.0,1,61.0
12253,2025,3,18.4,0,98.4
12254,2022,1,13.3,1,41.2
12254,2023,0,11.4,1,55.2
12254,2024,3,12.4,0,38.0
12254,2025,2,10.0,1,93.9
12255,2022,0,6.2,1,67.3
12255,2023,3,15.1,1,68.3
12255,2024,3,13.7,0,38.9
12255,2025,3,9.5,0,44.9
12256,2022,3,13.3,0,77.4
12256,2023,2,22.3,1,66.0
12256,2024,2,14.0,1,47.9
12256,2025,1,16.8,0,72.0
12257,2022,3,24.1,1,88.1
12257,2023,1,19.7,0,39.2
12257,2024,0,20.9,1,94.2
12257,2025,2,15.7,0,85.5
12258,2022,3,8.4,1,38.7
12258,2023,2,8.0,1,81.9
12258,2024,0,5.9,1,80.6
12258,2025,1,6.9,0,73.4
12259,2022,2,12.1,1,76.5
12259,2023,2,19.7,1,41.5
12259,2024,3,9.2,0,79.3
12259,2025,2,15.0,0,77.5
12260,2022,3,23.1,0,47.1
12260,2023,1,5.8,1,74.4
12260,2024,3,2.0,1,76.7
12260,2025,1,18.3,0,53.3
12261,2022,0,9.8,1,38.9
12261,2023,1,6.6,0,54.7
12261,2024,1,7.9,0,59.9
12261,2025,0,4.2,1,88.4
12262,2022,0,20.9,1,56.2
12262,2023,2,16.2,0,77.2
12262,2024,1,5.3,0,63.8
12262,2025,3,12.2,0,43.0
12263,2022,0,9.2,1,69.2
12263,2023,0,7.5,1,86.7
12263,2024,2,13.9,0,67.1
12263,2025,1,13.8,1,81.1
12264,2022,2,11.9,1,76.7
12264,2023,3,18.8,0,61.0
12264,2024,1,18.7,0,51.0
12264,2025,0,18.8,0,90.6
12265,2022,3,17.5,1,79.7
12265,2023,2,7.9,1,84.6
12265,2024,1,17.0,1,85.5
12265,2025,3,2.7,0,47.0
12266,2022,0,8.6,1,54.9
12266,2023,2,20.2,0,44.5
12266,2024,2,20.2,1,45.3
12266,2025,0,1.8,1,85.9
12267,2022,1,11.2,1,58.9
12267,2023,1,16.1,0,38.4
12267,2024,2,20.8,1,60.4
12267,2025,0,11.9,0,98.6
12268,2022,1,21.4,0,42.7
12268,2023,3,22.0,0,56.8
12268,2024,1,12.4,0,71.7
12268,2025,1,15.3,0,51.0
12269,2022,2,18.2,1,88.1
12269,2023,2,16.9,0,71.1
12269,2024,2,12.3,0,49.8
12269,2025,1,13.0,0,65.8
12270,2022,0,16.1,0,51.7
12270,2023,0,16.3,0,40.3
12270,2024,0,12.1,0,53.1
12270,2025,3,4.9,0,72.2
12271,2022,2,18.9,1,35.3
12271,2023,1,11.2,0,35.9
12271,2024,1,4.6,0,68.5
12271,2025,0,17.5,1,65.0
12272,2022,3,8.6,0,41.3
12272,2023,1,14.3,0,75.8
12272,2024,0,16.4,1,41.3
12272,2025,2,13.5,0,55.2
12273,2022,3,8.2,0,36.1
12273,2023,3,7.4,0,76.7
12273,2024,0,5.0,1,74.0
12273,2025,2,2.0,0,50.3
12274,2022,3,10.7,1,63.4
12274,2023,1,14.0,0,74.8
12274,2024,3,5.5,0,38.1
12274,2025,1,19.9,1,78.8
12275,2022,2,19.0,1,48.7
12275,2023,3,15.2,0,41.1
12275,2024,3,15.6,1,85.3
12275,2025,1,9.2,1,75.4
12276,2022,3,14.4,1,62.8
12276,2023,2,21.3,1,83.2
12276,2024,0,16.4,1,51.9
12276,2025,2,12.3,0,39.8
12277,2022,0,24.0,1,86.9
12277,2023,1,16.8,0,48.8
12277,2024,0,10.0,0,74.0
12277,2025,0,1.4,1,97.6
12278,2022,3,12.8,0,44.0
12278,2023,1,22.0,1,92.6
12278,2024,3,2.9,1,68.3
12278,2025,1,4.2,1,96.5
12279,2022,3,21.2,0,35.2
12279,2023,0,10.8,0,64.9
12279,2024,2,5.7,0,92.7
12279,2025,0,16.8,0,48.3
12280,2022,3,16.2,0,46.5
12280,2023,1,14.5,0,45.7
12280,2024,2,7.9,1,93.9
12280,2025,0,14.0,0,54.8
12281,2022,1,22.2,1,37.3
12281,2023,3,18.5,1,80.8
12281,2024,2,14.2,0,66.8
12281,2025,1,7.5,0,74.4
12282,2022,2,22.1,0,66.4
12282,2023,0,14.8,1,69.8
12282,2024,2,19.8,1,63.3
12282,2025,2,5.6,1,97.5
12283,2022,0,18.1,1,40.4
12283,2023,3,22.2,1,90.5
12283,2024,2,9.5,0,53.5
12283,2025,0,19.5,1,50.4
12284,2022,1,12.8,1,67.5
12284,2023,1,12.3,0,86.5
12284,2024,1,18.1,0,57.8
12284,2025,3,5.7,0,43.5
12285,2022,0,19.1,0,62.2
12285,2023,0,9.5,1,92.1
12285,2024,0,13.9,0,59.4
12285,2025,0,16.0,0,40.2
12286,2022,3,5.5,0,60.1
12286,2023,3,5.3,1,56.0
12286,2024,1,20.7,0,40.0
12286,2025,0,16.8,0,91.5
12287,2022,1,22.5,0,67.1
12287,2023,2,12.3,0,42.3
12287,2024,2,16.3,0,91.6
12287,2025,1,20.5,0,73.6
12288,2022,3,13.7,0,71.4
12288,2023,2,20.4,1,68.0
12288,2024,1,3.6,1,94.7
12288,2025,0,11.4,0,92.4
12289,2022,1,11.7,0,31.0
12289,2023,0,14.0,1,33.9
12289,2024,2,4.3,1,65.3
12289,2025,1,7.9,1,57.8
12290,2022,0,6.5,1,62.3
12290,2023,3,12.6,0,53.3
12290,2024,1,10.8,1,88.7
12290,2025,3,7.1,0,49.2
12291,2022,1,24.0,0,33.4
12291,2023,3,5.2,0,53.6
12291,2024,1,18.5,1,44.3
12291,2025,3,7.6,1,74.5
12292,2022,2,9.0,0,58.3
12292,2023,0,9.0,0,75.5
12292,2024,2,20.0,1,40.4
12292,2025,3,17.0,0,84.3
12293,2022,0,5.3,0,46.6
12293,2023,3,6.4,0,73.3
12293,2024,1,15.5,0,53.5
12293,2025,3,6.8,1,89.0
12294,2022,2,23.4,1,80.0
12294,2023,0,19.2,0,51.4
12294,2024,3,19.5,1,90.6
12294,2025,0,4.4,1,58.3
12295,2022,2,8.0,0,83.7
12295,2023,0,22.1,1,44.6
12295,2024,0,10.1,0,53.3
12295,2025,1,8.8,1,92.1
12296,2022,0,18.7,0,34.8
12296,2023,3,11.4,0,75.1
12296,2024,0,19.5,1,76.9
12296,2025,2,19.7,0,97.3
12297,2022,0,11.7,0,88.3
12297,2023,1,7.7,0,61.8
12297,2024,2,3.5,1,75.5
12297,2025,3,4.8,1,48.3
12298,2022,2,7.8,0,43.6
12298,2023,0,4.1,1,66.5
12298,2024,2,2.9,0,50.3
12298,2025,3,10.7,0,52.0
12299,2022,3,19.2,0,31.4
12299,2023,2,23.2,1,37.4
12299,2024,2,5.1,1,78.7
12299,2025,1,14.5,1,39.9
12300,2022,3,16.1,1,83.7
12300,2023,1,13.1,1,37.7
12300,2024,0,16.4,0,45.4
12300,2025,3,5.3,0,59.4
12301,2022,3,11.2,0,73.6
12301,2023,1,11.2,0,75.0
12301,2024,0,5.6,0,50.8
12301,2025,2,10.1,0,58.6
12302,2022,3,7.6,0,79.3
12302,2023,1,9.9,1,62.8
12302,2024,3,4.3,1,63.5
12302,2025,1,1.2,0,77.0
12303,2022,1,12.1,0,57.4
12303,2023,1,15.9,0,59.0
12303,2024,3,5.0,1,83.9
12303,2025,2,20.4,1,94.9
12304,2022,2,10.5,0,63.0
12304,2023,1,4.0,0,50.4
12304,2024,2,2.6,1,93.0
12304,2025,2,13.8,0,81.1
12305,2022,3,18.4,0,69.3
12305,2023,2,21.6,0,69.4
12305,2024,0,3.8,0,80.4
12305,2025,1,8.0,1,85.5
12306,2022,0,22.8,0,77.5
12306,2023,3,19.5,1,91.5
12306,2024,3,6.7,1,60.7
12306,2025,0,18.3,1,53.6
12307,2022,3,18.6,1,53.6
12307,2023,2,8.8,0,79.0
12307,2024,0,2.9,1,68.4
12307,2025,2,10.4,0,90.9
12308,2022,2,19.3,0,44.2
12308,2023,3,8.9,1,77.2
12308,2024,3,5.4,0,51.0
12308,2025,0,2.0,0,86.9
12309,2022,3,21.8,0,56.3
12309,2023,1,4.6,1,92.4
12309,2024,3,14.2,1,76.1
12309,2025,1,15.8,0,83.5
12310,2022,3,20.6,1,32.6
12310,2023,3,16.6,0,75.2
12310,2024,2,15.1,0,61.1
12310,2025,0,10.0,1,58.4
12311,2022,1,13.3,0,77.7
12311,2023,0,6.2,0,46.7
12311,2024,3,12.7,0,46.9
12311,2025,3,1.9,1,60.3
12312,2022,3,14.4,1,67.8
12312,2023,0,18.1,1,48.4
12312,2024,0,10.9,1,69.5
12312,2025,2,10.7,1,62.1
12313,2022,2,21.8,1,53.8
12313,2023,2,16.4,1,45.2
12313,2024,1,4.6,0,55.3
12313,2025,0,11.4,0,55.4
12314,2022,2,12.3,1,44.6
12314,2023,0,7.6,0,37.8
12314,2024,3,15.0,1,62.0
12314,2025,0,8.2,0,53.7
12315,2022,2,20.3,0,87.7
12315,2023,1,15.2,1,69.1
12315,2024,2,4.1,0,63.7
12315,2025,0,7.5,0,59.3
12316,2022,3,10.4,0,57.6
12316,2023,3,6.5,0,53.5
12316,2024,0,18.0,0,87.4
12316,2025,1,8.1,0,54.4
12317,2022,2,17.3,0,46.8
12317,2023,0,21.1,0,75.6
12317,2024,0,12.9,0,90.1
12317,2025,0,5.7,1,79.8
12318,2022,0,20.8,1,35.1
12318,2023,2,12.2,0,86.9
12318,2024,2,13.3,1,82.2
12318,2025,2,18.5,1,53.4
12319,2022,2,14.8,1,33.8
12319,2023,2,10.2,1,76.0
12319,2024,1,16.5,1,50.1
12319,2025,3,3.2,1,70.4
12320,2022,3,23.3,1,35.4
12320,2023,2,21.8,1,67.1
12320,2024,3,13.6,0,37.3
12320,2025,0,3.6,1,71.0
12321,2022,3,14.0,0,80.0
12321,2023,2,12.0,1,67.8
12321,2024,1,8.0,0,89.1
12321,2025,3,4.0,1,71.9
12322,2022,0,10.3,1,71.2
12322,2023,1,14.6,0,55.0
12322,2024,3,15.7,1,53.8
12322,2025,0,20.1,0,59.1
12323,2022,0,9.3,1,36.2
12323,2023,2,7.6,1,48.3
12323,2024,1,4.3,0,59.2
12323,2025,3,19.3,0,59.5
12324,2022,1,12.6,0,59.7
12324,2023,0,22.0,1,62.3
12324,2024,2,19.8,0,80.1
12324,2025,0,1.4,0,62.7
12325,2022,3,10.6,1,70.6
12325,2023,1,9.6,1,86.4
12325,2024,3,7.5,0,63.3
12325,2025,3,9.0,0,72.2
12326,2022,0,15.0,0,70.6
12326,2023,3,18.7,1,62.6
12326,2024,3,7.4,1,45.8
12326,2025,3,6.5,1,56.6
12327,2022,2,17.0,0,31.7
12327,2023,3,7.1,1,74.0
12327,2024,1,11.5,0,52.8
12327,2025,0,5.5,0,88.4
12328,2022,2,9.0,0,69.4
12328,2023,1,19.4,0,77.2
12328,2024,2,16.1,0,88.9
12328,2025,3,5.5,1,64.5
12329,2022,0,13.3,0,41.3
12329,2023,1,6.6,0,89.1
12329,2024,2,3.1,0,95.7
12329,2025,1,12.2,1,52.1
12330,2022,0,12.3,1,74.5
12330,2023,0,7.6,1,37.3
12330,2024,3,4.3,0,37.6
12330,2025,2,14.1,0,79.5
12331,2022,1,10.4,1,45.3
12331,2023,0,21.6,0,85.1
12331,2024,3,5.9,1,66.8
12331,2025,2,5.4,0,85.9
12332,2022,3,22.0,0,36.2
12332,2023,3,14.9,0,85.5
12332,2024,3,4.2,1,47.4
12332,2025,3,11.5,1,73.1
12333,2022,3,11.2,0,66.6
12333,2023,3,18.2,0,37.0
12333,2024,3,3.6,1,94.7
12333,2025,3,18.9,1,57.1
12334,2022,3,14.6,0,72.8
12334,2023,2,18.2,1,70.9
12334,2024,2,16.1,1,38.0
12334,2025,3,4.1,1,90.7
12335,2022,1,22.6,1,48.3
12335,2023,0,8.2,1,47.9
12335,2024,0,5.8,1,39.5
12335,2025,1,10.9,0,54.0
12336,2022,0,24.7,0,67.2
12336,2023,2,9.8,1,45.1
12336,2024,3,21.3,1,64.0
12336,2025,2,9.2,1,87.0
12337,2022,1,21.7,1,87.3
12337,2023,2,14.1,0,75.0
12337,2024,0,6.1,0,47.7
12337,2025,0,18.1,0,62.0
12338,2022,1,6.4,1,63.2
12338,2023,3,17.2,1,85.3
12338,2024,2,18.6,0,68.9
12338,2025,0,17.1,0,68.5
12339,2022,0,18.1,1,45.6
12339,2023,3,8.5,1,63.0
12339,2024,0,12.6,0,55.1
12339,2025,2,13.1,0,72.9
12340,2022,0,22.8,1,78.5
12340,2023,2,6.7,0,89.7
12340,2024,0,11.3,1,84.6
12340,2025,2,7.2,1,88.7
12341,2022,0,13.6,0,51.5
12341,2023,2,7.2,0,74.7
12341,2024,1,6.3,0,59.3
12341,2025,1,15.9,0,40.5
12342,2022,1,14.6,0,83.1
12342,2023,0,13.8,1,36.1
12342,2024,3,19.9,1,42.9
12342,2025,3,5.3,1,40.1
12343,2022,2,11.6,0,34.0
12343,2023,3,9.7,1,36.5
12343,2024,0,15.2,0,76.6
12343,2025,2,11.7,0,90.2
12344,2022,2,14.4,0,77.8
12344,2023,0,16.9,0,70.6
12344,2024,2,11.7,1,83.2
12344,2025,3,16.8,0,66.4
12345,2022,1,13.2,0,84.4
12345,2023,3,21.3,1,60.6
12345,2024,0,4.4,1,37.7
12345,2025,1,2.4,1,81.1
12346,2022,1,18.1,1,79.8
12346,2023,3,11.3,0,46.5
12346,2024,1,11.1,1,55.1
12346,2025,3,14.4,1,80.7
12347,2022,3,9.3,1,64.4
12347,2023,3,4.4,0,86.4
12347,2024,0,10.8,0,64.7
12347,2025,1,18.4,0,79.3
12348,2022,0,14.0,1,46.3
12348,2023,0,14.9,1,88.8
12348,2024,3,6.2,0,58.2
12348,2025,1,9.8,0,71.4
12349,2022,2,14.6,1,67.0
12349,2023,2,8.2,0,48.3
12349,2024,3,5.3,1,55.0
12349,2025,3,7.5,1,69.1
12350,2022,0,5.8,1,46.3
12350,2023,1,6.8,1,40.8
12350,2024,3,16.6,1,86.2
12350,2025,0,13.5,0,58.5
12351,2022,2,11.3,1,55.0
12351,2023,0,14.5,1,65.8
12351,2024,0,18.6,1,86.5
12351,2025,3,17.3,0,47.4
12352,2022,3,18.1,1,67.6
12352,2023,2,6.0,1,54.1
12352,2024,1,5.3,1,88.2
12352,2025,2,6.3,1,78.7
12353,2022,1,18.4,1,38.7
12353,2023,1,8.7,1,50.8
12353,2024,3,11.3,1,38.2
12353,2025,2,17.0,0,85.2
12354,2022,0,22.8,1,54.8
12354,2023,0,20.3,1,35.9
12354,2024,2,4.3,1,36.8
12354,2025,1,18.7,1,96.3
12355,2022,2,18.7,0,81.1
12355,2023,3,15.9,1,53.1
12355,2024,0,7.0,0,67.0
12355,2025,0,19.1,1,73.6
12356,2022,1,5.3,0,60.9
12356,2023,3,5.1,1,51.5
12356,2024,2,5.1,0,59.4
12356,2025,3,14.4,1,49.9
12357,2022,0,17.5,0,32.0
12357,2023,3,22.4,0,42.3
12357,2024,2,9.0,0,36.8
12357,2025,2,7.5,1,65.0
12358,2022,2,18.4,0,69.7
12358,2023,1,7.0,0,43.9
12358,2024,0,11.3,1,68.0
12358,2025,1,0.8,0,58.5
12359,2022,0,16.8,1,37.2
12359,2023,0,19.2,0,40.7
12359,2024,2,6.1,0,73.1
12359,2025,2,6.6,1,46.1
12360,2022,0,7.6,1,63.2
12360,2023,2,15.8,1,44.4
12360,2024,2,13.3,1,88.0
12360,2025,2,17.0,1,42.0
12361,2022,3,24.4,0,53.2
12361,2023,1,23.2,0,78.7
12361,2024,3,4.1,1,80.9
12361,2025,3,11.6,1,47.7
12362,2022,1,20.8,0,41.8
12362,2023,3,16.7,1,65.8
12362,2024,0,19.9,0,77.1
12362,2025,2,9.3,0,84.1
12363,2022,3,13.5,1,67.2
12363,2023,3,4.0,1,80.0
12363,2024,2,2.3,1,62.4
12363,2025,2,14.4,0,72.6
12364,2022,1,14.4,0,56.0
12364,2023,0,16.7,0,78.7
12364,2024,2,6.8,1,46.5
12364,2025,3,17.8,1,54.1
12365,2022,1,23.1,0,80.2
12365,2023,1,16.7,1,75.9
12365,2024,2,7.6,0,80.1
12365,2025,3,4.8,1,44.9
12366,2022,2,17.5,0,59.1
12366,2023,1,22.3,0,66.9
12366,2024,3,13.6,1,82.8
12366,2025,3,17.3,1,64.3
12367,2022,1,16.3,0,62.4
12367,2023,0,17.0,0,47.3
12367,2024,3,13.4,1,85.9
12367,2025,1,12.0,0,93.8
12368,2022,3,19.8,0,57.8
12368,2023,3,11.4,0,59.2
12368,2024,1,20.1,0,55.7
12368,2025,3,17.8,1,55.0
12369,2022,0,19.5,0,63.2
12369,2023,1,18.4,1,43.1
12369,2024,1,10.3,1,71.4
12369,2025,3,17.2,0,72.7
12370,2022,0,23.7,0,71.6
12370,2023,0,19.4,1,46.5
12370,2024,2,4.7,0,78.1
12370,2025,1,16.2,0,40.0
12371,2022,3,14.3,0,62.1
12371,2023,3,15.7,0,83.6
12371,2024,2,21.8,0,79.7
12371,2025,3,7.7,0,90.0
12372,2022,0,12.0,1,38.9
12372,2023,1,8.8,1,76.1
12372,2024,0,4.5,1,64.1
12372,2025,1,3.9,0,58.4
12373,2022,2,15.3,0,51.3
12373,2023,1,21.7,1,39.1
12373,2024,0,18.2,0,77.8
12373,2025,3,4.1,1,76.9
12374,2022,1,16.2,0,39.2
12374,2023,2,20.4,1,65.7
12374,2024,2,12.8,1,43.8
12374,2025,3,18.7,0,57.8
12375,2022,2,23.2,0,32.6
12375,2023,0,10.5,1,70.3
12375,2024,1,19.5,0,36.7
12375,2025,1,12.2,1,54.6
12376,2022,0,14.6,1,46.0
12376,2023,2,19.0,0,77.9
12376,2024,0,17.8,1,63.0
12376,2025,1,14.0,1,73.4
12377,2022,1,21.2,0,44.9
12377,2023,1,22.5,0,65.9
12377,2024,1,19.5,0,45.0
12377,2025,3,2.0,1,98.5
12378,2022,1,22.0,0,61.0
12378,2023,2,19.1,1,85.8
12378,2024,0,20.5,1,42.3
12378,2025,2,15.3,1,74.4
12379,2022,1,22.6,1,70.3
12379,2023,2,3.7,1,80.3
12379,2024,3,21.6,0,65.2
12379,2025,0,4.3,1,41.2
12380,2022,1,22.3,0,45.7
12380,2023,2,22.1,0,49.8
12380,2024,3,2.0,1,55.1
12380,2025,3,18.8,1,44.5
12381,2022,3,21.6,1,30.0
12381,2023,0,21.9,0,64.2
12381,2024,2,5.5,1,80.2
12381,2025,2,16.0,0,52.8
12382,2022,0,14.7,1,71.6
12382,2023,3,8.7,0,76.9
12382,2024,1,17.1,0,60.7
12382,2025,2,10.0,1,70.5
12383,2022,1,23.0,1,48.8
12383,2023,3,17.7,1,55.5
12383,2024,0,4.8,0,71.3
12383,2025,1,5.5,1,60.7
12384,2022,2,10.3,1,60.1
12384,2023,2,10.4,1,77.6
12384,2024,0,15.3,0,93.9
12384,2025,3,18.4,0,92.5
12385,2022,2,16.9,0,84.9
12385,2023,2,18.5,1,87.7
12385,2024,0,8.3,1,50.5
12385,2025,1,10.9,1,95.8
12386,2022,3,15.1,0,43.3
12386,2023,1,17.5,0,84.9
12386,2024,3,12.4,0,70.9
12386,2025,1,7.2,0,89.3
12387,2022,1,9.9,1,88.9
12387,2023,2,8.6,0,85.5
12387,2024,1,21.6,1,85.0
12387,2025,3,7.6,1,51.4
12388,2022,0,21.1,0,81.6
12388,2023,0,4.9,1,42.9
12388,2024,1,3.8,0,66.8
12388,2025,3,14.2,1,69.1
12389,2022,3,14.1,0,61.1
12389,2023,2,21.1,0,76.4
12389,2024,0,19.2,0,59.8
12389,2025,0,15.6,1,66.4
12390,2022,2,21.3,0,69.5
12390,2023,0,20.9,0,73.9
12390,2024,3,17.7,0,62.3
12390,2025,1,11.0,1,42.1
12391,2022,1,10.3,0,45.5
12391,2023,3,19.2,1,89.6
12391,2024,1,8.4,1,91.6
12391,2025,2,5.4,0,78.0
12392,2022,0,8.4,0,41.1
12392,2023,0,16.0,0,38.7
12392,2024,2,6.8,0,93.0
12392,2025,1,8.0,1,91.4
12393,2022,1,19.2,1,53.9
12393,2023,2,19.4,0,70.8
12393,2024,3,8.3,1,90.8
12393,2025,0,17.4,0,47.3
12394,2022,1,6.2,1,68.2
12394,2023,1,23.2,0,88.2
12394,2024,3,10.3,0,86.2
12394,2025,0,7.0,0,56.2
12395,2022,1,23.5,1,87.1
12395,2023,3,6.1,0,45.2
12395,2024,0,9.2,1,48.5
12395,2025,3,7.7,0,44.8
12396,2022,0,13.5,1,37.1
12396,2023,1,20.5,1,78.7
12396,2024,1,19.0,0,52.6
12396,2025,0,12.3,1,91.1
12397,2022,3,24.8,0,81.5
12397,2023,2,20.4,0,40.0
12397,2024,2,15.6,0,67.9
12397,2025,3,4.5,1,83.4
12398,2022,1,16.0,1,71.0
12398,2023,0,7.8,0,39.2
12398,2024,3,8.0,0,55.3
12398,2025,0,14.2,0,75.7
12399,2022,0,8.7,1,65.1
12399,2023,2,5.3,0,81.8
12399,2024,1,12.6,0,39.4
12399,2025,1,0.5,0,67.8
12400,2022,2,17.2,0,80.9
12400,2023,3,21.5,0,92.6
12400,2024,0,5.8,1,43.7
12400,2025,2,8.2,1,77.8
12401,2022,2,23.3,0,30.1
12401,2023,1,17.6,1,54.0
12401,2024,3,4.7,0,62.7
12401,2025,2,8.1,1,59.8
12402,2022,0,20.1,1,67.5
12402,2023,2,16.8,0,33.9
12402,2024,0,5.1,0,90.5
12402,2025,3,1.7,1,58.1
12403,2022,2,18.6,0,39.0
12403,2023,0,15.7,1,59.0
12403,2024,1,3.2,0,66.8
12403,2025,1,20.0,0,42.1
12404,2022,2,10.0,1,77.9
12404,2023,1,11.2,1,77.2
12404,2024,2,5.6,1,66.7
12404,2025,0,17.1,1,50.2
12405,2022,0,24.3,0,85.6
12405,2023,3,7.8,1,80.7
12405,2024,1,7.7,1,50.0
12405,2025,3,14.6,0,83.2
12406,2022,2,15.6,1,36.1
12406,2023,0,5.6,1,40.1
12406,2024,2,20.6,0,62.7
12406,2025,3,12.7,1,81.1
12407,2022,1,11.0,1,85.0
12407,2023,2,13.3,1,91.3
12407,2024,3,12.0,0,77.5
12407,2025,1,11.0,0,86.0
12408,2022,2,14.9,1,60.6
12408,2023,3,14.7,0,36.4
12408,2024,3,9.9,0,43.5
12408,2025,1,3.4,1,97.2
12409,2022,2,18.3,1,53.6
12409,2023,2,19.3,0,79.3
12409,2024,3,18.8,1,49.2
12409,2025,2,0.9,1,71.0
12410,2022,1,13.1,1,39.2
12410,2023,3,23.1,0,81.5
12410,2024,3,3.3,1,46.1
12410,2025,2,16.2,0,81.4
12411,2022,3,7.5,1,39.1
12411,2023,1,20.0,0,82.1
12411,2024,0,15.4,0,66.2
12411,2025,3,15.0,0,63.7
12412,2022,2,24.5,1,50.2
12412,2023,2,22.3,0,74.3
12412,2024,1,8.1,1,41.3
12412,2025,2,8.0,0,90.4
12413,2022,2,13.1,0,75.7
12413,2023,0,7.1,1,55.4
12413,2024,3,9.6,0,94.7
12413,2025,2,20.1,1,88.9
12414,2022,2,14.8,0,46.2
12414,2023,0,22.6,0,86.3
12414,2024,3,3.4,1,41.9
12414,2025,1,1.3,1,80.4
12415,2022,0,16.5,0,37.9
12415,2023,0,18.2,1,91.6
12415,2024,2,6.3,1,39.0
12415,2025,2,10.6,0,53.0
12416,2022,1,22.5,1,61.8
12416,2023,1,18.7,0,68.0
12416,2024,1,6.6,1,66.8
12416,2025,0,7.2,0,83.4
12417,2022,0,11.1,1,30.1
12417,2023,0,17.9,0,66.8
12417,2024,1,21.4,1,72.9
12417,2025,3,6.1,1,51.5
12418,2022,1,16.8,0,69.5
12418,2023,2,23.3,1,72.2
12418,2024,0,5.2,0,67.8
12418,2025,2,13.7,1,54.6
12419,2022,1,11.6,1,55.0
12419,2023,2,23.3,0,49.3
12419,2024,0,4.2,1,82.2
12419,2025,3,9.5,0,76.1
12420,2022,3,10.1,1,39.1
12420,2023,1,4.1,1,67.1
12420,2024,3,21.3,0,90.2
12420,2025,0,11.9,1,89.0
12421,2022,1,19.0,1,83.5
12421,2023,0,15.9,0,88.0
12421,2024,2,5.0,1,47.3
12421,2025,1,3.9,1,82.2
12422,2022,3,17.5,0,68.7
12422,2023,0,19.1,0,35.0
12422,2024,1,14.2,1,82.7
12422,2025,1,11.9,0,51.4
12423,2022,3,19.9,0,85.0
12423,2023,0,8.4,0,83.1
12423,2024,2,16.6,0,82.1
12423,2025,3,8.7,0,80.8
12424,2022,1,18.5,1,58.2
12424,2023,0,9.0,1,80.9
12424,2024,1,4.7,1,85.2
12424,2025,3,1.1,1,44.9
12425,2022,2,21.1,0,49.9
12425,2023,2,7.4,1,52.0
12425,2024,0,9.3,0,43.5
12425,2025,2,15.9,1,97.5
12426,2022,1,14.0,1,65.0
12426,2023,2,7.9,1,68.4
12426,2024,2,5.9,0,58.9
12426,2025,2,8.7,0,85.1
12427,2022,1,16.3,0,58.5
12427,2023,2,11.3,1,77.5
12427,2024,1,20.1,1,88.7
12427,2025,0,0.6,0,78.4
12428,2022,1,13.0,0,67.4
12428,2023,1,18.4,1,80.2
12428,2024,0,19.8,0,66.2
12428,2025,2,7.7,0,87.7
12429,2022,2,18.5,1,35.5
12429,2023,0,15.1,1,47.5
12429,2024,2,6.0,0,91.5
12429,2025,2,14.1,0,49.3
12430,2022,0,10.0,0,57.2
12430,2023,2,19.2,1,61.8
12430,2024,3,19.3,0,61.1
12430,2025,0,10.1,1,91.0
12431,2022,2,6.1,0,75.0
12431,2023,2,18.2,0,81.6
12431,2024,2,11.3,1,95.5
12431,2025,3,2.4,1,97.5
12432,2022,2,11.6,1,83.5
12432,2023,0,9.3,1,66.9
12432,2024,3,16.5,0,54.1
12432,2025,1,9.0,0,82.4
12433,2022,1,16.7,1,87.0
12433,2023,0,13.5,1,92.4
12433,2024,0,16.5,0,72.8
12433,2025,2,14.9,0,81.0
12434,2022,2,14.0,1,46.7
12434,2023,3,6.2,1,45.1
12434,2024,3,10.2,0,74.3
12434,2025,3,3.7,0,52.5
12435,2022,3,24.2,0,53.7
12435,2023,1,22.5,1,62.6
12435,2024,1,11.1,1,92.0
12435,2025,0,1.1,1,97.7
12436,2022,0,12.5,0,44.8
12436,2023,2,21.4,0,40.9
12436,2024,2,7.8,1,49.5
12436,2025,2,12.9,1,70.1
12437,2022,1,8.7,1,77.0
12437,2023,3,20.0,1,64.3
12437,2024,1,19.8,1,92.0
12437,2025,0,12.8,0,77.2
12438,2022,1,17.5,0,59.0
12438,2023,2,11.1,0,79.2
12438,2024,0,16.1,1,93.2
12438,2025,1,10.1,1,59.0
12439,2022,3,19.9,0,46.5
12439,2023,2,22.9,1,45.8
12439,2024,0,18.4,1,68.1
12439,2025,1,10.8,0,67.1
12440,2022,0,24.6,1,44.8
12440,2023,0,15.6,1,76.3
12440,2024,1,3.3,1,53.9
12440,2025,2,15.1,0,84.4
12441,2022,1,21.4,0,80.3
12441,2023,3,6.2,1,85.0
12441,2024,3,15.6,0,44.8
12441,2025,2,18.9,0,57.4
12442,2022,0,10.0,1,61.4
12442,2023,2,15.2,0,83.7
12442,2024,2,7.5,0,60.1
12442,2025,0,16.0,1,78.6
12443,2022,1,16.6,0,57.3
12443,2023,0,12.1,0,34.8
12443,2024,2,2.6,1,55.0
12443,2025,3,19.4,1,84.4
12444,2022,1,15.0,1,73.8
12444,2023,1,19.6,0,86.0
12444,2024,0,9.8,1,71.6
12444,2025,0,17.5,1,85.0
12445,2022,2,8.2,1,54.9
12445,2023,1,8.1,0,54.0
12445,2024,1,8.7,0,56.4
12445,2025,0,2.3,1,48.5
12446,2022,0,13.9,0,56.3
12446,2023,3,13.2,0,81.6
12446,2024,2,4.3,1,36.7
12446,2025,3,9.0,1,73.5
12447,2022,2,8.9,1,40.4
12447,2023,3,21.0,1,77.7
12447,2024,1,12.2,0,44.4
12447,2025,0,19.5,1,48.8
12448,2022,2,11.8,0,32.6
12448,2023,1,10.3,0,59.6
12448,2024,2,8.8,0,74.9
12448,2025,1,5.9,0,56.3
12449,2022,2,20.7,0,32.5
12449,2023,0,9.2,1,89.0
12449,2024,1,7.8,0,87.6
12449,2025,0,1.4,1,66.8
12450,2022,0,24.3,0,79.4
12450,2023,1,21.2,1,81.1
12450,2024,2,7.9,1,69.7
12450,2025,2,10.9,1,70.6
12451,2022,1,14.7,1,69.1
12451,2023,1,5.3,0,76.3
12451,2024,3,12.6,1,85.2
12451,2025,0,2.8,1,73.5
12452,2022,1,13.7,1,74.8
12452,2023,1,5.3,0,44.1
12452,2024,1,13.8,0,80.8
12452,2025,0,1.5,1,42.5
12453,2022,0,17.6,0,69.5
12453,2023,0,17.6,1,75.8
12453,2024,0,13.4,0,94.1
12453,2025,3,9.9,1,64.3
12454,2022,3,6.2,0,36.8
12454,2023,1,3.7,0,53.1
12454,2024,0,8.8,1,61.2
12454,2025,1,15.9,1,85.2
12455,2022,0,17.9,0,41.2
12455,2023,1,6.0,1,43.2
12455,2024,2,15.8,0,49.2
12455,2025,0,12.0,0,52.9
12456,2022,1,8.3,0,85.4
12456,2023,1,18.6,1,42.6
12456,2024,0,18.6,1,60.8
12456,2025,0,5.2,1,63.2
12457,2022,3,17.7,0,37.7
12457,2023,1,11.1,0,39.5
12457,2024,2,3.2,1,90.6
12457,2025,3,17.7,0,89.2
12458,2022,0,21.4,1,86.0
12458,2023,2,9.9,0,52.0
12458,2024,1,12.6,0,67.6
12458,2025,3,10.7,0,54.3
12459,2022,3,8.5,0,53.5
12459,2023,1,6.4,0,80.6
12459,2024,2,18.9,0,64.6
12459,2025,0,17.8,0,45.6
12460,2022,3,19.5,0,30.2
12460,2023,1,5.0,1,47.2
12460,2024,0,20.2,0,47.0
12460,2025,0,20.1,1,86.6
12461,2022,2,20.5,1,70.0
12461,2023,1,10.6,1,83.3
12461,2024,0,10.1,1,61.1
12461,2025,0,17.9,1,74.0
12462,2022,3,10.6,1,55.0
12462,2023,0,6.3,1,46.3
12462,2024,1,18.5,0,73.9
12462,2025,3,4.4,1,62.3
12463,2022,2,23.1,1,45.0
12463,2023,3,15.4,1,89.3
12463,2024,2,13.1,1,42.5
12463,2025,1,16.0,0,85.6
12464,2022,2,5.3,1,63.0
12464,2023,2,17.8,1,78.8
12464,2024,2,14.0,1,41.4
12464,2025,2,11.0,0,62.4
12465,2022,2,9.3,0,77.8
12465,2023,3,20.1,1,81.9
12465,2024,0,7.0,1,83.3
12465,2025,3,10.3,1,83.7
12466,2022,3,8.2,0,52.6
12466,2023,1,23.0,0,76.0
12466,2024,0,5.9,1,42.6
12466,2025,0,16.6,1,48.8
12467,2022,1,10.3,0,62.4
12467,2023,0,8.6,0,66.0
12467,2024,2,10.4,0,64.3
12467,2025,0,17.4,1,83.1
12468,2022,1,18.8,1,63.8
12468,2023,3,20.9,1,36.9
12468,2024,0,2.9,1,89.2
12468,2025,2,19.6,1,76.7
12469,2022,1,6.5,1,83.7
12469,2023,0,17.9,1,58.8
12469,2024,3,6.1,0,36.1
12469,2025,2,17.3,0,84.8
12470,2022,1,22.2,0,64.0
12470,2023,1,14.5,1,34.2
12470,2024,2,10.1,0,70.4
12470,2025,1,16.4,0,94.9
12471,2022,1,22.5,1,42.5
12471,2023,3,18.3,1,49.9
12471,2024,0,20.1,0,75.0
12471,2025,2,13.0,1,88.3
12472,2022,0,18.4,1,68.5
12472,2023,3,14.9,1,73.3
12472,2024,0,11.8,0,55.6
12472,2025,3,13.6,0,39.6
12473,2022,0,16.2,1,80.4
12473,2023,2,18.1,0,92.7
12473,2024,1,20.7,0,88.0
12473,2025,2,8.0,0,62.9
12474,2022,1,13.2,1,51.1
12474,2023,2,3.8,0,90.6
12474,2024,1,12.5,0,95.3
12474,2025,0,3.1,0,75.7
12475,2022,0,19.3,0,60.9
12475,2023,1,19.1,1,64.0
12475,2024,0,16.5,1,48.1
12475,2025,3,11.4,1,82.7
12476,2022,2,15.7,0,40.3
12476,2023,2,16.4,0,45.6
12476,2024,2,13.1,0,76.4
12476,2025,1,15.5,0,91.2
12477,2022,1,22.9,0,70.0
12477,2023,2,14.2,0,61.5
12477,2024,1,4.2,1,77.7
12477,2025,3,3.1,1,66.3
12478,2022,3,12.5,0,69.3
12478,2023,2,13.4,1,79.8
12478,2024,0,6.5,0,36.9
12478,2025,0,9.6,0,52.1
12479,2022,0,7.7,0,72.2
12479,2023,2,8.3,1,57.1
12479,2024,1,16.7,0,67.3
12479,2025,2,20.2,0,80.1
12480,2022,2,8.7,1,61.6
12480,2023,2,10.3,0,83.2
12480,2024,0,9.0,1,58.7
12480,2025,0,5.0,1,80.5
12481,2022,0,9.1,1,55.5
12481,2023,2,6.1,0,64.8
12481,2024,1,20.2,1,42.8
12481,2025,1,13.5,0,88.9
12482,2022,1,10.8,1,49.2
12482,2023,1,8.7,1,51.1
12482,2024,1,13.8,0,41.3
12482,2025,1,14.4,0,69.4
12483,2022,2,10.1,1,55.1
12483,2023,3,10.4,0,38.9
12483,2024,0,7.8,1,81.1
12483,2025,1,2.3,0,43.0
12484,2022,0,12.7,0,38.7
12484,2023,3,14.2,0,60.6
12484,2024,3,15.1,1,57.5
12484,2025,2,8.8,0,55.5
12485,2022,1,24.7,0,63.8
12485,2023,3,16.0,1,64.5
12485,2024,0,19.7,1,61.9
12485,2025,3,18.8,0,85.6
12486,2022,2,21.4,1,59.9
12486,2023,2,8.9,0,91.7
12486,2024,3,10.6,1,84.1
12486,2025,3,0.5,1,45.4
12487,2022,1,14.0,0,46.4
12487,2023,3,9.4,1,65.2
12487,2024,0,4.2,1,64.1
12487,2025,1,17.3,0,41.8
12488,2022,3,18.5,0,61.7
12488,2023,1,23.5,0,69.3
12488,2024,1,12.0,1,63.8
12488,2025,1,7.1,0,91.0
12489,2022,2,10.3,1,63.4
12489,2023,2,12.2,0,80.2
12489,2024,3,8.2,1,71.2
12489,2025,2,20.3,0,93.6
12490,2022,3,8.7,0,42.9
12490,2023,0,3.9,0,82.9
12490,2024,1,4.6,0,62.9
12490,2025,3,18.3,0,80.9
12491,2022,2,18.9,0,64.0
12491,2023,2,19.2,0,39.5
12491,2024,2,8.4,1,62.2
12491,2025,2,13.0,0,79.4
12492,2022,3,19.2,1,83.9
12492,2023,2,10.0,0,46.1
12492,2024,0,16.5,1,57.3
12492,2025,3,13.1,1,60.6
12493,2022,0,10.9,0,61.5
12493,2023,0,4.6,1,84.8
12493,2024,1,6.8,0,59.7
12493,2025,0,12.9,0,47.8
12494,2022,0,17.0,0,60.4
12494,2023,1,13.7,1,35.3
12494,2024,3,7.0,1,56.7
12494,2025,3,9.4,1,69.9
12495,2022,3,7.9,0,61.1
12495,2023,0,16.7,1,82.2
12495,2024,0,19.4,0,84.1
12495,2025,3,9.8,1,56.0
12496,2022,3,9.3,0,48.1
12496,2023,0,20.1,0,91.9
12496,2024,2,8.3,1,59.5
12496,2025,2,12.4,0,47.6
12497,2022,1,6.5,1,69.4
12497,2023,3,17.9,1,47.6
12497,2024,3,11.2,0,72.2
12497,2025,1,9.0,1,88.3
12498,2022,1,23.7,0,40.4
12498,2023,1,13.3,1,60.1
12498,2024,1,2.3,0,59.0
12498,2025,3,19.7,1,99.0
12499,2022,3,5.2,1,72.7
12499,2023,2,14.2,1,37.9
12499,2024,2,14.7,1,49.7
12499,2025,0,18.4,1,48.4
12500,2022,3,18.6,1,30.9
12500,2023,0,19.7,1,52.0
12500,2024,3,17.4,1,55.5
12500,2025,3,4.8,0,53.1
