Village_ID,Year,Electrification_Pct,Internet_Penetration_Pct,Paved_Roads_KM,Bank_Branches
10001,2022,76.5,46.3,5.8,0
10001,2023,63.0,37.9,11.4,1
10001,2024,100.0,39.4,18.9,1
10001,2025,92.7,41.8,4.5,2
10002,2022,55.8,59.4,16.0,1
10002,2023,65.4,27.5,18.5,0
10002,2024,100.0,29.3,8.7,0
10002,2025,67.1,51.5,10.0,2
10003,2022,55.6,35.9,17.0,1
10003,2023,63.7,24.9,12.2,0
10003,2024,89.3,39.5,10.6,1
10003,2025,82.4,42.6,6.9,0
10004,2022,53.2,47.1,11.7,0
10004,2023,69.9,40.4,8.8,1
10004,2024,59.2,60.9,10.5,0
10004,2025,71.5,32.6,17.3,0
10005,2022,58.2,25.8,17.2,0
10005,2023,63.1,30.9,2.4,0
10005,2024,92.4,44.9,11.8,0
10005,2025,95.1,48.2,19.1,1
10006,2022,85.2,23.1,10.0,0
10006,2023,85.5,56.9,4.0,0
10006,2024,66.8,67.3,2.2,0
10006,2025,78.7,66.8,9.3,2
10007,2022,72.1,45.0,17.8,2
10007,2023,78.2,45.4,18.1,1
10007,2024,96.1,38.8,13.9,0
10007,2025,100.0,73.9,19.2,0
10008,2022,60.4,42.4,3.3,1
10008,2023,73.2,60.5,8.7,1
10008,2024,62.1,44.6,16.3,0
10008,2025,88.6,48.6,17.1,1
10009,2022,77.5,13.8,3.6,1
10009,2023,93.3,32.9,12.6,0
10009,2024,79.9,41.3,14.0,2
10009,2025,95.0,52.7,6.0,0
10010,2022,65.3,33.8,2.6,2
10010,2023,85.8,61.9,2.4,0
10010,2024,56.9,47.4,8.5,2
10010,2025,64.8,70.3,4.3,2
10011,2022,71.5,16.4,12.3,2
10011,2023,95.1,44.6,6.5,0
10011,2024,97.5,48.9,8.1,2
10011,2025,86.2,35.8,8.2,2
10012,2022,56.2,22.3,18.8,2
10012,2023,85.2,41.0,17.5,0
10012,2024,63.5,48.1,13.7,0
10012,2025,74.3,73.0,4.8,2
10013,2022,65.1,18.2,3.4,0
10013,2023,95.0,31.2,8.4,0
10013,2024,88.3,34.0,12.3,1
10013,2025,60.9,67.1,15.0,1
10014,2022,90.5,20.8,2.4,0
10014,2023,73.2,60.9,5.5,0
10014,2024,91.2,68.5,9.9,1
10014,2025,94.8,33.6,8.5,0
10015,2022,97.9,20.8,10.2,0
10015,2023,69.2,35.2,7.9,2
10015,2024,96.5,65.4,12.6,0
10015,2025,71.3,34.1,17.6,0
10016,2022,97.8,27.2,3.5,0
10016,2023,72.2,51.1,7.3,0
10016,2024,86.7,58.2,6.8,0
10016,2025,100.0,45.8,11.8,1
10017,2022,59.6,58.2,18.1,1
10017,2023,82.5,33.6,16.8,1
10017,2024,100.0,52.7,18.2,0
10017,2025,100.0,58.8,5.8,0
10018,2022,60.6,50.0,8.2,2
10018,2023,57.2,33.8,7.0,2
10018,2024,75.5,42.5,11.8,0
10018,2025,94.1,48.9,14.1,0
10019,2022,87.9,12.9,9.5,2
10019,2023,81.7,52.6,7.5,0
10019,2024,84.5,60.4,13.4,0
10019,2025,63.3,69.0,11.0,1
10020,2022,71.2,45.7,16.9,1
10020,2023,80.2,45.6,3.0,0
10020,2024,87.8,50.2,15.2,0
10020,2025,61.9,60.2,14.5,0
10021,2022,83.2,10.4,17.6,0
10021,2023,97.7,38.4,17.2,0
10021,2024,92.7,24.0,4.7,0
10021,2025,87.4,52.4,13.5,0
10022,2022,54.7,17.4,12.9,0
10022,2023,90.6,16.5,14.5,0
10022,2024,86.8,58.5,19.7,0
10022,2025,83.8,63.2,4.0,0
10023,2022,88.5,29.3,13.3,0
10023,2023,84.9,19.3,12.7,0
10023,2024,77.5,70.7,2.1,0
10023,2025,68.8,35.5,13.9,2
10024,2022,74.2,34.4,10.9,1
10024,2023,59.9,29.6,15.9,0
10024,2024,57.9,28.6,15.6,0
10024,2025,68.7,53.6,2.8,2
10025,2022,67.6,19.8,16.0,1
10025,2023,83.5,34.0,18.1,0
10025,2024,79.0,52.3,13.4,1
10025,2025,92.8,47.3,17.6,0
10026,2022,85.4,36.0,5.7,1
10026,2023,86.4,27.6,18.2,0
10026,2024,81.3,56.8,18.8,2
10026,2025,89.3,59.7,7.1,1
10027,2022,96.9,44.6,8.2,1
10027,2023,86.4,33.0,14.8,0
10027,2024,90.6,69.0,8.0,0
10027,2025,71.5,59.2,19.8,1
10028,2022,72.9,16.4,7.2,0
10028,2023,73.4,64.8,2.5,2
10028,2024,72.0,50.4,16.7,2
10028,2025,79.6,62.9,2.8,0
10029,2022,78.7,28.6,19.5,0
10029,2023,82.5,38.1,12.8,0
10029,2024,95.3,58.6,9.9,1
10029,2025,89.0,71.3,15.2,0
10030,2022,91.7,58.0,14.9,0
10030,2023,84.0,65.5,9.0,2
10030,2024,71.8,51.8,5.9,0
10030,2025,87.8,32.4,17.2,2
10031,2022,85.0,38.9,18.6,0
10031,2023,85.4,26.2,19.9,0
10031,2024,95.8,54.4,8.5,2
10031,2025,100.0,44.8,12.4,0
10032,2022,66.1,36.1,19.7,1
10032,2023,56.3,49.0,9.4,0
10032,2024,86.5,67.4,16.2,0
10032,2025,62.8,67.6,18.9,0
10033,2022,92.4,11.1,5.3,0
10033,2023,92.0,23.7,15.0,0
10033,2024,89.2,65.4,14.7,1
10033,2025,100.0,65.2,9.0,0
10034,2022,92.6,17.4,19.7,2
10034,2023,96.8,45.4,17.6,2
10034,2024,90.3,51.4,19.9,0
10034,2025,75.2,66.7,11.9,1
10035,2022,52.3,50.7,6.0,0
10035,2023,55.5,49.7,7.0,1
10035,2024,93.1,57.7,16.2,0
10035,2025,66.7,61.3,8.5,0
10036,2022,65.0,17.5,5.9,0
10036,2023,80.6,50.2,18.6,0
10036,2024,61.3,45.6,8.1,2
10036,2025,100.0,76.9,3.5,1
10037,2022,89.2,45.4,12.2,1
10037,2023,80.6,34.7,11.9,1
10037,2024,98.6,67.5,9.6,0
10037,2025,81.2,39.5,10.0,0
10038,2022,93.1,33.4,6.0,0
10038,2023,92.1,19.2,7.3,0
10038,2024,55.7,53.4,10.8,2
10038,2025,95.7,55.9,19.5,0
10039,2022,87.6,35.2,19.6,2
10039,2023,67.7,26.3,3.6,1
10039,2024,78.7,46.7,18.3,0
10039,2025,64.1,51.0,9.9,1
10040,2022,82.0,11.1,10.3,1
10040,2023,84.9,24.1,8.5,2
10040,2024,100.0,67.1,17.8,0
10040,2025,92.2,67.4,10.2,0
10041,2022,71.5,16.0,2.1,0
10041,2023,61.2,64.6,18.8,0
10041,2024,92.8,45.3,19.5,0
10041,2025,74.5,65.5,9.8,1
10042,2022,95.3,37.1,9.9,0
10042,2023,65.8,54.2,2.3,2
10042,2024,64.4,55.1,5.6,0
10042,2025,87.3,31.3,4.2,1
10043,2022,94.0,55.7,16.3,0
10043,2023,59.3,54.4,11.3,0
10043,2024,57.0,33.1,7.2,2
10043,2025,100.0,39.3,18.6,2
10044,2022,56.6,44.3,13.6,1
10044,2023,81.7,51.0,18.9,1
10044,2024,64.6,26.4,6.6,0
10044,2025,65.5,73.3,17.6,0
10045,2022,57.5,47.3,17.4,0
10045,2023,86.6,65.2,18.1,0
10045,2024,91.5,43.6,16.7,0
10045,2025,63.3,32.3,16.5,0
10046,2022,56.6,55.3,17.3,1
10046,2023,97.3,56.6,18.1,0
10046,2024,83.3,22.0,9.6,0
10046,2025,95.0,54.5,5.9,0
10047,2022,53.9,10.4,3.3,0
10047,2023,55.0,33.6,7.0,2
10047,2024,74.0,65.5,17.5,1
10047,2025,84.2,61.7,19.9,0
10048,2022,67.9,52.5,9.6,0
10048,2023,86.7,43.9,10.4,2
10048,2024,87.1,60.7,9.1,2
10048,2025,78.9,52.3,11.9,0
10049,2022,53.8,35.1,10.6,2
10049,2023,81.1,45.9,14.3,0
10049,2024,66.6,29.0,6.9,1
10049,2025,76.0,60.2,9.3,2
10050,2022,50.7,52.8,9.2,0
10050,2023,77.5,24.0,7.7,0
10050,2024,88.6,40.8,16.4,0
10050,2025,85.2,74.0,11.7,0
10051,2022,86.1,25.6,12.1,0
10051,2023,100.0,59.8,6.3,2
10051,2024,85.4,54.1,9.6,0
10051,2025,68.1,70.2,8.2,0
10052,2022,77.5,17.1,18.3,0
10052,2023,64.3,55.4,2.7,0
10052,2024,70.8,23.5,5.2,0
10052,2025,74.4,47.7,13.9,2
10053,2022,75.0,24.0,12.9,0
10053,2023,77.6,48.1,14.9,1
10053,2024,87.0,60.2,2.8,0
10053,2025,78.5,45.3,17.9,0
10054,2022,59.0,51.9,18.8,0
10054,2023,76.1,43.6,16.1,1
10054,2024,93.2,59.6,5.1,0
10054,2025,91.2,64.3,16.2,0
10055,2022,55.5,16.9,7.7,0
10055,2023,98.0,52.6,4.7,0
10055,2024,69.7,63.3,3.5,1
10055,2025,85.6,29.8,2.8,0
10056,2022,51.5,18.1,17.2,0
10056,2023,96.2,42.0,17.2,1
10056,2024,87.8,24.9,2.6,0
10056,2025,70.8,46.3,14.9,2
10057,2022,82.8,52.0,6.6,0
10057,2023,66.5,21.1,6.0,0
10057,2024,67.5,29.0,12.1,0
10057,2025,79.0,34.0,10.2,2
10058,2022,78.8,37.2,5.4,2
10058,2023,62.5,31.2,2.1,0
10058,2024,90.7,62.8,7.8,2
10058,2025,85.2,57.1,9.3,2
10059,2022,50.4,43.5,10.6,2
10059,2023,78.9,31.4,9.3,0
10059,2024,75.2,46.6,8.8,0
10059,2025,89.6,46.5,19.3,2
10060,2022,93.1,34.9,18.6,0
10060,2023,65.1,50.4,9.0,2
10060,2024,87.3,44.5,18.9,0
10060,2025,64.8,31.3,3.6,0
10061,2022,54.1,28.5,2.2,2
10061,2023,97.2,60.4,8.0,2
10061,2024,96.4,63.2,5.3,0
10061,2025,81.6,69.6,14.7,0
10062,2022,56.6,19.1,13.3,0
10062,2023,65.1,20.0,19.5,0
10062,2024,82.2,62.7,15.6,1
10062,2025,88.8,61.3,9.1,0
10063,2022,83.1,35.4,6.8,0
10063,2023,88.4,50.4,3.0,0
10063,2024,65.1,68.5,6.8,2
10063,2025,71.7,34.5,5.3,0
10064,2022,50.6,18.5,17.1,0
10064,2023,56.1,45.5,7.9,0
10064,2024,69.9,57.3,14.3,0
10064,2025,66.4,60.2,13.7,0
10065,2022,73.6,22.7,3.1,0
10065,2023,93.2,47.1,2.4,1
10065,2024,89.7,50.0,10.0,0
10065,2025,93.7,29.2,18.7,0
10066,2022,78.8,41.1,13.5,0
10066,2023,86.1,38.6,17.4,2
10066,2024,63.6,64.7,2.8,2
10066,2025,84.0,60.8,8.8,0
10067,2022,77.4,37.3,3.1,0
10067,2023,82.7,60.8,8.1,0
10067,2024,92.4,55.2,7.1,0
10067,2025,100.0,40.5,18.6,2
10068,2022,84.2,33.4,16.7,2
10068,2023,96.8,49.6,16.5,0
10068,2024,81.4,63.0,2.4,0
10068,2025,71.4,42.2,11.1,0
10069,2022,81.6,46.3,3.7,0
10069,2023,99.6,50.1,17.6,2
10069,2024,89.1,29.4,10.1,1
10069,2025,100.0,35.6,3.7,1
10070,2022,51.1,35.1,19.7,0
10070,2023,64.9,36.6,7.2,0
10070,2024,68.1,28.7,5.6,2
10070,2025,78.0,32.4,12.2,2
10071,2022,51.5,54.9,10.7,2
10071,2023,96.4,25.6,6.9,0
10071,2024,88.9,40.4,15.3,1
10071,2025,61.5,51.3,7.2,1
10072,2022,58.4,14.2,8.2,0
10072,2023,81.4,22.9,14.6,0
10072,2024,98.6,48.3,12.3,0
10072,2025,61.7,63.0,7.2,1
10073,2022,70.8,52.2,18.6,1
10073,2023,62.1,59.1,14.9,2
10073,2024,63.7,49.3,7.4,0
10073,2025,92.5,42.3,17.5,2
10074,2022,89.7,39.0,7.6,0
10074,2023,96.7,47.1,19.6,0
10074,2024,87.8,36.3,18.3,2
10074,2025,60.7,61.4,9.2,0
10075,2022,67.1,18.7,13.9,0
10075,2023,73.7,30.8,11.6,0
10075,2024,68.2,68.5,16.7,0
10075,2025,83.4,53.5,17.5,0
10076,2022,61.2,17.5,13.3,2
10076,2023,95.7,49.4,12.0,0
10076,2024,61.9,33.5,8.1,0
10076,2025,78.0,29.7,18.2,1
10077,2022,56.0,53.6,12.9,0
10077,2023,69.7,37.7,3.2,2
10077,2024,78.3,60.9,14.0,0
10077,2025,84.1,70.7,5.8,0
10078,2022,65.9,38.7,4.5,2
10078,2023,91.4,20.8,19.7,0
10078,2024,79.7,38.0,18.1,0
10078,2025,100.0,40.6,15.1,0
10079,2022,55.9,40.2,12.6,1
10079,2023,61.3,36.5,8.9,0
10079,2024,93.5,42.6,7.7,0
10079,2025,84.1,60.7,8.1,2
10080,2022,67.3,11.6,10.1,0
10080,2023,72.2,22.6,8.2,0
10080,2024,82.1,66.4,6.0,0
10080,2025,61.6,69.8,18.4,0
10081,2022,86.7,57.1,15.7,1
10081,2023,74.1,26.5,13.5,0
10081,2024,74.8,39.1,10.0,0
10081,2025,94.6,33.6,16.5,0
10082,2022,77.3,42.0,4.9,0
10082,2023,88.7,55.1,4.5,0
10082,2024,99.6,52.9,19.2,1
10082,2025,100.0,57.8,19.0,0
10083,2022,70.6,50.1,14.0,2
10083,2023,55.8,20.4,10.4,0
10083,2024,55.6,59.1,18.0,0
10083,2025,91.4,72.6,15.3,0
10084,2022,53.9,42.3,15.8,2
10084,2023,71.2,50.2,13.7,0
10084,2024,86.8,54.2,18.6,1
10084,2025,100.0,69.2,7.6,0
10085,2022,60.7,29.8,6.8,0
10085,2023,53.0,58.9,12.6,1
10085,2024,57.0,35.5,8.3,0
10085,2025,68.2,33.8,3.0,2
10086,2022,97.7,13.1,19.3,0
10086,2023,56.2,20.9,18.3,1
10086,2024,91.0,44.8,2.2,2
10086,2025,64.7,57.8,17.6,0
10087,2022,59.8,41.8,11.3,0
10087,2023,56.6,44.2,11.1,0
10087,2024,65.9,32.3,5.0,0
10087,2025,63.0,71.3,5.5,0
10088,2022,50.8,20.5,7.1,1
10088,2023,90.8,57.3,12.0,0
10088,2024,64.1,57.7,10.7,0
10088,2025,63.2,45.8,7.0,0
10089,2022,63.1,31.1,16.5,2
10089,2023,88.7,56.7,8.3,2
10089,2024,65.8,71.3,5.5,0
10089,2025,83.5,40.2,9.4,0
10090,2022,60.4,44.4,14.7,0
10090,2023,71.1,19.7,7.8,0
10090,2024,80.0,26.0,7.7,0
10090,2025,93.9,50.5,4.1,0
10091,2022,63.5,10.9,3.8,0
10091,2023,73.9,61.5,7.3,0
10091,2024,85.9,41.3,15.0,0
10091,2025,70.7,47.1,11.7,0
10092,2022,60.6,26.3,16.8,0
10092,2023,79.8,30.9,14.9,2
10092,2024,100.0,26.7,13.5,2
10092,2025,100.0,58.4,4.6,2
10093,2022,78.8,22.7,18.5,2
10093,2023,72.8,33.4,2.5,2
10093,2024,82.2,38.8,19.2,0
10093,2025,96.0,45.0,16.5,0
10094,2022,54.5,54.0,6.5,0
10094,2023,90.0,39.5,19.7,0
10094,2024,86.6,47.5,10.1,0
10094,2025,70.4,67.2,16.5,1
10095,2022,92.0,25.4,18.8,2
10095,2023,56.3,54.0,11.0,1
10095,2024,99.1,31.0,13.2,1
10095,2025,76.1,63.4,13.8,0
10096,2022,88.9,17.2,12.5,1
10096,2023,59.9,50.4,5.3,0
10096,2024,82.2,45.4,7.3,1
10096,2025,59.1,31.3,3.9,2
10097,2022,63.4,40.0,9.8,0
10097,2023,92.3,50.6,5.3,0
10097,2024,76.8,32.1,5.2,0
10097,2025,89.2,74.8,4.1,0
10098,2022,88.7,21.4,9.6,1
10098,2023,78.0,31.6,3.7,0
10098,2024,83.1,58.8,15.1,2
10098,2025,94.3,38.0,18.2,1
10099,2022,55.8,56.1,7.6,2
10099,2023,55.9,48.0,17.1,2
10099,2024,84.9,59.4,12.6,1
10099,2025,100.0,33.9,9.3,1
10100,2022,80.9,51.1,16.6,0
10100,2023,86.3,44.4,16.2,0
10100,2024,86.6,60.5,18.9,2
10100,2025,86.6,31.6,18.9,1
10101,2022,59.5,40.4,14.6,0
10101,2023,92.8,50.5,18.4,0
10101,2024,82.7,46.7,3.0,1
10101,2025,100.0,69.8,5.4,0
10102,2022,53.3,57.0,7.5,0
10102,2023,66.8,27.1,16.3,0
10102,2024,59.8,25.0,2.8,2
10102,2025,98.7,66.7,15.6,2
10103,2022,89.3,34.0,14.1,0
10103,2023,89.6,18.9,17.8,1
10103,2024,87.6,26.5,2.8,0
10103,2025,62.6,39.4,13.2,0
10104,2022,69.5,10.2,3.8,1
10104,2023,86.3,39.5,3.0,0
10104,2024,72.3,40.5,19.1,0
10104,2025,92.0,30.3,6.0,2
10105,2022,63.7,22.1,5.4,1
10105,2023,78.6,53.0,17.7,0
10105,2024,72.0,62.4,7.6,2
10105,2025,100.0,28.2,17.3,1
10106,2022,71.2,15.3,14.1,0
10106,2023,66.3,65.9,5.4,0
10106,2024,57.7,54.4,11.4,1
10106,2025,64.5,62.2,13.9,2
10107,2022,77.1,29.0,15.0,0
10107,2023,86.2,41.2,10.7,0
10107,2024,100.0,47.4,8.4,2
10107,2025,86.1,45.4,19.1,0
10108,2022,82.7,44.5,9.5,0
10108,2023,82.3,44.6,14.5,1
10108,2024,98.3,69.2,17.1,0
10108,2025,72.0,28.3,5.0,0
10109,2022,79.0,54.3,10.7,1
10109,2023,98.6,63.5,11.9,1
10109,2024,55.3,29.4,12.3,2
10109,2025,70.5,39.1,4.7,0
10110,2022,86.4,12.5,2.5,2
10110,2023,75.1,27.8,14.0,0
10110,2024,63.1,54.0,13.2,0
10110,2025,84.9,38.8,14.6,0
10111,2022,74.7,52.6,6.0,0
10111,2023,74.3,61.7,8.1,1
10111,2024,71.4,23.4,12.3,0
10111,2025,60.0,53.3,3.0,0
10112,2022,79.0,10.8,5.7,0
10112,2023,77.3,47.0,17.9,0
10112,2024,83.1,39.4,4.8,2
10112,2025,57.6,70.3,5.0,1
10113,2022,54.0,55.9,15.0,0
10113,2023,60.5,40.9,17.9,2
10113,2024,76.5,69.6,19.5,0
10113,2025,96.3,71.3,17.1,0
10114,2022,61.8,14.8,14.8,1
10114,2023,91.3,33.8,18.0,0
10114,2024,66.3,39.0,11.0,0
10114,2025,93.5,43.2,7.2,0
10115,2022,92.0,49.9,15.0,2
10115,2023,91.7,31.0,9.3,0
10115,2024,90.4,41.0,8.8,0
10115,2025,59.3,32.3,9.7,1
10116,2022,65.8,36.0,13.3,2
10116,2023,61.9,21.9,18.2,0
10116,2024,77.8,65.5,19.1,0
10116,2025,74.5,67.9,13.8,0
10117,2022,79.7,25.1,2.6,2
10117,2023,79.7,16.2,9.3,0
10117,2024,75.7,25.6,4.3,1
10117,2025,94.3,38.9,12.0,0
10118,2022,50.7,34.9,9.1,2
10118,2023,94.1,52.6,15.3,2
10118,2024,55.1,26.9,12.8,0
10118,2025,79.2,63.4,5.3,1
10119,2022,92.3,37.3,4.8,0
10119,2023,72.6,47.0,3.8,0
10119,2024,91.3,68.4,15.4,0
10119,2025,76.8,75.6,8.0,0
10120,2022,90.8,46.9,9.9,0
10120,2023,100.0,50.6,9.7,1
10120,2024,98.1,60.1,13.9,0
10120,2025,60.2,61.7,2.8,2
10121,2022,57.1,10.5,8.4,0
10121,2023,78.5,65.8,3.7,2
10121,2024,100.0,53.8,2.9,0
10121,2025,77.0,52.4,3.5,0
10122,2022,63.3,32.6,9.6,0
10122,2023,98.8,27.7,14.5,0
10122,2024,89.0,45.8,10.3,2
10122,2025,94.5,64.7,6.4,0
10123,2022,55.3,22.7,13.7,0
10123,2023,65.1,58.3,5.6,0
10123,2024,79.2,32.5,8.8,2
10123,2025,92.8,70.9,19.1,0
10124,2022,66.7,39.2,16.9,2
10124,2023,62.3,57.9,18.4,0
10124,2024,76.0,42.8,4.8,0
10124,2025,77.9,44.1,13.2,0
10125,2022,91.9,44.9,7.6,1
10125,2023,97.3,34.1,16.7,0
10125,2024,63.1,69.6,10.2,2
10125,2025,70.9,65.0,15.3,1
10126,2022,87.7,31.5,7.6,1
10126,2023,64.3,24.7,3.2,0
10126,2024,67.7,49.8,15.5,0
10126,2025,90.0,57.8,12.8,0
10127,2022,74.5,58.4,17.6,2
10127,2023,86.3,53.2,4.1,0
10127,2024,58.5,34.7,19.5,2
10127,2025,81.7,41.1,18.4,1
10128,2022,82.3,39.0,13.7,0
10128,2023,75.3,22.0,11.5,0
10128,2024,61.1,56.8,9.2,1
10128,2025,63.9,32.0,3.7,0
10129,2022,78.2,38.7,18.7,2
10129,2023,59.4,65.1,5.5,0
10129,2024,69.6,65.6,8.4,0
10129,2025,78.7,70.2,5.3,0
10130,2022,78.5,47.5,6.7,1
10130,2023,65.2,62.4,9.1,1
10130,2024,74.5,68.5,14.5,1
10130,2025,75.2,36.1,16.6,0
10131,2022,54.7,21.4,3.0,0
10131,2023,91.1,62.2,16.7,0
10131,2024,90.6,35.7,16.3,0
10131,2025,95.1,47.0,4.4,1
10132,2022,57.1,12.1,6.9,1
10132,2023,77.3,61.0,3.5,0
10132,2024,70.9,25.6,10.7,0
10132,2025,74.2,54.5,19.4,0
10133,2022,53.2,21.0,17.8,0
10133,2023,97.9,17.4,17.7,0
10133,2024,100.0,36.5,4.3,0
10133,2025,77.1,61.2,18.2,1
10134,2022,91.0,14.5,2.4,0
10134,2023,68.3,58.6,15.7,1
10134,2024,81.9,56.6,7.4,1
10134,2025,93.2,30.9,11.0,2
10135,2022,75.1,30.2,15.2,1
10135,2023,60.4,56.4,13.7,2
10135,2024,73.2,68.6,8.0,0
10135,2025,94.0,59.4,16.7,0
10136,2022,87.5,44.1,13.7,0
10136,2023,68.7,59.8,17.2,0
10136,2024,80.9,44.7,8.6,0
10136,2025,67.4,63.4,4.1,0
10137,2022,62.1,38.9,8.7,0
10137,2023,59.5,50.8,10.9,0
10137,2024,76.0,66.1,4.6,0
10137,2025,92.1,67.5,12.1,1
10138,2022,92.2,16.4,13.9,0
10138,2023,78.6,62.6,2.0,0
10138,2024,86.3,24.5,12.0,1
10138,2025,70.3,65.8,4.3,0
10139,2022,59.7,24.3,4.6,0
10139,2023,71.5,55.0,8.8,0
10139,2024,81.8,22.7,3.7,0
10139,2025,59.1,39.0,12.3,2
10140,2022,54.4,14.0,15.3,2
10140,2023,82.8,53.6,7.9,0
10140,2024,64.6,31.7,18.8,2
10140,2025,79.3,74.4,14.8,0
10141,2022,95.0,30.5,19.8,0
10141,2023,93.9,52.0,12.9,2
10141,2024,58.1,63.2,10.3,2
10141,2025,60.3,75.7,15.8,0
10142,2022,57.0,33.1,9.1,0
10142,2023,58.1,49.6,2.0,0
10142,2024,67.2,40.2,5.8,0
10142,2025,75.4,42.2,5.7,0
10143,2022,54.0,44.3,10.8,0
10143,2023,74.6,36.2,14.8,0
10143,2024,80.4,50.6,12.0,0
10143,2025,89.3,37.9,3.9,2
10144,2022,69.5,45.7,6.7,2
10144,2023,66.7,64.5,4.5,0
10144,2024,85.9,48.9,3.4,1
10144,2025,100.0,54.0,4.8,2
10145,2022,69.0,52.7,11.4,0
10145,2023,66.6,23.6,15.6,0
10145,2024,89.5,41.7,9.1,0
10145,2025,99.6,36.7,5.6,0
10146,2022,96.1,37.3,9.7,2
10146,2023,63.1,46.8,7.9,1
10146,2024,69.5,67.7,2.8,1
10146,2025,100.0,69.5,18.6,1
10147,2022,63.0,42.3,2.2,1
10147,2023,69.1,54.7,2.7,2
10147,2024,85.7,53.4,7.4,2
10147,2025,84.8,56.5,16.0,1
10148,2022,92.1,12.4,10.8,0
10148,2023,81.9,17.2,11.2,0
10148,2024,78.5,64.6,13.1,0
10148,2025,61.0,42.1,2.7,0
10149,2022,96.8,27.5,19.3,2
10149,2023,72.8,38.5,11.9,0
10149,2024,82.5,24.1,16.8,2
10149,2025,81.6,76.1,9.7,1
10150,2022,85.4,15.2,9.8,2
10150,2023,83.5,64.4,5.0,1
10150,2024,71.4,57.4,8.5,0
10150,2025,82.5,75.2,5.3,2
10151,2022,89.6,12.6,18.4,0
10151,2023,82.9,38.4,7.9,2
10151,2024,100.0,69.6,9.2,2
10151,2025,93.7,60.3,4.4,0
10152,2022,73.3,37.3,19.9,0
10152,2023,91.2,49.6,12.3,0
10152,2024,76.2,31.3,12.3,1
10152,2025,67.7,65.3,4.6,0
10153,2022,80.2,23.8,14.2,0
10153,2023,69.5,30.1,14.3,0
10153,2024,56.2,51.9,18.3,2
10153,2025,67.8,29.1,7.1,0
10154,2022,58.0,12.7,17.7,1
10154,2023,90.7,16.8,10.0,2
10154,2024,89.9,60.3,6.1,0
10154,2025,87.0,29.3,13.9,0
10155,2022,94.8,14.8,2.6,0
10155,2023,61.0,46.3,17.4,0
10155,2024,62.8,45.7,3.2,2
10155,2025,100.0,46.3,9.2,0
10156,2022,81.1,27.8,4.6,2
10156,2023,79.3,59.0,10.5,2
10156,2024,90.5,25.9,19.2,0
10156,2025,71.0,74.3,4.6,0
10157,2022,78.6,21.8,3.9,0
10157,2023,73.0,40.4,5.6,0
10157,2024,69.7,69.9,18.9,2
10157,2025,99.6,59.9,7.1,0
10158,2022,57.7,22.6,12.9,0
10158,2023,53.4,65.1,7.2,1
10158,2024,72.2,62.7,15.0,0
10158,2025,67.0,43.7,13.4,0
10159,2022,88.9,40.0,19.3,2
10159,2023,58.6,43.8,7.9,0
10159,2024,100.0,52.8,7.6,0
10159,2025,65.5,34.1,16.0,1
10160,2022,92.7,42.3,4.8,0
10160,2023,60.6,26.7,15.1,2
10160,2024,57.3,38.0,15.9,2
10160,2025,80.9,55.3,17.5,0
10161,2022,67.1,20.7,14.4,2
10161,2023,81.2,60.6,5.0,0
10161,2024,85.8,42.9,8.0,0
10161,2025,100.0,36.3,3.0,0
10162,2022,95.7,13.0,15.6,0
10162,2023,76.3,55.1,14.4,0
10162,2024,65.0,63.4,11.3,2
10162,2025,69.4,32.0,19.6,2
10163,2022,54.8,37.1,7.8,1
10163,2023,65.9,48.7,18.0,2
10163,2024,98.7,67.4,5.3,0
10163,2025,75.0,30.4,19.2,0
10164,2022,80.2,27.4,7.2,0
10164,2023,99.6,22.0,16.5,2
10164,2024,60.1,43.4,4.0,0
10164,2025,94.7,46.6,9.4,2
10165,2022,83.6,39.8,19.4,1
10165,2023,91.8,49.8,7.6,1
10165,2024,61.6,70.2,16.0,2
10165,2025,81.6,36.1,10.7,0
10166,2022,80.3,50.0,12.9,0
10166,2023,89.0,58.3,12.8,2
10166,2024,89.2,50.3,12.3,1
10166,2025,84.9,67.4,10.7,0
10167,2022,72.5,27.5,5.4,2
10167,2023,97.7,17.7,2.2,0
10167,2024,63.7,29.5,14.2,0
10167,2025,67.3,36.4,14.7,0
10168,2022,55.3,53.8,15.9,1
10168,2023,57.9,63.9,18.8,2
10168,2024,96.9,42.1,4.9,0
10168,2025,86.6,60.8,18.0,1
10169,2022,94.9,25.2,6.2,1
10169,2023,95.1,38.3,11.8,1
10169,2024,69.4,53.0,6.7,1
10169,2025,88.3,70.8,4.5,1
10170,2022,68.2,31.3,2.9,1
10170,2023,94.6,50.9,8.2,0
10170,2024,90.2,34.4,19.5,0
10170,2025,63.4,44.4,10.5,1
10171,2022,62.2,21.0,2.7,0
10171,2023,84.1,59.3,14.1,2
10171,2024,66.8,27.9,5.6,0
10171,2025,83.1,66.5,3.1,0
10172,2022,61.7,41.6,16.3,0
10172,2023,85.3,48.5,10.0,0
10172,2024,58.6,65.8,19.6,0
10172,2025,92.1,54.5,14.9,1
10173,2022,66.2,13.8,7.2,1
10173,2023,74.3,62.6,19.7,1
10173,2024,78.2,38.9,17.7,2
10173,2025,66.8,29.5,7.7,0
10174,2022,95.2,36.7,7.2,0
10174,2023,52.5,33.9,11.0,0
10174,2024,72.9,67.6,11.8,0
10174,2025,63.7,53.5,12.4,0
10175,2022,67.3,12.7,5.9,2
10175,2023,57.5,27.9,3.0,0
10175,2024,73.2,33.2,11.7,0
10175,2025,66.8,66.2,12.9,0
10176,2022,76.6,13.3,19.2,0
10176,2023,53.1,32.3,11.8,0
10176,2024,79.3,55.5,4.8,0
10176,2025,71.1,58.7,7.5,1
10177,2022,65.4,42.4,2.9,2
10177,2023,69.5,44.0,2.3,0
10177,2024,86.3,30.8,10.6,1
10177,2025,93.9,61.7,13.9,0
10178,2022,65.8,57.5,19.1,2
10178,2023,96.9,18.1,13.4,1
10178,2024,90.8,40.1,5.3,0
10178,2025,76.9,42.6,18.3,0
10179,2022,54.7,17.4,17.8,0
10179,2023,79.4,29.2,9.3,2
10179,2024,84.5,23.3,11.4,0
10179,2025,64.0,60.1,11.0,0
10180,2022,90.9,40.6,9.9,1
10180,2023,70.8,41.2,7.9,2
10180,2024,62.3,37.7,19.8,2
10180,2025,82.5,76.8,18.3,0
10181,2022,70.3,41.0,8.0,0
10181,2023,83.3,60.4,13.1,1
10181,2024,63.3,37.3,3.5,0
10181,2025,58.5,65.8,15.4,2
10182,2022,72.9,10.3,17.2,0
10182,2023,60.0,49.8,10.4,0
10182,2024,62.5,59.4,3.4,2
10182,2025,90.0,41.5,12.5,0
10183,2022,62.4,59.9,3.0,1
10183,2023,92.8,40.9,16.7,0
10183,2024,79.7,40.5,12.5,0
10183,2025,86.7,37.2,17.7,0
10184,2022,65.4,17.8,8.8,1
10184,2023,63.2,26.3,6.5,2
10184,2024,62.6,48.8,18.9,0
10184,2025,91.4,54.8,18.2,0
10185,2022,83.1,36.5,3.2,0
10185,2023,76.1,59.0,17.5,0
10185,2024,92.5,22.1,18.7,0
10185,2025,96.0,41.3,10.2,2
10186,2022,71.2,54.3,18.1,0
10186,2023,83.8,21.0,10.1,0
10186,2024,98.8,31.7,3.0,2
10186,2025,61.4,44.3,11.8,2
10187,2022,50.6,50.6,18.8,0
10187,2023,75.2,45.2,11.6,1
10187,2024,70.9,49.8,4.5,0
10187,2025,61.7,74.3,9.9,1
10188,2022,57.2,34.4,3.9,2
10188,2023,64.9,63.4,12.5,0
10188,2024,59.8,28.7,13.2,0
10188,2025,72.8,48.0,14.0,1
10189,2022,56.4,51.1,3.0,0
10189,2023,82.5,23.5,17.3,0
10189,2024,88.4,30.8,18.5,0
10189,2025,94.7,47.1,7.2,0
10190,2022,91.7,56.4,16.1,0
10190,2023,52.6,25.1,10.7,0
10190,2024,63.5,69.8,11.6,0
10190,2025,96.6,61.6,6.4,1
10191,2022,51.5,33.6,18.1,0
10191,2023,84.4,16.9,19.3,0
10191,2024,63.7,48.2,13.8,0
10191,2025,81.8,48.8,4.7,0
10192,2022,96.2,49.5,11.6,2
10192,2023,83.6,44.0,7.4,0
10192,2024,72.7,70.7,10.1,0
10192,2025,90.6,33.6,14.1,0
10193,2022,50.3,55.7,3.3,0
10193,2023,98.1,35.0,5.7,2
10193,2024,71.5,47.4,15.5,0
10193,2025,100.0,70.7,2.7,0
10194,2022,82.5,44.2,12.8,1
10194,2023,66.3,63.3,6.8,1
10194,2024,84.5,71.2,18.2,0
10194,2025,75.8,60.1,17.0,0
10195,2022,80.9,38.0,18.5,1
10195,2023,90.5,28.6,3.7,1
10195,2024,77.6,35.8,19.9,0
10195,2025,68.2,40.7,4.6,1
10196,2022,97.1,49.2,17.7,1
10196,2023,72.3,46.8,8.8,0
10196,2024,63.5,58.8,19.2,0
10196,2025,93.0,68.8,2.0,0
10197,2022,81.5,54.7,14.4,0
10197,2023,91.7,23.3,19.9,1
10197,2024,55.1,65.8,14.5,0
10197,2025,74.2,60.3,14.7,0
10198,2022,65.1,55.9,14.0,2
10198,2023,96.8,62.4,19.6,0
10198,2024,71.8,43.3,14.9,0
10198,2025,82.8,63.7,10.9,2
10199,2022,50.2,51.3,6.5,2
10199,2023,91.3,28.9,16.0,0
10199,2024,60.5,46.3,4.9,1
10199,2025,99.9,41.0,3.1,2
10200,2022,85.3,14.4,15.7,0
10200,2023,79.2,50.9,8.6,0
10200,2024,91.0,50.6,5.8,0
10200,2025,95.6,48.0,15.8,2
10201,2022,86.1,20.6,17.6,2
10201,2023,84.2,25.5,3.9,2
10201,2024,97.3,36.0,9.5,0
10201,2025,77.8,77.1,2.4,2
10202,2022,77.2,58.1,16.9,0
10202,2023,99.0,58.2,2.1,0
10202,2024,72.9,25.4,9.0,0
10202,2025,93.5,69.6,18.2,1
10203,2022,68.8,47.8,12.5,2
10203,2023,75.1,62.9,16.5,0
10203,2024,71.1,45.3,4.4,2
10203,2025,64.8,53.7,4.1,0
10204,2022,96.7,38.4,8.4,0
10204,2023,74.0,43.3,14.1,2
10204,2024,68.4,37.7,4.9,0
10204,2025,88.5,36.1,3.2,1
10205,2022,55.3,45.6,19.6,2
10205,2023,78.6,61.6,7.2,0
10205,2024,82.6,55.3,13.2,0
10205,2025,66.9,69.5,13.9,1
10206,2022,96.1,36.1,2.7,0
10206,2023,81.0,41.3,12.2,0
10206,2024,65.7,71.3,5.6,0
10206,2025,97.5,77.7,3.6,0
10207,2022,64.7,40.4,9.1,2
10207,2023,87.5,34.5,16.3,0
10207,2024,85.2,40.6,19.4,0
10207,2025,65.2,61.6,10.9,0
10208,2022,54.5,21.2,18.0,0
10208,2023,81.7,65.0,19.0,0
10208,2024,87.1,57.6,10.0,0
10208,2025,63.8,36.1,4.6,0
10209,2022,58.3,28.2,7.6,0
10209,2023,54.9,27.2,9.0,0
10209,2024,61.5,26.3,10.2,2
10209,2025,85.7,60.2,13.6,0
10210,2022,59.6,15.2,13.6,0
10210,2023,66.4,35.8,11.8,0
10210,2024,81.7,55.5,6.1,0
10210,2025,77.4,36.1,8.5,2
10211,2022,90.6,54.2,9.4,2
10211,2023,79.9,25.2,13.9,2
10211,2024,61.3,52.5,4.5,2
10211,2025,75.9,74.2,6.3,2
10212,2022,62.4,14.8,7.1,1
10212,2023,64.9,21.2,11.3,0
10212,2024,67.3,28.3,15.6,0
10212,2025,77.6,45.9,17.2,2
10213,2022,56.3,43.6,15.4,0
10213,2023,64.6,42.9,15.5,1
10213,2024,88.7,36.9,6.3,2
10213,2025,97.2,58.9,17.9,0
10214,2022,50.7,32.3,2.9,0
10214,2023,56.5,33.6,11.7,2
10214,2024,96.0,41.1,3.6,0
10214,2025,67.8,46.0,12.8,0
10215,2022,65.0,35.6,2.9,1
10215,2023,68.7,35.0,13.5,2
10215,2024,96.6,38.0,2.6,2
10215,2025,65.3,44.1,5.0,0
10216,2022,89.0,20.9,15.6,0
10216,2023,74.9,26.5,7.4,0
10216,2024,92.6,36.3,17.9,1
10216,2025,90.5,76.6,3.8,0
10217,2022,85.1,20.2,11.5,0
10217,2023,58.0,38.2,18.7,2
10217,2024,69.8,67.4,9.4,0
10217,2025,68.4,28.6,7.9,0
10218,2022,56.0,40.2,19.4,2
10218,2023,83.2,59.5,9.6,0
10218,2024,88.4,30.4,14.6,0
10218,2025,64.3,68.6,18.6,0
10219,2022,86.9,42.3,2.2,0
10219,2023,66.3,57.1,12.2,0
10219,2024,73.1,25.5,14.8,0
10219,2025,100.0,31.5,9.5,0
10220,2022,59.2,17.1,14.1,0
10220,2023,58.2,64.9,16.5,0
10220,2024,67.9,66.0,7.7,1
10220,2025,100.0,56.6,7.8,2
10221,2022,55.8,36.4,3.6,0
10221,2023,82.1,28.8,19.2,0
10221,2024,93.1,32.6,2.6,2
10221,2025,100.0,39.7,10.5,0
10222,2022,72.9,46.5,11.6,0
10222,2023,74.5,47.7,4.5,0
10222,2024,94.7,47.1,10.8,0
10222,2025,66.9,69.7,7.3,1
10223,2022,72.2,13.0,16.4,1
10223,2023,83.1,17.8,16.8,1
10223,2024,88.6,63.0,9.8,0
10223,2025,62.9,48.8,9.8,0
10224,2022,91.6,43.3,3.4,0
10224,2023,91.8,36.2,8.4,0
10224,2024,70.2,43.9,9.3,0
10224,2025,80.4,29.1,10.0,2
10225,2022,68.4,36.5,10.2,1
10225,2023,99.6,17.8,3.7,0
10225,2024,83.0,39.6,4.9,0
10225,2025,70.5,34.8,9.8,0
10226,2022,85.8,20.9,8.8,2
10226,2023,91.9,61.4,4.6,2
10226,2024,89.9,70.5,13.7,2
10226,2025,61.5,29.7,4.1,2
10227,2022,63.8,55.7,2.1,2
10227,2023,69.9,58.6,13.0,2
10227,2024,65.4,47.8,3.5,2
10227,2025,80.6,52.2,3.1,2
10228,2022,65.3,29.3,3.5,2
10228,2023,54.3,48.7,18.9,2
10228,2024,86.3,31.1,3.9,1
10228,2025,78.4,31.7,17.1,0
10229,2022,51.3,59.0,16.0,2
10229,2023,97.3,57.1,17.1,0
10229,2024,86.2,41.0,12.9,0
10229,2025,61.0,31.3,4.8,0
10230,2022,92.7,57.9,15.9,0
10230,2023,72.7,18.6,12.2,2
10230,2024,66.5,22.1,12.2,2
10230,2025,59.7,42.4,13.0,2
10231,2022,85.8,47.3,4.7,0
10231,2023,99.0,58.3,7.2,0
10231,2024,63.9,51.2,19.9,1
10231,2025,77.5,51.0,17.7,2
10232,2022,61.4,10.7,8.5,0
10232,2023,80.0,33.4,19.8,0
10232,2024,96.8,26.2,3.3,1
10232,2025,63.8,39.0,8.3,2
10233,2022,64.3,13.4,12.0,0
10233,2023,60.4,60.8,13.2,0
10233,2024,66.0,57.4,16.5,0
10233,2025,63.7,50.7,15.3,2
10234,2022,80.5,56.6,14.4,2
10234,2023,54.6,26.4,19.5,2
10234,2024,90.0,69.7,12.8,0
10234,2025,64.3,31.7,2.1,0
10235,2022,62.8,50.0,13.1,1
10235,2023,69.1,32.4,15.7,0
10235,2024,73.3,28.6,18.5,0
10235,2025,65.8,61.1,9.1,2
10236,2022,73.5,41.8,2.9,0
10236,2023,95.4,62.7,4.3,0
10236,2024,77.0,35.8,18.3,0
10236,2025,58.8,66.3,19.1,0
10237,2022,67.4,56.1,6.2,0
10237,2023,71.9,38.8,14.2,0
10237,2024,68.6,42.8,10.5,1
10237,2025,71.7,46.4,12.9,0
10238,2022,59.5,59.2,2.9,0
10238,2023,98.4,46.4,19.4,0
10238,2024,80.4,68.1,10.5,2
10238,2025,83.3,50.5,15.9,2
10239,2022,70.4,54.1,11.3,2
10239,2023,82.1,39.1,17.4,2
10239,2024,75.3,29.9,13.4,0
10239,2025,90.6,58.0,7.8,0
10240,2022,54.2,53.5,11.0,1
10240,2023,53.9,17.7,16.2,0
10240,2024,82.0,36.2,6.8,1
10240,2025,92.7,75.3,16.2,0
10241,2022,82.1,23.5,14.8,2
10241,2023,71.6,35.9,2.1,2
10241,2024,55.2,38.4,17.6,0
10241,2025,63.3,41.0,11.4,0
10242,2022,68.8,29.6,18.7,0
10242,2023,84.4,58.6,2.2,1
10242,2024,70.0,38.5,17.5,1
10242,2025,83.0,63.2,15.9,0
10243,2022,58.4,22.3,13.9,2
10243,2023,60.6,25.0,12.8,0
10243,2024,90.7,62.4,12.8,0
10243,2025,78.5,34.4,17.1,2
10244,2022,95.6,48.7,19.9,0
10244,2023,62.6,47.8,10.3,0
10244,2024,76.5,48.8,12.2,0
10244,2025,66.5,51.0,5.3,2
10245,2022,62.3,36.8,9.1,0
10245,2023,83.2,22.3,5.0,0
10245,2024,98.7,34.3,2.2,0
10245,2025,63.7,29.0,15.0,0
10246,2022,56.2,45.0,7.5,0
10246,2023,98.2,55.9,17.7,0
10246,2024,90.3,56.5,10.8,0
10246,2025,72.5,63.4,16.5,0
10247,2022,69.5,53.2,9.6,0
10247,2023,90.4,51.1,17.0,1
10247,2024,88.5,39.5,17.4,1
10247,2025,86.8,40.0,10.4,0
10248,2022,91.5,30.5,18.8,0
10248,2023,67.5,39.2,7.3,0
10248,2024,65.1,35.6,8.7,1
10248,2025,77.2,42.7,10.6,1
10249,2022,50.4,45.5,15.5,2
10249,2023,76.8,26.4,9.2,1
10249,2024,72.5,60.4,3.5,0
10249,2025,63.8,40.9,2.0,2
10250,2022,92.0,30.3,17.7,2
10250,2023,61.8,29.8,13.5,0
10250,2024,88.9,63.1,5.1,1
10250,2025,91.4,47.7,18.2,1
10251,2022,52.0,58.9,15.0,2
10251,2023,73.0,46.0,15.8,0
10251,2024,77.9,22.8,10.1,0
10251,2025,96.7,68.8,15.6,1
10252,2022,80.0,44.5,12.9,0
10252,2023,55.5,28.8,15.2,1
10252,2024,76.5,35.4,8.1,0
10252,2025,71.9,52.6,11.6,0
10253,2022,58.2,43.3,2.6,0
10253,2023,65.8,61.0,4.9,0
10253,2024,95.3,30.3,17.4,0
10253,2025,87.3,36.4,13.8,0
10254,2022,70.9,44.9,16.9,2
10254,2023,87.1,31.9,12.1,1
10254,2024,100.0,33.4,9.8,1
10254,2025,100.0,62.4,16.7,0
10255,2022,54.6,13.0,2.8,0
10255,2023,68.4,42.6,14.4,1
10255,2024,70.0,54.0,13.0,0
10255,2025,84.1,47.2,2.6,1
10256,2022,54.3,16.3,8.0,0
10256,2023,96.7,33.1,11.3,1
10256,2024,92.6,43.6,2.6,0
10256,2025,63.4,36.1,7.5,0
10257,2022,62.2,34.4,2.3,0
10257,2023,59.4,32.9,6.9,1
10257,2024,77.9,67.0,19.6,1
10257,2025,100.0,31.2,10.2,0
10258,2022,80.9,43.5,19.1,0
10258,2023,81.6,52.1,16.5,0
10258,2024,58.6,52.4,6.7,1
10258,2025,100.0,54.1,18.9,0
10259,2022,63.5,15.8,7.4,0
10259,2023,95.7,46.4,8.2,0
10259,2024,76.8,50.3,7.5,1
10259,2025,82.9,73.6,10.0,1
10260,2022,79.0,53.6,3.3,2
10260,2023,66.3,17.0,16.7,1
10260,2024,95.1,71.2,3.5,0
10260,2025,100.0,56.3,10.6,0
10261,2022,63.6,55.8,3.3,2
10261,2023,52.5,23.5,13.8,0
10261,2024,80.2,56.8,10.1,0
10261,2025,86.0,50.9,2.0,1
10262,2022,53.0,16.7,9.8,1
10262,2023,84.8,17.1,8.5,2
10262,2024,69.0,32.8,18.5,1
10262,2025,100.0,28.8,12.8,0
10263,2022,87.5,39.9,16.9,1
10263,2023,56.0,31.2,4.6,0
10263,2024,100.0,69.7,4.3,1
10263,2025,68.4,59.6,5.3,0
10264,2022,88.3,48.2,19.0,0
10264,2023,83.4,37.7,3.8,0
10264,2024,80.7,35.4,10.7,0
10264,2025,100.0,66.4,3.4,2
10265,2022,79.1,33.4,15.7,2
10265,2023,93.7,66.0,8.9,1
10265,2024,94.7,51.6,13.0,0
10265,2025,89.8,70.3,3.3,0
10266,2022,73.5,24.4,9.8,0
10266,2023,57.2,37.3,4.4,0
10266,2024,62.4,34.0,7.8,0
10266,2025,83.1,66.8,5.4,0
10267,2022,65.9,47.9,10.7,2
10267,2023,62.5,45.6,18.1,2
10267,2024,100.0,58.6,9.2,0
10267,2025,98.7,46.0,18.3,2
10268,2022,70.7,53.9,15.9,0
10268,2023,94.3,62.1,15.4,1
10268,2024,57.9,55.2,16.1,0
10268,2025,62.3,46.6,14.8,0
10269,2022,95.5,52.1,5.7,0
10269,2023,85.6,65.0,17.1,0
10269,2024,91.7,50.9,8.8,0
10269,2025,97.5,61.0,6.8,0
10270,2022,52.6,52.5,17.0,0
10270,2023,87.0,49.6,13.1,0
10270,2024,72.1,31.8,6.6,0
10270,2025,96.8,49.2,18.0,0
10271,2022,68.6,40.6,11.7,0
10271,2023,89.3,39.2,2.4,2
10271,2024,98.3,56.0,11.5,0
10271,2025,73.8,42.1,19.2,0
10272,2022,72.5,17.9,4.9,2
10272,2023,78.3,17.4,7.4,0
10272,2024,88.0,23.9,6.1,1
10272,2025,98.0,45.8,6.0,1
10273,2022,60.1,11.1,3.4,0
10273,2023,97.9,29.6,10.4,0
10273,2024,92.7,47.7,16.7,0
10273,2025,64.2,65.2,6.3,0
10274,2022,66.1,39.4,14.8,0
10274,2023,64.6,42.7,12.3,0
10274,2024,62.6,34.1,5.8,0
10274,2025,88.4,28.8,12.3,0
10275,2022,53.2,16.5,11.4,0
10275,2023,81.2,65.1,6.1,0
10275,2024,94.7,68.4,2.3,0
10275,2025,74.9,43.6,9.3,0
10276,2022,73.5,26.0,7.8,0
10276,2023,59.4,60.6,7.1,0
10276,2024,89.6,25.9,14.6,0
10276,2025,100.0,36.6,14.8,1
10277,2022,85.2,15.9,18.7,0
10277,2023,58.4,59.5,2.5,1
10277,2024,71.6,22.3,18.4,2
10277,2025,65.8,28.7,14.1,0
10278,2022,78.3,50.7,13.9,0
10278,2023,87.2,47.8,19.9,0
10278,2024,100.0,50.2,3.4,0
10278,2025,81.6,74.1,16.5,0
10279,2022,80.6,34.2,12.7,0
10279,2023,57.6,39.3,4.9,0
10279,2024,62.5,43.0,15.9,0
10279,2025,68.6,60.6,8.5,2
10280,2022,52.6,26.2,6.5,0
10280,2023,72.1,49.4,12.4,1
10280,2024,100.0,57.2,10.6,0
10280,2025,88.8,38.6,4.8,0
10281,2022,70.9,39.7,15.2,2
10281,2023,76.2,52.3,7.6,0
10281,2024,62.0,70.1,10.9,2
10281,2025,62.1,74.9,7.2,1
10282,2022,62.4,20.3,9.9,0
10282,2023,67.2,44.9,6.5,2
10282,2024,60.9,45.5,10.7,2
10282,2025,90.7,45.5,4.9,0
10283,2022,94.3,27.1,7.1,2
10283,2023,60.9,64.5,5.8,1
10283,2024,95.2,23.8,8.5,0
10283,2025,71.8,70.6,16.9,1
10284,2022,79.1,32.7,10.9,0
10284,2023,56.8,44.3,9.6,1
10284,2024,66.5,59.0,12.3,0
10284,2025,65.1,50.8,16.1,0
10285,2022,57.7,59.4,7.3,0
10285,2023,97.3,59.4,16.5,2
10285,2024,72.5,32.7,6.5,2
10285,2025,66.9,61.5,17.3,0
10286,2022,58.2,33.8,17.0,0
10286,2023,84.8,34.1,12.6,0
10286,2024,89.5,39.6,8.4,0
10286,2025,100.0,36.1,9.5,2
10287,2022,80.1,32.9,16.6,0
10287,2023,74.5,45.8,3.5,1
10287,2024,65.8,61.9,16.2,2
10287,2025,59.4,42.4,4.4,1
10288,2022,92.3,48.7,16.7,0
10288,2023,90.4,43.7,18.2,0
10288,2024,93.2,34.9,11.2,0
10288,2025,73.0,67.4,15.6,2
10289,2022,67.2,40.1,5.6,2
10289,2023,90.1,63.7,15.9,2
10289,2024,88.0,36.4,14.7,0
10289,2025,88.7,76.7,4.1,1
10290,2022,76.6,37.8,11.1,0
10290,2023,70.2,38.7,15.8,0
10290,2024,90.6,65.7,3.7,0
10290,2025,74.8,35.9,13.9,0
10291,2022,85.3,33.1,16.4,0
10291,2023,61.6,22.3,8.3,0
10291,2024,83.3,52.7,8.9,0
10291,2025,74.7,30.1,6.9,1
10292,2022,89.8,59.0,5.4,2
10292,2023,77.4,16.4,19.2,1
10292,2024,85.0,68.6,14.7,0
10292,2025,61.5,60.2,2.9,0
10293,2022,73.8,51.1,18.7,2
10293,2023,90.0,33.9,4.1,1
10293,2024,96.3,34.2,18.6,0
10293,2025,92.1,36.7,10.1,1
10294,2022,70.1,36.6,10.7,0
10294,2023,64.9,29.3,11.7,1
10294,2024,73.7,66.0,3.7,0
10294,2025,84.5,29.5,14.0,0
10295,2022,50.3,14.2,13.8,1
10295,2023,96.3,26.8,12.4,1
10295,2024,71.5,26.1,18.0,0
10295,2025,95.7,69.4,10.6,0
10296,2022,75.7,10.2,14.8,0
10296,2023,84.3,48.6,8.1,0
10296,2024,91.5,44.8,18.6,1
10296,2025,71.3,66.6,18.8,0
10297,2022,79.1,30.5,10.7,0
10297,2023,88.6,48.3,15.2,0
10297,2024,92.0,54.0,6.2,1
10297,2025,77.5,46.2,13.6,2
10298,2022,85.0,15.7,3.5,0
10298,2023,67.0,37.7,17.5,0
10298,2024,61.0,65.8,15.0,2
10298,2025,62.9,67.8,19.2,0
10299,2022,74.3,28.6,16.0,1
10299,2023,70.9,59.4,5.3,2
10299,2024,66.2,43.9,10.4,0
10299,2025,76.3,37.8,11.8,2
10300,2022,69.8,53.2,16.9,0
10300,2023,79.1,40.7,11.9,0
10300,2024,57.8,43.7,10.6,0
10300,2025,100.0,39.7,14.8,0
10301,2022,67.9,48.2,13.6,1
10301,2023,82.0,43.5,15.5,0
10301,2024,69.7,32.4,10.6,0
10301,2025,94.1,41.0,15.0,0
10302,2022,72.0,29.1,19.5,1
10302,2023,67.9,42.7,5.3,0
10302,2024,100.0,62.3,2.9,0
10302,2025,99.0,38.4,12.3,1
10303,2022,58.7,46.9,4.9,2
10303,2023,86.1,61.8,5.0,0
10303,2024,91.2,41.8,14.1,0
10303,2025,59.2,46.3,9.6,0
10304,2022,96.1,33.9,2.6,0
10304,2023,63.7,56.9,12.1,1
10304,2024,98.6,26.6,6.4,0
10304,2025,88.9,47.4,9.8,0
10305,2022,74.6,11.5,2.7,0
10305,2023,90.2,41.9,3.1,0
10305,2024,87.4,69.2,5.4,0
10305,2025,93.0,36.0,14.9,0
10306,2022,91.2,22.8,16.2,0
10306,2023,75.1,50.9,8.2,0
10306,2024,75.4,56.5,4.3,0
10306,2025,100.0,57.8,18.9,0
10307,2022,88.3,22.1,16.2,1
10307,2023,53.4,19.3,5.0,2
10307,2024,86.4,33.1,6.1,0
10307,2025,100.0,60.0,2.7,0
10308,2022,82.8,24.8,18.2,0
10308,2023,79.1,58.1,18.8,0
10308,2024,63.4,52.8,3.5,2
10308,2025,100.0,30.5,4.6,0
10309,2022,80.1,14.4,5.7,0
10309,2023,57.3,30.0,5.3,0
10309,2024,99.5,50.7,18.9,0
10309,2025,82.3,74.8,6.7,0
10310,2022,57.5,15.2,8.7,0
10310,2023,63.4,57.5,3.2,0
10310,2024,100.0,50.6,13.3,2
10310,2025,78.5,46.2,6.8,0
10311,2022,70.1,42.1,6.4,0
10311,2023,75.8,55.3,19.6,0
10311,2024,88.6,39.9,2.7,1
10311,2025,75.0,74.0,5.4,0
10312,2022,70.2,37.5,11.2,0
10312,2023,88.3,23.8,12.1,1
10312,2024,77.1,49.3,14.8,0
10312,2025,91.8,66.3,5.8,0
10313,2022,96.2,39.3,9.1,0
10313,2023,98.7,45.2,7.2,0
10313,2024,76.5,23.4,17.0,1
10313,2025,68.7,51.2,8.5,0
10314,2022,62.1,28.3,6.7,0
10314,2023,91.8,18.2,13.1,0
10314,2024,58.8,56.1,3.9,2
10314,2025,59.4,37.2,17.3,0
10315,2022,82.7,27.5,7.0,1
10315,2023,96.2,44.9,16.8,2
10315,2024,66.1,44.0,19.8,1
10315,2025,60.1,63.1,2.4,0
10316,2022,93.0,52.2,5.5,0
10316,2023,69.5,24.5,15.4,1
10316,2024,81.4,35.9,3.5,2
10316,2025,97.6,37.3,10.0,1
10317,2022,62.0,35.0,4.7,0
10317,2023,81.4,20.0,10.5,1
10317,2024,100.0,59.1,2.2,0
10317,2025,93.1,34.4,4.7,0
10318,2022,69.1,57.3,6.9,0
10318,2023,89.4,58.0,5.6,2
10318,2024,56.0,70.5,8.5,0
10318,2025,67.8,30.0,4.6,2
10319,2022,85.7,20.3,16.8,0
10319,2023,65.1,64.1,11.4,0
10319,2024,61.1,71.2,7.6,0
10319,2025,71.6,42.0,7.3,0
10320,2022,58.2,39.9,6.4,0
10320,2023,72.7,26.4,11.1,2
10320,2024,61.0,66.7,11.6,1
10320,2025,97.7,34.8,19.8,2
10321,2022,87.4,44.4,13.3,1
10321,2023,67.2,30.5,11.6,0
10321,2024,80.0,40.7,2.7,0
10321,2025,98.5,55.4,11.9,0
10322,2022,94.6,31.4,10.9,1
10322,2023,56.9,42.2,18.1,2
10322,2024,89.7,56.0,15.0,1
10322,2025,64.0,42.8,10.6,0
10323,2022,51.0,46.9,6.1,0
10323,2023,56.3,36.9,14.9,0
10323,2024,82.6,23.1,7.2,0
10323,2025,75.6,70.3,8.4,0
10324,2022,55.7,24.1,14.5,1
10324,2023,75.3,59.0,7.6,0
10324,2024,79.4,59.2,7.3,2
10324,2025,95.3,48.3,10.0,2
10325,2022,81.9,42.5,13.9,0
10325,2023,74.9,65.6,19.0,0
10325,2024,70.6,37.4,4.7,1
10325,2025,57.6,50.5,6.5,2
10326,2022,89.9,17.4,19.7,0
10326,2023,65.3,59.6,13.1,1
10326,2024,65.2,49.6,2.2,0
10326,2025,92.8,33.1,18.1,0
10327,2022,53.4,39.9,7.1,2
10327,2023,65.1,39.4,11.9,1
10327,2024,75.9,37.4,8.6,2
10327,2025,78.7,28.9,5.1,0
10328,2022,57.6,20.8,12.8,0
10328,2023,54.4,26.3,5.9,0
10328,2024,77.6,57.8,6.1,0
10328,2025,74.7,41.0,16.4,0
10329,2022,63.7,58.9,13.6,0
10329,2023,65.5,25.2,18.5,0
10329,2024,79.2,66.7,9.9,0
10329,2025,58.5,46.3,11.1,0
10330,2022,55.1,60.0,3.2,2
10330,2023,68.1,56.2,8.5,0
10330,2024,78.0,52.2,2.9,2
10330,2025,90.8,69.5,8.3,0
10331,2022,64.1,54.8,9.4,0
10331,2023,84.5,65.9,5.1,0
10331,2024,73.6,30.5,17.4,1
10331,2025,94.7,57.2,8.1,0
10332,2022,73.1,29.3,3.0,0
10332,2023,78.5,35.3,9.0,0
10332,2024,75.9,53.6,11.9,1
10332,2025,63.9,53.2,10.6,0
10333,2022,58.2,50.5,12.1,0
10333,2023,71.7,32.4,17.9,2
10333,2024,59.7,48.5,2.5,0
10333,2025,64.2,76.3,16.2,0
10334,2022,79.9,14.5,8.8,0
10334,2023,82.9,29.4,8.9,0
10334,2024,61.1,27.1,12.6,0
10334,2025,98.5,31.1,12.7,0
10335,2022,91.1,10.8,3.9,0
10335,2023,70.7,34.3,13.4,2
10335,2024,78.9,64.4,5.2,1
10335,2025,96.0,40.1,7.3,2
10336,2022,86.6,26.2,10.7,0
10336,2023,69.9,58.8,14.0,1
10336,2024,70.2,29.5,15.6,2
10336,2025,89.4,39.8,14.9,0
10337,2022,67.4,45.6,11.4,0
10337,2023,85.6,53.1,5.1,0
10337,2024,61.2,39.9,14.2,0
10337,2025,89.8,28.5,19.6,2
10338,2022,87.7,29.1,16.7,0
10338,2023,95.9,51.8,9.8,2
10338,2024,76.9,57.7,10.3,0
10338,2025,84.4,49.0,19.2,0
10339,2022,63.9,27.4,3.2,0
10339,2023,59.7,51.1,12.7,0
10339,2024,63.3,69.4,4.5,1
10339,2025,98.0,67.6,3.4,2
10340,2022,76.0,21.5,7.1,0
10340,2023,70.6,64.1,6.1,0
10340,2024,96.5,52.5,2.8,0
10340,2025,63.0,33.6,17.4,0
10341,2022,78.5,26.8,17.0,0
10341,2023,90.5,52.2,14.3,0
10341,2024,61.0,65.5,15.8,0
10341,2025,63.3,54.5,3.2,0
10342,2022,51.6,16.9,6.9,0
10342,2023,97.7,22.2,12.6,0
10342,2024,88.2,38.3,18.1,2
10342,2025,60.9,29.9,14.7,0
10343,2022,82.2,30.9,2.3,2
10343,2023,67.1,54.9,6.3,0
10343,2024,60.2,45.1,9.3,1
10343,2025,100.0,69.5,13.2,2
10344,2022,58.6,42.9,14.0,2
10344,2023,90.8,25.7,13.0,0
10344,2024,97.3,32.7,3.3,0
10344,2025,83.0,45.5,15.6,0
10345,2022,96.8,36.9,14.1,0
10345,2023,58.3,49.9,5.8,0
10345,2024,100.0,30.7,10.9,1
10345,2025,60.9,35.7,6.6,2
10346,2022,72.9,10.6,14.4,0
10346,2023,93.5,21.6,5.9,2
10346,2024,81.6,59.6,2.4,0
10346,2025,85.5,30.8,9.8,0
10347,2022,57.7,40.3,2.8,0
10347,2023,99.7,46.0,2.8,0
10347,2024,66.1,71.6,5.4,1
10347,2025,98.7,61.9,15.0,0
10348,2022,95.9,45.0,19.0,2
10348,2023,66.0,20.5,11.2,2
10348,2024,90.1,65.8,14.2,1
10348,2025,61.4,44.0,2.9,0
10349,2022,85.6,25.6,16.2,1
10349,2023,75.7,39.3,10.1,1
10349,2024,60.7,57.4,10.7,2
10349,2025,100.0,42.7,16.4,0
10350,2022,82.6,48.9,4.1,0
10350,2023,60.6,28.3,10.2,0
10350,2024,80.6,28.1,11.7,0
10350,2025,73.1,62.8,13.0,0
10351,2022,84.1,56.1,14.7,0
10351,2023,82.6,61.5,13.4,2
10351,2024,64.1,25.1,17.3,1
10351,2025,69.1,47.6,19.7,0
10352,2022,83.8,24.4,2.3,2
10352,2023,84.9,38.7,9.4,1
10352,2024,70.0,24.5,9.4,1
10352,2025,80.5,48.5,15.5,1
10353,2022,72.4,58.0,7.2,0
10353,2023,58.5,44.3,2.3,0
10353,2024,84.8,32.9,3.3,0
10353,2025,70.2,68.5,18.6,0
10354,2022,72.1,29.9,18.5,0
10354,2023,55.9,19.2,6.6,1
10354,2024,84.5,39.6,18.8,0
10354,2025,97.8,68.7,17.8,2
10355,2022,77.3,21.0,14.4,0
10355,2023,81.1,32.3,6.4,1
10355,2024,87.3,35.6,4.1,0
10355,2025,66.9,72.9,5.0,0
10356,2022,53.3,24.7,5.6,0
10356,2023,93.5,28.0,16.5,1
10356,2024,95.6,68.4,7.8,0
10356,2025,83.6,78.0,14.2,1
10357,2022,59.5,39.7,15.8,0
10357,2023,91.7,62.7,9.8,0
10357,2024,65.6,60.4,5.9,0
10357,2025,98.8,37.4,10.5,1
10358,2022,70.3,44.2,4.4,2
10358,2023,55.3,55.5,16.7,0
10358,2024,94.2,59.1,16.5,0
10358,2025,84.4,54.5,18.8,1
10359,2022,65.3,35.8,16.6,0
10359,2023,74.2,57.1,13.7,1
10359,2024,97.5,56.5,8.8,0
10359,2025,67.3,67.6,10.9,0
10360,2022,55.0,20.4,5.4,2
10360,2023,90.2,64.3,14.1,1
10360,2024,84.8,58.6,17.0,0
10360,2025,99.3,49.1,14.5,0
10361,2022,65.0,40.0,19.2,0
10361,2023,79.4,48.0,19.5,1
10361,2024,57.0,62.1,14.5,1
10361,2025,98.1,63.0,15.4,1
10362,2022,59.2,52.2,7.9,0
10362,2023,58.0,35.7,2.8,0
10362,2024,78.3,43.1,17.5,2
10362,2025,93.3,37.4,14.4,0
10363,2022,60.1,35.8,19.4,1
10363,2023,63.7,36.1,2.0,1
10363,2024,70.1,55.2,14.9,1
10363,2025,96.4,58.1,6.8,2
10364,2022,85.9,52.9,10.0,1
10364,2023,65.5,24.4,10.1,0
10364,2024,67.2,67.8,2.6,1
10364,2025,100.0,39.0,17.3,0
10365,2022,79.5,46.0,3.6,0
10365,2023,63.3,40.9,19.2,0
10365,2024,61.7,57.1,12.3,1
10365,2025,60.7,54.8,6.9,0
10366,2022,61.8,42.6,13.5,0
10366,2023,87.1,53.6,18.7,0
10366,2024,72.8,31.7,16.1,0
10366,2025,100.0,45.1,5.0,2
10367,2022,65.6,53.4,7.6,1
10367,2023,59.7,57.8,4.0,1
10367,2024,63.5,56.1,15.2,1
10367,2025,80.9,43.3,5.6,0
10368,2022,95.0,20.3,15.4,0
10368,2023,95.7,18.4,4.4,0
10368,2024,63.8,68.7,15.7,0
10368,2025,93.7,59.8,11.3,1
10369,2022,86.1,30.7,17.1,0
10369,2023,60.4,50.5,11.3,0
10369,2024,69.3,44.9,6.5,2
10369,2025,61.1,45.5,14.3,0
10370,2022,53.6,35.1,7.4,0
10370,2023,73.7,52.8,3.7,0
10370,2024,78.2,63.9,16.9,2
10370,2025,59.1,33.0,15.1,0
10371,2022,96.4,13.2,3.0,0
10371,2023,75.8,33.0,18.7,1
10371,2024,92.8,24.0,5.7,2
10371,2025,88.0,52.7,15.4,0
10372,2022,79.7,51.2,2.4,0
10372,2023,67.1,33.4,10.6,0
10372,2024,97.6,45.8,6.6,0
10372,2025,71.9,56.7,12.0,2
10373,2022,95.7,55.7,6.9,0
10373,2023,54.4,62.3,10.9,0
10373,2024,60.5,53.6,2.2,0
10373,2025,92.4,28.5,18.3,0
10374,2022,79.2,19.5,16.6,0
10374,2023,86.9,26.1,2.4,2
10374,2024,85.8,51.9,19.8,0
10374,2025,82.8,63.4,18.7,0
10375,2022,51.5,14.4,13.9,0
10375,2023,91.3,30.5,9.1,1
10375,2024,79.5,47.4,17.9,0
10375,2025,62.6,66.6,17.4,2
10376,2022,59.2,27.2,9.6,1
10376,2023,84.3,40.9,14.7,0
10376,2024,58.7,46.8,16.6,0
10376,2025,99.2,74.3,16.7,0
10377,2022,88.0,52.3,19.5,2
10377,2023,67.2,58.9,16.4,0
10377,2024,97.4,30.3,12.0,0
10377,2025,100.0,73.0,16.5,1
10378,2022,90.2,29.7,7.4,0
10378,2023,67.3,43.2,6.4,0
10378,2024,86.5,52.7,7.3,2
10378,2025,79.2,49.5,11.8,2
10379,2022,75.9,27.2,12.6,0
10379,2023,72.2,28.4,7.8,1
10379,2024,55.2,47.7,10.7,1
10379,2025,58.0,69.9,12.4,2
10380,2022,87.1,48.3,7.0,2
10380,2023,97.9,41.5,3.0,0
10380,2024,66.0,39.1,3.9,1
10380,2025,83.6,28.6,13.0,0
10381,2022,64.7,20.4,18.6,0
10381,2023,75.4,25.3,10.0,1
10381,2024,60.7,51.4,11.2,0
10381,2025,92.3,74.0,2.7,1
10382,2022,74.8,25.8,19.1,1
10382,2023,67.3,55.7,17.4,0
10382,2024,86.9,38.5,10.8,0
10382,2025,82.0,76.2,17.9,0
10383,2022,69.4,19.7,9.9,0
10383,2023,78.1,36.3,10.2,1
10383,2024,100.0,29.5,14.3,0
10383,2025,60.8,39.3,7.8,2
10384,2022,94.4,15.3,17.9,0
10384,2023,58.6,21.5,5.8,0
10384,2024,64.9,53.4,19.3,2
10384,2025,100.0,67.2,18.7,0
10385,2022,88.9,14.1,8.2,2
10385,2023,69.4,27.1,13.9,2
10385,2024,74.4,38.1,10.9,1
10385,2025,71.9,74.8,12.5,2
10386,2022,60.8,39.9,5.1,2
10386,2023,55.4,21.4,15.5,0
10386,2024,56.6,40.5,11.2,2
10386,2025,81.6,63.8,3.9,0
10387,2022,75.4,58.9,16.4,0
10387,2023,89.1,52.9,18.2,0
10387,2024,59.6,31.1,2.1,0
10387,2025,82.2,69.0,16.5,0
10388,2022,94.4,10.2,12.2,0
10388,2023,93.4,40.1,2.9,0
10388,2024,80.7,39.3,10.0,2
10388,2025,63.9,75.3,9.5,0
10389,2022,57.5,12.3,5.5,2
10389,2023,75.4,28.8,8.5,1
10389,2024,84.6,35.0,11.1,1
10389,2025,100.0,49.2,11.9,0
10390,2022,89.9,56.2,4.6,0
10390,2023,72.4,48.6,12.6,0
10390,2024,71.8,28.1,6.6,0
10390,2025,58.1,69.2,4.9,0
10391,2022,50.4,41.5,8.0,0
10391,2023,75.3,16.8,13.5,2
10391,2024,58.3,67.9,19.3,0
10391,2025,65.0,30.4,16.8,0
10392,2022,97.1,40.5,17.6,0
10392,2023,86.9,46.0,5.9,0
10392,2024,76.7,52.4,10.3,2
10392,2025,98.7,70.4,10.0,1
10393,2022,58.5,16.2,10.3,0
10393,2023,71.2,42.7,5.6,0
10393,2024,69.1,50.7,17.2,0
10393,2025,100.0,47.9,8.0,1
10394,2022,93.3,36.4,10.5,1
10394,2023,77.8,41.0,8.5,0
10394,2024,75.4,59.9,8.3,0
10394,2025,100.0,35.3,13.1,0
10395,2022,59.9,11.5,19.9,0
10395,2023,72.1,62.6,17.9,0
10395,2024,89.2,37.7,18.7,2
10395,2025,91.3,67.6,9.8,0
10396,2022,77.6,26.0,5.4,0
10396,2023,98.2,16.2,2.2,0
10396,2024,66.8,32.8,2.8,0
10396,2025,84.8,33.3,15.1,0
10397,2022,88.9,51.1,8.5,0
10397,2023,63.7,24.5,13.8,2
10397,2024,96.8,71.7,11.9,0
10397,2025,88.2,58.6,19.6,0
10398,2022,68.3,26.1,14.8,0
10398,2023,83.6,41.2,19.7,0
10398,2024,99.5,70.1,7.4,0
10398,2025,100.0,59.8,8.0,0
10399,2022,63.5,47.7,11.2,0
10399,2023,96.1,40.7,10.9,0
10399,2024,56.9,48.6,11.4,0
10399,2025,57.8,77.2,17.3,0
10400,2022,78.9,40.2,14.9,2
10400,2023,75.6,43.1,5.2,0
10400,2024,77.5,65.7,12.6,0
10400,2025,68.7,50.5,5.2,0
10401,2022,78.7,33.7,9.6,0
10401,2023,53.3,51.5,18.4,1
10401,2024,75.8,30.0,3.3,2
10401,2025,75.1,34.5,19.3,0
10402,2022,59.3,40.9,6.0,1
10402,2023,77.0,25.2,5.2,0
10402,2024,88.1,43.8,10.6,0
10402,2025,96.5,68.2,18.1,0
10403,2022,72.2,25.5,5.4,0
10403,2023,64.0,53.1,2.1,0
10403,2024,65.1,38.4,9.5,0
10403,2025,85.3,30.0,12.3,1
10404,2022,68.7,14.6,15.4,0
10404,2023,67.7,37.7,3.0,2
10404,2024,80.1,37.9,11.4,2
10404,2025,84.2,51.4,5.0,0
10405,2022,61.2,36.2,9.7,1
10405,2023,70.7,63.1,19.4,0
10405,2024,89.0,45.6,19.6,1
10405,2025,76.1,70.9,19.7,0
10406,2022,71.3,52.5,8.5,0
10406,2023,83.2,60.4,14.7,0
10406,2024,64.2,48.9,17.7,2
10406,2025,99.1,42.3,11.1,0
10407,2022,66.2,49.3,10.5,0
10407,2023,85.5,32.1,15.0,0
10407,2024,69.3,66.8,11.1,0
10407,2025,88.6,33.2,12.5,2
10408,2022,63.3,43.9,10.2,1
10408,2023,88.4,40.1,15.2,1
10408,2024,60.0,52.4,17.3,1
10408,2025,72.3,33.6,10.2,1
10409,2022,77.2,58.6,10.8,0
10409,2023,82.9,51.7,18.6,1
10409,2024,61.6,36.3,12.1,1
10409,2025,72.8,72.5,10.5,0
10410,2022,54.9,32.6,19.5,1
10410,2023,92.5,25.3,3.2,0
10410,2024,100.0,43.5,13.2,1
10410,2025,71.1,44.0,2.5,0
10411,2022,73.2,45.4,10.1,0
10411,2023,76.8,17.1,7.8,0
10411,2024,62.9,66.0,9.8,0
10411,2025,89.5,49.6,18.3,0
10412,2022,74.8,15.6,11.2,0
10412,2023,77.2,54.4,12.5,0
10412,2024,57.8,71.4,7.9,0
10412,2025,61.3,73.1,19.7,1
10413,2022,96.3,18.2,19.5,0
10413,2023,97.6,26.8,17.7,1
10413,2024,55.9,71.4,14.7,1
10413,2025,83.4,38.1,9.7,0
10414,2022,53.1,25.1,4.3,1
10414,2023,90.6,47.1,18.4,1
10414,2024,57.4,36.6,11.6,2
10414,2025,83.9,47.1,12.1,1
10415,2022,79.7,47.1,3.8,0
10415,2023,57.1,45.7,16.3,0
10415,2024,83.5,62.5,11.9,0
10415,2025,100.0,66.8,6.7,0
10416,2022,54.7,50.0,5.1,0
10416,2023,85.4,24.9,13.1,1
10416,2024,68.0,34.8,17.6,0
10416,2025,70.6,37.1,11.5,2
10417,2022,76.1,16.1,17.5,0
10417,2023,97.0,58.5,5.4,0
10417,2024,66.1,22.2,12.0,1
10417,2025,100.0,59.4,9.9,0
10418,2022,54.4,53.6,7.8,0
10418,2023,97.6,24.4,3.8,2
10418,2024,55.9,68.6,5.7,0
10418,2025,65.3,75.9,18.0,2
10419,2022,96.9,39.0,8.5,1
10419,2023,65.3,49.4,17.4,1
10419,2024,55.3,31.3,16.7,0
10419,2025,100.0,77.2,7.5,0
10420,2022,93.9,47.0,10.6,0
10420,2023,88.2,41.8,10.2,0
10420,2024,100.0,47.0,18.1,1
10420,2025,70.3,58.9,13.1,0
10421,2022,81.0,19.3,9.9,0
10421,2023,88.1,45.9,11.3,0
10421,2024,100.0,25.5,17.1,0
10421,2025,100.0,58.2,7.5,2
10422,2022,52.8,38.7,9.5,1
10422,2023,68.8,33.9,4.3,0
10422,2024,84.5,26.5,12.2,0
10422,2025,98.6,55.5,19.5,0
10423,2022,63.4,31.9,8.2,0
10423,2023,52.9,31.6,18.9,2
10423,2024,64.0,43.4,16.5,0
10423,2025,77.9,31.0,16.3,0
10424,2022,52.9,14.3,15.4,0
10424,2023,54.5,23.2,15.7,0
10424,2024,74.3,49.7,8.1,1
10424,2025,88.6,42.2,17.0,0
10425,2022,84.1,21.8,19.5,0
10425,2023,78.1,47.5,3.9,0
10425,2024,75.9,51.8,4.3,0
10425,2025,58.4,44.9,2.2,2
10426,2022,62.6,56.9,14.6,1
10426,2023,84.7,35.9,3.3,0
10426,2024,76.6,31.5,11.4,0
10426,2025,70.2,72.4,14.4,0
10427,2022,61.0,45.1,12.7,0
10427,2023,53.3,53.4,12.9,0
10427,2024,94.6,64.4,19.3,2
10427,2025,99.6,67.8,7.4,1
10428,2022,67.6,52.4,13.2,2
10428,2023,86.2,27.4,13.3,0
10428,2024,58.1,52.8,7.0,0
10428,2025,100.0,61.8,7.5,2
10429,2022,93.5,24.6,15.3,0
10429,2023,60.0,65.7,7.7,0
10429,2024,92.5,62.4,6.2,0
10429,2025,80.2,73.7,19.7,0
10430,2022,82.7,17.6,3.7,1
10430,2023,75.3,17.9,7.6,0
10430,2024,58.8,23.4,17.1,0
10430,2025,97.8,71.3,5.7,2
10431,2022,54.1,37.3,6.6,0
10431,2023,69.8,31.4,4.9,0
10431,2024,100.0,62.3,12.5,2
10431,2025,78.0,60.2,2.0,0
10432,2022,89.4,41.0,17.8,0
10432,2023,60.6,55.9,8.8,0
10432,2024,94.8,45.5,11.0,0
10432,2025,79.6,36.1,6.5,0
10433,2022,74.5,55.9,2.8,1
10433,2023,99.0,59.3,19.3,1
10433,2024,97.5,34.4,17.9,1
10433,2025,74.2,44.4,7.0,2
10434,2022,95.6,51.0,3.8,1
10434,2023,57.4,64.6,10.1,0
10434,2024,56.3,60.8,11.9,2
10434,2025,83.1,30.6,12.3,0
10435,2022,87.0,30.4,18.5,0
10435,2023,63.1,54.8,14.1,0
10435,2024,58.9,45.3,13.1,2
10435,2025,98.1,61.8,3.5,0
10436,2022,97.3,11.8,11.4,0
10436,2023,85.8,26.6,12.0,0
10436,2024,100.0,60.0,13.3,0
10436,2025,97.5,37.6,4.9,0
10437,2022,62.1,58.6,19.3,1
10437,2023,57.8,34.3,12.3,1
10437,2024,93.8,31.7,9.5,0
10437,2025,89.2,37.7,13.9,2
10438,2022,89.0,18.8,4.6,2
10438,2023,87.0,33.4,9.9,0
10438,2024,79.2,51.1,15.0,0
10438,2025,100.0,72.2,18.9,0
10439,2022,86.2,56.7,10.0,0
10439,2023,52.9,46.0,13.3,1
10439,2024,88.8,53.6,9.8,2
10439,2025,83.6,54.0,11.4,0
10440,2022,56.6,26.8,11.1,0
10440,2023,73.4,42.7,14.5,1
10440,2024,80.2,30.3,13.8,0
10440,2025,80.0,44.1,2.1,1
10441,2022,70.9,20.0,3.5,0
10441,2023,82.8,58.0,15.7,2
10441,2024,86.6,30.2,4.9,0
10441,2025,91.0,65.3,15.9,0
10442,2022,86.5,13.3,16.7,0
10442,2023,92.5,49.0,18.8,0
10442,2024,82.6,60.3,16.7,0
10442,2025,61.0,33.0,11.6,0
10443,2022,67.5,48.6,5.8,0
10443,2023,52.7,45.3,4.3,0
10443,2024,83.6,56.3,17.7,2
10443,2025,100.0,64.2,9.0,0
10444,2022,89.7,18.2,2.9,0
10444,2023,75.8,55.9,8.3,0
10444,2024,89.0,61.1,17.6,0
10444,2025,93.1,60.3,12.1,0
10445,2022,78.6,35.2,13.5,2
10445,2023,95.0,58.5,6.6,1
10445,2024,70.4,66.0,2.4,0
10445,2025,89.8,44.7,18.5,1
10446,2022,53.1,36.6,3.3,0
10446,2023,59.1,38.5,20.0,0
10446,2024,100.0,43.3,17.6,1
10446,2025,83.6,69.4,4.1,2
10447,2022,86.2,43.2,20.0,0
10447,2023,94.2,39.7,16.5,0
10447,2024,99.8,61.4,17.3,0
10447,2025,61.8,75.2,16.6,0
10448,2022,83.7,30.4,18.7,0
10448,2023,82.7,22.8,15.6,0
10448,2024,83.8,68.0,11.5,0
10448,2025,64.5,75.9,2.0,0
10449,2022,87.1,30.5,7.0,2
10449,2023,67.6,48.4,12.8,0
10449,2024,65.7,26.5,7.6,1
10449,2025,91.4,30.3,9.4,1
10450,2022,60.3,14.7,3.9,1
10450,2023,76.4,54.7,19.6,0
10450,2024,70.2,45.0,4.1,1
10450,2025,97.0,60.8,3.3,2
10451,2022,95.8,37.7,12.5,2
10451,2023,92.1,25.7,13.2,0
10451,2024,74.1,62.7,11.4,0
10451,2025,65.3,38.7,8.4,2
10452,2022,83.5,19.1,18.6,0
10452,2023,95.9,46.9,8.2,0
10452,2024,74.3,65.5,7.6,2
10452,2025,59.5,71.3,19.0,2
10453,2022,56.0,31.9,17.9,2
10453,2023,70.9,50.3,10.6,2
10453,2024,79.0,63.3,6.7,0
10453,2025,71.4,38.8,4.3,1
10454,2022,73.4,29.7,16.4,0
10454,2023,98.5,47.7,15.1,0
10454,2024,58.7,64.0,3.9,0
10454,2025,96.1,44.8,15.3,0
10455,2022,71.9,41.1,18.2,0
10455,2023,83.9,18.9,3.0,0
10455,2024,100.0,68.6,9.4,1
10455,2025,79.6,72.8,9.4,1
10456,2022,54.6,56.1,16.6,1
10456,2023,92.2,64.4,4.1,2
10456,2024,67.7,64.3,4.7,0
10456,2025,100.0,38.5,8.9,0
10457,2022,53.9,39.1,17.3,0
10457,2023,63.4,25.0,19.8,2
10457,2024,100.0,23.0,11.8,1
10457,2025,99.8,35.2,4.8,0
10458,2022,60.5,52.1,18.3,1
10458,2023,89.8,53.2,4.9,1
10458,2024,59.1,60.0,8.6,0
10458,2025,65.1,48.3,15.3,1
10459,2022,58.7,11.3,3.1,0
10459,2023,54.6,31.9,10.7,1
10459,2024,78.3,44.8,9.3,1
10459,2025,76.3,45.9,19.0,0
10460,2022,78.3,35.1,11.8,1
10460,2023,85.6,46.6,18.0,2
10460,2024,83.6,27.9,3.6,1
10460,2025,70.9,73.4,12.0,1
10461,2022,54.0,38.0,14.5,0
10461,2023,87.6,58.8,4.7,2
10461,2024,69.8,45.7,17.3,2
10461,2025,69.4,64.6,17.8,0
10462,2022,83.1,54.8,14.2,1
10462,2023,73.7,46.1,11.4,0
10462,2024,64.8,42.4,14.5,0
10462,2025,94.3,56.8,7.1,0
10463,2022,88.7,18.3,4.0,0
10463,2023,99.8,51.1,11.9,0
10463,2024,77.5,23.9,10.7,0
10463,2025,59.3,50.6,9.7,0
10464,2022,74.8,37.3,5.4,0
10464,2023,53.6,36.1,5.4,0
10464,2024,100.0,46.1,19.7,0
10464,2025,65.9,36.8,18.7,0
10465,2022,94.4,13.9,6.6,0
10465,2023,98.1,38.2,3.1,1
10465,2024,92.2,68.7,7.8,0
10465,2025,61.7,37.0,17.2,1
10466,2022,76.8,24.2,6.0,2
10466,2023,69.5,60.0,19.7,0
10466,2024,94.4,35.4,5.7,0
10466,2025,72.0,47.3,12.0,0
10467,2022,71.7,15.1,19.9,2
10467,2023,80.0,18.3,4.3,0
10467,2024,56.7,55.0,5.6,0
10467,2025,86.7,35.4,12.6,0
10468,2022,66.5,37.9,16.2,1
10468,2023,77.9,37.5,14.6,0
10468,2024,61.0,26.7,12.6,0
10468,2025,73.6,49.4,9.7,2
10469,2022,77.9,22.4,16.2,0
10469,2023,79.9,58.9,4.5,0
10469,2024,62.6,35.1,6.4,1
10469,2025,77.4,62.9,16.2,2
10470,2022,74.9,44.2,7.1,2
10470,2023,56.4,25.7,4.5,2
10470,2024,83.8,49.8,17.2,0
10470,2025,68.6,70.1,15.8,0
10471,2022,94.2,15.0,13.5,0
10471,2023,65.4,46.5,13.8,0
10471,2024,92.8,30.5,13.9,0
10471,2025,85.4,40.0,15.2,0
10472,2022,82.9,42.4,7.7,0
10472,2023,95.8,47.9,17.6,0
10472,2024,95.7,55.2,6.7,2
10472,2025,63.6,55.1,9.4,2
10473,2022,94.8,49.2,11.2,1
10473,2023,59.2,48.4,16.5,0
10473,2024,70.2,32.7,9.8,0
10473,2025,82.6,33.1,11.1,1
10474,2022,94.8,10.5,17.3,0
10474,2023,82.6,16.4,20.0,0
10474,2024,97.0,27.3,16.3,0
10474,2025,100.0,49.7,7.4,2
10475,2022,85.9,10.3,4.0,0
10475,2023,75.6,35.1,14.5,1
10475,2024,73.6,60.9,14.4,2
10475,2025,70.7,34.4,10.8,1
10476,2022,74.3,49.4,15.0,0
10476,2023,54.8,25.5,3.1,1
10476,2024,66.0,33.4,19.9,1
10476,2025,74.7,40.2,10.7,2
10477,2022,91.0,26.2,12.2,0
10477,2023,70.6,41.1,11.6,0
10477,2024,66.5,56.0,11.8,1
10477,2025,95.1,66.8,16.1,1
10478,2022,95.3,11.1,3.3,0
10478,2023,89.7,23.3,18.6,0
10478,2024,61.0,59.4,8.2,1
10478,2025,72.9,66.6,13.3,1
10479,2022,78.9,57.2,3.0,0
10479,2023,61.9,30.6,10.8,0
10479,2024,85.6,33.3,16.7,0
10479,2025,68.8,56.7,7.6,1
10480,2022,76.1,13.9,8.5,0
10480,2023,86.4,52.3,13.6,2
10480,2024,92.8,45.9,3.2,2
10480,2025,95.9,63.5,8.9,0
10481,2022,87.2,17.9,16.1,0
10481,2023,59.1,39.2,14.0,0
10481,2024,100.0,39.3,11.8,2
10481,2025,94.6,51.6,12.5,2
10482,2022,55.0,37.9,6.6,1
10482,2023,86.0,50.2,19.0,0
10482,2024,77.6,65.3,19.9,2
10482,2025,78.0,39.6,4.9,0
10483,2022,82.5,31.3,3.4,2
10483,2023,60.6,21.7,5.1,2
10483,2024,100.0,38.7,7.7,2
10483,2025,83.6,47.0,14.8,0
10484,2022,78.5,32.1,11.7,0
10484,2023,72.9,62.3,3.0,0
10484,2024,84.1,67.5,11.1,0
10484,2025,89.4,31.5,12.7,0
10485,2022,66.6,30.7,4.4,1
10485,2023,74.7,32.0,3.5,1
10485,2024,67.3,40.1,9.6,0
10485,2025,94.6,65.5,16.0,1
10486,2022,85.4,19.9,5.0,0
10486,2023,91.4,53.8,4.3,0
10486,2024,88.7,67.9,17.1,0
10486,2025,58.5,62.7,6.6,0
10487,2022,59.2,30.6,4.1,2
10487,2023,71.2,19.1,18.3,0
10487,2024,66.2,27.2,8.9,1
10487,2025,83.0,63.7,9.5,2
10488,2022,93.1,15.7,19.4,0
10488,2023,87.9,36.7,14.7,2
10488,2024,67.8,65.6,18.4,2
10488,2025,76.6,54.8,7.5,1
10489,2022,52.5,26.8,12.9,1
10489,2023,52.8,27.5,10.4,0
10489,2024,75.4,49.0,20.0,0
10489,2025,92.4,45.0,10.7,1
10490,2022,91.3,57.9,14.4,0
10490,2023,73.2,16.7,5.6,1
10490,2024,63.7,69.3,4.5,1
10490,2025,70.0,38.6,3.8,2
10491,2022,71.4,38.7,12.3,2
10491,2023,83.7,29.2,17.7,2
10491,2024,81.1,62.9,17.7,1
10491,2025,97.8,63.0,3.2,0
10492,2022,50.9,21.7,16.3,1
10492,2023,100.0,44.2,17.8,1
10492,2024,99.6,67.4,16.5,2
10492,2025,64.7,39.2,2.4,0
10493,2022,52.3,50.7,14.7,1
10493,2023,82.1,55.6,8.7,0
10493,2024,89.6,41.1,15.1,1
10493,2025,80.3,29.9,10.3,0
10494,2022,63.4,18.3,14.1,0
10494,2023,83.2,39.7,6.9,1
10494,2024,85.5,45.5,4.6,0
10494,2025,64.6,33.3,18.6,2
10495,2022,88.4,24.3,14.9,0
10495,2023,88.5,34.9,19.0,0
10495,2024,59.1,62.8,16.5,0
10495,2025,79.7,72.9,6.1,0
10496,2022,68.9,40.2,14.6,1
10496,2023,74.7,29.7,12.1,0
10496,2024,77.1,56.3,7.0,0
10496,2025,82.7,75.2,17.6,2
10497,2022,63.3,15.5,16.0,0
10497,2023,75.0,30.0,4.3,2
10497,2024,59.8,49.3,12.3,1
10497,2025,66.0,45.1,15.8,0
10498,2022,54.2,53.2,4.9,0
10498,2023,61.4,29.1,19.9,2
10498,2024,55.2,66.1,12.9,0
10498,2025,59.3,69.6,17.5,0
10499,2022,88.2,18.4,11.8,1
10499,2023,62.1,20.7,7.6,1
10499,2024,80.0,55.8,17.0,0
10499,2025,75.3,48.0,10.1,1
10500,2022,65.8,21.6,12.5,2
10500,2023,93.6,61.7,12.4,2
10500,2024,78.3,26.4,3.1,0
10500,2025,82.3,69.6,8.1,0
10501,2022,72.0,38.1,8.0,0
10501,2023,65.4,22.1,2.8,2
10501,2024,87.8,40.8,3.9,0
10501,2025,59.8,54.7,12.3,0
10502,2022,63.5,18.6,7.8,0
10502,2023,84.3,22.4,11.0,0
10502,2024,56.6,35.6,10.7,1
10502,2025,58.7,56.1,13.8,0
10503,2022,67.9,48.6,17.3,0
10503,2023,64.6,64.1,6.1,2
10503,2024,88.6,29.4,8.5,1
10503,2025,93.8,28.4,12.0,0
10504,2022,51.7,59.1,15.3,0
10504,2023,73.4,22.9,8.9,1
10504,2024,100.0,59.6,6.8,0
10504,2025,72.5,66.7,14.2,1
10505,2022,59.5,14.2,13.9,0
10505,2023,77.5,56.6,15.6,0
10505,2024,76.6,34.5,11.0,2
10505,2025,68.0,67.7,3.4,0
10506,2022,60.9,25.9,12.6,1
10506,2023,85.5,53.5,7.7,2
10506,2024,70.5,64.0,20.0,0
10506,2025,100.0,28.2,12.5,2
10507,2022,63.9,36.2,10.0,0
10507,2023,78.8,33.1,15.7,0
10507,2024,58.5,64.2,19.6,0
10507,2025,83.4,52.1,10.9,2
10508,2022,72.1,29.1,8.0,0
10508,2023,69.3,23.4,10.7,0
10508,2024,75.6,36.2,14.5,2
10508,2025,66.1,77.7,14.1,0
10509,2022,89.4,52.8,15.4,2
10509,2023,96.7,31.3,13.2,0
10509,2024,95.2,52.9,19.2,0
10509,2025,96.1,77.9,8.6,0
10510,2022,76.3,44.5,2.0,1
10510,2023,68.5,32.9,4.7,1
10510,2024,63.3,24.0,2.8,2
10510,2025,96.8,68.0,4.7,1
10511,2022,52.1,24.3,5.9,1
10511,2023,61.2,23.2,6.9,0
10511,2024,74.3,27.8,2.4,0
10511,2025,66.8,33.4,7.1,0
10512,2022,78.0,15.7,4.7,2
10512,2023,87.3,41.8,3.5,2
10512,2024,98.6,60.2,12.5,0
10512,2025,67.6,72.6,5.5,0
10513,2022,63.4,44.3,3.5,0
10513,2023,86.9,20.8,5.2,1
10513,2024,65.4,69.4,17.6,0
10513,2025,75.9,28.3,11.5,0
10514,2022,86.2,47.6,11.6,1
10514,2023,70.5,65.1,6.9,2
10514,2024,62.0,66.7,11.3,2
10514,2025,70.4,63.8,15.2,0
10515,2022,53.9,36.2,12.7,0
10515,2023,84.9,66.0,11.7,2
10515,2024,57.2,53.3,8.5,1
10515,2025,85.1,69.5,13.4,2
10516,2022,95.6,19.1,17.4,0
10516,2023,93.8,48.0,5.4,0
10516,2024,58.5,22.7,16.8,1
10516,2025,91.8,68.4,10.7,0
10517,2022,83.1,30.6,19.6,0
10517,2023,66.8,28.9,6.7,2
10517,2024,60.2,34.9,3.8,2
10517,2025,98.5,77.0,4.9,1
10518,2022,76.6,53.3,2.3,2
10518,2023,86.0,55.4,8.6,0
10518,2024,77.0,47.3,7.8,0
10518,2025,68.2,48.0,13.5,0
10519,2022,62.5,39.5,4.9,0
10519,2023,78.2,43.3,15.7,0
10519,2024,66.3,66.3,7.8,0
10519,2025,76.6,76.7,17.8,1
10520,2022,53.6,56.6,5.3,0
10520,2023,100.0,54.4,16.4,0
10520,2024,84.6,42.3,5.4,0
10520,2025,64.5,66.1,2.4,2
10521,2022,56.2,49.0,3.1,0
10521,2023,75.7,24.5,16.7,1
10521,2024,56.2,62.9,11.6,0
10521,2025,77.3,73.6,7.8,0
10522,2022,95.4,47.6,13.5,2
10522,2023,92.0,50.0,8.8,1
10522,2024,99.6,32.9,16.8,1
10522,2025,62.8,59.9,15.5,0
10523,2022,67.8,41.5,10.4,2
10523,2023,79.1,34.8,2.2,0
10523,2024,89.6,27.6,11.3,0
10523,2025,76.3,49.7,8.9,1
10524,2022,65.3,56.0,12.7,0
10524,2023,67.1,55.1,4.9,0
10524,2024,92.9,39.7,14.0,0
10524,2025,75.8,37.8,5.7,1
10525,2022,50.8,33.0,19.6,0
10525,2023,89.5,53.9,16.7,0
10525,2024,62.7,56.3,5.3,0
10525,2025,87.7,72.2,11.8,0
10526,2022,51.4,25.6,10.2,0
10526,2023,71.1,40.7,16.6,0
10526,2024,76.9,34.9,15.3,2
10526,2025,100.0,66.7,7.3,1
10527,2022,54.2,31.0,8.6,0
10527,2023,88.6,37.4,3.1,0
10527,2024,100.0,62.7,12.2,2
10527,2025,70.8,64.5,15.7,0
10528,2022,60.8,33.6,9.5,1
10528,2023,98.2,34.8,19.0,2
10528,2024,78.5,56.4,4.5,0
10528,2025,97.0,75.1,18.0,0
10529,2022,88.1,31.2,2.4,0
10529,2023,68.1,17.9,18.4,0
10529,2024,64.0,65.9,7.5,0
10529,2025,91.2,36.3,4.0,0
10530,2022,74.1,55.1,19.8,0
10530,2023,76.0,57.5,15.4,0
10530,2024,81.2,55.0,11.5,0
10530,2025,58.7,70.3,9.1,1
10531,2022,50.2,23.0,6.6,0
10531,2023,67.6,58.8,12.8,2
10531,2024,70.5,50.1,10.1,1
10531,2025,92.0,36.9,11.1,1
10532,2022,65.6,22.7,10.3,1
10532,2023,69.8,55.5,13.6,0
10532,2024,81.4,64.1,18.6,1
10532,2025,85.9,71.7,19.2,0
10533,2022,66.0,19.2,17.0,2
10533,2023,79.3,61.1,6.8,0
10533,2024,84.7,46.7,6.5,0
10533,2025,70.0,77.7,12.4,0
10534,2022,61.3,33.8,19.5,0
10534,2023,95.2,28.6,11.9,0
10534,2024,86.1,25.0,4.0,0
10534,2025,72.4,61.2,17.6,0
10535,2022,76.4,10.2,15.4,1
10535,2023,86.5,57.8,6.3,0
10535,2024,56.1,37.5,13.3,1
10535,2025,100.0,61.3,6.0,1
10536,2022,84.4,35.0,9.7,0
10536,2023,71.3,48.9,6.3,1
10536,2024,99.7,24.7,12.7,1
10536,2025,60.2,37.8,7.5,1
10537,2022,86.2,54.7,5.0,0
10537,2023,77.8,36.9,3.1,2
10537,2024,86.9,50.3,13.4,1
10537,2025,80.1,50.9,12.7,2
10538,2022,57.1,55.5,5.5,1
10538,2023,65.0,26.0,2.1,2
10538,2024,77.2,63.9,4.5,0
10538,2025,100.0,31.0,7.5,0
10539,2022,53.3,52.9,11.4,0
10539,2023,57.5,61.1,17.9,2
10539,2024,62.3,61.5,5.8,2
10539,2025,87.8,41.9,5.9,1
10540,2022,67.6,15.7,17.2,1
10540,2023,59.7,41.0,11.1,0
10540,2024,60.9,55.3,14.4,2
10540,2025,89.9,69.0,8.2,1
10541,2022,72.2,35.3,17.1,0
10541,2023,94.4,43.3,10.1,1
10541,2024,74.4,68.8,18.3,1
10541,2025,89.0,30.4,9.2,1
10542,2022,88.2,25.9,16.6,0
10542,2023,98.3,37.9,3.0,2
10542,2024,96.7,54.0,14.3,2
10542,2025,94.7,32.8,4.5,0
10543,2022,69.8,53.7,18.1,0
10543,2023,99.7,31.8,19.4,0
10543,2024,67.7,31.3,7.8,1
10543,2025,89.2,57.6,12.1,1
10544,2022,56.3,17.0,9.2,0
10544,2023,81.6,32.5,13.0,2
10544,2024,88.1,65.1,8.4,0
10544,2025,61.8,67.5,16.7,2
10545,2022,64.2,24.1,2.6,1
10545,2023,83.3,37.0,15.3,0
10545,2024,83.9,47.4,2.2,0
10545,2025,89.6,56.4,19.3,0
10546,2022,56.0,25.0,2.7,1
10546,2023,77.2,42.7,16.3,0
10546,2024,99.5,60.7,14.6,0
10546,2025,100.0,62.3,17.5,2
10547,2022,56.1,57.5,4.3,1
10547,2023,95.4,27.9,8.4,0
10547,2024,82.7,55.9,3.5,1
10547,2025,93.6,75.5,7.2,0
10548,2022,57.2,14.8,13.0,0
10548,2023,87.9,44.1,19.5,2
10548,2024,58.4,71.2,6.6,0
10548,2025,87.9,31.1,8.1,1
10549,2022,82.1,28.1,9.3,2
10549,2023,84.4,20.2,2.6,0
10549,2024,57.8,51.3,14.4,0
10549,2025,75.9,70.6,4.3,0
10550,2022,85.7,22.1,17.8,2
10550,2023,90.7,26.2,9.5,0
10550,2024,74.9,48.5,17.7,0
10550,2025,65.3,45.8,15.2,2
10551,2022,74.0,51.3,16.0,0
10551,2023,83.7,22.7,8.8,0
10551,2024,99.2,67.7,16.6,0
10551,2025,90.2,68.5,12.1,1
10552,2022,89.5,10.8,5.0,0
10552,2023,65.2,29.9,18.1,0
10552,2024,95.0,67.7,9.3,0
10552,2025,86.9,70.8,18.2,0
10553,2022,76.4,34.7,12.4,0
10553,2023,65.3,43.4,2.9,1
10553,2024,64.8,26.0,16.1,0
10553,2025,83.6,68.0,2.5,1
10554,2022,92.8,13.8,3.8,0
10554,2023,63.8,48.2,8.1,2
10554,2024,68.4,27.7,13.4,0
10554,2025,100.0,49.7,9.7,0
10555,2022,51.3,28.0,9.2,2
10555,2023,75.8,36.7,9.7,0
10555,2024,80.4,50.9,4.3,2
10555,2025,89.9,35.0,14.6,0
10556,2022,59.3,21.2,5.6,1
10556,2023,79.9,21.3,9.8,2
10556,2024,60.3,54.6,19.5,0
10556,2025,70.3,30.6,18.7,0
10557,2022,50.7,42.9,15.8,0
10557,2023,74.3,64.6,17.9,2
10557,2024,63.4,66.5,14.3,1
10557,2025,62.1,44.3,16.8,0
10558,2022,66.5,20.7,6.5,0
10558,2023,56.3,64.0,10.2,2
10558,2024,86.9,44.2,7.2,0
10558,2025,67.1,45.6,2.7,2
10559,2022,84.1,16.3,6.3,0
10559,2023,92.8,24.3,6.6,0
10559,2024,90.6,59.1,14.3,0
10559,2025,94.1,38.1,8.2,0
10560,2022,80.9,19.0,5.9,1
10560,2023,70.6,32.1,2.2,0
10560,2024,71.7,67.7,9.2,2
10560,2025,84.8,57.5,15.9,1
10561,2022,61.9,48.8,13.3,1
10561,2023,69.0,51.9,18.2,0
10561,2024,62.5,69.5,12.3,0
10561,2025,94.9,62.5,2.9,1
10562,2022,85.3,16.3,9.8,0
10562,2023,76.7,26.1,9.6,0
10562,2024,72.7,57.1,17.3,1
10562,2025,90.9,38.8,13.8,2
10563,2022,54.1,51.3,6.8,0
10563,2023,54.8,60.0,14.6,0
10563,2024,88.6,42.7,17.0,2
10563,2025,83.9,47.1,3.0,0
10564,2022,85.2,16.0,15.0,2
10564,2023,65.9,62.9,16.3,0
10564,2024,60.2,46.4,8.5,0
10564,2025,78.1,63.4,19.1,0
10565,2022,70.5,17.9,17.0,0
10565,2023,88.9,43.0,6.7,0
10565,2024,60.9,60.9,9.1,0
10565,2025,100.0,57.9,18.3,2
10566,2022,52.7,29.0,17.0,2
10566,2023,67.5,46.7,16.5,0
10566,2024,88.7,71.8,19.5,0
10566,2025,91.9,62.1,3.3,0
10567,2022,77.2,35.2,3.1,0
10567,2023,55.9,58.8,9.8,0
10567,2024,96.1,45.5,18.4,1
10567,2025,88.0,50.6,11.6,0
10568,2022,86.4,37.9,18.8,0
10568,2023,71.0,32.0,4.8,2
10568,2024,66.7,25.6,15.3,2
10568,2025,92.1,46.9,7.8,0
10569,2022,89.1,46.5,14.2,0
10569,2023,91.5,40.4,9.7,2
10569,2024,89.4,64.7,7.5,0
10569,2025,64.2,37.1,17.4,0
10570,2022,60.6,21.1,9.0,1
10570,2023,76.5,48.2,6.1,0
10570,2024,79.4,62.9,4.7,0
10570,2025,80.9,62.8,5.2,0
10571,2022,89.6,32.2,11.4,1
10571,2023,58.5,60.2,3.0,0
10571,2024,93.0,55.8,3.4,1
10571,2025,58.6,69.7,10.1,0
10572,2022,65.5,55.2,14.6,0
10572,2023,61.9,42.5,14.4,0
10572,2024,80.3,51.4,18.2,0
10572,2025,82.6,61.3,11.1,0
10573,2022,74.3,58.6,5.9,0
10573,2023,66.4,56.3,16.4,1
10573,2024,80.0,23.7,4.7,2
10573,2025,91.4,49.5,14.1,1
10574,2022,68.9,53.4,14.6,1
10574,2023,97.1,17.8,5.5,0
10574,2024,58.3,53.5,3.0,0
10574,2025,100.0,75.3,5.4,1
10575,2022,86.5,25.6,16.3,1
10575,2023,81.0,52.1,17.0,1
10575,2024,64.8,37.6,6.7,0
10575,2025,87.6,60.0,11.4,0
10576,2022,88.5,56.8,3.0,0
10576,2023,64.7,34.4,5.5,0
10576,2024,56.9,70.0,12.2,0
10576,2025,78.8,47.1,6.2,0
10577,2022,64.6,29.6,2.9,0
10577,2023,66.2,54.2,18.0,0
10577,2024,89.8,40.0,6.2,0
10577,2025,64.6,44.4,16.0,0
10578,2022,81.2,19.3,9.6,0
10578,2023,55.4,20.4,14.7,1
10578,2024,99.2,63.9,8.4,2
10578,2025,85.6,51.8,12.8,0
10579,2022,94.7,42.6,13.8,0
10579,2023,94.2,39.9,4.2,2
10579,2024,96.8,40.7,17.9,0
10579,2025,63.2,48.4,8.4,0
10580,2022,83.4,14.0,16.2,1
10580,2023,71.7,49.7,11.9,0
10580,2024,77.0,47.6,5.3,1
10580,2025,70.9,31.3,8.4,2
10581,2022,56.7,41.4,3.5,0
10581,2023,67.2,26.5,6.9,0
10581,2024,81.4,28.9,5.7,2
10581,2025,77.2,76.9,6.9,0
10582,2022,83.8,14.0,16.5,1
10582,2023,92.8,52.5,3.4,2
10582,2024,65.1,56.9,13.4,2
10582,2025,60.2,54.1,8.4,1
10583,2022,97.6,14.3,10.7,2
10583,2023,94.9,30.6,5.8,0
10583,2024,67.7,30.1,19.2,1
10583,2025,65.3,77.2,13.9,2
10584,2022,95.6,15.0,5.6,0
10584,2023,63.7,16.6,10.8,1
10584,2024,65.7,32.9,4.8,2
10584,2025,62.8,67.2,18.4,0
10585,2022,63.8,52.2,10.5,0
10585,2023,92.9,51.1,3.3,0
10585,2024,82.4,43.7,4.7,2
10585,2025,61.9,67.6,11.0,0
10586,2022,96.4,43.9,5.5,1
10586,2023,78.4,65.7,14.8,0
10586,2024,75.0,44.0,9.7,0
10586,2025,95.1,37.4,12.2,0
10587,2022,76.9,13.3,13.1,2
10587,2023,95.5,47.2,19.1,0
10587,2024,88.7,68.7,18.8,2
10587,2025,89.6,67.3,8.8,0
10588,2022,66.2,46.6,18.1,0
10588,2023,100.0,41.9,19.9,0
10588,2024,86.3,31.0,17.8,1
10588,2025,78.7,41.7,2.9,0
10589,2022,57.1,24.1,7.9,0
10589,2023,79.2,49.3,4.0,0
10589,2024,87.0,64.8,14.3,2
10589,2025,75.3,34.8,8.3,0
10590,2022,53.1,11.7,5.4,0
10590,2023,90.8,41.6,5.7,0
10590,2024,86.4,66.9,8.8,0
10590,2025,90.4,76.1,12.7,0
10591,2022,61.8,33.9,14.3,0
10591,2023,58.8,28.5,2.4,1
10591,2024,76.7,60.3,19.7,0
10591,2025,69.1,36.5,2.7,2
10592,2022,87.5,51.2,19.6,0
10592,2023,78.0,59.5,6.8,2
10592,2024,61.3,37.6,18.1,0
10592,2025,66.9,37.2,17.8,1
10593,2022,92.6,15.6,10.7,0
10593,2023,82.8,46.5,15.5,0
10593,2024,74.2,71.1,14.0,0
10593,2025,92.1,50.4,16.8,0
10594,2022,88.8,23.2,12.0,0
10594,2023,58.0,57.4,8.1,2
10594,2024,95.4,57.7,9.5,0
10594,2025,100.0,31.7,4.5,0
10595,2022,54.3,23.0,7.2,0
10595,2023,68.1,34.7,19.4,0
10595,2024,63.1,32.8,9.7,1
10595,2025,78.1,72.1,14.8,1
10596,2022,60.6,19.4,7.6,0
10596,2023,69.9,55.7,15.0,0
10596,2024,66.6,59.1,10.6,1
10596,2025,57.7,28.6,16.2,2
10597,2022,50.9,24.0,9.2,0
10597,2023,77.2,41.5,19.4,0
10597,2024,79.7,33.0,5.3,2
10597,2025,59.2,68.9,11.1,2
10598,2022,83.6,16.7,5.0,0
10598,2023,53.8,24.3,6.7,0
10598,2024,78.4,51.4,11.3,0
10598,2025,76.5,29.2,5.2,1
10599,2022,92.4,59.7,3.9,1
10599,2023,80.2,42.5,17.3,2
10599,2024,94.5,54.6,8.6,2
10599,2025,100.0,40.6,14.8,2
10600,2022,58.5,57.7,10.6,0
10600,2023,55.5,32.7,15.4,2
10600,2024,92.2,28.4,6.7,0
10600,2025,87.8,50.7,3.8,1
10601,2022,80.4,16.4,11.4,0
10601,2023,67.7,64.1,13.4,1
10601,2024,59.9,47.2,19.1,0
10601,2025,92.1,58.0,15.9,0
10602,2022,76.1,34.2,17.7,1
10602,2023,76.6,27.6,15.1,1
10602,2024,90.3,30.5,19.9,0
10602,2025,100.0,76.3,15.3,0
10603,2022,85.5,25.9,13.8,1
10603,2023,97.4,18.9,7.7,2
10603,2024,74.1,47.2,6.4,1
10603,2025,100.0,40.2,7.0,0
10604,2022,84.9,45.3,2.5,0
10604,2023,70.3,34.9,6.2,0
10604,2024,79.4,68.7,7.1,0
10604,2025,67.2,49.8,3.5,0
10605,2022,53.9,43.8,2.2,1
10605,2023,74.9,58.5,11.0,2
10605,2024,100.0,65.2,5.3,1
10605,2025,99.3,55.7,6.2,0
10606,2022,50.8,50.2,19.7,1
10606,2023,99.1,28.4,4.7,0
10606,2024,77.5,52.1,2.9,2
10606,2025,66.1,29.7,16.9,0
10607,2022,93.9,26.7,6.9,0
10607,2023,96.9,33.3,11.1,0
10607,2024,95.7,65.7,17.0,0
10607,2025,87.3,51.7,11.1,0
10608,2022,61.4,47.0,18.1,0
10608,2023,64.1,39.6,13.9,1
10608,2024,100.0,37.7,13.1,2
10608,2025,70.9,75.0,15.6,2
10609,2022,70.3,41.2,5.9,0
10609,2023,88.6,48.1,5.1,2
10609,2024,94.5,46.6,17.1,1
10609,2025,77.2,37.3,18.2,2
10610,2022,69.0,51.7,4.9,0
10610,2023,69.6,52.9,11.6,0
10610,2024,73.6,41.1,5.1,0
10610,2025,93.9,74.8,2.5,2
10611,2022,53.0,27.2,11.0,2
10611,2023,90.9,17.9,12.8,0
10611,2024,65.3,35.0,10.4,0
10611,2025,65.3,46.4,16.1,0
10612,2022,55.8,51.0,6.2,0
10612,2023,63.8,55.4,18.6,0
10612,2024,95.0,43.6,12.1,0
10612,2025,83.3,63.0,11.6,2
10613,2022,62.9,21.4,10.1,0
10613,2023,61.4,60.5,5.9,1
10613,2024,91.9,25.1,7.1,0
10613,2025,81.8,47.9,11.9,0
10614,2022,55.8,50.5,15.4,1
10614,2023,70.5,41.5,4.5,2
10614,2024,76.4,62.7,11.4,0
10614,2025,74.5,36.3,2.5,0
10615,2022,62.7,22.6,5.3,2
10615,2023,68.3,35.9,16.5,2
10615,2024,90.5,65.0,7.0,0
10615,2025,100.0,75.9,7.1,1
10616,2022,51.2,12.8,11.6,0
10616,2023,82.6,63.0,8.7,2
10616,2024,58.5,56.9,17.1,0
10616,2025,67.2,52.2,10.2,2
10617,2022,76.1,22.2,17.4,2
10617,2023,90.6,30.2,2.2,0
10617,2024,75.9,55.2,16.6,0
10617,2025,99.7,49.0,2.5,0
10618,2022,84.4,11.6,17.7,2
10618,2023,61.8,64.3,19.1,0
10618,2024,87.9,55.3,18.0,0
10618,2025,72.8,67.5,18.0,0
10619,2022,86.8,42.2,12.0,0
10619,2023,63.6,51.7,19.0,0
10619,2024,61.9,24.0,4.2,0
10619,2025,88.1,47.5,4.0,2
10620,2022,79.6,56.8,7.0,0
10620,2023,80.0,63.8,11.8,0
10620,2024,66.7,68.0,5.0,1
10620,2025,67.4,77.9,17.8,0
10621,2022,93.8,13.5,6.7,2
10621,2023,78.1,19.2,18.5,0
10621,2024,74.5,68.6,7.2,2
10621,2025,96.8,29.5,4.5,1
10622,2022,52.4,54.3,15.4,0
10622,2023,84.9,59.8,2.9,1
10622,2024,62.1,49.1,16.0,0
10622,2025,68.4,72.0,18.8,0
10623,2022,80.7,44.4,6.2,0
10623,2023,65.9,24.6,16.6,0
10623,2024,92.3,64.2,18.5,0
10623,2025,82.4,48.1,7.8,2
10624,2022,65.5,20.9,16.0,0
10624,2023,94.0,64.9,3.8,0
10624,2024,85.2,56.2,17.6,0
10624,2025,77.7,37.3,10.4,0
10625,2022,71.8,53.5,6.5,0
10625,2023,65.4,57.2,11.5,1
10625,2024,60.2,27.2,6.6,0
10625,2025,72.0,34.3,16.4,0
10626,2022,62.7,21.2,7.8,2
10626,2023,68.6,61.0,3.3,0
10626,2024,77.5,58.3,2.6,0
10626,2025,60.5,73.1,6.7,1
10627,2022,55.1,52.2,11.6,2
10627,2023,87.5,42.6,13.4,2
10627,2024,63.8,24.5,11.1,1
10627,2025,73.8,64.0,14.6,0
10628,2022,80.6,40.8,14.3,1
10628,2023,99.4,27.6,12.3,0
10628,2024,61.4,68.2,14.3,0
10628,2025,93.9,62.3,17.5,0
10629,2022,73.6,50.1,2.7,2
10629,2023,57.0,54.8,17.0,1
10629,2024,63.1,28.3,8.4,2
10629,2025,90.8,42.0,7.5,2
10630,2022,92.2,48.1,17.5,0
10630,2023,53.1,45.2,12.9,2
10630,2024,65.7,28.2,3.1,0
10630,2025,74.7,49.2,5.4,0
10631,2022,97.5,22.0,18.8,0
10631,2023,83.8,53.4,9.4,0
10631,2024,72.3,28.9,6.9,2
10631,2025,67.2,58.7,5.6,0
10632,2022,60.9,11.4,12.0,0
10632,2023,54.9,50.5,19.4,2
10632,2024,100.0,26.5,4.4,0
10632,2025,100.0,34.4,6.3,2
10633,2022,50.5,34.0,10.9,0
10633,2023,65.5,16.5,5.9,1
10633,2024,56.0,70.9,20.0,2
10633,2025,72.0,41.5,9.4,2
10634,2022,93.3,10.2,9.9,0
10634,2023,94.5,59.2,5.9,0
10634,2024,87.9,25.3,16.3,0
10634,2025,100.0,71.7,10.4,0
10635,2022,85.8,49.9,13.7,0
10635,2023,64.1,22.1,5.1,2
10635,2024,95.1,27.7,4.3,0
10635,2025,81.9,65.1,12.1,1
10636,2022,74.2,49.3,5.2,1
10636,2023,92.5,34.8,11.3,0
10636,2024,80.6,65.8,20.0,1
10636,2025,73.2,37.9,10.0,2
10637,2022,94.6,40.5,2.4,2
10637,2023,56.0,36.8,13.4,0
10637,2024,86.6,38.7,6.7,0
10637,2025,95.2,54.9,18.9,0
10638,2022,52.5,25.1,6.2,0
10638,2023,63.7,27.1,18.8,1
10638,2024,65.7,49.0,2.3,0
10638,2025,100.0,54.4,19.6,0
10639,2022,81.2,50.5,6.9,0
10639,2023,62.9,48.5,16.1,1
10639,2024,98.7,38.7,10.4,1
10639,2025,69.2,62.4,8.7,1
10640,2022,81.8,15.8,19.2,0
10640,2023,74.2,25.1,19.0,0
10640,2024,59.7,51.3,12.9,1
10640,2025,93.7,55.8,18.9,0
10641,2022,65.7,36.5,16.2,0
10641,2023,69.8,47.7,8.5,0
10641,2024,65.3,29.7,18.1,0
10641,2025,96.1,68.1,8.5,0
10642,2022,57.7,53.8,19.0,0
10642,2023,63.0,42.1,11.3,1
10642,2024,74.5,56.2,15.3,0
10642,2025,64.6,69.0,13.5,0
10643,2022,55.4,42.5,15.2,1
10643,2023,77.5,37.7,5.2,0
10643,2024,100.0,56.2,18.0,0
10643,2025,96.0,74.5,16.8,0
10644,2022,58.5,24.3,13.4,2
10644,2023,80.7,56.1,5.8,2
10644,2024,93.1,71.9,12.3,0
10644,2025,64.5,66.1,9.8,0
10645,2022,53.9,25.5,2.3,0
10645,2023,95.3,22.1,18.6,0
10645,2024,66.8,49.2,15.8,0
10645,2025,81.4,33.8,18.2,0
10646,2022,60.0,33.1,12.9,1
10646,2023,54.8,32.8,8.0,2
10646,2024,79.6,45.8,9.9,0
10646,2025,78.4,43.7,16.9,0
10647,2022,84.9,52.2,5.6,1
10647,2023,93.7,37.9,4.7,2
10647,2024,61.8,27.2,3.8,0
10647,2025,65.7,60.3,3.8,0
10648,2022,95.6,48.9,10.8,1
10648,2023,72.6,37.2,15.3,0
10648,2024,100.0,52.3,18.0,0
10648,2025,73.7,50.3,12.2,0
10649,2022,66.7,20.0,10.9,0
10649,2023,86.4,45.9,9.0,0
10649,2024,59.7,57.1,7.4,2
10649,2025,77.3,40.5,2.6,1
10650,2022,68.3,45.5,15.2,0
10650,2023,54.2,59.0,3.3,2
10650,2024,70.0,67.9,15.6,0
10650,2025,76.6,36.6,14.8,2
10651,2022,52.8,18.4,19.8,0
10651,2023,53.5,59.5,2.4,2
10651,2024,83.8,56.2,6.4,0
10651,2025,67.4,34.5,3.5,1
10652,2022,67.4,34.8,18.8,0
10652,2023,56.3,54.0,11.3,0
10652,2024,59.8,32.0,19.2,0
10652,2025,64.9,73.5,4.8,0
10653,2022,51.4,53.3,7.9,0
10653,2023,89.1,45.7,13.5,0
10653,2024,98.5,60.9,7.0,0
10653,2025,82.6,35.4,18.6,0
10654,2022,89.2,22.4,9.9,0
10654,2023,59.0,54.7,13.0,0
10654,2024,76.6,44.2,8.3,1
10654,2025,64.4,37.1,5.8,0
10655,2022,97.8,24.5,16.4,0
10655,2023,55.3,47.1,16.3,0
10655,2024,76.3,24.1,16.7,0
10655,2025,62.9,35.4,7.9,1
10656,2022,53.3,20.1,17.4,0
10656,2023,87.8,60.4,7.7,1
10656,2024,58.8,66.4,8.5,0
10656,2025,58.6,38.6,7.4,0
10657,2022,95.6,39.9,9.8,0
10657,2023,61.4,34.0,2.5,0
10657,2024,95.5,24.5,6.5,2
10657,2025,100.0,35.7,6.6,0
10658,2022,86.1,10.3,17.3,0
10658,2023,57.5,65.2,14.5,0
10658,2024,63.2,54.5,6.7,1
10658,2025,66.1,34.6,8.5,1
10659,2022,81.4,46.7,19.3,1
10659,2023,61.1,46.6,12.7,0
10659,2024,56.4,32.4,14.6,2
10659,2025,79.5,52.7,19.5,0
10660,2022,78.3,40.5,13.9,0
10660,2023,74.6,34.1,9.2,0
10660,2024,78.5,69.9,8.9,0
10660,2025,79.4,32.7,4.0,0
10661,2022,62.7,16.3,3.8,1
10661,2023,98.4,58.8,8.8,0
10661,2024,95.2,34.5,9.5,1
10661,2025,73.0,34.5,13.8,0
10662,2022,51.9,29.3,10.3,0
10662,2023,93.7,24.4,15.1,0
10662,2024,90.6,47.2,3.8,0
10662,2025,61.4,64.7,7.7,0
10663,2022,83.5,47.8,18.3,0
10663,2023,74.2,31.2,2.8,1
10663,2024,61.3,56.5,13.8,0
10663,2025,92.3,76.3,12.0,0
10664,2022,67.1,10.4,3.1,0
10664,2023,96.2,48.3,4.4,0
10664,2024,57.1,47.0,7.2,0
10664,2025,100.0,47.7,3.8,2
10665,2022,54.2,20.5,8.7,0
10665,2023,54.2,22.2,14.1,0
10665,2024,82.9,68.0,15.2,0
10665,2025,86.8,29.5,8.6,0
10666,2022,59.5,33.5,17.9,0
10666,2023,94.5,26.2,17.7,2
10666,2024,93.5,29.4,4.6,0
10666,2025,71.1,45.6,14.1,1
10667,2022,71.3,25.8,6.8,0
10667,2023,90.1,39.1,12.7,2
10667,2024,95.0,46.7,8.8,0
10667,2025,95.7,53.2,12.2,2
10668,2022,62.9,16.6,13.3,0
10668,2023,89.2,24.5,4.7,0
10668,2024,85.4,38.2,11.1,0
10668,2025,82.8,32.0,5.0,0
10669,2022,96.3,51.7,5.2,0
10669,2023,81.2,20.9,15.4,1
10669,2024,96.7,33.4,18.4,0
10669,2025,93.6,59.9,9.9,0
10670,2022,52.2,56.5,15.6,2
10670,2023,65.3,22.7,12.4,1
10670,2024,84.2,44.0,17.8,2
10670,2025,78.5,42.9,18.8,2
10671,2022,95.9,34.0,17.0,1
10671,2023,80.5,37.9,18.6,1
10671,2024,99.6,50.9,6.5,1
10671,2025,67.4,30.1,7.2,0
10672,2022,93.1,51.5,12.6,2
10672,2023,78.3,17.7,16.4,0
10672,2024,65.3,50.6,3.5,1
10672,2025,76.2,68.7,7.8,1
10673,2022,96.5,15.8,7.9,0
10673,2023,98.6,50.1,17.6,0
10673,2024,56.1,32.5,15.4,0
10673,2025,72.3,37.9,13.7,0
10674,2022,93.2,12.2,5.4,0
10674,2023,54.1,34.4,11.4,0
10674,2024,100.0,66.6,2.2,0
10674,2025,76.1,63.2,5.7,2
10675,2022,55.5,38.4,16.4,2
10675,2023,67.0,56.9,13.8,2
10675,2024,93.8,63.8,11.8,2
10675,2025,100.0,57.7,17.2,1
10676,2022,56.4,25.5,10.0,0
10676,2023,83.1,60.0,7.0,1
10676,2024,99.4,39.5,17.1,2
10676,2025,100.0,36.7,7.5,2
10677,2022,68.4,38.0,17.4,0
10677,2023,94.1,20.2,13.9,0
10677,2024,64.2,32.6,13.4,0
10677,2025,87.8,70.4,3.4,1
10678,2022,78.7,30.9,10.6,0
10678,2023,90.1,40.4,8.7,0
10678,2024,66.0,48.9,18.7,0
10678,2025,87.7,52.6,2.2,2
10679,2022,79.3,20.9,12.9,2
10679,2023,56.5,61.8,9.4,2
10679,2024,70.9,56.0,16.5,0
10679,2025,67.5,60.6,17.0,1
10680,2022,98.0,51.8,10.4,0
10680,2023,100.0,49.8,4.9,1
10680,2024,67.1,28.1,5.7,2
10680,2025,96.3,45.0,15.0,1
10681,2022,89.2,28.7,16.8,1
10681,2023,97.4,49.6,8.6,0
10681,2024,61.2,57.3,8.6,1
10681,2025,89.5,55.8,5.0,0
10682,2022,59.9,30.0,13.8,2
10682,2023,84.1,59.8,4.2,0
10682,2024,96.9,49.7,14.7,0
10682,2025,61.4,69.2,12.8,0
10683,2022,80.6,56.4,16.6,0
10683,2023,78.3,37.1,12.8,0
10683,2024,63.4,36.5,5.7,0
10683,2025,68.9,46.6,12.4,0
10684,2022,75.0,14.1,18.3,0
10684,2023,93.8,33.5,16.3,0
10684,2024,87.4,47.3,5.1,0
10684,2025,58.8,38.3,3.7,0
10685,2022,56.1,18.9,19.3,2
10685,2023,94.9,31.8,15.4,0
10685,2024,86.3,27.0,16.9,0
10685,2025,58.4,52.7,18.2,0
10686,2022,78.6,41.8,10.4,2
10686,2023,60.6,45.4,17.7,1
10686,2024,99.2,36.0,4.4,0
10686,2025,63.4,71.0,8.1,0
10687,2022,53.7,15.5,8.1,1
10687,2023,83.5,16.1,2.6,0
10687,2024,93.1,28.7,5.4,1
10687,2025,70.6,64.2,15.1,0
10688,2022,64.5,49.4,10.3,0
10688,2023,69.6,54.3,12.7,0
10688,2024,91.8,38.2,13.1,2
10688,2025,70.1,71.7,5.8,2
10689,2022,54.2,54.5,18.7,0
10689,2023,67.3,57.0,4.5,0
10689,2024,100.0,58.9,2.1,0
10689,2025,78.4,70.1,6.7,1
10690,2022,76.9,42.9,11.1,2
10690,2023,89.1,64.2,5.0,0
10690,2024,81.8,53.5,15.9,2
10690,2025,89.0,36.3,5.8,2
10691,2022,92.3,19.1,19.2,2
10691,2023,70.4,37.5,14.8,0
10691,2024,60.4,58.0,17.4,0
10691,2025,62.0,35.0,11.9,0
10692,2022,87.6,19.7,12.0,0
10692,2023,83.9,19.9,19.5,0
10692,2024,82.2,30.4,4.1,0
10692,2025,100.0,39.0,12.5,0
10693,2022,80.1,37.9,3.2,0
10693,2023,54.8,35.4,19.8,0
10693,2024,77.5,26.7,13.4,0
10693,2025,67.8,35.9,3.5,0
10694,2022,79.8,36.0,7.1,2
10694,2023,61.5,22.6,18.0,1
10694,2024,86.0,58.4,3.5,2
10694,2025,99.9,32.8,6.9,0
10695,2022,53.7,19.5,11.1,0
10695,2023,64.9,59.8,19.7,1
10695,2024,87.3,48.7,5.7,0
10695,2025,91.6,77.5,16.3,1
10696,2022,78.2,17.6,8.2,0
10696,2023,59.2,19.9,2.2,2
10696,2024,66.6,25.8,16.1,1
10696,2025,100.0,74.8,10.8,0
10697,2022,89.3,42.2,10.6,1
10697,2023,98.1,32.9,14.1,0
10697,2024,74.6,41.2,13.7,0
10697,2025,78.6,63.0,13.8,1
10698,2022,62.4,40.8,7.9,0
10698,2023,77.7,33.8,12.4,0
10698,2024,94.8,56.5,17.8,0
10698,2025,69.4,45.1,18.1,0
10699,2022,56.8,32.6,9.3,0
10699,2023,88.5,58.5,6.2,0
10699,2024,88.3,27.9,3.3,0
10699,2025,97.3,49.6,17.4,0
10700,2022,86.1,14.6,5.0,0
10700,2023,72.6,17.9,7.7,2
10700,2024,62.5,70.3,16.6,1
10700,2025,91.8,56.1,16.1,0
10701,2022,92.2,58.9,9.8,0
10701,2023,59.8,58.9,14.5,0
10701,2024,79.9,71.3,6.3,1
10701,2025,73.3,74.7,18.7,1
10702,2022,74.9,54.0,19.1,2
10702,2023,54.0,52.2,19.0,1
10702,2024,72.0,58.7,13.2,1
10702,2025,80.7,75.1,3.3,0
10703,2022,57.2,58.9,13.0,0
10703,2023,72.1,63.2,9.6,0
10703,2024,63.4,46.2,9.1,0
10703,2025,67.9,71.8,2.5,0
10704,2022,96.9,35.5,17.7,0
10704,2023,81.4,44.2,17.4,1
10704,2024,73.7,63.2,7.8,0
10704,2025,82.5,69.5,19.6,0
10705,2022,68.4,51.2,4.4,1
10705,2023,81.4,57.4,17.0,0
10705,2024,55.0,43.3,13.2,0
10705,2025,68.8,54.5,10.7,1
10706,2022,97.5,22.6,19.3,0
10706,2023,57.9,39.2,12.5,0
10706,2024,58.8,70.0,17.0,0
10706,2025,81.2,68.8,6.2,0
10707,2022,64.0,28.1,2.6,1
10707,2023,78.1,47.6,5.8,0
10707,2024,100.0,34.7,19.8,0
10707,2025,63.6,38.4,12.1,2
10708,2022,71.1,30.9,17.2,1
10708,2023,88.9,24.6,14.3,0
10708,2024,62.7,49.7,4.8,0
10708,2025,91.7,49.2,4.0,1
10709,2022,69.2,16.9,10.7,0
10709,2023,82.3,51.0,19.0,2
10709,2024,80.2,58.1,4.4,0
10709,2025,79.1,72.5,11.0,0
10710,2022,73.0,45.6,15.7,0
10710,2023,59.6,26.9,3.4,1
10710,2024,75.8,55.2,9.3,0
10710,2025,93.6,76.8,11.6,0
10711,2022,93.0,52.6,4.0,1
10711,2023,82.6,37.7,13.8,1
10711,2024,94.7,56.8,15.3,1
10711,2025,81.9,28.8,13.5,0
10712,2022,60.4,20.9,3.3,1
10712,2023,87.2,36.0,2.1,0
10712,2024,88.7,42.5,16.4,0
10712,2025,57.8,71.9,10.8,0
10713,2022,73.0,59.5,12.2,1
10713,2023,97.5,38.7,18.3,0
10713,2024,100.0,41.5,12.1,1
10713,2025,79.4,34.6,6.6,1
10714,2022,84.6,21.7,10.1,1
10714,2023,53.3,23.0,10.7,1
10714,2024,67.9,39.3,14.3,2
10714,2025,92.1,65.4,8.3,0
10715,2022,81.3,11.1,17.1,0
10715,2023,84.2,59.6,11.6,1
10715,2024,88.4,58.1,11.8,0
10715,2025,78.1,46.4,15.7,2
10716,2022,95.0,36.3,3.5,0
10716,2023,70.1,21.4,18.0,2
10716,2024,98.3,60.9,5.5,1
10716,2025,60.4,67.1,8.0,2
10717,2022,90.8,28.9,3.6,0
10717,2023,67.1,29.0,10.5,1
10717,2024,86.7,51.2,8.1,2
10717,2025,60.1,44.1,5.9,1
10718,2022,53.8,45.2,5.2,2
10718,2023,55.2,51.6,4.5,0
10718,2024,78.3,70.9,3.1,0
10718,2025,77.5,45.6,5.9,0
10719,2022,65.3,12.8,2.1,1
10719,2023,73.9,60.2,3.5,0
10719,2024,70.1,22.5,19.4,2
10719,2025,99.3,50.4,9.2,0
10720,2022,77.0,22.9,18.5,0
10720,2023,67.4,36.5,9.2,1
10720,2024,76.8,30.7,16.0,2
10720,2025,99.1,61.7,14.6,0
10721,2022,69.6,38.1,4.9,0
10721,2023,73.0,36.2,10.4,0
10721,2024,71.2,55.2,4.2,2
10721,2025,70.0,32.2,9.3,2
10722,2022,72.6,52.9,7.1,0
10722,2023,87.9,38.7,13.1,2
10722,2024,72.7,52.8,15.4,0
10722,2025,68.4,41.8,18.4,0
10723,2022,81.7,58.6,2.9,2
10723,2023,91.3,38.6,15.4,0
10723,2024,56.0,31.3,4.3,0
10723,2025,87.9,36.0,17.6,1
10724,2022,93.2,23.9,13.7,1
10724,2023,56.7,54.6,18.2,0
10724,2024,98.2,37.4,4.3,0
10724,2025,63.2,32.1,10.7,1
10725,2022,97.8,32.4,10.9,1
10725,2023,77.1,26.7,15.3,1
10725,2024,90.0,68.0,19.5,0
10725,2025,60.5,46.6,2.2,0
10726,2022,54.9,25.8,13.7,0
10726,2023,98.7,38.4,2.7,2
10726,2024,100.0,23.4,9.6,0
10726,2025,70.8,54.5,17.3,0
10727,2022,66.4,59.3,12.1,0
10727,2023,53.0,33.2,17.3,2
10727,2024,100.0,68.8,13.6,1
10727,2025,100.0,34.1,18.3,0
10728,2022,55.6,39.5,16.3,2
10728,2023,70.0,24.5,15.0,2
10728,2024,100.0,66.0,15.4,0
10728,2025,63.5,64.2,12.2,0
10729,2022,91.9,53.8,17.3,2
10729,2023,62.2,50.6,10.4,0
10729,2024,58.3,55.6,3.2,0
10729,2025,64.3,54.4,15.5,0
10730,2022,84.1,37.3,15.3,0
10730,2023,59.1,55.1,4.4,1
10730,2024,55.2,50.6,6.5,2
10730,2025,94.7,49.6,6.4,0
10731,2022,81.5,45.4,12.7,0
10731,2023,94.7,64.2,12.0,1
10731,2024,82.7,67.5,4.1,2
10731,2025,59.7,44.3,9.9,1
10732,2022,51.0,29.3,2.4,0
10732,2023,90.2,63.9,4.8,1
10732,2024,97.7,33.6,3.2,0
10732,2025,95.9,34.4,10.9,0
10733,2022,68.0,33.8,3.1,2
10733,2023,84.3,38.3,19.1,0
10733,2024,58.7,49.4,13.3,2
10733,2025,92.0,29.6,15.9,2
10734,2022,62.0,20.3,9.4,2
10734,2023,97.3,56.1,19.1,0
10734,2024,71.2,40.0,15.9,0
10734,2025,73.8,73.8,7.6,2
10735,2022,63.7,38.4,4.2,0
10735,2023,82.9,17.1,10.3,0
10735,2024,59.6,70.9,11.9,0
10735,2025,60.1,43.9,11.6,0
10736,2022,83.4,28.4,18.9,0
10736,2023,97.9,61.5,14.5,0
10736,2024,90.7,65.9,10.4,0
10736,2025,69.5,62.3,14.8,1
10737,2022,67.4,10.5,8.3,2
10737,2023,62.3,16.2,16.4,0
10737,2024,87.8,30.9,17.9,0
10737,2025,68.9,66.1,19.0,1
10738,2022,77.4,51.7,2.6,2
10738,2023,92.8,27.2,7.2,0
10738,2024,79.8,25.9,5.0,0
10738,2025,86.0,49.3,14.0,2
10739,2022,96.5,56.4,6.6,0
10739,2023,67.8,42.2,10.3,2
10739,2024,93.3,58.6,16.1,0
10739,2025,90.5,63.4,17.3,1
10740,2022,55.4,52.7,12.9,0
10740,2023,100.0,65.2,10.1,0
10740,2024,88.1,71.0,3.1,1
10740,2025,58.2,55.0,15.3,0
10741,2022,84.7,26.7,14.8,1
10741,2023,58.9,55.4,6.2,0
10741,2024,69.1,57.1,15.1,2
10741,2025,74.2,67.2,6.2,1
10742,2022,64.9,25.0,14.2,0
10742,2023,88.2,45.2,4.7,1
10742,2024,91.2,31.3,18.4,0
10742,2025,82.9,39.0,9.2,0
10743,2022,77.2,28.5,12.9,0
10743,2023,67.6,51.5,5.7,0
10743,2024,56.1,37.2,17.3,0
10743,2025,74.4,44.4,19.4,0
10744,2022,50.5,50.0,7.5,0
10744,2023,94.0,61.7,5.7,0
10744,2024,85.8,64.0,11.7,0
10744,2025,100.0,37.2,19.2,0
10745,2022,58.8,32.9,15.7,0
10745,2023,84.1,51.2,19.7,0
10745,2024,64.0,57.6,17.8,1
10745,2025,88.2,47.8,14.4,0
10746,2022,73.6,31.0,5.3,0
10746,2023,84.4,44.9,17.8,0
10746,2024,89.8,55.9,12.9,2
10746,2025,82.6,31.7,10.1,1
10747,2022,73.7,42.2,11.0,2
10747,2023,55.8,41.6,19.4,0
10747,2024,72.5,23.9,2.2,0
10747,2025,72.0,31.0,15.5,0
10748,2022,80.0,20.0,15.7,2
10748,2023,65.7,33.8,3.7,0
10748,2024,66.2,60.0,19.4,0
10748,2025,98.2,43.7,10.9,1
10749,2022,89.8,48.2,14.9,0
10749,2023,68.3,40.9,9.7,0
10749,2024,59.1,32.5,7.7,2
10749,2025,81.4,66.8,12.3,0
10750,2022,71.7,46.1,18.1,0
10750,2023,94.3,17.8,13.5,1
10750,2024,81.3,58.7,13.8,0
10750,2025,100.0,61.4,7.7,1
10751,2022,73.2,28.8,6.2,2
10751,2023,84.5,47.5,13.3,0
10751,2024,78.0,29.6,4.6,0
10751,2025,72.9,57.4,10.0,1
10752,2022,51.3,18.6,6.5,0
10752,2023,90.6,21.6,14.7,1
10752,2024,98.4,32.0,11.6,0
10752,2025,92.7,34.1,3.8,1
10753,2022,63.1,16.2,12.1,2
10753,2023,91.7,60.2,12.8,1
10753,2024,84.4,67.0,7.2,0
10753,2025,90.3,64.7,8.0,1
10754,2022,53.2,49.1,17.7,0
10754,2023,80.4,34.0,4.0,0
10754,2024,81.9,49.2,19.4,2
10754,2025,89.3,68.7,5.8,2
10755,2022,87.0,34.5,6.4,0
10755,2023,71.9,52.8,9.0,0
10755,2024,62.4,43.2,19.1,0
10755,2025,100.0,45.3,18.1,0
10756,2022,87.3,52.3,15.4,1
10756,2023,78.4,32.6,16.3,0
10756,2024,72.0,45.8,11.4,0
10756,2025,100.0,33.4,18.3,2
10757,2022,54.5,35.5,4.3,2
10757,2023,97.4,46.3,11.8,0
10757,2024,74.4,41.5,16.8,0
10757,2025,62.1,60.3,12.3,2
10758,2022,68.2,32.1,16.7,0
10758,2023,88.5,37.3,5.0,1
10758,2024,75.4,43.1,2.7,2
10758,2025,81.2,71.0,12.1,0
10759,2022,89.5,46.4,14.5,1
10759,2023,82.0,38.8,12.0,0
10759,2024,87.1,53.9,8.5,0
10759,2025,64.9,69.2,15.0,0
10760,2022,62.1,32.8,18.7,1
10760,2023,72.2,58.2,12.3,0
10760,2024,60.3,30.9,5.1,2
10760,2025,70.9,57.6,11.4,0
10761,2022,90.0,28.0,15.5,0
10761,2023,53.6,21.0,5.6,0
10761,2024,57.4,66.6,10.0,0
10761,2025,90.5,52.5,14.0,2
10762,2022,68.5,37.0,3.4,0
10762,2023,89.6,41.9,5.7,1
10762,2024,99.7,49.1,15.0,0
10762,2025,70.3,57.3,7.6,2
10763,2022,51.8,53.6,3.7,2
10763,2023,74.4,63.4,15.4,0
10763,2024,100.0,53.0,5.8,1
10763,2025,83.7,46.8,3.8,0
10764,2022,68.1,35.8,13.2,0
10764,2023,79.0,51.1,18.4,0
10764,2024,62.9,48.5,10.6,0
10764,2025,93.6,41.0,6.0,0
10765,2022,82.7,40.3,12.5,0
10765,2023,87.3,60.4,13.4,0
10765,2024,69.5,27.3,18.9,0
10765,2025,96.5,31.5,19.4,0
10766,2022,92.9,58.8,8.2,0
10766,2023,98.4,56.2,15.2,2
10766,2024,85.7,42.6,17.5,0
10766,2025,74.2,29.4,13.5,0
10767,2022,68.6,56.7,17.3,0
10767,2023,79.7,55.7,11.4,1
10767,2024,82.6,52.4,12.8,0
10767,2025,95.5,67.6,3.8,0
10768,2022,54.1,41.4,8.9,2
10768,2023,79.7,49.7,2.2,0
10768,2024,71.7,67.2,15.4,0
10768,2025,97.5,48.3,9.2,2
10769,2022,66.9,36.4,18.2,2
10769,2023,75.0,55.1,3.9,0
10769,2024,65.9,35.5,2.4,0
10769,2025,71.7,58.1,8.8,0
10770,2022,76.7,27.5,19.5,2
10770,2023,72.9,18.5,19.5,0
10770,2024,64.7,29.7,14.2,0
10770,2025,80.2,33.7,6.6,0
10771,2022,57.9,37.4,10.6,1
10771,2023,94.8,22.0,19.6,0
10771,2024,99.4,49.1,16.4,1
10771,2025,68.4,64.7,14.0,0
10772,2022,52.5,41.6,18.7,0
10772,2023,97.0,53.5,14.5,2
10772,2024,70.0,46.6,7.3,2
10772,2025,66.5,64.9,12.1,2
10773,2022,94.1,49.6,6.8,1
10773,2023,94.9,28.5,12.2,0
10773,2024,57.6,64.8,19.3,0
10773,2025,67.5,74.8,11.1,2
10774,2022,89.0,46.6,11.1,0
10774,2023,65.3,64.6,7.1,1
10774,2024,87.1,25.2,6.1,1
10774,2025,59.4,35.5,4.0,2
10775,2022,90.4,55.1,13.9,2
10775,2023,72.8,17.5,12.2,2
10775,2024,77.6,51.4,11.3,0
10775,2025,96.3,41.4,18.9,1
10776,2022,71.8,32.8,13.6,2
10776,2023,57.5,35.3,8.5,0
10776,2024,79.2,31.4,6.6,0
10776,2025,79.4,57.3,10.6,2
10777,2022,71.6,20.1,7.8,1
10777,2023,61.8,36.4,8.1,1
10777,2024,62.9,60.5,14.4,0
10777,2025,94.8,61.5,7.2,2
10778,2022,79.7,42.5,2.3,1
10778,2023,52.8,41.0,8.3,0
10778,2024,95.1,31.4,18.8,1
10778,2025,63.3,50.3,13.9,0
10779,2022,85.4,33.5,11.3,0
10779,2023,57.1,26.1,9.9,0
10779,2024,100.0,52.1,17.2,0
10779,2025,100.0,53.7,4.2,0
10780,2022,58.8,26.4,7.6,0
10780,2023,52.9,26.4,12.2,0
10780,2024,57.9,29.1,14.0,2
10780,2025,96.3,72.0,7.7,0
10781,2022,53.7,57.0,16.5,0
10781,2023,89.9,56.9,7.8,2
10781,2024,94.4,51.7,2.6,0
10781,2025,72.2,76.1,11.2,2
10782,2022,85.3,33.4,19.9,1
10782,2023,91.9,18.2,8.0,0
10782,2024,92.5,40.7,7.7,0
10782,2025,66.7,37.0,10.8,1
10783,2022,71.6,44.6,5.2,2
10783,2023,55.8,30.8,12.8,1
10783,2024,80.2,45.5,9.6,0
10783,2025,78.7,74.7,9.3,0
10784,2022,93.3,59.6,14.6,0
10784,2023,53.4,42.7,5.3,1
10784,2024,80.5,35.8,20.0,0
10784,2025,92.7,50.0,11.9,0
10785,2022,72.3,53.8,5.2,2
10785,2023,63.9,27.9,3.5,0
10785,2024,84.3,25.1,15.6,2
10785,2025,100.0,68.9,6.2,1
10786,2022,52.0,36.5,15.3,0
10786,2023,61.9,60.8,15.0,0
10786,2024,78.5,56.3,19.9,0
10786,2025,86.2,29.8,3.6,0
10787,2022,80.0,49.4,11.9,0
10787,2023,55.4,25.5,14.5,0
10787,2024,60.9,28.3,5.5,0
10787,2025,100.0,56.1,16.0,0
10788,2022,53.6,32.0,11.3,1
10788,2023,72.6,31.1,8.7,0
10788,2024,82.7,51.4,8.5,0
10788,2025,72.6,65.2,8.6,1
10789,2022,62.3,34.7,15.9,0
10789,2023,66.4,55.4,19.3,1
10789,2024,68.6,42.9,13.8,2
10789,2025,75.7,52.9,6.0,0
10790,2022,55.6,37.2,4.2,1
10790,2023,93.5,31.8,3.5,0
10790,2024,91.5,40.2,12.2,1
10790,2025,59.1,53.6,18.0,0
10791,2022,86.5,54.2,9.4,0
10791,2023,92.2,43.5,4.7,2
10791,2024,99.3,27.4,10.0,0
10791,2025,86.9,64.5,16.3,1
10792,2022,90.9,35.8,16.0,2
10792,2023,88.9,36.0,9.1,1
10792,2024,56.2,56.6,10.7,0
10792,2025,96.4,36.3,13.4,2
10793,2022,77.9,49.3,11.2,0
10793,2023,83.7,51.8,6.4,1
10793,2024,97.5,31.3,15.9,0
10793,2025,58.0,70.3,9.9,0
10794,2022,55.2,19.6,8.2,2
10794,2023,80.0,49.9,7.1,0
10794,2024,74.7,40.4,17.8,2
10794,2025,77.6,65.8,7.4,2
10795,2022,65.0,12.9,14.6,0
10795,2023,91.8,28.5,7.4,0
10795,2024,60.0,45.5,6.5,2
10795,2025,83.1,63.7,9.5,0
10796,2022,72.0,40.8,19.0,0
10796,2023,79.0,63.7,16.9,0
10796,2024,57.4,50.0,7.0,0
10796,2025,89.8,43.1,8.5,0
10797,2022,50.6,31.7,12.9,2
10797,2023,77.8,19.8,9.7,0
10797,2024,67.7,27.8,17.7,0
10797,2025,72.5,53.9,11.9,0
10798,2022,85.4,58.8,17.5,1
10798,2023,99.8,28.2,6.6,0
10798,2024,77.8,60.9,14.3,2
10798,2025,89.6,46.3,9.4,1
10799,2022,61.9,11.6,3.9,0
10799,2023,79.1,24.2,8.9,0
10799,2024,59.8,53.1,8.1,0
10799,2025,98.3,39.5,7.8,2
10800,2022,71.9,52.6,13.3,1
10800,2023,69.9,34.3,9.3,0
10800,2024,79.6,33.3,4.0,0
10800,2025,100.0,66.9,5.8,1
10801,2022,87.3,17.9,11.1,0
10801,2023,59.8,63.6,11.3,2
10801,2024,91.9,33.9,2.7,2
10801,2025,76.4,68.8,5.2,0
10802,2022,69.0,35.8,13.8,2
10802,2023,88.9,53.0,8.4,2
10802,2024,77.1,28.9,8.0,0
10802,2025,61.0,38.4,2.8,2
10803,2022,61.8,19.9,9.0,0
10803,2023,95.4,22.7,3.1,2
10803,2024,83.4,35.2,7.1,0
10803,2025,98.9,70.0,4.0,0
10804,2022,64.6,47.4,17.1,0
10804,2023,85.6,31.3,5.6,1
10804,2024,92.7,40.3,4.3,0
10804,2025,66.3,64.7,17.3,0
10805,2022,51.1,51.2,13.2,2
10805,2023,83.0,37.2,19.1,0
10805,2024,82.7,59.0,13.3,0
10805,2025,59.4,56.5,14.2,2
10806,2022,69.7,59.6,8.5,0
10806,2023,79.5,50.5,15.4,0
10806,2024,65.2,58.9,12.5,1
10806,2025,62.1,70.1,4.9,1
10807,2022,88.5,17.1,4.8,0
10807,2023,96.9,34.4,13.6,0
10807,2024,76.5,46.6,6.9,0
10807,2025,63.9,35.6,11.8,0
10808,2022,70.2,28.1,5.5,2
10808,2023,65.9,50.3,9.5,0
10808,2024,78.5,34.5,17.5,0
10808,2025,57.9,52.1,14.4,0
10809,2022,91.6,16.8,10.8,1
10809,2023,55.3,21.7,10.8,0
10809,2024,75.6,40.4,9.0,0
10809,2025,89.2,64.3,13.7,0
10810,2022,81.3,36.3,5.4,0
10810,2023,66.8,47.4,8.1,2
10810,2024,79.0,42.2,14.2,1
10810,2025,81.4,57.3,15.0,0
10811,2022,56.3,34.2,17.9,0
10811,2023,70.4,35.9,7.5,1
10811,2024,60.7,23.2,17.3,0
10811,2025,60.2,70.3,16.8,0
10812,2022,52.7,57.6,2.2,0
10812,2023,73.4,42.5,14.1,1
10812,2024,90.0,44.3,15.8,2
10812,2025,100.0,66.2,2.1,0
10813,2022,77.4,10.6,10.9,2
10813,2023,66.9,22.9,19.2,2
10813,2024,64.9,35.9,19.2,0
10813,2025,90.9,32.2,15.3,0
10814,2022,52.5,12.3,17.0,0
10814,2023,65.1,62.9,7.5,0
10814,2024,88.1,31.2,10.3,0
10814,2025,78.9,57.6,19.9,0
10815,2022,74.0,36.9,16.5,0
10815,2023,99.3,30.3,2.8,0
10815,2024,74.4,54.4,3.0,1
10815,2025,86.1,44.3,12.4,0
10816,2022,97.9,32.9,8.7,0
10816,2023,85.4,35.0,6.2,2
10816,2024,79.7,67.5,7.8,2
10816,2025,73.0,74.5,19.3,0
10817,2022,96.9,28.7,7.8,0
10817,2023,66.6,28.3,8.5,0
10817,2024,60.6,58.8,10.1,2
10817,2025,100.0,43.8,4.9,0
10818,2022,65.3,34.0,9.0,2
10818,2023,80.8,43.2,13.6,0
10818,2024,86.0,71.3,6.7,0
10818,2025,70.0,47.1,13.2,0
10819,2022,70.3,30.5,6.4,0
10819,2023,60.0,19.4,16.2,0
10819,2024,97.5,55.1,18.9,0
10819,2025,85.6,37.6,10.0,0
10820,2022,92.7,40.7,19.3,0
10820,2023,64.8,28.1,14.0,0
10820,2024,85.4,69.2,14.8,0
10820,2025,68.0,32.0,11.2,0
10821,2022,63.9,56.5,6.1,0
10821,2023,69.8,43.5,18.9,0
10821,2024,81.4,68.9,19.5,0
10821,2025,84.2,52.7,17.2,1
10822,2022,59.6,12.3,10.3,0
10822,2023,54.7,25.9,5.1,0
10822,2024,92.1,39.6,3.6,2
10822,2025,82.8,74.9,11.1,1
10823,2022,65.0,48.0,7.5,0
10823,2023,55.0,46.1,17.4,0
10823,2024,60.0,44.0,11.8,0
10823,2025,77.8,50.3,18.6,2
10824,2022,73.2,42.6,15.1,0
10824,2023,70.6,52.0,10.1,0
10824,2024,82.2,45.9,15.4,0
10824,2025,96.6,67.9,19.4,0
10825,2022,82.5,36.2,12.1,0
10825,2023,94.1,41.7,7.7,0
10825,2024,84.6,54.4,8.7,0
10825,2025,62.5,67.7,13.2,2
10826,2022,57.2,39.9,19.5,0
10826,2023,71.2,62.1,10.5,1
10826,2024,68.6,65.8,14.8,0
10826,2025,88.8,66.5,5.2,0
10827,2022,80.0,33.1,13.2,0
10827,2023,74.7,46.6,15.2,0
10827,2024,85.9,47.3,9.6,1
10827,2025,100.0,28.3,13.5,2
10828,2022,73.6,43.1,6.1,0
10828,2023,69.2,61.8,10.3,1
10828,2024,77.9,47.9,16.9,1
10828,2025,64.5,36.5,5.6,1
10829,2022,54.7,33.0,3.6,2
10829,2023,72.2,16.2,14.5,0
10829,2024,99.3,59.0,7.6,0
10829,2025,98.9,61.4,10.8,0
10830,2022,82.6,42.6,18.1,1
10830,2023,87.0,37.7,5.1,0
10830,2024,96.3,41.6,15.9,2
10830,2025,100.0,41.6,11.1,2
10831,2022,81.7,55.8,2.8,0
10831,2023,71.0,34.4,5.2,1
10831,2024,62.1,49.7,10.9,0
10831,2025,57.8,50.9,6.0,2
10832,2022,81.1,43.0,8.4,0
10832,2023,71.6,65.1,14.5,2
10832,2024,58.8,51.0,17.3,0
10832,2025,70.9,48.4,9.9,0
10833,2022,72.5,40.3,11.2,0
10833,2023,90.1,17.7,12.6,1
10833,2024,70.1,67.2,5.1,2
10833,2025,89.0,36.4,12.8,0
10834,2022,52.1,37.0,16.6,1
10834,2023,98.7,35.0,18.1,0
10834,2024,100.0,64.5,5.4,0
10834,2025,82.9,76.1,17.4,0
10835,2022,81.6,13.1,17.8,0
10835,2023,89.2,26.3,15.7,1
10835,2024,100.0,64.5,16.7,0
10835,2025,83.6,50.7,10.0,0
10836,2022,86.3,41.6,19.5,2
10836,2023,61.7,34.6,14.9,0
10836,2024,62.4,48.7,6.6,2
10836,2025,91.7,41.3,2.5,0
10837,2022,94.3,39.5,5.2,2
10837,2023,79.7,37.6,15.4,0
10837,2024,80.7,56.1,17.5,0
10837,2025,84.9,58.4,3.6,1
10838,2022,92.2,16.7,13.8,1
10838,2023,90.9,25.5,8.6,0
10838,2024,93.5,23.2,12.6,0
10838,2025,62.6,45.9,17.3,0
10839,2022,86.5,23.6,9.7,2
10839,2023,89.4,20.1,5.4,0
10839,2024,61.3,55.9,4.0,0
10839,2025,80.1,63.8,20.0,2
10840,2022,54.7,43.1,15.8,1
10840,2023,71.6,27.7,3.0,0
10840,2024,85.8,53.4,5.1,0
10840,2025,68.0,47.0,14.3,1
10841,2022,56.3,10.5,9.6,0
10841,2023,83.1,64.4,13.2,0
10841,2024,94.7,57.9,12.2,0
10841,2025,64.9,39.9,4.8,1
10842,2022,93.4,25.5,9.9,0
10842,2023,87.9,60.9,11.5,1
10842,2024,87.5,34.7,9.9,0
10842,2025,63.3,32.6,10.7,1
10843,2022,94.6,52.1,19.8,0
10843,2023,75.2,50.9,19.7,1
10843,2024,80.7,49.1,8.3,0
10843,2025,82.1,55.7,15.1,1
10844,2022,75.5,44.4,6.2,1
10844,2023,92.0,61.5,19.8,1
10844,2024,59.7,63.1,9.4,0
10844,2025,80.7,39.7,12.5,0
10845,2022,79.5,42.2,8.9,0
10845,2023,58.2,49.6,4.8,0
10845,2024,82.9,63.1,4.8,1
10845,2025,81.9,73.6,18.9,0
10846,2022,60.7,12.9,11.9,0
10846,2023,64.9,20.7,19.5,0
10846,2024,59.1,26.8,9.3,0
10846,2025,91.4,62.6,10.5,1
10847,2022,57.1,56.4,5.9,1
10847,2023,90.4,45.1,3.9,2
10847,2024,97.7,50.4,16.1,0
10847,2025,69.1,70.0,9.1,0
10848,2022,62.5,59.6,16.2,1
10848,2023,58.4,63.1,10.1,0
10848,2024,81.0,52.3,18.6,2
10848,2025,100.0,77.9,17.9,0
10849,2022,61.7,46.2,16.8,0
10849,2023,60.2,51.0,16.3,1
10849,2024,84.1,26.9,13.8,0
10849,2025,98.6,42.9,17.7,1
10850,2022,91.8,39.2,17.3,0
10850,2023,69.1,50.9,5.8,1
10850,2024,92.8,32.1,14.5,1
10850,2025,85.9,68.4,17.0,0
10851,2022,85.2,53.8,15.4,2
10851,2023,85.0,58.6,2.3,2
10851,2024,61.1,48.9,13.1,0
10851,2025,74.7,45.0,7.1,2
10852,2022,86.6,52.1,15.9,0
10852,2023,89.0,53.1,15.3,0
10852,2024,60.9,23.9,4.0,0
10852,2025,79.7,53.1,8.0,2
10853,2022,91.7,51.2,18.2,0
10853,2023,90.5,44.5,10.7,0
10853,2024,82.9,35.4,11.1,0
10853,2025,67.4,28.8,5.7,0
10854,2022,65.6,21.3,5.2,1
10854,2023,83.9,46.6,3.2,0
10854,2024,92.5,34.7,3.4,0
10854,2025,87.0,28.6,5.2,2
10855,2022,69.0,13.5,2.3,0
10855,2023,80.2,35.0,19.9,0
10855,2024,55.2,45.2,9.8,0
10855,2025,92.8,66.0,9.3,1
10856,2022,90.5,37.1,12.6,2
10856,2023,54.7,54.9,17.4,0
10856,2024,74.2,29.5,13.9,0
10856,2025,98.2,45.5,5.9,1
10857,2022,78.7,35.9,15.4,2
10857,2023,75.7,16.8,4.5,1
10857,2024,59.2,70.0,17.4,1
10857,2025,92.9,74.1,15.2,0
10858,2022,83.1,43.2,18.9,1
10858,2023,80.8,26.7,17.8,0
10858,2024,57.9,28.9,9.4,0
10858,2025,88.4,72.4,18.1,1
10859,2022,52.5,24.4,16.6,0
10859,2023,92.0,34.8,10.1,0
10859,2024,96.7,41.8,14.5,1
10859,2025,83.0,38.7,5.0,0
10860,2022,90.7,46.2,11.6,0
10860,2023,71.7,44.8,3.0,0
10860,2024,68.9,66.4,9.4,0
10860,2025,80.7,39.0,13.3,0
10861,2022,76.8,27.0,13.3,0
10861,2023,89.3,40.7,8.7,0
10861,2024,83.9,45.6,3.6,2
10861,2025,98.6,77.1,13.5,0
10862,2022,94.9,39.8,3.5,1
10862,2023,77.6,36.5,6.2,0
10862,2024,89.4,36.3,16.5,1
10862,2025,80.6,56.9,9.9,0
10863,2022,93.5,37.3,20.0,2
10863,2023,54.0,41.4,15.9,0
10863,2024,89.5,69.2,9.3,2
10863,2025,81.3,53.2,4.0,0
10864,2022,52.9,21.4,9.7,1
10864,2023,88.3,23.8,4.5,0
10864,2024,73.9,67.5,14.4,0
10864,2025,82.8,77.9,3.9,0
10865,2022,84.2,39.6,19.0,2
10865,2023,64.6,52.4,9.0,0
10865,2024,68.8,43.0,2.6,0
10865,2025,74.6,71.1,16.9,2
10866,2022,85.9,27.3,8.3,0
10866,2023,99.6,17.0,14.1,0
10866,2024,72.4,23.9,17.5,1
10866,2025,86.8,69.3,3.1,0
10867,2022,65.6,31.0,2.3,0
10867,2023,94.6,64.4,4.5,1
10867,2024,99.9,42.9,6.2,1
10867,2025,66.6,75.3,11.4,0
10868,2022,81.4,33.5,19.3,0
10868,2023,96.0,52.1,11.8,0
10868,2024,77.8,36.7,17.5,0
10868,2025,73.6,55.4,5.6,2
10869,2022,93.5,26.3,18.1,1
10869,2023,64.9,49.8,14.9,0
10869,2024,64.9,33.4,19.1,1
10869,2025,99.8,45.9,17.7,1
10870,2022,80.4,41.7,17.3,0
10870,2023,61.4,31.2,3.3,2
10870,2024,85.9,36.0,14.1,0
10870,2025,99.6,47.0,7.5,2
10871,2022,54.3,41.1,6.7,0
10871,2023,64.8,32.7,10.2,0
10871,2024,84.0,43.7,17.6,1
10871,2025,63.0,29.0,3.6,1
10872,2022,93.5,45.0,18.6,0
10872,2023,81.0,56.6,17.4,0
10872,2024,83.1,63.4,7.0,0
10872,2025,60.2,55.5,8.1,2
10873,2022,70.2,31.2,2.9,0
10873,2023,61.9,25.3,15.1,0
10873,2024,93.8,54.8,5.1,0
10873,2025,73.6,56.8,7.3,2
10874,2022,69.3,31.5,9.2,2
10874,2023,83.3,46.7,9.3,0
10874,2024,89.4,69.7,16.4,0
10874,2025,95.4,34.8,10.9,0
10875,2022,58.4,58.2,3.0,2
10875,2023,65.1,44.5,12.8,0
10875,2024,59.4,63.6,7.5,1
10875,2025,98.6,77.7,8.1,1
10876,2022,65.1,56.4,5.7,0
10876,2023,58.6,36.0,4.0,0
10876,2024,69.9,44.9,6.6,0
10876,2025,60.2,58.3,17.8,1
10877,2022,90.2,41.9,17.7,0
10877,2023,66.3,27.4,19.0,1
10877,2024,71.8,69.4,2.6,0
10877,2025,100.0,69.4,18.2,0
10878,2022,59.1,16.5,8.5,0
10878,2023,62.3,65.6,13.7,2
10878,2024,81.9,71.8,13.2,2
10878,2025,100.0,45.7,5.1,0
10879,2022,93.3,52.4,5.1,0
10879,2023,81.0,29.0,5.8,1
10879,2024,94.0,30.0,6.8,0
10879,2025,80.9,70.7,8.6,0
10880,2022,70.9,38.1,10.2,2
10880,2023,71.7,19.1,8.5,1
10880,2024,76.8,63.6,12.6,0
10880,2025,91.4,47.2,4.8,1
10881,2022,89.4,18.4,18.8,2
10881,2023,80.1,42.4,17.1,0
10881,2024,96.7,45.5,2.9,0
10881,2025,88.2,68.2,10.3,1
10882,2022,88.5,33.9,16.7,1
10882,2023,85.6,49.2,8.3,1
10882,2024,92.1,39.7,9.6,1
10882,2025,58.4,33.5,19.9,0
10883,2022,91.6,12.2,15.6,0
10883,2023,95.0,32.0,7.0,0
10883,2024,95.4,55.4,12.2,2
10883,2025,92.5,28.5,16.4,0
10884,2022,87.8,22.4,7.0,0
10884,2023,61.2,23.6,3.4,2
10884,2024,57.3,45.1,7.9,0
10884,2025,71.4,65.3,17.9,1
10885,2022,71.2,37.6,10.4,0
10885,2023,65.5,46.4,12.8,0
10885,2024,96.8,69.3,2.7,2
10885,2025,100.0,50.9,6.3,0
10886,2022,87.0,50.7,16.1,2
10886,2023,75.4,33.2,14.8,2
10886,2024,62.0,53.0,4.0,1
10886,2025,99.4,66.4,16.8,0
10887,2022,90.4,51.4,11.6,1
10887,2023,60.3,27.1,6.5,0
10887,2024,57.3,34.7,4.8,1
10887,2025,100.0,46.8,5.1,0
10888,2022,89.5,22.5,9.5,1
10888,2023,97.3,43.0,17.8,0
10888,2024,72.2,62.4,8.6,0
10888,2025,89.1,35.7,13.7,1
10889,2022,91.5,30.4,4.6,0
10889,2023,68.9,52.3,3.1,0
10889,2024,77.8,57.2,9.4,0
10889,2025,83.0,39.9,5.0,0
10890,2022,51.4,43.0,5.5,0
10890,2023,92.3,64.3,6.9,0
10890,2024,100.0,53.3,3.1,0
10890,2025,77.5,44.4,16.4,0
10891,2022,79.3,35.7,11.8,1
10891,2023,78.5,32.9,9.3,0
10891,2024,71.7,48.6,8.0,0
10891,2025,61.5,70.0,2.0,0
10892,2022,75.0,16.7,17.6,0
10892,2023,64.2,36.6,15.7,0
10892,2024,86.3,53.7,15.2,2
10892,2025,83.3,51.3,5.1,0
10893,2022,78.3,49.1,2.9,0
10893,2023,81.4,24.1,3.2,0
10893,2024,97.5,65.7,11.7,1
10893,2025,64.6,76.9,13.5,0
10894,2022,88.7,28.0,20.0,0
10894,2023,98.3,21.7,11.4,0
10894,2024,89.6,71.4,8.0,0
10894,2025,64.2,45.5,14.2,0
10895,2022,90.8,34.6,13.6,1
10895,2023,90.5,28.1,2.4,2
10895,2024,96.4,24.8,4.2,1
10895,2025,80.8,34.3,14.5,0
10896,2022,89.4,21.9,3.5,0
10896,2023,59.9,65.4,16.5,0
10896,2024,82.7,61.8,18.3,0
10896,2025,84.0,49.0,5.6,0
10897,2022,93.0,26.0,11.1,0
10897,2023,93.9,23.2,7.7,1
10897,2024,89.4,46.2,11.4,1
10897,2025,65.9,73.4,13.1,2
10898,2022,88.7,59.7,2.2,2
10898,2023,82.0,61.1,18.1,0
10898,2024,94.2,25.3,8.6,2
10898,2025,100.0,35.9,5.5,1
10899,2022,71.6,17.1,2.6,0
10899,2023,88.2,24.1,19.9,0
10899,2024,100.0,28.2,15.7,1
10899,2025,67.8,32.8,10.2,1
10900,2022,90.7,27.5,17.6,2
10900,2023,59.3,23.9,10.2,1
10900,2024,55.8,29.2,14.4,0
10900,2025,98.2,54.2,19.2,0
10901,2022,96.1,20.2,14.7,0
10901,2023,54.0,16.3,6.3,0
10901,2024,95.5,56.8,18.8,0
10901,2025,91.1,44.4,2.4,0
10902,2022,83.6,46.9,18.6,0
10902,2023,74.6,60.7,19.3,1
10902,2024,75.0,68.3,3.7,0
10902,2025,75.4,36.9,3.0,2
10903,2022,68.3,43.6,17.1,0
10903,2023,97.5,19.7,2.5,2
10903,2024,94.2,45.2,16.5,0
10903,2025,72.6,49.3,8.4,2
10904,2022,85.5,20.2,2.4,1
10904,2023,84.0,54.8,13.6,2
10904,2024,95.6,67.7,7.0,0
10904,2025,61.9,40.9,4.7,2
10905,2022,83.6,22.5,11.8,1
10905,2023,64.3,25.8,2.5,2
10905,2024,66.6,56.3,9.1,0
10905,2025,91.4,30.8,13.1,0
10906,2022,93.0,13.2,15.1,0
10906,2023,77.3,24.7,11.3,1
10906,2024,77.3,49.3,3.1,0
10906,2025,96.6,40.6,15.7,0
10907,2022,51.2,59.4,9.0,0
10907,2023,86.4,35.8,5.3,0
10907,2024,57.7,45.5,6.8,0
10907,2025,69.2,31.3,14.0,0
10908,2022,82.0,45.3,5.6,1
10908,2023,70.7,55.4,3.6,0
10908,2024,69.2,38.7,13.2,2
10908,2025,81.7,64.3,13.6,1
10909,2022,90.8,21.4,10.0,2
10909,2023,72.9,55.9,11.1,1
10909,2024,80.6,49.1,17.0,0
10909,2025,65.1,47.9,8.1,1
10910,2022,71.3,46.0,17.5,0
10910,2023,53.3,46.7,17.7,0
10910,2024,95.2,48.6,11.2,0
10910,2025,67.4,38.6,2.3,2
10911,2022,94.2,52.5,18.6,1
10911,2023,69.7,37.6,4.5,1
10911,2024,95.1,44.3,11.5,0
10911,2025,76.2,38.1,14.1,2
10912,2022,57.3,56.6,3.7,0
10912,2023,76.7,43.7,15.5,2
10912,2024,67.5,45.1,13.0,0
10912,2025,73.0,76.9,14.1,0
10913,2022,65.2,28.3,4.8,0
10913,2023,69.1,17.6,6.9,0
10913,2024,78.9,33.5,7.4,1
10913,2025,63.6,65.3,4.7,1
10914,2022,62.4,17.8,12.2,0
10914,2023,82.9,23.8,3.4,1
10914,2024,91.3,44.8,6.6,0
10914,2025,69.2,50.6,15.7,1
10915,2022,62.6,33.0,6.3,0
10915,2023,75.4,27.0,5.5,0
10915,2024,100.0,30.4,4.5,0
10915,2025,83.9,66.5,13.1,0
10916,2022,89.0,40.2,10.2,1
10916,2023,96.6,32.1,6.0,0
10916,2024,85.6,31.9,5.7,1
10916,2025,82.4,71.9,19.8,0
10917,2022,86.7,16.8,3.2,2
10917,2023,67.8,45.2,15.4,0
10917,2024,100.0,52.5,18.5,0
10917,2025,80.3,70.8,10.0,0
10918,2022,94.6,12.8,10.7,1
10918,2023,89.0,31.4,17.4,0
10918,2024,65.2,70.3,2.3,1
10918,2025,68.1,56.4,5.4,0
10919,2022,66.8,30.9,14.8,0
10919,2023,70.4,31.8,11.3,0
10919,2024,55.7,29.5,19.4,1
10919,2025,98.6,37.4,5.8,2
10920,2022,61.5,49.0,18.0,0
10920,2023,92.1,28.2,20.0,0
10920,2024,78.2,33.0,2.0,2
10920,2025,85.9,44.0,7.2,0
10921,2022,75.7,47.8,19.7,0
10921,2023,97.8,37.0,18.2,0
10921,2024,75.1,23.4,3.7,0
10921,2025,76.2,53.7,6.6,1
10922,2022,79.5,23.9,13.3,0
10922,2023,70.8,38.9,6.5,2
10922,2024,84.2,66.2,9.0,2
10922,2025,85.0,37.8,6.6,1
10923,2022,87.2,26.9,7.4,2
10923,2023,100.0,63.3,8.1,0
10923,2024,100.0,60.7,11.5,0
10923,2025,63.4,41.7,16.0,1
10924,2022,71.7,15.3,11.9,0
10924,2023,72.8,62.7,6.4,0
10924,2024,64.2,29.3,13.8,0
10924,2025,93.2,46.2,17.0,0
10925,2022,96.5,26.6,13.7,1
10925,2023,59.8,21.8,16.4,0
10925,2024,68.1,27.0,10.1,0
10925,2025,98.5,42.1,18.6,0
10926,2022,64.7,28.4,13.1,0
10926,2023,73.7,64.4,14.8,0
10926,2024,90.5,48.8,4.0,0
10926,2025,63.5,73.5,13.3,2
10927,2022,75.3,16.4,2.5,1
10927,2023,57.8,27.9,4.9,0
10927,2024,69.7,30.1,14.6,0
10927,2025,68.9,46.8,14.2,0
10928,2022,85.1,55.9,10.9,2
10928,2023,59.7,30.7,13.8,0
10928,2024,86.8,51.8,16.8,0
10928,2025,85.1,73.8,17.0,2
10929,2022,82.4,35.1,18.0,0
10929,2023,94.6,42.4,18.0,0
10929,2024,80.6,49.6,12.2,0
10929,2025,92.1,42.0,8.4,0
10930,2022,88.6,30.9,2.0,2
10930,2023,85.9,58.4,18.8,1
10930,2024,70.3,42.0,5.6,0
10930,2025,100.0,48.9,17.0,0
10931,2022,52.9,15.8,6.5,1
10931,2023,70.4,39.2,7.8,1
10931,2024,94.4,26.2,5.7,0
10931,2025,74.3,41.4,16.0,1
10932,2022,76.2,59.0,9.8,1
10932,2023,59.0,61.2,19.3,0
10932,2024,96.1,53.1,16.6,0
10932,2025,100.0,63.6,12.2,0
10933,2022,97.2,21.9,16.1,0
10933,2023,56.2,23.2,17.2,2
10933,2024,64.6,49.5,18.5,2
10933,2025,81.3,72.9,3.4,0
10934,2022,63.1,51.6,16.4,0
10934,2023,83.3,45.5,5.3,1
10934,2024,95.6,71.2,18.5,0
10934,2025,63.6,40.4,5.4,1
10935,2022,50.2,48.3,5.1,0
10935,2023,100.0,30.2,10.9,2
10935,2024,76.6,70.7,17.4,0
10935,2025,60.8,41.2,3.6,2
10936,2022,78.2,28.3,3.1,1
10936,2023,88.7,39.8,15.8,0
10936,2024,93.5,38.1,17.1,0
10936,2025,84.8,41.8,10.2,2
10937,2022,82.6,33.5,13.7,1
10937,2023,75.4,56.8,4.3,1
10937,2024,84.7,60.7,12.7,2
10937,2025,100.0,50.2,2.2,2
10938,2022,97.4,25.6,7.4,1
10938,2023,82.6,22.6,2.4,0
10938,2024,83.0,65.5,6.9,2
10938,2025,74.1,72.3,2.4,1
10939,2022,65.6,13.3,18.9,2
10939,2023,96.9,53.4,17.9,0
10939,2024,86.9,66.2,5.7,0
10939,2025,79.5,64.8,18.5,0
10940,2022,82.0,27.0,18.1,0
10940,2023,58.3,37.4,5.9,2
10940,2024,100.0,37.0,14.1,0
10940,2025,82.6,55.1,5.4,0
10941,2022,66.0,54.5,14.3,2
10941,2023,53.1,49.6,3.1,1
10941,2024,87.5,44.9,17.5,1
10941,2025,100.0,71.0,16.9,0
10942,2022,76.8,10.0,5.1,2
10942,2023,68.5,29.7,9.9,2
10942,2024,75.1,43.8,6.6,0
10942,2025,84.8,57.6,4.2,0
10943,2022,83.1,59.8,2.2,0
10943,2023,61.3,48.0,7.4,0
10943,2024,99.9,41.1,18.9,0
10943,2025,77.4,64.2,18.0,2
10944,2022,80.0,59.2,9.8,0
10944,2023,96.2,46.6,7.2,1
10944,2024,82.8,39.6,7.5,0
10944,2025,90.3,62.1,14.7,1
10945,2022,80.4,33.2,6.8,0
10945,2023,64.4,42.8,16.9,0
10945,2024,100.0,69.8,8.5,0
10945,2025,80.2,49.8,3.2,0
10946,2022,54.7,25.7,4.2,0
10946,2023,100.0,47.7,15.9,1
10946,2024,86.2,50.4,15.9,0
10946,2025,86.7,47.9,9.1,1
10947,2022,94.0,25.1,19.9,1
10947,2023,78.5,42.3,5.9,2
10947,2024,72.3,30.2,5.5,0
10947,2025,65.9,41.4,11.5,0
10948,2022,88.9,52.5,12.0,1
10948,2023,68.4,61.5,9.5,2
10948,2024,79.8,41.7,12.4,1
10948,2025,81.9,69.7,18.1,2
10949,2022,85.5,15.2,10.4,2
10949,2023,85.3,26.8,19.9,2
10949,2024,75.3,51.8,19.1,1
10949,2025,77.9,61.9,14.7,0
10950,2022,63.0,22.6,14.7,0
10950,2023,68.9,63.0,15.1,0
10950,2024,89.2,53.2,17.5,0
10950,2025,84.5,74.1,16.9,2
10951,2022,52.5,15.3,15.0,1
10951,2023,76.9,45.2,16.7,2
10951,2024,100.0,39.1,9.7,1
10951,2025,62.7,71.3,11.0,0
10952,2022,55.0,10.7,18.1,0
10952,2023,84.6,54.4,3.6,0
10952,2024,100.0,30.2,16.0,2
10952,2025,58.8,72.5,14.1,0
10953,2022,66.5,33.1,4.7,2
10953,2023,55.7,24.6,9.5,1
10953,2024,67.8,62.9,15.1,0
10953,2025,84.1,53.2,15.0,2
10954,2022,71.2,13.1,14.4,2
10954,2023,69.9,17.6,4.8,0
10954,2024,65.1,34.7,16.0,0
10954,2025,87.2,63.7,4.4,0
10955,2022,77.6,31.7,19.7,2
10955,2023,84.3,42.3,4.8,0
10955,2024,93.1,28.8,12.7,0
10955,2025,92.5,64.0,16.0,0
10956,2022,95.9,28.1,2.1,0
10956,2023,60.6,32.7,15.0,2
10956,2024,100.0,51.1,6.0,0
10956,2025,65.8,66.3,5.3,2
10957,2022,90.5,11.2,3.3,1
10957,2023,90.3,18.4,5.4,0
10957,2024,87.0,26.8,13.0,0
10957,2025,91.4,70.3,20.0,2
10958,2022,83.2,52.8,12.2,0
10958,2023,77.9,47.9,12.9,1
10958,2024,56.6,24.3,9.0,0
10958,2025,85.3,65.5,2.7,0
10959,2022,68.7,53.4,15.2,1
10959,2023,65.6,61.8,3.4,0
10959,2024,78.5,62.1,14.9,0
10959,2025,98.2,50.4,17.0,0
10960,2022,77.8,32.9,6.0,0
10960,2023,98.8,40.9,16.0,2
10960,2024,75.2,45.7,18.4,0
10960,2025,65.6,53.7,12.0,0
10961,2022,65.1,14.1,9.7,1
10961,2023,59.4,56.7,11.9,0
10961,2024,87.9,22.1,16.5,2
10961,2025,65.2,29.6,13.1,0
10962,2022,74.9,11.3,12.2,1
10962,2023,96.8,61.0,9.3,0
10962,2024,75.8,71.8,2.5,0
10962,2025,76.8,42.9,4.6,1
10963,2022,59.8,16.3,11.2,0
10963,2023,88.7,16.9,13.6,2
10963,2024,69.6,67.1,5.2,0
10963,2025,100.0,45.9,14.2,0
10964,2022,58.0,34.6,11.4,0
10964,2023,52.6,34.8,14.1,0
10964,2024,80.9,67.4,11.5,0
10964,2025,60.8,69.6,9.7,0
10965,2022,67.7,54.8,7.7,2
10965,2023,74.2,37.5,5.0,2
10965,2024,66.9,32.8,3.6,0
10965,2025,100.0,58.1,17.4,1
10966,2022,66.6,20.6,11.8,0
10966,2023,59.4,32.3,19.8,0
10966,2024,56.8,69.3,17.2,0
10966,2025,72.4,71.6,4.1,0
10967,2022,89.4,31.9,17.7,2
10967,2023,64.3,32.0,16.0,0
10967,2024,83.7,50.9,19.8,0
10967,2025,100.0,66.1,18.0,0
10968,2022,66.5,19.7,8.4,0
10968,2023,82.1,61.3,13.6,1
10968,2024,83.8,31.4,13.5,2
10968,2025,86.0,58.5,18.9,2
10969,2022,95.8,37.5,5.1,0
10969,2023,90.2,32.4,9.9,0
10969,2024,55.4,50.1,12.5,0
10969,2025,58.8,72.0,2.1,2
10970,2022,51.9,26.5,4.6,0
10970,2023,70.0,60.3,13.7,1
10970,2024,76.1,25.1,10.5,1
10970,2025,96.2,54.7,6.7,0
10971,2022,80.5,24.6,5.4,0
10971,2023,100.0,62.5,15.6,0
10971,2024,93.1,24.4,10.9,0
10971,2025,99.4,28.9,7.2,0
10972,2022,58.7,50.5,8.2,1
10972,2023,83.3,53.0,15.7,2
10972,2024,62.2,29.8,8.7,2
10972,2025,89.9,75.1,9.1,0
10973,2022,88.9,53.7,11.3,2
10973,2023,66.9,28.1,3.1,1
10973,2024,63.0,56.2,15.0,1
10973,2025,68.9,49.4,3.6,0
10974,2022,88.9,38.0,18.0,0
10974,2023,78.8,55.6,11.7,1
10974,2024,80.8,53.5,18.9,0
10974,2025,85.2,32.7,9.2,0
10975,2022,73.6,40.3,19.7,0
10975,2023,93.9,25.3,13.0,0
10975,2024,79.4,44.3,4.2,2
10975,2025,86.1,47.6,12.1,2
10976,2022,97.0,14.2,2.9,0
10976,2023,74.4,21.0,9.9,2
10976,2024,64.0,61.4,14.1,2
10976,2025,84.5,56.8,4.4,1
10977,2022,83.8,58.7,5.0,0
10977,2023,58.5,63.6,15.7,0
10977,2024,62.8,31.5,6.9,2
10977,2025,58.7,70.8,17.4,2
10978,2022,85.7,26.3,13.1,2
10978,2023,62.2,24.6,11.8,0
10978,2024,98.3,44.6,9.1,0
10978,2025,82.2,42.3,19.3,0
10979,2022,95.9,35.4,13.2,2
10979,2023,70.9,48.4,3.4,2
10979,2024,100.0,37.2,9.3,0
10979,2025,100.0,55.2,4.2,1
10980,2022,56.2,41.3,15.2,1
10980,2023,58.5,46.8,6.5,0
10980,2024,75.3,68.2,2.3,0
10980,2025,77.4,60.4,19.9,0
10981,2022,81.2,26.6,10.5,1
10981,2023,57.9,20.7,2.6,0
10981,2024,91.3,46.3,10.2,0
10981,2025,68.3,56.8,6.9,0
10982,2022,57.2,37.8,15.1,0
10982,2023,90.6,43.5,2.1,0
10982,2024,58.9,40.8,4.5,1
10982,2025,91.7,75.9,8.4,1
10983,2022,55.3,40.6,9.1,2
10983,2023,88.0,27.1,10.8,0
10983,2024,92.9,22.3,8.4,0
10983,2025,85.6,56.5,9.2,0
10984,2022,66.9,47.3,10.7,1
10984,2023,63.8,21.5,18.8,0
10984,2024,93.8,45.3,11.5,0
10984,2025,62.6,76.6,9.7,2
10985,2022,96.8,34.7,2.9,0
10985,2023,89.9,58.7,4.7,0
10985,2024,88.1,29.0,15.6,0
10985,2025,100.0,50.6,19.3,1
10986,2022,83.1,27.7,8.9,0
10986,2023,57.5,17.4,19.3,2
10986,2024,70.5,48.1,7.9,1
10986,2025,85.6,47.9,19.1,2
10987,2022,77.6,40.6,13.0,0
10987,2023,53.0,43.3,2.5,1
10987,2024,67.5,44.7,3.4,0
10987,2025,92.8,33.1,19.6,0
10988,2022,81.7,32.1,7.5,0
10988,2023,95.6,64.6,2.3,1
10988,2024,100.0,35.7,3.4,1
10988,2025,99.2,47.2,11.5,2
10989,2022,76.6,52.1,6.1,0
10989,2023,78.6,42.0,15.6,2
10989,2024,72.7,22.1,17.9,0
10989,2025,100.0,55.0,8.5,0
10990,2022,89.9,53.6,14.5,2
10990,2023,89.9,50.5,15.0,1
10990,2024,92.4,59.9,10.5,0
10990,2025,98.2,29.9,6.7,0
10991,2022,94.1,19.0,15.6,2
10991,2023,91.9,45.3,2.9,0
10991,2024,94.1,29.7,3.5,2
10991,2025,89.2,65.7,4.1,1
10992,2022,72.0,21.3,7.7,0
10992,2023,78.9,31.9,7.4,2
10992,2024,80.7,24.1,7.7,0
10992,2025,97.1,49.3,3.8,2
10993,2022,62.8,22.8,9.6,2
10993,2023,69.9,17.7,10.7,0
10993,2024,81.7,28.7,17.9,2
10993,2025,100.0,47.6,18.7,0
10994,2022,73.5,27.1,8.0,0
10994,2023,58.6,59.0,19.3,1
10994,2024,87.4,37.1,10.6,0
10994,2025,87.1,48.8,17.1,2
10995,2022,90.6,30.4,2.1,2
10995,2023,93.5,45.9,3.5,0
10995,2024,67.4,67.1,9.6,0
10995,2025,59.7,61.7,9.1,0
10996,2022,87.7,51.9,10.3,0
10996,2023,83.8,25.4,6.8,1
10996,2024,61.8,64.0,12.4,0
10996,2025,100.0,63.0,15.3,0
10997,2022,94.4,24.7,4.4,0
10997,2023,87.2,60.8,11.8,0
10997,2024,57.6,55.3,6.3,0
10997,2025,67.7,51.4,18.0,2
10998,2022,65.6,45.2,18.4,0
10998,2023,55.2,16.3,14.8,0
10998,2024,94.7,38.2,5.0,2
10998,2025,61.2,66.8,19.1,1
10999,2022,59.9,53.0,15.3,2
10999,2023,67.8,56.0,3.8,1
10999,2024,70.9,58.6,12.5,0
10999,2025,70.2,52.9,13.1,0
11000,2022,97.0,19.5,12.7,2
11000,2023,98.6,21.5,11.6,0
11000,2024,84.8,68.2,3.3,0
11000,2025,63.5,38.5,5.5,1
11001,2022,83.9,22.3,18.8,1
11001,2023,99.3,52.1,15.9,0
11001,2024,100.0,59.8,12.2,0
11001,2025,87.1,48.4,12.5,0
11002,2022,59.1,13.8,7.4,0
11002,2023,92.4,40.2,7.8,2
11002,2024,84.9,62.6,4.3,2
11002,2025,79.2,72.1,18.7,0
11003,2022,57.2,42.5,13.8,1
11003,2023,64.0,50.2,6.8,0
11003,2024,82.8,23.2,14.8,2
11003,2025,70.0,38.7,17.3,2
11004,2022,72.9,47.4,14.6,0
11004,2023,86.8,42.5,7.0,0
11004,2024,100.0,51.3,5.9,2
11004,2025,59.6,68.5,3.9,1
11005,2022,88.2,43.5,9.2,0
11005,2023,58.6,37.0,18.7,0
11005,2024,100.0,70.7,5.6,1
11005,2025,94.5,40.1,10.6,0
11006,2022,69.1,27.0,2.2,0
11006,2023,77.1,49.4,17.2,2
11006,2024,87.5,33.6,13.2,1
11006,2025,84.4,47.0,7.8,2
11007,2022,97.0,44.6,4.3,0
11007,2023,100.0,32.9,13.3,1
11007,2024,57.7,24.9,11.7,0
11007,2025,92.4,56.0,19.7,1
11008,2022,85.8,48.5,10.4,1
11008,2023,90.4,53.1,4.8,2
11008,2024,99.0,53.1,17.3,2
11008,2025,86.0,66.3,18.1,2
11009,2022,62.2,20.0,3.9,1
11009,2023,84.7,52.7,16.9,2
11009,2024,70.5,24.5,6.7,1
11009,2025,73.9,65.0,11.7,1
11010,2022,79.4,12.5,12.7,0
11010,2023,66.4,54.6,18.1,2
11010,2024,88.3,66.2,4.8,0
11010,2025,98.4,69.5,2.4,0
11011,2022,97.3,27.4,12.7,2
11011,2023,60.6,64.8,13.3,1
11011,2024,76.9,47.9,19.4,0
11011,2025,93.1,47.0,3.8,1
11012,2022,77.7,39.1,9.3,0
11012,2023,55.6,31.2,14.8,0
11012,2024,71.7,30.9,12.0,0
11012,2025,95.6,36.2,19.2,0
11013,2022,73.7,18.5,3.6,1
11013,2023,85.8,27.4,4.6,0
11013,2024,85.7,66.3,13.1,0
11013,2025,100.0,48.2,13.3,0
11014,2022,91.2,10.0,10.4,2
11014,2023,69.0,31.2,15.3,0
11014,2024,78.9,71.8,8.0,0
11014,2025,80.4,64.8,6.9,0
11015,2022,63.4,35.2,5.4,1
11015,2023,82.3,22.4,12.9,0
11015,2024,67.5,44.8,16.5,0
11015,2025,65.2,60.0,2.5,0
11016,2022,55.3,55.9,4.9,1
11016,2023,66.3,40.6,17.3,0
11016,2024,77.7,49.4,2.4,2
11016,2025,63.1,56.4,2.8,0
11017,2022,82.4,57.5,11.3,1
11017,2023,94.3,32.9,8.6,1
11017,2024,75.5,65.0,15.9,0
11017,2025,99.4,49.6,13.7,0
11018,2022,57.2,47.0,5.4,0
11018,2023,56.2,40.2,8.1,1
11018,2024,94.1,49.7,3.6,1
11018,2025,100.0,44.5,3.7,1
11019,2022,66.3,30.7,19.7,1
11019,2023,84.1,42.3,2.7,0
11019,2024,86.4,52.2,5.3,1
11019,2025,90.4,46.5,9.1,0
11020,2022,77.5,51.7,12.6,1
11020,2023,64.8,52.0,19.2,2
11020,2024,58.9,44.6,9.0,1
11020,2025,58.2,64.7,5.3,0
11021,2022,58.7,10.3,10.8,0
11021,2023,58.3,45.7,15.9,2
11021,2024,56.8,48.3,6.7,0
11021,2025,61.8,53.7,5.0,0
11022,2022,52.3,40.2,14.9,1
11022,2023,78.8,56.1,11.4,1
11022,2024,57.7,24.3,14.3,1
11022,2025,100.0,35.4,8.6,1
11023,2022,74.1,10.5,16.6,0
11023,2023,95.8,27.9,9.6,0
11023,2024,78.4,70.9,13.8,0
11023,2025,64.0,46.7,8.9,1
11024,2022,90.4,38.8,12.2,1
11024,2023,63.9,65.5,12.2,0
11024,2024,56.9,53.4,16.4,0
11024,2025,66.7,36.6,3.8,0
11025,2022,78.8,50.3,6.1,1
11025,2023,73.4,43.6,7.3,1
11025,2024,62.8,71.8,11.1,0
11025,2025,83.1,65.8,18.3,0
11026,2022,95.7,59.7,16.4,0
11026,2023,87.4,60.5,17.1,2
11026,2024,58.3,31.1,8.2,0
11026,2025,72.8,65.4,8.0,0
11027,2022,83.2,34.9,14.5,0
11027,2023,59.2,22.5,17.5,0
11027,2024,80.9,50.4,19.3,0
11027,2025,83.7,32.7,8.5,0
11028,2022,54.2,48.1,13.3,0
11028,2023,81.6,34.1,14.6,0
11028,2024,98.2,62.4,18.3,0
11028,2025,88.8,62.1,15.3,0
11029,2022,93.9,53.9,9.7,1
11029,2023,82.0,25.3,15.8,2
11029,2024,91.1,54.3,10.1,0
11029,2025,100.0,71.2,19.8,0
11030,2022,72.2,21.4,8.6,0
11030,2023,60.1,55.2,3.3,0
11030,2024,60.7,36.2,14.8,0
11030,2025,100.0,68.8,7.4,0
11031,2022,76.3,35.8,14.7,0
11031,2023,85.3,49.3,3.4,0
11031,2024,84.4,40.5,19.8,0
11031,2025,84.6,69.3,16.3,1
11032,2022,76.9,16.2,14.4,1
11032,2023,75.2,25.7,13.6,2
11032,2024,97.5,26.5,4.5,0
11032,2025,63.3,75.5,4.6,0
11033,2022,84.4,33.3,3.4,1
11033,2023,85.2,39.9,15.7,0
11033,2024,58.0,37.1,14.8,1
11033,2025,67.9,51.5,17.6,0
11034,2022,87.8,21.8,13.7,0
11034,2023,63.7,63.6,9.1,2
11034,2024,82.7,35.2,18.2,2
11034,2025,61.5,74.3,13.1,0
11035,2022,60.7,34.4,2.8,2
11035,2023,95.3,37.9,18.2,1
11035,2024,72.4,62.2,17.7,2
11035,2025,96.2,52.7,15.6,0
11036,2022,73.0,23.3,18.7,0
11036,2023,68.0,37.8,9.2,2
11036,2024,82.2,44.0,17.2,2
11036,2025,83.1,42.8,18.8,0
11037,2022,97.3,31.0,16.2,0
11037,2023,69.0,22.0,15.2,0
11037,2024,86.4,69.0,8.4,0
11037,2025,90.6,60.0,8.1,0
11038,2022,80.1,19.7,18.2,1
11038,2023,75.5,55.5,5.2,0
11038,2024,92.6,35.3,2.8,1
11038,2025,94.4,57.8,13.5,1
11039,2022,96.0,55.7,8.1,0
11039,2023,99.4,54.3,15.1,2
11039,2024,65.3,28.1,20.0,2
11039,2025,88.9,55.3,5.9,2
11040,2022,91.1,45.4,7.8,0
11040,2023,98.7,26.1,12.7,0
11040,2024,61.9,27.0,14.0,1
11040,2025,100.0,35.4,19.9,1
11041,2022,60.8,58.2,10.9,0
11041,2023,80.0,58.3,5.9,0
11041,2024,86.4,64.9,17.9,0
11041,2025,99.7,40.3,14.8,0
11042,2022,88.6,37.9,13.2,2
11042,2023,97.4,40.4,17.6,1
11042,2024,92.8,63.7,3.4,0
11042,2025,73.8,49.1,10.2,0
11043,2022,58.6,36.9,18.0,0
11043,2023,60.0,45.1,3.5,0
11043,2024,59.2,40.6,12.3,1
11043,2025,100.0,29.7,7.6,1
11044,2022,73.3,34.8,12.2,1
11044,2023,98.8,40.7,3.7,0
11044,2024,92.2,24.0,11.7,0
11044,2025,100.0,52.3,11.2,2
11045,2022,91.7,35.6,3.2,2
11045,2023,80.5,22.7,6.2,0
11045,2024,65.8,29.2,4.4,2
11045,2025,69.7,74.8,10.6,1
11046,2022,67.8,19.5,7.1,0
11046,2023,53.7,31.6,11.3,0
11046,2024,87.0,36.9,12.1,2
11046,2025,84.1,60.9,2.1,0
11047,2022,54.8,42.1,17.7,0
11047,2023,92.1,61.6,4.7,0
11047,2024,94.5,42.1,17.2,0
11047,2025,63.2,67.0,11.8,2
11048,2022,59.8,28.9,6.1,0
11048,2023,64.5,28.0,16.0,0
11048,2024,80.2,66.6,13.6,0
11048,2025,100.0,52.2,13.8,0
11049,2022,81.9,29.5,7.6,1
11049,2023,85.2,61.3,9.2,1
11049,2024,69.0,69.0,11.6,0
11049,2025,87.5,50.6,8.7,0
11050,2022,60.1,11.0,8.5,2
11050,2023,86.6,17.6,17.2,1
11050,2024,66.3,52.5,19.3,2
11050,2025,58.2,70.6,10.7,1
11051,2022,75.1,53.8,17.6,2
11051,2023,66.8,61.1,16.4,1
11051,2024,85.2,62.4,10.8,0
11051,2025,93.3,71.6,13.9,1
11052,2022,89.1,52.1,3.2,2
11052,2023,99.6,58.0,13.6,1
11052,2024,81.7,38.4,6.4,2
11052,2025,80.7,47.7,18.9,0
11053,2022,61.8,25.9,14.0,1
11053,2023,88.3,23.7,13.2,1
11053,2024,78.2,38.6,18.3,0
11053,2025,73.2,73.4,15.4,1
11054,2022,70.7,58.6,9.5,0
11054,2023,70.3,23.5,16.2,0
11054,2024,100.0,55.1,18.8,0
11054,2025,68.4,76.3,19.0,0
11055,2022,69.9,20.3,6.5,0
11055,2023,67.3,58.0,11.9,0
11055,2024,63.2,36.8,16.3,1
11055,2025,71.9,48.5,19.6,1
11056,2022,73.5,55.8,3.6,2
11056,2023,82.8,18.9,15.9,1
11056,2024,84.6,44.4,10.1,2
11056,2025,94.6,53.3,17.2,0
11057,2022,53.4,55.0,15.5,0
11057,2023,67.6,44.7,10.1,0
11057,2024,71.9,69.3,18.7,1
11057,2025,90.7,43.9,8.6,2
11058,2022,60.0,34.7,9.1,0
11058,2023,62.8,17.1,15.6,0
11058,2024,59.6,71.4,6.8,1
11058,2025,83.1,39.7,15.9,1
11059,2022,84.9,56.4,16.4,0
11059,2023,86.0,36.0,15.0,1
11059,2024,90.7,30.3,8.8,0
11059,2025,65.6,49.0,10.5,0
11060,2022,78.2,26.2,12.0,0
11060,2023,57.0,63.6,4.3,0
11060,2024,100.0,60.6,8.7,1
11060,2025,62.5,38.4,4.9,2
11061,2022,92.1,37.0,7.0,0
11061,2023,54.3,49.5,18.2,0
11061,2024,80.5,51.0,3.0,2
11061,2025,98.4,73.8,12.0,2
11062,2022,80.5,15.6,9.8,1
11062,2023,76.2,18.0,14.0,0
11062,2024,61.1,52.6,19.3,0
11062,2025,89.1,65.3,10.3,0
11063,2022,78.9,50.5,11.1,2
11063,2023,74.5,26.6,4.2,1
11063,2024,66.3,31.5,18.4,0
11063,2025,68.1,69.9,9.0,1
11064,2022,96.6,26.9,2.8,2
11064,2023,98.8,49.0,11.5,1
11064,2024,100.0,29.5,17.2,0
11064,2025,82.3,68.0,12.6,1
11065,2022,97.4,58.0,12.8,2
11065,2023,66.8,64.6,2.4,0
11065,2024,75.5,48.0,19.5,1
11065,2025,65.9,40.0,9.3,0
11066,2022,72.3,17.1,4.6,0
11066,2023,61.4,28.3,4.5,0
11066,2024,58.2,53.1,14.0,0
11066,2025,58.0,49.8,9.8,0
11067,2022,68.2,33.9,3.0,1
11067,2023,95.6,39.7,3.6,1
11067,2024,76.0,61.7,9.7,0
11067,2025,88.5,69.6,16.3,0
11068,2022,89.3,10.7,4.6,0
11068,2023,79.0,61.9,4.0,0
11068,2024,82.0,41.4,10.5,2
11068,2025,82.7,40.0,11.4,1
11069,2022,56.0,59.8,11.2,0
11069,2023,83.0,22.1,11.1,0
11069,2024,89.7,38.1,18.0,0
11069,2025,57.5,73.4,9.1,0
11070,2022,54.0,33.8,2.6,1
11070,2023,78.5,62.3,2.2,2
11070,2024,95.3,34.1,9.3,0
11070,2025,83.1,48.4,18.1,1
11071,2022,70.9,12.6,14.8,0
11071,2023,97.5,38.7,12.3,1
11071,2024,58.7,22.0,14.6,0
11071,2025,64.1,43.8,5.0,1
11072,2022,82.9,45.8,7.4,2
11072,2023,57.7,52.2,16.2,0
11072,2024,61.5,43.4,2.2,1
11072,2025,99.4,28.6,7.5,0
11073,2022,60.1,16.5,19.1,0
11073,2023,82.4,28.1,13.0,2
11073,2024,74.0,22.8,15.2,0
11073,2025,64.1,38.9,9.1,0
11074,2022,68.5,36.2,3.9,2
11074,2023,72.5,22.3,14.3,0
11074,2024,85.2,65.3,9.6,0
11074,2025,64.9,31.0,4.6,0
11075,2022,51.8,48.8,18.1,2
11075,2023,81.6,38.3,6.5,0
11075,2024,58.1,52.6,8.3,0
11075,2025,64.9,52.2,5.8,0
11076,2022,97.1,31.4,9.1,1
11076,2023,53.6,50.0,13.0,0
11076,2024,85.8,33.4,5.7,1
11076,2025,64.2,52.3,8.5,2
11077,2022,89.4,50.4,2.2,0
11077,2023,80.4,23.8,4.9,0
11077,2024,77.7,26.6,18.3,0
11077,2025,79.6,58.2,13.4,1
11078,2022,82.2,58.2,11.1,0
11078,2023,92.8,37.5,11.3,2
11078,2024,55.3,62.7,13.6,0
11078,2025,58.5,51.5,5.8,1
11079,2022,63.1,21.7,2.6,0
11079,2023,87.9,40.3,9.4,0
11079,2024,64.3,44.1,18.4,2
11079,2025,77.0,40.6,11.2,2
11080,2022,74.4,27.7,17.9,2
11080,2023,70.4,35.6,4.3,0
11080,2024,77.3,65.0,6.9,1
11080,2025,95.8,43.4,13.5,0
11081,2022,61.0,56.3,2.4,0
11081,2023,68.2,16.7,4.7,0
11081,2024,80.3,28.4,4.0,1
11081,2025,99.0,29.4,11.3,2
11082,2022,59.9,48.4,17.9,0
11082,2023,77.7,22.2,2.1,2
11082,2024,97.0,50.7,3.0,0
11082,2025,62.9,66.9,13.9,1
11083,2022,84.6,34.5,8.6,0
11083,2023,63.2,20.9,18.1,1
11083,2024,63.3,63.9,11.7,0
11083,2025,68.8,38.3,3.1,2
11084,2022,74.1,14.7,2.1,0
11084,2023,81.5,54.4,9.9,1
11084,2024,64.3,23.4,9.1,0
11084,2025,62.9,58.9,10.7,0
11085,2022,71.7,31.0,9.7,0
11085,2023,55.3,37.7,12.8,0
11085,2024,80.9,62.2,18.2,1
11085,2025,90.3,30.3,15.6,1
11086,2022,95.4,47.1,11.5,0
11086,2023,59.4,51.3,11.5,1
11086,2024,75.8,66.5,19.7,0
11086,2025,69.8,56.9,19.0,0
11087,2022,60.5,18.0,4.8,0
11087,2023,77.4,18.3,13.5,0
11087,2024,61.9,44.1,7.6,0
11087,2025,58.2,64.0,5.6,0
11088,2022,57.8,12.1,19.0,2
11088,2023,68.6,28.4,3.5,0
11088,2024,55.5,60.5,2.5,1
11088,2025,98.6,39.5,10.5,1
11089,2022,78.0,29.1,11.6,1
11089,2023,53.8,53.3,3.9,0
11089,2024,66.0,43.5,19.1,0
11089,2025,89.4,66.6,3.7,2
11090,2022,51.4,23.5,15.0,0
11090,2023,70.6,63.9,8.6,2
11090,2024,59.6,26.7,6.7,0
11090,2025,76.3,65.6,5.8,0
11091,2022,96.5,13.7,5.2,2
11091,2023,74.3,58.3,11.5,0
11091,2024,84.5,28.8,2.8,0
11091,2025,77.1,57.3,15.9,0
11092,2022,65.1,26.7,6.2,1
11092,2023,81.8,46.2,9.8,0
11092,2024,84.8,24.4,3.4,0
11092,2025,87.0,72.1,10.5,0
11093,2022,51.3,45.7,13.3,0
11093,2023,85.9,33.3,2.9,0
11093,2024,87.4,45.5,17.6,0
11093,2025,60.9,59.3,7.4,2
11094,2022,59.1,40.9,8.1,0
11094,2023,77.5,48.0,5.0,0
11094,2024,72.3,29.7,17.9,0
11094,2025,85.1,67.7,8.2,0
11095,2022,86.5,33.0,7.4,0
11095,2023,78.8,56.0,15.0,2
11095,2024,77.0,68.4,7.7,2
11095,2025,70.2,33.2,10.3,1
11096,2022,79.5,27.8,20.0,2
11096,2023,92.2,42.5,10.8,0
11096,2024,67.6,28.7,10.3,2
11096,2025,95.3,41.0,16.4,1
11097,2022,70.0,12.5,2.8,0
11097,2023,57.9,50.1,8.8,1
11097,2024,98.7,46.8,14.6,0
11097,2025,90.2,29.6,18.4,1
11098,2022,90.4,25.2,13.7,0
11098,2023,83.9,36.4,11.5,2
11098,2024,60.9,39.1,10.3,0
11098,2025,83.5,28.9,10.6,0
11099,2022,80.4,24.4,10.5,2
11099,2023,65.0,20.1,18.9,0
11099,2024,85.3,22.3,16.6,0
11099,2025,84.7,45.7,7.8,0
11100,2022,51.0,29.3,3.1,1
11100,2023,94.9,61.7,14.3,0
11100,2024,80.6,28.4,15.1,2
11100,2025,85.5,63.0,15.9,0
11101,2022,57.3,23.2,6.2,2
11101,2023,91.1,40.9,13.5,0
11101,2024,80.5,43.5,13.5,2
11101,2025,61.7,52.2,4.0,0
11102,2022,83.6,48.1,15.9,0
11102,2023,76.0,16.9,12.7,2
11102,2024,71.1,38.5,11.0,0
11102,2025,100.0,45.0,2.7,0
11103,2022,89.4,14.7,10.3,1
11103,2023,54.6,16.5,17.3,0
11103,2024,88.5,58.0,8.7,0
11103,2025,65.8,72.1,19.6,0
11104,2022,50.8,25.5,16.2,2
11104,2023,63.0,48.7,16.8,0
11104,2024,57.3,71.8,12.6,0
11104,2025,88.1,36.2,7.1,0
11105,2022,86.4,23.8,9.2,2
11105,2023,61.1,56.9,13.1,0
11105,2024,65.0,22.2,17.9,2
11105,2025,63.9,57.6,15.1,0
11106,2022,77.0,33.9,8.5,0
11106,2023,76.0,52.0,6.6,2
11106,2024,55.3,48.4,13.4,2
11106,2025,75.2,53.8,3.5,2
11107,2022,54.2,45.5,8.7,0
11107,2023,80.3,43.5,6.5,0
11107,2024,77.7,71.3,17.7,0
11107,2025,79.5,62.9,13.8,0
11108,2022,85.3,50.3,4.2,2
11108,2023,74.5,37.1,11.2,1
11108,2024,78.3,69.9,16.2,0
11108,2025,87.9,50.4,4.0,0
11109,2022,64.5,27.3,12.3,0
11109,2023,97.5,63.0,15.6,0
11109,2024,68.5,40.9,5.8,0
11109,2025,100.0,46.3,18.7,0
11110,2022,89.1,37.8,11.9,0
11110,2023,96.0,58.5,13.4,1
11110,2024,63.8,38.5,8.4,1
11110,2025,68.6,69.5,15.9,1
11111,2022,90.7,18.1,12.8,2
11111,2023,98.4,24.6,18.5,0
11111,2024,91.2,44.5,10.7,0
11111,2025,88.1,41.2,12.9,0
11112,2022,88.9,34.2,12.4,2
11112,2023,54.5,16.6,12.4,0
11112,2024,96.0,35.8,14.9,0
11112,2025,71.0,75.4,3.9,2
11113,2022,52.7,54.0,12.9,1
11113,2023,85.2,17.4,9.5,0
11113,2024,91.1,62.2,10.1,1
11113,2025,87.6,50.2,9.8,0
11114,2022,66.8,50.8,4.0,0
11114,2023,58.1,30.0,2.3,0
11114,2024,91.9,49.5,3.9,0
11114,2025,59.8,77.3,9.8,0
11115,2022,86.5,26.3,8.8,0
11115,2023,98.5,60.2,4.5,2
11115,2024,100.0,65.9,15.0,0
11115,2025,76.5,35.7,14.9,0
11116,2022,55.2,22.2,18.4,0
11116,2023,57.0,22.4,17.3,0
11116,2024,78.6,36.4,16.9,1
11116,2025,95.5,54.2,16.4,0
11117,2022,52.3,56.4,17.9,1
11117,2023,60.6,35.8,11.3,2
11117,2024,83.3,71.4,3.4,2
11117,2025,61.6,48.0,12.2,1
11118,2022,92.2,39.5,17.2,2
11118,2023,76.6,64.2,3.7,1
11118,2024,73.6,52.1,16.8,0
11118,2025,58.1,47.3,4.5,0
11119,2022,55.4,36.3,2.5,0
11119,2023,92.2,43.2,14.6,0
11119,2024,88.6,27.3,13.6,1
11119,2025,58.5,48.2,17.8,2
11120,2022,96.8,36.3,13.9,1
11120,2023,69.5,55.0,6.7,0
11120,2024,84.1,22.3,18.6,0
11120,2025,92.2,68.7,18.2,1
11121,2022,95.9,23.5,19.0,1
11121,2023,95.2,51.8,15.3,0
11121,2024,83.7,60.6,17.7,0
11121,2025,64.2,71.0,6.3,0
11122,2022,90.6,57.6,12.5,0
11122,2023,91.7,61.0,6.8,0
11122,2024,85.7,53.7,7.9,2
11122,2025,100.0,64.3,16.9,0
11123,2022,75.4,45.1,14.8,0
11123,2023,62.8,41.9,18.7,2
11123,2024,67.2,60.4,16.1,2
11123,2025,77.0,50.6,7.2,0
11124,2022,70.3,51.0,17.9,2
11124,2023,92.4,53.2,3.4,0
11124,2024,97.6,46.5,3.5,0
11124,2025,75.9,53.7,6.9,1
11125,2022,95.4,42.1,16.5,2
11125,2023,97.0,32.7,18.7,2
11125,2024,74.7,49.8,13.6,0
11125,2025,99.2,73.0,18.7,0
11126,2022,55.4,25.6,12.8,0
11126,2023,77.0,50.5,18.8,0
11126,2024,89.2,24.0,9.6,0
11126,2025,74.1,34.4,19.5,2
11127,2022,51.1,54.3,5.8,1
11127,2023,55.2,61.2,6.2,0
11127,2024,97.9,50.4,6.4,1
11127,2025,82.4,57.8,5.0,0
11128,2022,57.3,30.5,11.1,0
11128,2023,95.8,45.8,11.8,0
11128,2024,100.0,65.8,16.0,2
11128,2025,73.2,35.7,7.5,2
11129,2022,78.1,35.0,18.4,0
11129,2023,68.1,59.8,17.0,1
11129,2024,89.8,25.5,15.5,0
11129,2025,100.0,38.1,19.7,0
11130,2022,51.3,35.6,2.5,0
11130,2023,75.1,46.9,19.8,0
11130,2024,93.4,57.4,6.2,0
11130,2025,90.6,37.2,2.7,0
11131,2022,58.7,39.9,10.1,0
11131,2023,71.3,33.2,14.4,0
11131,2024,77.5,37.8,7.3,0
11131,2025,93.3,31.1,10.1,0
11132,2022,72.0,16.2,6.3,0
11132,2023,67.6,55.9,2.0,0
11132,2024,74.9,44.8,18.1,0
11132,2025,100.0,65.5,8.5,0
11133,2022,52.2,50.9,4.6,2
11133,2023,68.5,55.7,8.9,0
11133,2024,64.5,71.1,2.3,0
11133,2025,76.7,41.0,3.4,1
11134,2022,78.1,13.6,12.0,1
11134,2023,61.8,42.1,6.1,0
11134,2024,75.5,70.2,13.8,1
11134,2025,97.2,38.1,10.1,0
11135,2022,80.8,37.2,3.3,0
11135,2023,85.1,36.5,11.5,0
11135,2024,100.0,53.2,13.4,0
11135,2025,77.1,49.8,12.0,2
11136,2022,97.9,59.4,6.6,0
11136,2023,70.8,55.0,2.5,2
11136,2024,63.8,60.6,9.5,1
11136,2025,96.3,46.3,13.9,1
11137,2022,74.5,48.3,3.3,1
11137,2023,69.1,42.1,18.5,0
11137,2024,66.8,64.9,8.2,0
11137,2025,96.9,67.1,8.2,2
11138,2022,77.1,43.5,8.0,2
11138,2023,82.5,28.1,18.2,0
11138,2024,77.2,50.7,19.0,0
11138,2025,67.8,72.7,18.0,0
11139,2022,66.2,41.2,16.2,2
11139,2023,58.7,57.6,6.7,0
11139,2024,71.4,48.7,15.3,1
11139,2025,100.0,70.1,7.3,1
11140,2022,77.6,39.2,8.8,1
11140,2023,54.7,58.6,4.6,0
11140,2024,91.7,45.6,11.5,0
11140,2025,94.3,61.3,16.5,1
11141,2022,86.5,12.9,14.2,2
11141,2023,82.1,37.9,8.8,0
11141,2024,56.5,29.0,14.1,2
11141,2025,75.9,39.5,13.4,0
11142,2022,65.6,37.1,11.7,0
11142,2023,53.5,43.0,6.8,0
11142,2024,59.1,62.0,2.5,0
11142,2025,77.7,51.8,2.7,1
11143,2022,92.3,57.2,19.1,2
11143,2023,98.7,32.7,17.6,0
11143,2024,90.7,45.0,6.3,0
11143,2025,68.3,66.5,5.5,0
11144,2022,94.2,42.9,7.5,1
11144,2023,99.4,24.3,12.3,1
11144,2024,75.7,47.9,2.3,0
11144,2025,82.6,31.8,18.1,2
11145,2022,66.6,17.5,15.9,2
11145,2023,93.4,21.2,11.5,0
11145,2024,69.3,26.8,17.6,0
11145,2025,62.7,35.3,11.9,0
11146,2022,71.9,54.5,3.6,1
11146,2023,60.6,50.4,12.0,0
11146,2024,75.7,55.8,10.7,0
11146,2025,85.6,72.8,14.5,0
11147,2022,88.5,44.9,8.2,2
11147,2023,85.7,46.4,8.5,0
11147,2024,90.5,59.3,19.0,2
11147,2025,85.8,62.9,18.5,0
11148,2022,53.9,40.0,18.2,0
11148,2023,94.7,21.4,9.5,0
11148,2024,88.5,25.5,15.5,0
11148,2025,95.4,36.2,18.9,0
11149,2022,95.2,41.1,19.4,0
11149,2023,99.0,42.1,6.4,0
11149,2024,100.0,49.3,5.9,0
11149,2025,70.4,47.3,11.0,0
11150,2022,90.9,51.1,17.7,0
11150,2023,98.5,53.1,11.5,0
11150,2024,88.9,24.6,16.3,0
11150,2025,91.9,38.0,10.5,0
11151,2022,92.4,37.3,15.5,0
11151,2023,66.3,25.6,6.8,1
11151,2024,64.2,29.1,16.8,1
11151,2025,78.5,28.5,16.3,0
11152,2022,95.6,59.1,6.0,2
11152,2023,55.4,27.6,17.7,0
11152,2024,76.2,43.1,4.1,0
11152,2025,90.7,59.3,15.8,0
11153,2022,81.3,22.3,17.3,0
11153,2023,91.4,56.7,16.9,1
11153,2024,67.9,51.6,6.4,1
11153,2025,68.7,62.2,3.5,0
11154,2022,89.7,17.7,2.5,2
11154,2023,92.1,52.1,2.4,0
11154,2024,66.9,24.6,11.2,2
11154,2025,78.6,44.0,5.6,0
11155,2022,71.7,31.5,17.7,2
11155,2023,77.1,20.8,5.0,2
11155,2024,95.1,50.0,14.1,0
11155,2025,86.5,45.0,18.5,2
11156,2022,74.9,16.8,19.4,2
11156,2023,66.4,30.3,17.5,2
11156,2024,56.9,51.0,5.7,0
11156,2025,100.0,39.3,11.5,0
11157,2022,84.4,33.5,5.3,0
11157,2023,56.1,50.5,12.8,1
11157,2024,69.3,52.6,6.3,0
11157,2025,88.6,66.2,7.9,1
11158,2022,60.0,44.6,11.9,0
11158,2023,57.5,40.2,4.2,0
11158,2024,81.4,48.0,8.4,2
11158,2025,73.3,41.2,8.1,0
11159,2022,89.7,56.6,12.5,0
11159,2023,98.1,61.1,12.3,0
11159,2024,83.2,62.8,9.0,0
11159,2025,91.7,35.5,17.6,0
11160,2022,97.2,48.6,13.6,2
11160,2023,63.3,62.4,16.5,2
11160,2024,98.4,67.5,12.3,2
11160,2025,84.3,73.3,8.9,0
11161,2022,59.0,43.7,8.8,2
11161,2023,66.4,28.5,5.7,0
11161,2024,88.0,51.3,17.0,2
11161,2025,100.0,42.2,17.2,0
11162,2022,55.7,50.0,4.0,0
11162,2023,83.2,24.6,17.0,1
11162,2024,73.1,32.8,16.8,0
11162,2025,72.9,41.3,12.8,2
11163,2022,58.6,39.7,15.4,0
11163,2023,95.1,45.4,18.6,0
11163,2024,72.5,49.5,10.7,0
11163,2025,78.8,35.3,16.0,2
11164,2022,60.0,33.2,19.3,0
11164,2023,81.7,62.4,8.9,1
11164,2024,76.1,68.9,10.0,0
11164,2025,66.8,52.0,13.8,0
11165,2022,64.9,23.1,11.0,0
11165,2023,71.3,65.6,6.7,0
11165,2024,58.7,33.0,13.0,0
11165,2025,60.0,70.0,15.7,0
11166,2022,97.6,24.7,2.1,0
11166,2023,97.0,61.5,5.6,1
11166,2024,83.5,27.9,19.9,0
11166,2025,69.2,43.8,17.5,0
11167,2022,61.2,42.1,19.9,0
11167,2023,73.6,20.7,13.5,0
11167,2024,73.5,41.6,11.1,0
11167,2025,92.7,47.7,2.6,0
11168,2022,69.5,35.6,8.2,0
11168,2023,98.4,16.2,9.5,1
11168,2024,67.1,54.6,4.4,0
11168,2025,58.8,48.5,9.1,0
11169,2022,79.0,22.1,6.1,1
11169,2023,99.9,26.3,10.0,0
11169,2024,95.9,60.8,12.7,1
11169,2025,57.8,42.3,14.0,0
11170,2022,77.6,43.9,11.7,0
11170,2023,74.3,16.5,2.7,2
11170,2024,91.9,70.5,18.5,0
11170,2025,69.6,32.0,16.9,0
11171,2022,61.7,30.2,12.8,2
11171,2023,67.7,49.4,17.4,1
11171,2024,66.8,53.2,17.7,0
11171,2025,58.6,72.6,6.1,0
11172,2022,80.2,58.5,6.8,0
11172,2023,81.9,52.0,3.3,0
11172,2024,95.9,53.9,12.0,0
11172,2025,91.0,32.9,14.9,0
11173,2022,80.8,32.0,4.0,0
11173,2023,63.6,25.3,10.4,0
11173,2024,90.5,41.0,16.7,0
11173,2025,98.6,35.1,14.0,0
11174,2022,71.3,49.3,12.1,1
11174,2023,78.4,41.7,11.5,0
11174,2024,92.6,27.5,8.7,0
11174,2025,79.8,54.0,9.9,0
11175,2022,82.0,26.5,7.2,1
11175,2023,62.8,41.1,14.1,0
11175,2024,83.0,34.8,13.6,1
11175,2025,59.3,65.8,5.6,2
11176,2022,60.0,10.4,6.8,0
11176,2023,96.7,23.0,19.8,2
11176,2024,83.6,50.6,3.9,2
11176,2025,79.4,60.4,14.5,0
11177,2022,75.1,12.1,11.3,0
11177,2023,52.5,49.3,3.4,0
11177,2024,77.1,32.1,3.1,2
11177,2025,64.4,35.4,16.4,0
11178,2022,91.2,11.0,13.1,2
11178,2023,72.3,40.6,2.8,0
11178,2024,66.1,59.6,7.2,1
11178,2025,82.1,57.8,6.7,1
11179,2022,67.6,53.3,12.1,2
11179,2023,74.6,42.7,6.3,0
11179,2024,89.8,22.4,16.3,2
11179,2025,81.9,70.7,6.3,1
11180,2022,93.9,55.9,10.1,0
11180,2023,64.8,59.7,9.6,0
11180,2024,70.7,31.5,3.3,0
11180,2025,94.8,77.5,9.0,0
11181,2022,87.6,58.1,9.3,0
11181,2023,99.4,58.8,4.6,0
11181,2024,85.2,51.1,17.9,2
11181,2025,85.0,37.9,8.7,1
11182,2022,78.3,19.7,17.3,0
11182,2023,69.8,41.9,12.5,1
11182,2024,73.5,66.6,2.2,0
11182,2025,70.9,47.1,14.3,1
11183,2022,78.7,34.7,9.3,1
11183,2023,92.8,37.0,15.2,2
11183,2024,85.4,58.9,14.4,2
11183,2025,80.2,32.9,15.3,0
11184,2022,53.1,46.0,14.5,0
11184,2023,64.4,55.3,2.4,2
11184,2024,95.6,57.8,19.4,0
11184,2025,76.5,61.9,10.3,0
11185,2022,92.5,29.5,18.0,1
11185,2023,64.1,40.2,5.0,0
11185,2024,82.6,32.6,8.4,1
11185,2025,100.0,62.6,19.5,0
11186,2022,76.7,20.5,17.8,1
11186,2023,62.5,43.9,16.4,0
11186,2024,66.0,59.3,7.2,2
11186,2025,65.1,37.2,14.7,2
11187,2022,51.0,23.5,6.3,2
11187,2023,85.7,38.0,14.1,2
11187,2024,92.6,54.4,19.4,0
11187,2025,96.9,44.2,8.3,0
11188,2022,53.5,18.9,10.8,2
11188,2023,97.7,23.8,9.2,2
11188,2024,84.7,35.1,3.8,0
11188,2025,61.7,48.2,19.1,0
11189,2022,54.1,14.6,9.0,1
11189,2023,77.0,63.6,19.3,0
11189,2024,66.7,71.9,15.0,0
11189,2025,69.0,71.6,6.0,1
11190,2022,50.6,51.4,12.9,1
11190,2023,75.7,37.5,3.6,0
11190,2024,59.2,38.9,5.5,2
11190,2025,61.2,49.6,3.9,0
11191,2022,57.6,10.9,3.2,0
11191,2023,53.0,24.0,13.1,0
11191,2024,60.0,49.3,6.9,1
11191,2025,86.0,74.4,15.6,1
11192,2022,62.3,56.4,8.0,2
11192,2023,55.8,51.7,17.7,2
11192,2024,61.5,46.2,9.9,0
11192,2025,59.6,41.4,8.3,0
11193,2022,87.3,30.7,2.7,2
11193,2023,79.5,65.2,15.1,0
11193,2024,77.8,64.9,19.6,0
11193,2025,99.4,52.2,6.7,0
11194,2022,53.8,52.7,13.8,0
11194,2023,54.3,53.4,14.1,2
11194,2024,75.4,42.2,9.9,2
11194,2025,70.2,52.7,8.2,0
11195,2022,72.8,33.2,2.9,1
11195,2023,95.9,16.7,19.1,0
11195,2024,76.4,38.1,11.2,0
11195,2025,65.7,29.9,7.5,0
11196,2022,88.3,54.2,17.9,2
11196,2023,71.2,45.3,4.5,0
11196,2024,91.2,42.2,14.6,0
11196,2025,64.3,33.0,4.1,2
11197,2022,66.2,12.0,15.1,0
11197,2023,53.6,28.8,12.8,0
11197,2024,66.3,41.8,12.3,0
11197,2025,88.6,57.9,12.1,0
11198,2022,64.1,27.6,9.9,0
11198,2023,59.2,40.1,18.1,2
11198,2024,57.7,56.0,2.7,1
11198,2025,86.4,30.2,17.8,0
11199,2022,53.7,36.2,9.7,2
11199,2023,90.8,30.2,7.9,2
11199,2024,72.1,61.1,12.7,0
11199,2025,72.1,44.1,5.9,2
11200,2022,80.0,18.5,10.0,0
11200,2023,79.2,55.5,13.3,0
11200,2024,100.0,60.4,8.7,1
11200,2025,60.0,51.2,7.7,1
11201,2022,90.9,19.2,12.6,0
11201,2023,81.3,39.6,13.3,0
11201,2024,97.4,44.1,7.6,2
11201,2025,90.8,35.4,13.7,1
11202,2022,86.6,28.1,17.2,0
11202,2023,90.3,56.7,4.0,2
11202,2024,55.7,47.2,18.9,1
11202,2025,97.7,34.5,3.2,1
11203,2022,82.6,54.2,11.4,0
11203,2023,98.0,53.2,18.2,0
11203,2024,61.4,49.2,6.6,0
11203,2025,100.0,41.4,14.5,1
11204,2022,91.0,14.8,2.8,2
11204,2023,63.4,52.9,10.6,0
11204,2024,61.0,53.4,13.3,1
11204,2025,87.7,69.0,11.7,0
11205,2022,82.4,44.5,5.2,0
11205,2023,86.6,23.7,2.4,1
11205,2024,95.6,44.6,10.1,0
11205,2025,84.2,43.6,5.2,1
11206,2022,63.6,53.3,8.6,1
11206,2023,93.6,29.7,17.1,2
11206,2024,75.8,46.8,11.9,2
11206,2025,78.4,55.4,3.5,0
11207,2022,73.6,41.3,14.9,2
11207,2023,92.6,47.8,10.1,1
11207,2024,100.0,54.3,2.7,0
11207,2025,65.7,45.8,15.0,2
11208,2022,55.9,35.3,17.9,2
11208,2023,66.3,18.9,15.4,1
11208,2024,98.4,48.4,19.6,0
11208,2025,82.8,59.1,4.8,2
11209,2022,50.3,47.2,12.2,0
11209,2023,80.4,23.4,3.7,1
11209,2024,81.4,53.0,19.6,0
11209,2025,61.3,44.4,5.9,0
11210,2022,57.2,30.2,19.0,2
11210,2023,57.0,39.7,10.2,0
11210,2024,80.0,28.4,16.3,0
11210,2025,83.0,40.0,19.2,1
11211,2022,72.1,13.2,6.2,0
11211,2023,74.1,64.7,16.7,0
11211,2024,82.9,31.5,18.0,1
11211,2025,89.3,59.7,11.9,1
11212,2022,96.3,15.8,14.1,0
11212,2023,78.7,50.8,10.0,1
11212,2024,67.8,65.7,9.7,0
11212,2025,100.0,51.8,4.9,2
11213,2022,55.1,44.3,14.4,1
11213,2023,67.5,49.0,5.0,0
11213,2024,98.3,54.7,5.3,1
11213,2025,100.0,33.3,11.0,0
11214,2022,81.0,50.8,10.2,0
11214,2023,53.2,45.3,13.7,0
11214,2024,76.2,33.3,11.4,1
11214,2025,100.0,50.0,7.7,0
11215,2022,92.7,46.3,3.0,0
11215,2023,95.4,48.1,12.6,1
11215,2024,69.1,29.6,10.8,1
11215,2025,97.1,58.0,3.5,0
11216,2022,82.3,35.4,14.6,1
11216,2023,95.4,48.7,6.6,0
11216,2024,85.6,61.2,2.6,0
11216,2025,75.5,44.5,2.2,1
11217,2022,80.5,30.4,11.7,0
11217,2023,69.7,45.7,18.7,0
11217,2024,55.1,61.1,17.3,2
11217,2025,96.7,58.8,3.8,0
11218,2022,90.8,10.7,7.7,1
11218,2023,88.4,65.6,7.6,1
11218,2024,65.9,23.4,17.3,0
11218,2025,64.0,71.4,16.4,1
11219,2022,58.2,55.3,19.4,0
11219,2023,76.5,26.7,11.4,2
11219,2024,67.7,60.8,2.2,0
11219,2025,99.7,51.8,18.2,1
11220,2022,76.1,30.9,2.6,1
11220,2023,74.1,23.3,17.0,2
11220,2024,96.8,45.0,11.3,2
11220,2025,61.4,59.9,19.4,0
11221,2022,91.8,34.9,6.4,2
11221,2023,91.0,27.2,11.2,0
11221,2024,88.0,46.3,2.2,1
11221,2025,62.8,71.7,12.8,0
11222,2022,52.5,50.9,3.2,0
11222,2023,60.5,25.6,3.2,0
11222,2024,68.0,46.5,15.1,1
11222,2025,87.1,58.2,5.3,1
11223,2022,53.9,36.6,19.6,2
11223,2023,61.3,49.0,9.1,2
11223,2024,64.6,56.2,10.7,0
11223,2025,89.7,48.2,7.7,0
11224,2022,66.6,22.1,7.0,1
11224,2023,65.7,38.1,17.7,1
11224,2024,56.4,27.4,18.1,0
11224,2025,62.0,65.4,5.8,0
11225,2022,76.4,48.8,2.7,2
11225,2023,82.9,63.2,7.0,0
11225,2024,90.6,66.9,16.8,2
11225,2025,81.4,34.4,11.0,0
11226,2022,62.9,37.3,16.2,0
11226,2023,66.5,51.3,17.0,0
11226,2024,86.2,63.4,16.7,0
11226,2025,78.0,42.9,12.5,2
11227,2022,57.6,59.3,5.1,2
11227,2023,52.7,41.2,13.4,2
11227,2024,67.5,45.1,7.5,1
11227,2025,93.8,49.1,15.8,1
11228,2022,81.9,18.9,5.7,2
11228,2023,57.2,43.9,13.6,0
11228,2024,76.3,28.2,3.5,1
11228,2025,64.4,70.2,16.4,0
11229,2022,72.7,12.4,7.7,1
11229,2023,57.8,58.6,19.5,0
11229,2024,87.6,62.5,10.3,2
11229,2025,85.5,43.0,6.6,1
11230,2022,62.4,11.8,4.3,0
11230,2023,100.0,60.2,19.8,0
11230,2024,83.3,62.2,9.2,1
11230,2025,70.4,59.7,14.0,0
11231,2022,67.2,12.8,7.8,2
11231,2023,96.5,41.4,6.1,1
11231,2024,64.8,68.7,12.3,2
11231,2025,67.3,33.3,9.1,0
11232,2022,77.4,35.5,10.7,2
11232,2023,68.4,56.2,14.7,0
11232,2024,69.6,55.1,7.1,0
11232,2025,77.2,47.7,4.8,2
11233,2022,89.9,54.6,11.7,1
11233,2023,92.9,42.4,4.1,1
11233,2024,87.0,65.4,14.2,0
11233,2025,85.2,58.6,12.6,0
11234,2022,50.8,25.6,6.2,0
11234,2023,79.6,60.9,6.8,1
11234,2024,100.0,66.0,5.4,0
11234,2025,97.7,43.3,18.0,0
11235,2022,56.9,20.8,7.7,0
11235,2023,99.3,64.9,18.4,0
11235,2024,65.4,45.7,2.4,1
11235,2025,63.4,77.9,9.1,1
11236,2022,63.9,22.7,18.3,0
11236,2023,59.3,21.1,14.9,0
11236,2024,65.8,22.4,3.1,0
11236,2025,72.3,43.6,10.9,0
11237,2022,78.4,39.2,4.3,0
11237,2023,82.0,28.4,4.6,0
11237,2024,80.7,50.8,10.0,1
11237,2025,71.8,30.8,17.8,1
11238,2022,95.8,58.5,8.6,0
11238,2023,66.7,33.4,14.3,0
11238,2024,74.2,70.7,6.1,1
11238,2025,77.8,54.7,9.3,2
11239,2022,51.1,33.3,4.1,2
11239,2023,73.1,20.5,4.4,0
11239,2024,71.2,26.2,13.8,0
11239,2025,60.9,53.7,2.2,0
11240,2022,88.9,25.9,14.8,0
11240,2023,86.7,25.3,17.6,2
11240,2024,68.6,28.8,6.6,0
11240,2025,70.0,55.9,17.7,0
11241,2022,93.4,25.1,15.2,2
11241,2023,61.6,56.3,16.8,0
11241,2024,96.9,26.5,16.2,0
11241,2025,61.2,28.4,2.0,0
11242,2022,90.3,57.1,14.2,2
11242,2023,78.5,16.9,10.1,1
11242,2024,92.2,65.0,19.8,1
11242,2025,62.0,72.0,12.4,0
11243,2022,70.2,57.3,12.9,0
11243,2023,74.1,40.7,20.0,1
11243,2024,79.7,53.2,6.8,1
11243,2025,87.6,46.3,15.9,2
11244,2022,68.7,58.6,3.0,0
11244,2023,74.0,52.6,10.9,0
11244,2024,72.8,58.0,13.3,0
11244,2025,91.0,45.7,5.7,2
11245,2022,93.6,25.1,10.5,0
11245,2023,58.0,43.9,10.2,0
11245,2024,68.8,26.1,7.1,0
11245,2025,68.0,48.9,12.9,0
11246,2022,95.1,36.6,14.2,0
11246,2023,81.0,53.5,3.6,0
11246,2024,61.9,50.6,4.8,2
11246,2025,76.6,47.5,19.2,1
11247,2022,72.7,11.4,2.7,2
11247,2023,82.4,51.4,4.0,1
11247,2024,65.3,60.4,16.6,1
11247,2025,81.6,70.7,16.6,0
11248,2022,88.5,19.9,19.2,2
11248,2023,84.2,41.2,17.6,0
11248,2024,60.0,45.0,5.9,2
11248,2025,100.0,66.0,14.2,1
11249,2022,66.3,35.1,5.6,0
11249,2023,72.9,55.9,16.8,0
11249,2024,88.2,26.1,11.4,0
11249,2025,79.6,30.7,10.3,0
11250,2022,78.2,23.3,11.0,0
11250,2023,75.4,39.7,2.4,1
11250,2024,69.8,59.6,14.9,0
11250,2025,78.7,46.3,5.0,0
11251,2022,65.0,47.1,4.5,0
11251,2023,74.0,57.6,7.4,2
11251,2024,64.7,47.1,10.8,0
11251,2025,60.4,75.9,11.2,2
11252,2022,83.5,17.6,13.8,1
11252,2023,58.5,30.8,3.2,0
11252,2024,94.5,71.9,8.1,1
11252,2025,75.0,36.3,6.4,0
11253,2022,61.9,55.6,9.3,1
11253,2023,72.2,62.0,11.2,0
11253,2024,62.2,54.0,17.3,0
11253,2025,98.3,30.4,17.5,0
11254,2022,58.0,35.5,11.6,0
11254,2023,76.2,19.5,16.1,2
11254,2024,62.8,38.6,9.3,2
11254,2025,59.7,28.9,19.8,0
11255,2022,88.3,12.3,4.3,0
11255,2023,79.3,50.9,4.6,2
11255,2024,58.7,71.1,7.3,0
11255,2025,100.0,67.1,3.9,0
11256,2022,68.8,29.8,2.1,2
11256,2023,73.0,32.9,7.9,2
11256,2024,78.8,71.7,2.8,0
11256,2025,68.3,39.6,12.5,0
11257,2022,76.4,11.9,17.0,0
11257,2023,64.5,29.1,5.3,1
11257,2024,95.1,39.1,12.8,0
11257,2025,97.2,52.4,6.4,0
11258,2022,72.9,44.9,11.5,1
11258,2023,78.0,48.8,11.6,1
11258,2024,100.0,53.4,2.9,1
11258,2025,95.7,72.4,18.7,0
11259,2022,53.0,39.0,5.2,0
11259,2023,60.8,24.8,12.4,2
11259,2024,83.6,40.0,10.2,2
11259,2025,75.3,61.6,16.5,0
11260,2022,88.6,36.3,8.8,0
11260,2023,83.3,44.9,15.1,1
11260,2024,100.0,36.9,15.9,1
11260,2025,58.1,42.4,5.0,1
11261,2022,71.0,32.5,14.1,0
11261,2023,72.1,17.7,9.9,0
11261,2024,75.8,43.6,19.2,0
11261,2025,100.0,52.5,19.8,0
11262,2022,69.5,13.0,14.6,0
11262,2023,90.7,17.6,12.1,1
11262,2024,85.4,22.5,7.7,1
11262,2025,80.9,46.1,6.7,1
11263,2022,83.3,34.9,10.6,1
11263,2023,63.5,24.6,11.6,1
11263,2024,61.8,66.8,11.8,0
11263,2025,100.0,57.2,16.6,1
11264,2022,68.8,39.9,17.2,0
11264,2023,67.1,19.3,8.4,0
11264,2024,67.7,26.0,11.2,0
11264,2025,87.4,53.2,15.6,0
11265,2022,97.8,48.1,17.7,0
11265,2023,95.5,57.9,4.7,1
11265,2024,74.2,49.1,15.4,2
11265,2025,100.0,57.5,18.5,0
11266,2022,71.9,40.7,6.5,0
11266,2023,57.7,31.5,10.8,2
11266,2024,64.0,70.8,2.1,2
11266,2025,69.2,76.8,16.8,1
11267,2022,94.1,41.2,17.2,0
11267,2023,99.5,34.9,18.4,1
11267,2024,65.9,64.5,15.1,1
11267,2025,76.8,36.8,8.1,1
11268,2022,97.1,40.2,5.3,1
11268,2023,93.2,55.5,8.1,0
11268,2024,76.3,22.2,6.1,0
11268,2025,79.2,49.6,3.9,0
11269,2022,92.2,23.1,10.4,2
11269,2023,53.9,55.9,5.7,0
11269,2024,99.7,68.2,3.2,0
11269,2025,61.8,36.7,12.0,1
11270,2022,93.3,19.0,12.2,1
11270,2023,55.6,64.1,11.1,0
11270,2024,100.0,47.6,5.2,0
11270,2025,57.9,32.9,9.5,2
11271,2022,96.3,13.8,14.7,0
11271,2023,55.5,64.2,15.0,0
11271,2024,61.0,43.6,12.8,2
11271,2025,100.0,75.1,17.0,1
11272,2022,88.0,38.8,13.1,0
11272,2023,92.8,52.1,3.1,0
11272,2024,75.7,36.0,15.9,2
11272,2025,61.3,31.4,8.9,0
11273,2022,57.1,49.3,6.0,0
11273,2023,96.8,24.4,2.6,0
11273,2024,73.5,57.8,7.8,0
11273,2025,93.8,31.8,13.0,2
11274,2022,83.1,38.8,17.4,0
11274,2023,75.2,53.7,7.6,0
11274,2024,96.3,23.0,11.1,0
11274,2025,88.9,47.4,4.8,0
11275,2022,85.5,39.4,10.1,0
11275,2023,92.7,55.9,7.1,0
11275,2024,65.7,34.9,4.6,1
11275,2025,71.6,68.8,10.8,0
11276,2022,86.3,42.4,19.1,0
11276,2023,92.3,33.3,13.0,1
11276,2024,83.7,37.0,14.9,0
11276,2025,100.0,63.1,6.0,2
11277,2022,92.1,46.2,9.7,1
11277,2023,90.9,47.9,17.7,1
11277,2024,66.8,44.2,9.8,0
11277,2025,73.5,29.1,7.5,0
11278,2022,67.3,38.7,4.8,0
11278,2023,57.0,46.6,12.5,0
11278,2024,90.1,34.0,3.3,0
11278,2025,77.3,38.2,5.4,0
11279,2022,79.8,53.2,5.6,2
11279,2023,86.6,25.0,2.7,0
11279,2024,55.4,32.5,3.7,2
11279,2025,59.8,59.1,9.6,1
11280,2022,66.1,26.0,2.1,0
11280,2023,84.0,38.1,10.3,2
11280,2024,78.0,48.5,19.4,0
11280,2025,100.0,74.6,10.2,1
11281,2022,62.3,23.0,16.6,1
11281,2023,57.5,18.2,2.0,0
11281,2024,60.5,27.8,15.4,2
11281,2025,68.3,30.6,10.3,1
11282,2022,61.3,47.7,7.3,2
11282,2023,70.7,65.0,2.1,0
11282,2024,82.1,26.0,12.6,0
11282,2025,69.5,42.2,16.0,1
11283,2022,74.7,52.7,5.1,2
11283,2023,75.4,60.9,16.2,1
11283,2024,69.8,32.8,17.7,2
11283,2025,78.3,73.9,15.6,0
11284,2022,68.4,38.9,16.6,2
11284,2023,98.1,65.8,14.0,0
11284,2024,58.3,23.1,16.2,0
11284,2025,94.3,67.3,17.6,0
11285,2022,64.9,12.8,11.5,0
11285,2023,61.4,52.7,17.0,1
11285,2024,96.8,69.2,16.2,0
11285,2025,80.0,44.3,5.5,2
11286,2022,74.5,26.9,7.2,0
11286,2023,72.5,28.0,17.8,0
11286,2024,74.4,43.6,9.1,1
11286,2025,90.8,51.6,19.9,0
11287,2022,86.5,38.6,13.9,0
11287,2023,90.4,50.4,2.8,1
11287,2024,80.2,52.9,9.0,0
11287,2025,91.2,32.9,16.3,1
11288,2022,87.3,41.6,8.6,0
11288,2023,85.3,25.6,8.8,1
11288,2024,64.3,48.7,8.2,2
11288,2025,91.7,57.4,7.9,0
11289,2022,81.1,31.8,5.5,2
11289,2023,57.1,36.9,5.4,2
11289,2024,86.0,43.3,16.3,0
11289,2025,99.5,39.7,13.1,0
11290,2022,69.8,50.2,6.9,0
11290,2023,58.9,40.3,16.1,1
11290,2024,84.3,47.3,12.7,0
11290,2025,69.0,37.2,10.6,2
11291,2022,76.2,33.8,13.1,0
11291,2023,84.6,37.9,7.5,0
11291,2024,79.5,42.7,15.3,1
11291,2025,72.3,50.3,6.3,1
11292,2022,91.1,22.3,12.0,1
11292,2023,59.0,55.7,17.2,2
11292,2024,57.1,31.8,11.4,2
11292,2025,97.3,55.0,11.1,0
11293,2022,51.6,26.1,13.7,2
11293,2023,75.9,51.9,7.7,0
11293,2024,80.8,56.6,19.8,0
11293,2025,73.7,62.9,14.6,0
11294,2022,63.2,54.3,8.0,0
11294,2023,88.0,55.0,13.4,1
11294,2024,72.6,38.5,17.8,0
11294,2025,63.4,47.7,17.2,0
11295,2022,72.2,53.4,19.0,0
11295,2023,87.4,57.2,4.8,0
11295,2024,69.8,68.1,7.7,0
11295,2025,63.8,69.9,19.0,1
11296,2022,66.4,16.5,13.7,2
11296,2023,78.7,32.5,18.5,2
11296,2024,59.9,36.6,6.6,0
11296,2025,68.8,46.9,15.4,1
11297,2022,96.6,24.6,11.3,2
11297,2023,62.3,55.2,13.7,0
11297,2024,58.0,57.0,12.2,0
11297,2025,78.2,37.9,15.2,2
11298,2022,53.5,19.0,5.7,2
11298,2023,53.2,26.9,19.6,2
11298,2024,55.7,37.7,11.2,0
11298,2025,71.7,62.1,16.8,0
11299,2022,53.5,28.4,2.4,2
11299,2023,61.8,37.2,4.7,0
11299,2024,86.1,24.1,8.0,0
11299,2025,71.3,52.0,14.8,0
11300,2022,77.6,32.1,7.6,0
11300,2023,72.2,50.2,16.0,0
11300,2024,97.5,32.1,4.4,0
11300,2025,90.9,64.1,10.0,0
11301,2022,90.9,45.9,7.7,0
11301,2023,77.4,47.1,3.8,2
11301,2024,92.5,39.9,15.1,0
11301,2025,87.0,30.9,17.8,1
11302,2022,85.7,21.8,17.7,0
11302,2023,85.4,62.5,6.8,1
11302,2024,69.4,66.0,19.4,2
11302,2025,63.5,37.9,16.4,1
11303,2022,88.7,26.1,6.3,0
11303,2023,56.2,16.5,17.8,2
11303,2024,84.0,37.5,5.4,0
11303,2025,100.0,68.0,4.7,1
11304,2022,58.8,38.6,17.8,0
11304,2023,88.2,59.4,18.6,1
11304,2024,100.0,70.1,10.1,1
11304,2025,81.3,39.1,13.8,0
11305,2022,77.5,37.7,7.8,0
11305,2023,70.1,53.8,15.8,0
11305,2024,76.2,53.1,17.1,1
11305,2025,87.7,41.0,5.6,0
11306,2022,91.8,58.9,14.5,2
11306,2023,98.2,49.7,18.0,0
11306,2024,81.1,22.5,15.8,2
11306,2025,95.0,53.8,16.3,1
11307,2022,85.4,18.3,6.1,0
11307,2023,64.4,52.2,16.9,1
11307,2024,77.2,25.3,11.1,0
11307,2025,90.3,45.0,2.2,0
11308,2022,56.2,25.7,14.0,1
11308,2023,94.9,60.6,16.0,0
11308,2024,74.3,65.7,16.1,2
11308,2025,79.3,69.2,18.8,2
11309,2022,91.7,47.3,3.5,0
11309,2023,60.8,63.7,5.4,0
11309,2024,56.7,31.6,18.7,0
11309,2025,71.2,69.0,15.5,0
11310,2022,57.2,43.7,9.5,0
11310,2023,99.8,51.1,4.5,0
11310,2024,82.2,43.3,17.1,2
11310,2025,84.6,60.6,7.6,0
11311,2022,88.1,21.9,17.0,0
11311,2023,64.9,42.5,12.0,1
11311,2024,80.1,70.5,11.7,2
11311,2025,64.3,62.2,12.8,1
11312,2022,54.5,43.8,9.6,2
11312,2023,73.6,27.8,4.0,2
11312,2024,98.8,64.0,12.5,1
11312,2025,78.7,74.2,9.6,0
11313,2022,71.7,15.4,10.3,2
11313,2023,94.0,38.6,12.8,0
11313,2024,68.7,55.3,4.6,0
11313,2025,81.0,72.2,6.3,1
11314,2022,57.9,36.8,7.2,1
11314,2023,93.1,37.0,8.8,2
11314,2024,56.8,24.0,3.8,2
11314,2025,77.3,55.6,4.8,0
11315,2022,63.3,26.5,6.6,0
11315,2023,64.8,65.7,14.5,0
11315,2024,66.7,51.9,14.1,0
11315,2025,75.2,38.7,2.2,0
11316,2022,93.3,59.6,3.3,0
11316,2023,86.5,45.6,11.0,0
11316,2024,97.7,60.5,9.7,2
11316,2025,66.9,76.5,7.3,1
11317,2022,90.8,47.5,11.0,1
11317,2023,73.1,63.2,5.6,0
11317,2024,100.0,40.1,4.4,2
11317,2025,86.0,30.6,3.3,0
11318,2022,73.4,58.2,3.3,2
11318,2023,96.9,43.4,5.6,0
11318,2024,73.3,60.6,16.2,0
11318,2025,93.4,55.6,16.4,0
11319,2022,72.7,48.1,18.4,2
11319,2023,87.7,19.0,13.9,0
11319,2024,68.2,25.3,8.8,2
11319,2025,77.0,74.0,4.3,0
11320,2022,66.6,31.8,5.9,1
11320,2023,94.2,31.0,9.9,2
11320,2024,99.6,67.7,6.5,1
11320,2025,92.8,77.9,7.7,2
11321,2022,89.4,40.7,19.0,0
11321,2023,69.5,44.0,8.9,1
11321,2024,62.2,67.9,4.8,0
11321,2025,90.5,36.9,8.2,0
11322,2022,80.6,41.6,2.7,1
11322,2023,65.2,56.3,13.1,0
11322,2024,98.8,59.0,15.0,0
11322,2025,74.7,65.4,9.3,0
11323,2022,89.1,50.2,11.9,0
11323,2023,58.7,26.6,17.7,0
11323,2024,68.8,49.8,5.7,0
11323,2025,87.0,33.5,5.0,0
11324,2022,61.6,14.5,6.7,0
11324,2023,98.4,56.9,5.9,0
11324,2024,81.5,62.6,17.8,2
11324,2025,92.6,37.1,2.8,2
11325,2022,77.0,38.3,3.5,2
11325,2023,72.0,17.9,18.9,0
11325,2024,94.5,40.5,9.1,0
11325,2025,58.6,35.4,10.9,0
11326,2022,70.5,28.6,12.4,2
11326,2023,94.8,45.0,16.1,2
11326,2024,59.1,62.2,14.8,2
11326,2025,67.5,53.7,8.7,1
11327,2022,96.1,56.6,16.4,2
11327,2023,98.5,21.1,15.4,1
11327,2024,73.5,48.9,17.8,1
11327,2025,93.6,73.4,6.5,0
11328,2022,80.0,21.7,3.7,0
11328,2023,76.2,54.5,3.9,2
11328,2024,94.1,34.8,11.8,1
11328,2025,88.7,76.9,6.7,0
11329,2022,54.4,47.8,2.8,2
11329,2023,92.8,48.7,17.1,1
11329,2024,68.2,65.7,17.5,0
11329,2025,87.9,57.4,8.6,0
11330,2022,87.2,24.6,4.4,0
11330,2023,95.6,31.9,6.5,0
11330,2024,99.4,51.4,14.2,0
11330,2025,100.0,54.4,14.4,0
11331,2022,81.5,55.4,14.6,2
11331,2023,82.5,43.1,17.4,0
11331,2024,55.7,47.5,17.9,1
11331,2025,61.6,50.4,19.8,2
11332,2022,68.8,16.4,8.4,0
11332,2023,90.6,22.0,18.4,2
11332,2024,83.4,55.4,13.6,0
11332,2025,68.8,50.9,4.2,2
11333,2022,55.9,37.3,12.7,0
11333,2023,75.0,62.4,8.8,0
11333,2024,98.8,61.1,3.3,1
11333,2025,60.1,47.0,6.4,2
11334,2022,72.2,48.9,14.8,2
11334,2023,55.3,64.7,8.3,1
11334,2024,67.0,30.2,13.6,0
11334,2025,100.0,72.8,18.4,0
11335,2022,55.0,27.7,12.6,0
11335,2023,54.9,52.8,19.2,0
11335,2024,59.2,56.0,8.2,2
11335,2025,90.7,63.4,17.8,0
11336,2022,50.6,54.6,19.3,0
11336,2023,71.4,47.5,11.3,0
11336,2024,100.0,31.5,8.5,1
11336,2025,60.8,61.4,8.3,0
11337,2022,94.7,26.9,9.6,1
11337,2023,58.1,63.7,13.9,2
11337,2024,61.1,37.7,9.9,1
11337,2025,86.5,40.1,15.7,2
11338,2022,61.7,10.8,14.4,0
11338,2023,52.6,59.1,7.9,0
11338,2024,91.0,67.8,16.5,0
11338,2025,75.3,31.4,15.6,0
11339,2022,93.6,30.7,13.1,0
11339,2023,65.8,36.9,5.4,0
11339,2024,87.1,62.0,11.1,0
11339,2025,73.2,45.2,10.1,1
11340,2022,57.1,27.2,2.4,2
11340,2023,99.3,32.6,19.8,1
11340,2024,83.2,43.5,14.7,0
11340,2025,97.8,60.1,8.7,1
11341,2022,62.0,58.4,12.4,2
11341,2023,71.4,42.4,18.0,2
11341,2024,77.9,41.5,2.7,1
11341,2025,87.7,28.9,6.7,0
11342,2022,69.0,18.0,19.1,0
11342,2023,64.4,63.4,2.3,2
11342,2024,64.1,35.0,12.5,0
11342,2025,86.3,38.1,11.7,1
11343,2022,61.9,18.6,19.6,0
11343,2023,71.5,45.4,9.7,2
11343,2024,56.7,41.7,19.6,0
11343,2025,69.8,57.2,2.2,0
11344,2022,73.2,58.7,8.1,0
11344,2023,90.7,19.7,6.8,0
11344,2024,72.9,28.7,4.6,0
11344,2025,71.7,56.7,19.9,2
11345,2022,74.8,18.2,19.5,1
11345,2023,54.9,49.2,4.6,1
11345,2024,72.0,62.7,11.4,2
11345,2025,64.0,64.4,3.7,0
11346,2022,62.2,25.9,4.2,0
11346,2023,71.3,57.9,14.8,0
11346,2024,57.8,47.5,17.6,0
11346,2025,95.8,67.2,12.9,0
11347,2022,63.2,58.1,4.0,0
11347,2023,63.7,39.3,16.9,0
11347,2024,71.5,45.3,17.5,2
11347,2025,75.2,40.5,12.1,1
11348,2022,89.0,16.1,9.5,1
11348,2023,66.2,52.8,9.3,0
11348,2024,77.1,59.4,13.9,0
11348,2025,81.4,52.7,18.5,1
11349,2022,64.7,47.8,18.3,0
11349,2023,90.1,28.2,16.1,1
11349,2024,85.0,22.2,8.4,0
11349,2025,92.1,29.6,9.3,0
11350,2022,52.6,37.9,15.1,1
11350,2023,91.8,18.6,14.5,2
11350,2024,66.5,63.5,18.5,0
11350,2025,61.9,63.7,16.3,0
11351,2022,81.7,53.8,19.6,2
11351,2023,63.0,50.4,6.0,0
11351,2024,74.5,25.1,18.6,0
11351,2025,91.5,44.0,19.5,0
11352,2022,54.9,27.8,18.3,0
11352,2023,58.6,45.0,4.5,0
11352,2024,86.9,70.1,18.9,0
11352,2025,79.1,66.5,15.6,0
11353,2022,60.6,22.6,8.5,2
11353,2023,77.3,20.9,10.2,0
11353,2024,84.7,66.9,3.2,2
11353,2025,76.9,56.9,9.4,0
11354,2022,58.3,17.3,6.5,0
11354,2023,83.6,57.8,14.9,0
11354,2024,60.8,53.6,12.2,0
11354,2025,88.9,72.5,18.8,1
11355,2022,63.0,48.1,13.1,0
11355,2023,52.6,42.1,16.0,0
11355,2024,77.4,50.2,16.6,0
11355,2025,72.4,54.2,3.2,0
11356,2022,61.0,12.7,16.8,1
11356,2023,76.4,62.7,4.9,0
11356,2024,71.2,71.4,6.0,1
11356,2025,71.7,43.2,11.0,2
11357,2022,86.6,51.0,10.4,0
11357,2023,56.5,65.9,19.2,1
11357,2024,74.1,23.0,10.0,2
11357,2025,69.3,44.1,9.6,0
11358,2022,63.7,38.5,16.8,0
11358,2023,73.7,35.7,7.3,0
11358,2024,99.3,70.4,16.4,2
11358,2025,89.1,37.6,6.4,0
11359,2022,59.3,29.7,9.3,0
11359,2023,80.0,52.7,18.4,0
11359,2024,62.4,61.8,10.5,0
11359,2025,100.0,33.1,18.8,0
11360,2022,70.3,21.0,8.8,2
11360,2023,98.1,22.6,3.6,0
11360,2024,86.8,47.0,15.7,0
11360,2025,97.5,54.6,6.5,2
11361,2022,58.6,46.9,15.5,1
11361,2023,93.5,59.7,12.4,0
11361,2024,64.1,28.9,19.5,0
11361,2025,100.0,54.5,9.7,0
11362,2022,63.4,34.0,18.1,0
11362,2023,85.3,60.8,15.0,2
11362,2024,81.2,48.4,4.6,0
11362,2025,80.5,39.5,14.8,0
11363,2022,70.6,56.3,13.5,2
11363,2023,70.9,62.5,19.6,2
11363,2024,69.6,28.3,10.2,1
11363,2025,86.2,70.6,12.0,0
11364,2022,97.2,51.9,14.8,0
11364,2023,84.8,45.5,12.9,0
11364,2024,91.3,45.6,13.1,1
11364,2025,88.9,37.2,10.1,0
11365,2022,74.8,20.5,15.9,2
11365,2023,91.7,29.1,2.2,0
11365,2024,70.5,26.0,4.8,1
11365,2025,70.6,63.6,17.3,0
11366,2022,68.4,12.5,18.8,0
11366,2023,80.3,20.8,15.3,0
11366,2024,55.0,30.3,4.8,0
11366,2025,97.6,62.4,12.4,0
11367,2022,64.6,15.8,7.0,0
11367,2023,81.3,24.9,12.1,0
11367,2024,57.5,68.8,5.7,0
11367,2025,78.2,42.2,4.5,0
11368,2022,53.3,44.7,5.5,2
11368,2023,53.0,62.6,18.1,0
11368,2024,92.8,24.1,3.0,0
11368,2025,76.9,51.3,2.6,1
11369,2022,89.1,36.8,5.4,0
11369,2023,68.7,54.0,12.2,2
11369,2024,86.1,70.2,3.6,1
11369,2025,62.0,30.0,11.3,2
11370,2022,59.1,29.0,15.0,1
11370,2023,75.1,37.5,11.7,1
11370,2024,76.1,70.3,15.8,1
11370,2025,66.8,66.0,11.4,2
11371,2022,91.8,56.8,3.6,0
11371,2023,66.1,22.8,14.0,0
11371,2024,75.5,23.2,7.9,0
11371,2025,73.7,76.6,11.4,0
11372,2022,97.8,26.5,19.9,2
11372,2023,69.1,48.9,6.9,0
11372,2024,67.7,29.9,16.8,1
11372,2025,100.0,55.7,12.2,0
11373,2022,57.6,57.1,18.5,0
11373,2023,96.6,51.1,18.4,0
11373,2024,82.3,44.6,14.9,2
11373,2025,68.2,74.1,7.5,0
11374,2022,62.1,16.3,19.1,0
11374,2023,86.6,39.5,17.0,0
11374,2024,56.9,50.6,19.4,1
11374,2025,91.8,28.7,19.5,0
11375,2022,64.9,10.9,9.9,0
11375,2023,91.3,46.9,3.8,0
11375,2024,61.0,54.7,11.1,0
11375,2025,69.5,77.1,4.2,1
11376,2022,71.1,25.5,10.8,0
11376,2023,94.7,33.1,11.9,2
11376,2024,68.6,51.7,12.4,2
11376,2025,98.0,65.1,2.2,0
11377,2022,54.9,36.0,17.4,0
11377,2023,60.8,46.9,10.3,0
11377,2024,62.6,32.3,14.7,1
11377,2025,86.9,63.8,4.0,0
11378,2022,68.7,30.1,15.4,1
11378,2023,93.9,44.9,9.9,0
11378,2024,78.3,55.0,15.3,1
11378,2025,97.7,28.4,18.7,0
11379,2022,61.5,38.8,15.2,0
11379,2023,97.2,63.1,13.1,0
11379,2024,85.5,27.0,14.7,1
11379,2025,81.8,33.4,15.3,0
11380,2022,79.2,20.0,11.0,2
11380,2023,96.5,21.0,17.0,0
11380,2024,71.4,64.7,12.0,0
11380,2025,69.3,72.1,13.4,0
11381,2022,61.8,33.7,9.6,0
11381,2023,99.2,55.6,19.2,1
11381,2024,71.2,37.2,11.3,0
11381,2025,99.9,53.2,5.8,2
11382,2022,56.6,36.9,7.7,2
11382,2023,73.2,31.3,4.7,0
11382,2024,84.7,51.4,4.3,0
11382,2025,100.0,70.2,18.8,2
11383,2022,82.5,57.3,14.0,1
11383,2023,52.6,31.2,2.0,0
11383,2024,91.5,68.3,16.6,1
11383,2025,88.7,59.4,11.6,2
11384,2022,58.9,40.0,4.0,0
11384,2023,82.3,22.1,10.2,2
11384,2024,99.4,57.5,8.6,0
11384,2025,57.7,43.4,7.8,0
11385,2022,96.8,31.3,10.3,2
11385,2023,66.7,23.1,13.5,1
11385,2024,84.2,33.5,11.7,0
11385,2025,70.8,59.1,7.1,0
11386,2022,85.1,40.7,15.0,0
11386,2023,77.3,38.9,19.8,0
11386,2024,67.6,53.5,19.4,0
11386,2025,81.7,71.4,19.9,0
11387,2022,66.9,11.6,10.8,2
11387,2023,64.5,26.3,2.8,1
11387,2024,83.5,36.8,15.1,2
11387,2025,88.1,56.9,13.9,0
11388,2022,56.7,43.3,19.4,0
11388,2023,97.1,43.7,8.7,0
11388,2024,55.3,56.9,19.9,1
11388,2025,70.8,50.3,3.2,0
11389,2022,66.5,49.8,8.5,0
11389,2023,55.7,19.6,15.3,0
11389,2024,59.3,53.0,13.1,1
11389,2025,98.2,30.2,5.7,1
11390,2022,67.4,21.5,8.4,1
11390,2023,70.0,19.1,4.9,1
11390,2024,88.1,51.7,19.9,0
11390,2025,92.3,38.5,11.3,0
11391,2022,84.0,14.6,17.6,0
11391,2023,75.0,54.7,9.1,0
11391,2024,88.9,22.0,6.4,1
11391,2025,100.0,55.5,10.8,2
11392,2022,56.5,56.0,15.8,1
11392,2023,80.1,55.4,18.4,0
11392,2024,97.2,52.2,5.5,0
11392,2025,100.0,33.2,4.3,1
11393,2022,54.2,49.5,4.9,0
11393,2023,98.1,32.8,7.5,1
11393,2024,89.9,29.7,12.8,2
11393,2025,92.3,77.4,15.3,0
11394,2022,57.1,14.6,8.6,2
11394,2023,80.1,51.9,18.5,0
11394,2024,72.2,39.6,10.3,1
11394,2025,85.6,70.1,10.8,0
11395,2022,85.4,37.4,18.0,2
11395,2023,61.3,60.5,3.1,0
11395,2024,62.3,49.7,13.0,2
11395,2025,74.6,44.2,12.1,1
11396,2022,80.8,58.0,9.2,0
11396,2023,84.8,38.8,9.8,0
11396,2024,84.2,64.5,14.4,2
11396,2025,98.3,70.0,12.2,0
11397,2022,85.3,38.1,13.8,1
11397,2023,76.7,41.0,9.9,0
11397,2024,78.2,36.8,9.2,2
11397,2025,95.8,56.0,11.3,1
11398,2022,92.4,38.7,9.7,1
11398,2023,93.3,28.0,17.2,0
11398,2024,78.8,62.2,17.7,2
11398,2025,85.3,44.9,3.3,0
11399,2022,87.7,47.7,3.1,0
11399,2023,80.3,65.4,7.2,2
11399,2024,65.8,71.8,3.6,0
11399,2025,100.0,71.2,11.7,0
11400,2022,73.7,52.8,2.4,0
11400,2023,99.6,56.3,16.1,2
11400,2024,81.6,56.9,13.7,0
11400,2025,76.1,37.2,5.8,2
11401,2022,60.2,15.4,7.9,0
11401,2023,69.1,44.6,7.5,0
11401,2024,65.6,55.8,18.6,1
11401,2025,100.0,48.0,18.0,0
11402,2022,78.8,57.4,12.2,0
11402,2023,91.9,28.6,8.6,1
11402,2024,65.0,34.6,10.3,2
11402,2025,60.5,71.4,12.2,2
11403,2022,70.1,35.4,10.9,0
11403,2023,97.4,17.8,3.1,1
11403,2024,60.4,31.8,10.3,1
11403,2025,95.4,56.3,18.6,0
11404,2022,52.8,26.3,9.4,1
11404,2023,60.4,40.5,14.6,1
11404,2024,90.0,61.7,19.9,2
11404,2025,67.6,52.8,11.9,0
11405,2022,51.1,33.3,10.7,0
11405,2023,63.0,24.8,6.9,1
11405,2024,90.2,29.3,6.1,1
11405,2025,83.0,49.6,12.0,0
11406,2022,76.3,20.5,14.2,1
11406,2023,72.2,36.0,9.7,0
11406,2024,62.0,50.3,2.0,2
11406,2025,67.8,33.6,12.1,0
11407,2022,58.9,19.8,12.3,0
11407,2023,86.4,58.9,3.3,2
11407,2024,95.7,53.7,3.8,0
11407,2025,68.9,65.2,7.5,1
11408,2022,58.3,34.4,12.8,0
11408,2023,64.6,50.4,5.2,0
11408,2024,100.0,43.7,8.2,1
11408,2025,67.8,34.5,4.6,2
11409,2022,83.1,31.9,8.0,0
11409,2023,58.1,47.3,15.1,1
11409,2024,86.7,34.6,8.7,1
11409,2025,69.2,63.2,16.7,2
11410,2022,90.2,16.7,18.7,0
11410,2023,53.6,27.6,7.5,1
11410,2024,79.0,58.3,13.2,0
11410,2025,89.3,39.7,6.7,0
11411,2022,85.7,41.5,12.2,1
11411,2023,95.7,51.3,4.1,1
11411,2024,85.0,32.6,12.8,1
11411,2025,63.7,53.3,5.1,1
11412,2022,84.7,57.1,9.1,0
11412,2023,77.8,45.6,6.3,1
11412,2024,59.8,23.9,16.3,2
11412,2025,64.2,37.8,5.3,2
11413,2022,89.8,51.0,19.3,0
11413,2023,79.6,39.9,4.1,0
11413,2024,62.6,25.5,9.4,0
11413,2025,95.3,45.9,15.8,1
11414,2022,78.2,45.7,4.1,0
11414,2023,60.5,53.2,7.7,0
11414,2024,76.6,51.4,10.2,0
11414,2025,100.0,65.6,15.7,2
11415,2022,86.1,31.2,16.2,0
11415,2023,71.1,39.8,17.4,0
11415,2024,55.3,43.5,7.5,0
11415,2025,68.3,42.6,2.3,1
11416,2022,58.7,42.5,15.0,1
11416,2023,70.6,49.1,5.1,0
11416,2024,97.4,65.2,9.0,0
11416,2025,66.1,43.9,16.5,0
11417,2022,52.4,42.1,13.0,2
11417,2023,58.8,33.1,17.7,1
11417,2024,76.4,67.3,13.8,0
11417,2025,60.7,44.2,8.9,0
11418,2022,76.7,49.4,2.6,0
11418,2023,65.6,57.7,2.3,0
11418,2024,73.0,40.0,6.5,0
11418,2025,65.0,38.6,13.6,0
11419,2022,85.8,13.7,14.9,1
11419,2023,70.8,61.5,8.2,0
11419,2024,60.5,54.7,17.2,0
11419,2025,74.9,69.0,19.0,2
11420,2022,97.2,40.9,7.4,2
11420,2023,86.8,24.0,8.3,1
11420,2024,96.7,37.2,9.3,1
11420,2025,100.0,44.9,7.0,1
11421,2022,76.3,31.5,13.6,0
11421,2023,79.2,18.6,18.4,2
11421,2024,98.5,55.5,9.7,0
11421,2025,99.4,41.5,5.2,0
11422,2022,84.4,34.0,5.5,0
11422,2023,92.0,19.0,15.0,0
11422,2024,90.6,56.9,15.2,0
11422,2025,72.3,55.4,10.6,0
11423,2022,55.8,55.3,15.7,1
11423,2023,86.9,25.9,11.2,2
11423,2024,98.5,69.9,7.5,1
11423,2025,100.0,73.3,4.5,0
11424,2022,52.3,24.8,11.3,0
11424,2023,83.1,60.9,17.0,0
11424,2024,84.6,36.6,18.7,1
11424,2025,75.2,44.8,3.1,0
11425,2022,76.5,55.5,18.5,0
11425,2023,74.4,55.4,5.2,0
11425,2024,99.4,44.1,12.9,0
11425,2025,71.9,33.7,9.9,0
11426,2022,58.6,33.2,14.6,1
11426,2023,84.8,58.2,11.5,0
11426,2024,68.7,51.6,9.0,0
11426,2025,60.2,30.4,3.3,0
11427,2022,88.5,30.4,2.5,2
11427,2023,68.1,51.0,6.3,1
11427,2024,100.0,66.1,15.4,0
11427,2025,72.5,76.8,13.1,2
11428,2022,76.7,51.8,9.5,0
11428,2023,60.2,59.6,11.6,1
11428,2024,80.6,32.8,12.6,0
11428,2025,70.2,71.0,3.3,0
11429,2022,82.7,56.3,7.8,0
11429,2023,53.9,47.7,17.8,0
11429,2024,88.6,46.4,15.2,0
11429,2025,82.4,68.6,3.6,1
11430,2022,68.2,40.9,7.0,2
11430,2023,55.6,57.4,5.6,1
11430,2024,58.0,44.6,8.9,0
11430,2025,95.5,36.9,19.7,0
11431,2022,85.6,55.9,12.4,0
11431,2023,74.9,64.4,4.8,0
11431,2024,55.3,70.6,16.1,0
11431,2025,96.5,75.8,12.6,2
11432,2022,81.9,34.7,17.5,0
11432,2023,56.2,47.4,10.8,0
11432,2024,68.3,66.0,18.0,1
11432,2025,60.8,29.2,17.4,0
11433,2022,91.8,18.1,3.1,2
11433,2023,76.7,24.2,16.8,0
11433,2024,73.0,33.0,4.1,0
11433,2025,87.8,48.3,4.0,0
11434,2022,85.8,33.2,4.9,0
11434,2023,83.8,35.6,18.6,0
11434,2024,94.8,65.9,10.9,0
11434,2025,86.0,40.9,7.8,1
11435,2022,50.1,46.9,3.0,0
11435,2023,59.0,64.8,4.1,1
11435,2024,96.6,54.8,5.4,0
11435,2025,63.6,30.2,5.3,0
11436,2022,79.7,15.7,3.5,0
11436,2023,62.4,57.9,3.4,2
11436,2024,100.0,40.0,7.4,0
11436,2025,68.3,48.2,11.9,0
11437,2022,67.4,54.2,12.3,0
11437,2023,89.6,51.3,7.2,0
11437,2024,86.6,57.6,3.4,0
11437,2025,72.9,61.6,13.0,1
11438,2022,83.5,41.6,13.8,2
11438,2023,99.5,53.8,14.6,0
11438,2024,62.0,57.0,18.7,0
11438,2025,69.0,32.8,2.7,1
11439,2022,71.6,21.0,5.8,0
11439,2023,67.5,21.4,12.3,1
11439,2024,70.2,62.4,2.2,0
11439,2025,78.1,57.8,2.9,0
11440,2022,87.9,58.2,9.1,1
11440,2023,69.6,51.9,12.3,0
11440,2024,67.3,46.8,14.3,1
11440,2025,83.9,74.6,6.5,2
11441,2022,91.8,58.3,13.2,0
11441,2023,86.1,47.4,8.6,2
11441,2024,71.3,53.3,12.0,2
11441,2025,100.0,57.0,14.1,0
11442,2022,83.2,14.2,6.5,0
11442,2023,59.1,54.3,8.5,2
11442,2024,88.3,65.8,12.0,1
11442,2025,100.0,55.9,6.2,0
11443,2022,72.7,19.7,18.9,0
11443,2023,87.5,56.6,15.0,0
11443,2024,62.2,66.8,13.3,0
11443,2025,62.8,68.3,15.1,1
11444,2022,80.1,20.6,6.2,2
11444,2023,71.7,26.8,2.1,2
11444,2024,77.0,44.9,13.7,0
11444,2025,72.3,35.9,19.4,2
11445,2022,71.9,44.4,13.9,1
11445,2023,57.3,51.4,5.1,2
11445,2024,60.2,71.3,17.5,0
11445,2025,78.8,46.9,12.4,2
11446,2022,71.7,46.3,13.1,0
11446,2023,94.3,40.8,11.2,0
11446,2024,70.9,30.1,15.2,2
11446,2025,90.0,73.6,19.3,2
11447,2022,64.5,13.0,8.7,1
11447,2023,67.3,18.1,12.5,0
11447,2024,89.0,35.2,17.4,2
11447,2025,84.5,78.0,17.8,0
11448,2022,67.9,11.0,16.8,0
11448,2023,75.7,37.2,12.1,1
11448,2024,95.5,47.9,18.9,2
11448,2025,93.3,43.7,5.1,0
11449,2022,94.9,45.3,5.7,0
11449,2023,94.6,34.7,5.9,0
11449,2024,87.1,55.1,9.2,0
11449,2025,66.6,45.2,14.0,0
11450,2022,67.4,17.5,9.6,0
11450,2023,79.1,44.1,19.1,0
11450,2024,56.6,49.6,6.3,0
11450,2025,90.2,41.2,16.7,0
11451,2022,97.0,28.1,16.1,0
11451,2023,92.2,37.8,8.0,1
11451,2024,88.0,50.1,10.5,0
11451,2025,90.0,60.1,15.7,0
11452,2022,93.1,16.2,17.4,0
11452,2023,67.4,23.3,14.3,2
11452,2024,76.4,40.3,18.6,0
11452,2025,89.2,48.8,13.2,0
11453,2022,77.5,26.6,9.3,2
11453,2023,93.0,48.3,13.2,2
11453,2024,72.6,70.2,13.0,1
11453,2025,77.5,58.3,11.9,2
11454,2022,62.0,18.7,7.5,0
11454,2023,83.2,32.4,14.0,1
11454,2024,73.7,49.3,16.4,1
11454,2025,83.8,43.7,19.3,0
11455,2022,52.9,33.1,11.0,2
11455,2023,86.3,44.9,15.5,1
11455,2024,80.6,57.3,16.4,0
11455,2025,93.1,39.8,14.1,1
11456,2022,62.0,33.5,8.8,2
11456,2023,93.6,36.4,14.9,2
11456,2024,96.8,26.8,19.6,0
11456,2025,78.5,58.1,12.9,0
11457,2022,54.6,49.0,15.3,0
11457,2023,76.8,58.5,6.3,0
11457,2024,86.1,25.7,13.8,0
11457,2025,86.3,56.2,2.6,0
11458,2022,93.1,59.4,17.0,0
11458,2023,96.6,53.8,6.0,0
11458,2024,84.9,51.5,3.2,0
11458,2025,88.3,29.5,5.2,0
11459,2022,56.2,13.1,10.5,1
11459,2023,71.4,18.7,2.8,0
11459,2024,70.8,61.7,2.6,0
11459,2025,74.1,55.2,11.2,0
11460,2022,84.9,25.3,12.2,0
11460,2023,75.9,59.8,7.7,2
11460,2024,79.1,62.6,2.3,0
11460,2025,69.4,66.9,10.3,0
11461,2022,58.0,48.7,18.5,2
11461,2023,72.1,25.6,10.7,0
11461,2024,57.8,65.8,10.2,2
11461,2025,65.2,37.8,12.1,0
11462,2022,89.3,53.2,5.0,1
11462,2023,73.5,60.6,16.5,0
11462,2024,100.0,57.6,2.6,1
11462,2025,57.7,63.4,3.0,2
11463,2022,94.2,23.0,3.0,0
11463,2023,83.8,31.7,16.3,0
11463,2024,84.9,50.6,8.6,1
11463,2025,97.8,56.6,13.6,1
11464,2022,80.1,27.0,3.4,2
11464,2023,54.2,60.8,15.7,0
11464,2024,98.5,28.6,8.0,0
11464,2025,99.4,47.5,5.9,0
11465,2022,75.0,22.9,14.9,0
11465,2023,58.5,62.4,3.2,0
11465,2024,94.4,29.1,10.8,1
11465,2025,82.9,51.5,8.9,0
11466,2022,65.7,12.1,15.3,0
11466,2023,100.0,54.9,13.5,0
11466,2024,62.9,55.1,18.0,1
11466,2025,65.4,70.1,15.1,0
11467,2022,78.8,24.6,9.5,0
11467,2023,65.3,43.6,5.3,0
11467,2024,74.8,69.9,10.1,0
11467,2025,69.0,40.6,5.0,0
11468,2022,87.6,55.2,4.0,1
11468,2023,65.7,63.4,2.9,0
11468,2024,95.4,40.9,11.8,0
11468,2025,92.8,44.6,12.2,0
11469,2022,64.3,24.2,13.8,2
11469,2023,90.9,58.1,18.0,0
11469,2024,70.3,56.2,18.4,2
11469,2025,77.0,38.5,8.1,2
11470,2022,53.8,52.8,13.5,0
11470,2023,79.8,25.6,10.3,0
11470,2024,94.2,46.5,15.5,0
11470,2025,87.4,33.7,14.9,0
11471,2022,76.5,42.4,5.5,0
11471,2023,95.6,49.0,5.1,0
11471,2024,76.2,40.1,4.1,0
11471,2025,100.0,33.2,4.2,1
11472,2022,72.1,37.3,6.4,0
11472,2023,83.4,62.0,8.3,0
11472,2024,57.2,61.5,13.2,2
11472,2025,91.0,56.7,15.4,0
11473,2022,65.3,13.8,4.5,0
11473,2023,58.6,48.8,6.5,2
11473,2024,62.1,39.2,12.7,0
11473,2025,81.9,64.9,15.6,0
11474,2022,78.3,12.0,16.8,0
11474,2023,86.3,40.1,8.9,0
11474,2024,76.4,39.8,10.0,1
11474,2025,99.0,28.7,14.2,1
11475,2022,53.3,33.5,7.0,0
11475,2023,58.3,23.6,3.5,0
11475,2024,65.9,23.1,10.0,0
11475,2025,62.4,58.8,19.7,2
11476,2022,86.3,59.3,8.7,2
11476,2023,69.9,49.9,7.4,1
11476,2024,84.0,66.1,16.8,2
11476,2025,94.2,34.3,18.5,0
11477,2022,76.3,24.8,16.1,2
11477,2023,78.1,54.4,11.4,0
11477,2024,76.6,30.9,18.0,1
11477,2025,90.9,57.8,12.6,0
11478,2022,75.4,33.6,7.3,2
11478,2023,71.9,46.1,18.9,0
11478,2024,84.7,70.3,13.8,0
11478,2025,100.0,66.3,4.4,2
11479,2022,88.8,59.5,8.0,0
11479,2023,74.0,22.1,13.9,1
11479,2024,84.2,45.2,17.1,0
11479,2025,76.3,40.3,19.8,0
11480,2022,75.0,43.3,5.6,0
11480,2023,87.7,16.7,16.5,1
11480,2024,95.2,66.7,4.1,1
11480,2025,60.4,58.1,14.3,0
11481,2022,57.9,43.5,3.9,2
11481,2023,80.4,55.7,12.1,0
11481,2024,88.8,59.3,11.4,0
11481,2025,89.2,62.4,18.1,0
11482,2022,62.0,57.4,11.7,0
11482,2023,83.9,27.9,14.9,1
11482,2024,77.2,26.7,17.5,0
11482,2025,69.3,59.6,4.5,0
11483,2022,92.5,13.2,4.1,1
11483,2023,77.9,43.7,4.2,2
11483,2024,96.4,57.0,7.8,1
11483,2025,77.6,61.7,9.0,0
11484,2022,80.4,26.9,2.7,1
11484,2023,91.7,49.9,6.5,2
11484,2024,70.8,38.7,2.1,0
11484,2025,98.7,68.3,5.4,2
11485,2022,66.9,53.6,9.1,0
11485,2023,62.2,49.3,15.6,2
11485,2024,90.5,53.4,20.0,0
11485,2025,73.6,42.4,5.6,1
11486,2022,95.8,33.3,14.6,2
11486,2023,91.1,27.5,8.3,1
11486,2024,66.1,57.2,17.3,0
11486,2025,100.0,60.5,8.0,1
11487,2022,67.5,15.5,7.6,0
11487,2023,79.3,60.9,11.6,0
11487,2024,58.5,71.4,20.0,2
11487,2025,59.5,35.1,8.3,0
11488,2022,64.2,23.8,5.6,0
11488,2023,53.1,57.1,14.5,2
11488,2024,68.3,41.7,18.1,0
11488,2025,82.6,30.9,16.9,2
11489,2022,83.2,55.6,17.8,2
11489,2023,64.6,42.3,2.6,0
11489,2024,74.6,23.5,3.4,0
11489,2025,75.9,49.7,16.3,0
11490,2022,65.7,51.7,9.4,1
11490,2023,71.2,35.7,10.1,0
11490,2024,78.4,28.5,9.2,2
11490,2025,67.0,30.1,5.0,1
11491,2022,72.3,49.0,18.9,2
11491,2023,65.0,41.5,15.2,0
11491,2024,58.1,38.0,7.8,2
11491,2025,67.8,69.3,12.7,0
11492,2022,94.8,15.7,11.5,2
11492,2023,76.8,24.2,10.6,1
11492,2024,100.0,41.5,19.3,0
11492,2025,68.3,30.0,10.1,0
11493,2022,64.0,52.7,13.0,1
11493,2023,83.2,38.9,6.7,0
11493,2024,72.1,51.7,8.6,0
11493,2025,74.8,30.3,12.3,0
11494,2022,90.5,53.3,18.7,2
11494,2023,53.9,64.5,19.5,0
11494,2024,87.0,66.4,16.6,0
11494,2025,99.8,62.2,16.8,1
11495,2022,58.4,49.6,4.2,2
11495,2023,71.9,58.4,18.3,1
11495,2024,93.8,32.8,19.1,0
11495,2025,83.2,35.2,6.2,0
11496,2022,67.2,20.2,11.1,0
11496,2023,82.5,60.4,9.1,0
11496,2024,70.6,38.8,15.4,2
11496,2025,87.6,35.7,4.7,0
11497,2022,57.0,60.0,15.2,2
11497,2023,63.3,24.4,17.3,0
11497,2024,55.7,27.8,4.2,0
11497,2025,66.4,69.7,6.2,0
11498,2022,56.3,52.3,4.2,1
11498,2023,81.2,43.5,16.5,0
11498,2024,100.0,35.8,2.4,2
11498,2025,67.8,43.4,18.1,2
11499,2022,56.2,25.2,11.7,2
11499,2023,78.2,59.3,5.9,0
11499,2024,63.7,22.9,4.7,1
11499,2025,83.5,63.5,4.8,0
11500,2022,74.2,57.8,6.8,1
11500,2023,53.4,53.6,3.5,1
11500,2024,100.0,46.5,16.4,0
11500,2025,67.2,32.1,6.9,0
11501,2022,93.0,11.5,2.3,0
11501,2023,70.9,26.4,16.3,0
11501,2024,62.6,52.6,12.5,0
11501,2025,62.6,50.7,2.6,0
11502,2022,74.5,40.1,6.1,0
11502,2023,69.9,20.3,7.8,0
11502,2024,99.0,63.4,18.9,2
11502,2025,67.2,62.0,9.7,0
11503,2022,84.7,41.9,14.4,0
11503,2023,61.4,24.6,16.0,2
11503,2024,96.8,49.3,11.4,2
11503,2025,82.0,40.8,3.8,2
11504,2022,89.9,56.6,18.8,0
11504,2023,73.5,39.3,10.1,0
11504,2024,63.4,37.4,5.1,1
11504,2025,83.4,75.5,15.8,2
11505,2022,63.1,20.3,17.9,0
11505,2023,61.4,40.6,15.2,0
11505,2024,98.4,30.5,10.0,0
11505,2025,84.0,32.7,19.7,1
11506,2022,88.4,12.6,3.8,0
11506,2023,89.7,16.8,4.6,0
11506,2024,55.1,57.5,7.0,1
11506,2025,100.0,47.4,4.4,2
11507,2022,87.1,56.1,10.1,1
11507,2023,65.4,47.3,12.7,0
11507,2024,66.0,62.3,7.5,2
11507,2025,60.2,42.1,2.5,0
11508,2022,54.4,20.6,12.1,1
11508,2023,61.8,38.2,12.1,0
11508,2024,55.2,63.4,17.7,0
11508,2025,72.7,52.0,3.9,0
11509,2022,94.3,37.5,8.7,2
11509,2023,79.2,33.9,6.2,1
11509,2024,82.9,51.6,3.8,0
11509,2025,68.9,53.3,7.4,2
11510,2022,60.8,33.1,16.5,0
11510,2023,70.1,43.4,6.2,1
11510,2024,67.6,42.9,18.4,0
11510,2025,98.7,67.4,14.5,0
11511,2022,58.5,13.4,3.7,0
11511,2023,84.9,33.7,6.0,0
11511,2024,78.5,59.7,2.6,0
11511,2025,90.0,46.3,4.1,2
11512,2022,90.1,33.5,15.0,1
11512,2023,68.9,35.6,4.8,2
11512,2024,81.0,39.5,7.3,0
11512,2025,81.4,55.5,14.3,0
11513,2022,67.9,18.2,13.5,2
11513,2023,91.5,37.8,18.1,0
11513,2024,55.5,59.7,8.0,1
11513,2025,72.4,28.5,8.6,2
11514,2022,89.9,40.1,3.7,0
11514,2023,94.4,65.1,7.1,2
11514,2024,88.3,42.1,17.2,0
11514,2025,73.9,55.0,4.5,0
11515,2022,89.5,17.0,8.7,0
11515,2023,56.5,51.3,17.2,0
11515,2024,67.7,42.9,6.0,0
11515,2025,61.9,66.5,4.8,0
11516,2022,55.3,16.3,2.1,0
11516,2023,81.0,19.8,18.5,0
11516,2024,58.5,36.0,17.7,2
11516,2025,90.1,36.7,5.4,0
11517,2022,66.7,50.9,16.2,0
11517,2023,55.2,53.9,19.5,2
11517,2024,68.7,70.3,7.5,0
11517,2025,76.7,31.3,14.0,0
11518,2022,67.6,24.4,5.7,0
11518,2023,77.0,64.5,12.6,0
11518,2024,79.1,27.3,7.9,0
11518,2025,74.8,52.5,13.1,0
11519,2022,93.2,42.8,14.0,1
11519,2023,63.1,27.4,14.9,2
11519,2024,71.3,60.8,18.3,0
11519,2025,84.1,70.6,4.0,1
11520,2022,61.8,29.9,7.0,2
11520,2023,59.7,51.2,5.1,0
11520,2024,55.3,48.5,9.9,0
11520,2025,100.0,62.0,9.8,2
11521,2022,87.6,32.5,8.0,0
11521,2023,95.2,17.7,19.8,1
11521,2024,56.9,38.2,15.7,2
11521,2025,61.0,42.7,3.7,0
11522,2022,76.5,56.2,9.2,0
11522,2023,53.6,37.9,17.5,1
11522,2024,68.0,67.2,5.0,2
11522,2025,100.0,28.3,10.4,0
11523,2022,67.2,41.6,15.9,1
11523,2023,99.5,38.8,3.5,1
11523,2024,60.7,24.2,16.7,0
11523,2025,76.0,51.4,4.0,0
11524,2022,50.3,29.2,10.3,2
11524,2023,80.9,26.7,19.2,2
11524,2024,71.4,25.9,11.2,0
11524,2025,81.7,67.5,18.2,0
11525,2022,88.1,40.4,18.5,2
11525,2023,79.0,45.5,9.7,2
11525,2024,86.9,67.3,18.8,0
11525,2025,80.2,28.6,3.6,2
11526,2022,85.9,37.1,8.2,1
11526,2023,81.4,63.6,17.9,1
11526,2024,96.6,44.5,11.6,1
11526,2025,93.8,51.6,14.9,0
11527,2022,61.1,13.5,2.8,0
11527,2023,77.7,51.2,14.0,2
11527,2024,97.0,60.1,17.3,0
11527,2025,98.7,35.0,14.2,0
11528,2022,72.9,41.9,19.2,0
11528,2023,67.6,34.7,14.5,0
11528,2024,65.1,50.2,7.7,1
11528,2025,66.8,61.7,6.6,0
11529,2022,56.9,15.0,13.3,0
11529,2023,100.0,31.0,3.7,1
11529,2024,86.8,64.1,8.9,0
11529,2025,72.6,36.5,9.8,0
11530,2022,64.1,42.5,12.8,1
11530,2023,67.2,57.8,6.2,2
11530,2024,96.9,53.2,18.7,2
11530,2025,82.1,67.3,19.0,2
11531,2022,63.0,34.4,12.8,1
11531,2023,90.8,60.1,14.1,0
11531,2024,91.0,55.9,7.5,2
11531,2025,79.9,45.1,6.6,2
11532,2022,83.1,36.0,6.9,0
11532,2023,87.9,48.3,9.3,1
11532,2024,57.4,61.4,18.7,0
11532,2025,99.5,36.4,7.6,0
11533,2022,63.8,59.5,7.2,0
11533,2023,99.6,23.5,7.9,1
11533,2024,98.6,49.2,6.2,0
11533,2025,58.4,28.9,15.1,2
11534,2022,79.8,32.0,9.3,0
11534,2023,98.8,16.1,10.4,2
11534,2024,82.1,25.5,14.9,0
11534,2025,87.1,55.4,13.7,0
11535,2022,94.7,32.8,9.3,1
11535,2023,80.0,19.2,2.4,0
11535,2024,66.7,68.6,18.1,0
11535,2025,79.6,45.5,4.1,0
11536,2022,66.8,47.1,17.2,2
11536,2023,60.5,64.1,15.5,0
11536,2024,65.3,67.4,17.0,1
11536,2025,60.4,62.1,18.1,0
11537,2022,58.1,10.9,2.8,1
11537,2023,64.9,48.1,9.9,0
11537,2024,91.4,26.2,3.0,2
11537,2025,75.1,49.4,7.7,0
11538,2022,83.2,55.7,4.5,0
11538,2023,100.0,22.0,12.4,2
11538,2024,82.9,57.3,13.1,0
11538,2025,87.0,42.2,12.2,2
11539,2022,76.5,18.1,6.0,1
11539,2023,71.5,28.0,6.4,1
11539,2024,63.9,42.3,7.5,0
11539,2025,100.0,68.3,4.8,2
11540,2022,72.9,35.8,9.8,2
11540,2023,97.4,33.5,14.7,0
11540,2024,67.5,30.8,16.5,0
11540,2025,62.7,40.7,2.4,0
11541,2022,80.6,57.3,2.8,0
11541,2023,93.4,27.1,13.2,0
11541,2024,86.8,38.3,10.2,0
11541,2025,93.2,52.4,8.2,2
11542,2022,79.2,32.6,16.0,0
11542,2023,88.3,31.3,10.8,0
11542,2024,71.5,22.8,12.6,0
11542,2025,76.2,69.2,8.1,2
11543,2022,87.5,13.8,7.3,0
11543,2023,91.0,55.5,19.1,2
11543,2024,59.0,37.4,14.6,0
11543,2025,58.3,73.6,7.9,2
11544,2022,82.0,34.9,20.0,0
11544,2023,56.6,16.6,3.0,0
11544,2024,63.2,47.9,9.7,0
11544,2025,67.0,73.5,19.7,0
11545,2022,74.4,12.0,18.2,0
11545,2023,62.2,38.9,10.2,0
11545,2024,63.7,57.0,14.9,0
11545,2025,58.0,31.3,8.7,1
11546,2022,86.8,21.7,10.6,1
11546,2023,59.0,17.7,13.6,0
11546,2024,82.3,49.8,8.7,0
11546,2025,71.9,68.7,15.9,1
11547,2022,58.8,27.8,8.3,2
11547,2023,69.1,21.6,5.7,0
11547,2024,67.4,48.3,6.6,0
11547,2025,78.3,71.3,18.3,0
11548,2022,83.1,39.4,15.6,1
11548,2023,54.9,26.9,18.2,2
11548,2024,63.8,32.9,18.7,0
11548,2025,61.4,45.1,2.2,0
11549,2022,96.5,14.2,5.5,0
11549,2023,80.0,43.1,9.0,0
11549,2024,94.4,70.6,5.8,2
11549,2025,70.3,68.2,3.0,0
11550,2022,93.0,37.3,18.7,0
11550,2023,82.7,62.0,18.0,0
11550,2024,74.5,50.9,5.4,0
11550,2025,86.3,68.0,10.8,0
11551,2022,56.1,19.2,19.6,2
11551,2023,67.5,25.6,12.6,0
11551,2024,80.9,65.4,11.7,0
11551,2025,88.2,39.6,9.6,1
11552,2022,60.4,37.7,4.3,0
11552,2023,100.0,26.7,4.1,0
11552,2024,95.0,52.3,17.8,0
11552,2025,85.3,50.8,6.4,0
11553,2022,96.7,50.9,6.9,0
11553,2023,77.1,54.5,4.5,1
11553,2024,100.0,33.8,9.1,0
11553,2025,93.6,53.6,13.3,0
11554,2022,60.4,59.0,11.7,0
11554,2023,72.0,42.1,2.6,0
11554,2024,67.6,43.9,10.4,0
11554,2025,92.1,30.2,9.5,0
11555,2022,86.8,38.9,6.7,0
11555,2023,85.3,63.2,13.7,1
11555,2024,81.2,67.3,18.9,0
11555,2025,76.8,63.5,14.6,0
11556,2022,97.2,27.0,5.2,0
11556,2023,53.8,52.9,13.7,1
11556,2024,60.9,49.7,4.7,0
11556,2025,86.2,55.7,11.8,2
11557,2022,86.3,51.0,19.3,0
11557,2023,98.5,27.9,19.5,2
11557,2024,78.5,51.0,17.9,0
11557,2025,70.3,58.1,8.6,0
11558,2022,91.4,56.3,14.7,1
11558,2023,73.6,17.2,5.1,0
11558,2024,61.2,45.9,18.7,1
11558,2025,82.6,41.2,10.2,1
11559,2022,75.2,51.8,12.2,1
11559,2023,63.5,31.1,8.9,0
11559,2024,61.8,36.0,9.5,0
11559,2025,64.3,61.8,8.7,1
11560,2022,89.5,24.2,10.6,0
11560,2023,76.5,36.1,17.5,0
11560,2024,90.3,23.6,17.2,0
11560,2025,100.0,45.8,8.1,0
11561,2022,88.0,45.2,4.1,0
11561,2023,60.0,43.6,10.1,0
11561,2024,75.2,29.1,2.1,0
11561,2025,81.3,69.0,15.5,2
11562,2022,83.7,26.7,2.0,1
11562,2023,98.8,59.9,5.7,1
11562,2024,68.7,64.1,4.7,0
11562,2025,98.8,35.3,17.7,1
11563,2022,53.5,55.5,20.0,0
11563,2023,94.4,19.8,4.6,0
11563,2024,88.3,42.7,12.2,0
11563,2025,58.9,36.4,16.9,0
11564,2022,79.3,15.9,8.3,0
11564,2023,97.2,21.7,6.6,0
11564,2024,75.8,22.0,7.2,0
11564,2025,63.1,67.6,7.8,0
11565,2022,97.5,23.1,6.6,1
11565,2023,72.5,16.5,3.2,1
11565,2024,80.3,33.1,18.5,0
11565,2025,100.0,30.8,18.2,0
11566,2022,78.1,12.3,17.3,0
11566,2023,85.0,55.7,15.8,0
11566,2024,89.1,22.7,15.5,0
11566,2025,93.7,71.2,14.7,1
11567,2022,88.4,20.1,17.3,2
11567,2023,56.1,63.6,3.0,0
11567,2024,99.8,59.9,15.9,0
11567,2025,83.7,40.3,17.6,1
11568,2022,75.6,24.6,13.7,0
11568,2023,92.6,29.6,17.3,0
11568,2024,69.7,33.0,7.4,0
11568,2025,89.0,40.3,8.5,1
11569,2022,65.2,40.0,13.0,0
11569,2023,89.0,48.8,4.5,0
11569,2024,75.8,32.6,5.4,1
11569,2025,66.5,70.4,19.9,2
11570,2022,93.6,48.4,16.2,0
11570,2023,88.7,40.5,4.0,1
11570,2024,55.7,29.4,4.1,0
11570,2025,60.6,47.9,9.1,0
11571,2022,68.2,29.2,20.0,2
11571,2023,89.9,61.1,19.6,0
11571,2024,68.2,65.2,10.5,2
11571,2025,100.0,29.8,10.0,0
11572,2022,94.1,10.3,12.6,0
11572,2023,94.0,54.6,13.9,2
11572,2024,55.4,27.6,6.8,0
11572,2025,100.0,38.0,5.1,0
11573,2022,78.4,57.3,16.7,2
11573,2023,80.9,34.1,8.4,0
11573,2024,59.7,64.0,2.7,0
11573,2025,86.8,36.2,17.4,0
11574,2022,75.4,44.0,15.2,1
11574,2023,78.5,47.4,15.0,1
11574,2024,64.2,58.8,13.7,0
11574,2025,83.6,42.6,9.5,2
11575,2022,53.5,16.8,18.0,1
11575,2023,53.5,19.8,8.6,0
11575,2024,65.2,56.1,6.8,0
11575,2025,96.0,61.1,11.7,0
11576,2022,79.0,10.9,10.3,1
11576,2023,95.4,46.0,2.6,0
11576,2024,73.7,29.2,7.2,1
11576,2025,74.3,30.0,8.9,0
11577,2022,83.6,35.9,16.3,0
11577,2023,72.0,27.3,9.2,1
11577,2024,73.3,48.9,18.9,0
11577,2025,79.9,63.9,15.3,0
11578,2022,55.5,56.3,16.7,2
11578,2023,62.2,33.1,18.0,2
11578,2024,84.0,43.1,5.5,0
11578,2025,86.7,36.2,16.4,1
11579,2022,78.3,46.1,5.5,2
11579,2023,62.1,57.2,11.9,1
11579,2024,75.9,57.2,7.5,0
11579,2025,100.0,50.1,11.0,1
11580,2022,91.3,38.0,5.8,0
11580,2023,79.3,27.0,19.3,0
11580,2024,98.2,58.8,14.0,2
11580,2025,89.9,61.1,6.5,2
11581,2022,69.8,56.2,6.3,2
11581,2023,89.8,44.4,4.8,0
11581,2024,69.5,59.5,16.0,0
11581,2025,98.5,53.0,10.6,2
11582,2022,65.8,51.8,18.1,1
11582,2023,90.6,45.7,2.0,2
11582,2024,68.5,45.2,10.9,0
11582,2025,100.0,35.2,10.8,0
11583,2022,58.9,50.2,19.7,0
11583,2023,87.0,56.4,15.1,2
11583,2024,74.6,37.7,11.7,0
11583,2025,58.4,50.2,12.5,2
11584,2022,65.9,30.6,14.6,1
11584,2023,62.2,32.9,18.5,2
11584,2024,81.7,46.7,3.1,2
11584,2025,70.0,53.2,3.2,0
11585,2022,53.5,13.9,5.7,1
11585,2023,98.2,29.0,10.0,0
11585,2024,95.6,24.8,8.3,0
11585,2025,59.7,64.4,2.9,2
11586,2022,63.0,45.9,12.8,0
11586,2023,82.8,30.5,17.2,0
11586,2024,70.4,51.0,3.0,0
11586,2025,71.0,49.5,11.4,2
11587,2022,78.6,17.7,19.7,1
11587,2023,61.8,49.6,2.9,1
11587,2024,86.1,60.7,7.3,2
11587,2025,61.8,44.7,10.0,0
11588,2022,65.6,35.6,5.1,0
11588,2023,58.0,25.1,11.9,1
11588,2024,69.2,25.0,17.3,2
11588,2025,90.3,41.2,8.6,1
11589,2022,86.7,51.0,2.2,0
11589,2023,59.5,54.5,13.0,2
11589,2024,90.8,33.8,17.9,0
11589,2025,61.5,31.1,16.3,0
11590,2022,60.4,51.4,13.7,0
11590,2023,76.5,47.1,16.0,0
11590,2024,100.0,26.5,7.8,2
11590,2025,100.0,63.5,10.7,0
11591,2022,73.0,36.0,8.9,0
11591,2023,91.1,22.9,2.7,0
11591,2024,81.6,23.1,6.4,0
11591,2025,93.6,70.0,10.9,0
11592,2022,81.3,24.2,13.6,0
11592,2023,86.0,43.4,2.3,0
11592,2024,76.1,29.5,18.7,2
11592,2025,97.5,61.9,12.8,2
11593,2022,71.4,12.7,17.0,2
11593,2023,86.4,57.8,5.3,1
11593,2024,96.8,50.3,13.3,0
11593,2025,89.0,33.0,3.5,2
11594,2022,74.5,37.8,10.1,2
11594,2023,77.9,36.9,14.6,2
11594,2024,89.0,35.7,13.9,0
11594,2025,61.9,61.7,6.2,0
11595,2022,80.6,50.5,4.0,0
11595,2023,70.5,21.9,8.4,0
11595,2024,61.5,35.7,13.0,2
11595,2025,100.0,36.0,3.6,0
11596,2022,73.9,32.7,17.1,0
11596,2023,74.4,16.2,11.1,0
11596,2024,81.0,56.7,17.4,0
11596,2025,87.4,30.1,13.7,2
11597,2022,59.3,19.3,19.5,0
11597,2023,82.5,58.5,10.8,1
11597,2024,71.9,62.9,15.1,0
11597,2025,91.8,58.9,10.8,2
11598,2022,87.0,45.8,5.0,0
11598,2023,52.9,43.8,3.6,2
11598,2024,89.4,41.6,6.2,0
11598,2025,74.4,40.0,12.4,0
11599,2022,64.6,55.4,17.0,0
11599,2023,70.4,60.9,4.6,0
11599,2024,82.6,66.7,18.6,2
11599,2025,63.0,73.6,10.6,0
11600,2022,83.5,48.2,11.1,0
11600,2023,73.9,60.8,2.6,0
11600,2024,62.7,65.6,19.5,2
11600,2025,82.0,41.3,3.1,0
11601,2022,77.6,52.2,7.2,0
11601,2023,69.1,44.1,13.4,2
11601,2024,98.2,48.0,13.5,0
11601,2025,91.0,34.2,9.7,0
11602,2022,81.7,52.6,17.6,2
11602,2023,55.1,31.9,8.0,1
11602,2024,79.1,32.5,4.8,2
11602,2025,98.3,69.4,2.8,0
11603,2022,82.1,11.3,4.5,0
11603,2023,63.7,25.9,19.2,0
11603,2024,96.3,46.6,7.6,1
11603,2025,75.2,72.5,13.8,0
11604,2022,93.9,31.7,19.4,0
11604,2023,77.1,24.6,17.9,0
11604,2024,92.8,46.5,11.1,1
11604,2025,86.9,59.4,3.5,1
11605,2022,64.0,53.7,14.9,1
11605,2023,83.9,56.3,4.4,0
11605,2024,55.5,60.9,4.7,2
11605,2025,97.6,52.6,17.8,2
11606,2022,96.4,55.4,14.0,0
11606,2023,62.4,59.9,18.7,2
11606,2024,97.4,60.1,19.2,0
11606,2025,65.6,67.7,10.3,2
11607,2022,73.6,55.3,14.0,1
11607,2023,66.5,33.1,13.8,0
11607,2024,64.2,69.7,4.0,0
11607,2025,93.8,34.6,13.1,1
11608,2022,88.7,53.9,4.0,2
11608,2023,92.8,27.4,17.4,0
11608,2024,55.4,49.8,18.7,0
11608,2025,98.2,56.7,9.0,1
11609,2022,52.5,56.8,14.5,0
11609,2023,74.0,29.6,14.6,1
11609,2024,63.4,43.1,2.9,0
11609,2025,100.0,35.2,4.9,0
11610,2022,77.7,37.2,17.9,0
11610,2023,75.0,35.5,5.6,0
11610,2024,76.3,44.2,15.6,0
11610,2025,76.9,31.5,12.7,0
11611,2022,72.7,51.7,14.8,0
11611,2023,79.7,33.7,4.7,0
11611,2024,94.2,53.8,16.5,1
11611,2025,68.9,59.6,8.6,0
11612,2022,88.6,41.8,19.8,1
11612,2023,92.4,27.7,9.8,1
11612,2024,95.9,27.2,7.7,2
11612,2025,100.0,31.5,4.6,0
11613,2022,95.9,38.5,3.3,0
11613,2023,57.7,20.7,17.9,0
11613,2024,97.1,41.9,4.2,0
11613,2025,98.1,71.8,17.8,2
11614,2022,68.1,13.9,11.9,2
11614,2023,85.7,48.5,13.9,0
11614,2024,99.5,43.4,16.5,0
11614,2025,61.9,71.0,11.8,0
11615,2022,67.0,47.1,10.9,1
11615,2023,99.3,21.9,16.1,1
11615,2024,81.3,36.6,9.5,0
11615,2025,61.9,59.8,3.4,0
11616,2022,96.1,18.6,13.4,1
11616,2023,95.8,56.1,2.6,2
11616,2024,93.7,34.2,12.8,1
11616,2025,95.6,69.5,11.2,2
11617,2022,73.3,23.4,7.5,2
11617,2023,94.5,26.9,8.2,1
11617,2024,69.7,69.1,10.2,1
11617,2025,74.7,59.8,10.8,0
11618,2022,60.4,37.0,9.6,2
11618,2023,71.9,18.4,9.1,0
11618,2024,66.2,36.1,7.8,0
11618,2025,73.8,34.2,13.7,1
11619,2022,83.1,18.0,9.4,0
11619,2023,73.1,29.1,7.7,0
11619,2024,91.8,28.8,18.2,0
11619,2025,80.5,73.0,5.3,1
11620,2022,56.7,14.2,4.6,0
11620,2023,88.1,59.0,16.0,0
11620,2024,58.2,46.0,4.1,1
11620,2025,100.0,35.8,6.9,2
11621,2022,90.4,36.4,8.3,1
11621,2023,98.7,59.1,7.2,0
11621,2024,66.9,66.5,15.2,0
11621,2025,80.6,45.8,5.6,0
11622,2022,59.3,43.5,14.4,0
11622,2023,72.8,19.3,7.3,0
11622,2024,66.7,47.0,17.4,1
11622,2025,98.4,39.3,17.8,1
11623,2022,55.8,24.9,7.0,1
11623,2023,63.3,39.2,12.7,2
11623,2024,67.7,67.7,16.6,2
11623,2025,92.9,69.2,3.3,1
11624,2022,80.3,29.1,12.2,2
11624,2023,59.0,39.9,19.6,2
11624,2024,84.1,65.7,8.5,1
11624,2025,98.1,32.1,15.1,1
11625,2022,71.7,48.8,16.3,0
11625,2023,81.9,24.5,15.4,1
11625,2024,80.5,35.9,19.1,1
11625,2025,74.7,38.9,15.8,1
11626,2022,50.1,37.6,18.8,1
11626,2023,61.4,27.5,6.2,0
11626,2024,100.0,44.8,12.6,0
11626,2025,74.5,29.3,8.8,0
11627,2022,64.3,25.8,15.0,1
11627,2023,82.0,51.6,4.7,2
11627,2024,98.4,43.7,5.2,0
11627,2025,72.0,69.2,4.3,0
11628,2022,60.7,33.0,6.8,0
11628,2023,95.8,59.8,5.4,2
11628,2024,92.1,41.7,15.9,2
11628,2025,91.2,46.1,12.6,0
11629,2022,76.7,22.8,8.7,0
11629,2023,72.9,39.1,5.7,0
11629,2024,85.6,63.5,16.5,1
11629,2025,67.9,63.7,17.8,2
11630,2022,89.2,18.6,17.4,1
11630,2023,72.5,62.3,18.6,1
11630,2024,91.2,44.3,16.5,1
11630,2025,96.5,39.1,13.4,0
11631,2022,53.6,57.0,9.7,1
11631,2023,84.9,38.0,7.2,0
11631,2024,69.5,30.7,2.1,0
11631,2025,74.7,69.2,17.0,0
11632,2022,85.2,35.0,9.9,0
11632,2023,98.5,25.8,17.7,2
11632,2024,93.6,56.0,7.8,0
11632,2025,71.5,77.1,8.1,2
11633,2022,84.0,14.2,2.4,2
11633,2023,68.2,37.7,10.7,0
11633,2024,76.1,47.7,10.8,0
11633,2025,63.4,61.1,13.8,0
11634,2022,90.0,21.4,15.5,0
11634,2023,83.6,25.2,8.3,2
11634,2024,96.4,59.1,18.7,0
11634,2025,68.2,61.5,10.2,0
11635,2022,56.2,22.3,12.3,0
11635,2023,91.6,18.8,12.7,0
11635,2024,97.2,62.0,17.8,2
11635,2025,65.8,62.1,14.5,0
11636,2022,80.8,54.0,8.4,0
11636,2023,60.4,19.4,14.7,0
11636,2024,55.7,46.4,18.1,1
11636,2025,83.5,36.0,16.8,0
11637,2022,95.6,43.7,2.9,2
11637,2023,80.8,28.5,3.2,0
11637,2024,75.6,35.1,14.2,2
11637,2025,71.0,63.7,19.7,2
11638,2022,63.5,51.2,12.8,2
11638,2023,65.1,61.5,9.8,0
11638,2024,65.0,25.9,12.5,0
11638,2025,60.7,68.3,10.2,0
11639,2022,86.3,58.6,5.8,0
11639,2023,67.6,18.6,7.0,0
11639,2024,62.5,67.6,7.4,0
11639,2025,86.5,75.7,12.8,1
11640,2022,94.8,19.6,17.0,0
11640,2023,85.5,31.4,2.9,0
11640,2024,64.2,37.0,11.4,0
11640,2025,77.4,75.5,11.5,1
11641,2022,89.6,10.8,19.3,2
11641,2023,54.9,43.8,16.7,2
11641,2024,71.2,51.0,9.0,0
11641,2025,76.1,60.6,13.0,0
11642,2022,71.7,21.2,13.8,0
11642,2023,79.3,39.7,14.1,0
11642,2024,78.7,42.6,18.3,0
11642,2025,65.3,48.4,12.5,2
11643,2022,70.0,26.7,5.9,0
11643,2023,70.2,63.2,13.6,1
11643,2024,99.6,54.6,6.2,0
11643,2025,93.2,66.0,4.1,0
11644,2022,91.6,26.1,13.0,0
11644,2023,86.6,16.0,7.1,0
11644,2024,57.7,69.6,13.3,0
11644,2025,80.3,71.8,16.8,2
11645,2022,87.3,32.9,4.6,2
11645,2023,80.9,35.3,3.1,2
11645,2024,91.4,44.2,3.5,0
11645,2025,100.0,41.5,19.4,0
11646,2022,61.9,40.7,3.6,0
11646,2023,99.7,64.7,18.6,1
11646,2024,60.8,25.3,19.6,0
11646,2025,100.0,67.5,3.3,2
11647,2022,59.3,13.0,11.7,0
11647,2023,87.0,59.0,14.6,0
11647,2024,92.6,29.3,2.7,0
11647,2025,96.4,52.7,11.3,1
11648,2022,71.0,35.4,9.6,0
11648,2023,60.6,47.5,11.1,0
11648,2024,93.2,52.3,11.9,2
11648,2025,88.4,63.1,14.9,1
11649,2022,62.4,52.4,4.2,1
11649,2023,71.3,17.8,19.9,0
11649,2024,69.3,58.9,7.0,0
11649,2025,100.0,30.6,19.6,1
11650,2022,88.6,49.7,14.3,0
11650,2023,94.9,55.7,14.3,0
11650,2024,57.5,31.5,18.6,0
11650,2025,89.2,38.5,17.9,0
11651,2022,62.8,13.9,6.1,0
11651,2023,88.4,28.0,14.5,2
11651,2024,97.8,47.0,11.1,0
11651,2025,94.3,47.4,10.9,2
11652,2022,93.7,21.2,2.3,2
11652,2023,71.6,47.1,11.5,1
11652,2024,85.0,48.1,3.7,0
11652,2025,80.3,34.3,6.8,0
11653,2022,89.8,26.0,2.2,2
11653,2023,79.5,63.0,9.2,0
11653,2024,89.1,55.7,18.7,0
11653,2025,87.8,75.5,16.4,2
11654,2022,91.4,32.8,3.0,0
11654,2023,77.9,17.0,14.8,0
11654,2024,60.2,61.6,15.1,0
11654,2025,100.0,32.7,16.0,0
11655,2022,76.7,57.1,13.8,0
11655,2023,90.1,31.3,3.2,1
11655,2024,87.6,54.9,13.7,0
11655,2025,78.2,70.3,5.9,0
11656,2022,95.7,32.9,12.7,1
11656,2023,87.7,37.5,14.2,0
11656,2024,66.1,31.3,3.9,0
11656,2025,100.0,64.4,10.4,0
11657,2022,98.0,27.0,6.2,0
11657,2023,66.4,47.4,16.5,0
11657,2024,100.0,34.3,18.8,0
11657,2025,87.1,65.0,11.3,0
11658,2022,58.9,44.8,12.0,0
11658,2023,99.5,16.4,3.4,1
11658,2024,59.9,27.1,9.0,0
11658,2025,88.1,32.1,4.6,0
11659,2022,90.2,11.7,14.7,0
11659,2023,92.3,19.0,19.3,0
11659,2024,55.3,38.3,16.5,1
11659,2025,77.9,66.3,9.0,0
11660,2022,54.3,36.6,13.9,0
11660,2023,65.0,21.3,20.0,0
11660,2024,100.0,24.6,2.7,0
11660,2025,100.0,33.2,7.0,0
11661,2022,81.6,28.7,3.4,0
11661,2023,95.6,31.2,13.5,0
11661,2024,70.2,57.5,17.2,0
11661,2025,97.3,59.3,8.5,1
11662,2022,82.9,53.8,9.1,0
11662,2023,87.7,63.4,7.3,0
11662,2024,59.1,22.1,12.1,2
11662,2025,74.3,39.4,4.3,0
11663,2022,52.3,13.9,5.4,1
11663,2023,59.7,31.3,3.5,1
11663,2024,68.0,51.9,4.6,1
11663,2025,85.6,41.3,17.2,0
11664,2022,86.5,19.5,5.2,0
11664,2023,57.7,35.3,10.7,0
11664,2024,57.6,22.9,14.6,2
11664,2025,99.9,76.7,5.4,2
11665,2022,56.3,58.4,10.1,2
11665,2023,74.0,22.7,5.9,0
11665,2024,60.4,31.5,18.5,0
11665,2025,83.2,56.3,2.7,2
11666,2022,55.1,25.4,12.6,2
11666,2023,89.1,16.6,17.9,0
11666,2024,59.1,24.7,16.1,2
11666,2025,78.1,61.7,6.2,2
11667,2022,70.2,20.5,11.7,0
11667,2023,96.7,42.9,3.1,1
11667,2024,75.6,35.8,7.0,0
11667,2025,60.9,54.2,8.9,0
11668,2022,76.1,59.9,3.3,0
11668,2023,87.3,50.5,5.0,2
11668,2024,71.2,39.3,17.2,1
11668,2025,86.7,76.3,10.4,0
11669,2022,55.8,11.7,19.0,0
11669,2023,72.9,24.5,4.8,2
11669,2024,63.0,46.9,14.1,0
11669,2025,70.6,42.6,15.8,1
11670,2022,80.8,46.0,16.0,1
11670,2023,88.7,17.7,15.7,0
11670,2024,70.0,35.7,5.0,2
11670,2025,100.0,70.8,10.0,0
11671,2022,63.7,30.1,18.0,0
11671,2023,59.7,26.2,12.3,2
11671,2024,96.6,47.9,8.7,0
11671,2025,88.7,46.3,2.3,0
11672,2022,82.6,24.1,12.9,0
11672,2023,90.6,58.4,18.1,0
11672,2024,100.0,64.6,5.7,0
11672,2025,71.1,48.9,19.9,2
11673,2022,76.3,40.2,5.8,0
11673,2023,86.3,51.9,12.3,0
11673,2024,62.0,57.2,10.6,1
11673,2025,72.2,44.6,15.9,0
11674,2022,64.7,43.1,10.8,0
11674,2023,68.2,61.9,8.1,1
11674,2024,89.5,24.8,19.3,0
11674,2025,85.9,31.7,12.2,1
11675,2022,84.4,52.6,2.8,0
11675,2023,77.1,46.1,10.0,0
11675,2024,100.0,23.4,11.0,1
11675,2025,82.5,66.3,2.6,0
11676,2022,79.0,15.3,14.3,1
11676,2023,66.8,58.0,10.7,0
11676,2024,57.8,46.1,4.0,0
11676,2025,96.6,42.6,8.0,0
11677,2022,91.1,40.9,11.0,2
11677,2023,93.3,24.7,17.7,2
11677,2024,93.5,48.9,10.3,1
11677,2025,70.4,52.5,18.3,0
11678,2022,77.6,22.0,15.6,0
11678,2023,91.6,49.4,13.6,2
11678,2024,85.0,39.5,13.2,0
11678,2025,100.0,70.5,15.1,2
11679,2022,82.5,14.2,10.0,0
11679,2023,79.4,54.5,9.6,1
11679,2024,100.0,43.9,5.9,1
11679,2025,83.2,43.6,12.0,2
11680,2022,96.4,56.9,14.5,0
11680,2023,53.1,26.0,6.8,2
11680,2024,81.4,43.2,6.2,0
11680,2025,71.4,51.2,5.4,1
11681,2022,69.0,24.9,3.1,2
11681,2023,56.7,20.5,18.5,1
11681,2024,67.7,67.3,18.4,0
11681,2025,84.8,72.7,4.7,2
11682,2022,84.6,41.4,16.7,0
11682,2023,96.2,32.2,9.1,1
11682,2024,66.1,53.4,12.4,0
11682,2025,95.7,76.2,11.7,1
11683,2022,51.2,54.2,14.5,2
11683,2023,95.4,24.3,12.9,2
11683,2024,83.5,62.8,6.7,0
11683,2025,98.1,67.9,8.8,0
11684,2022,62.2,55.9,8.5,0
11684,2023,70.4,18.4,18.8,0
11684,2024,59.7,60.3,2.8,0
11684,2025,61.3,55.3,16.1,2
11685,2022,89.7,36.9,10.0,0
11685,2023,66.8,33.5,15.2,0
11685,2024,71.9,61.3,7.5,2
11685,2025,83.0,49.2,3.8,2
11686,2022,82.2,27.9,16.5,1
11686,2023,54.7,64.0,3.9,0
11686,2024,82.6,45.1,16.7,0
11686,2025,86.8,67.6,11.6,0
11687,2022,90.8,17.0,14.2,0
11687,2023,59.9,53.0,6.8,1
11687,2024,76.6,55.6,14.2,1
11687,2025,80.3,53.5,18.1,1
11688,2022,90.7,16.9,5.2,0
11688,2023,69.9,22.0,16.8,0
11688,2024,58.9,55.8,12.4,0
11688,2025,86.4,70.8,5.8,1
11689,2022,81.8,38.4,17.0,0
11689,2023,80.5,39.0,6.0,0
11689,2024,78.5,48.0,17.8,2
11689,2025,67.7,35.8,8.4,2
11690,2022,75.9,12.6,14.6,1
11690,2023,54.2,57.5,15.1,0
11690,2024,82.2,64.3,10.9,0
11690,2025,81.0,65.7,17.1,0
11691,2022,95.7,48.6,8.7,0
11691,2023,67.9,26.7,17.4,0
11691,2024,56.0,27.4,12.3,2
11691,2025,94.0,36.0,2.8,1
11692,2022,58.0,41.9,10.1,0
11692,2023,78.6,35.9,16.7,0
11692,2024,65.3,22.8,6.8,0
11692,2025,83.4,75.5,14.8,0
11693,2022,77.9,21.5,10.1,0
11693,2023,84.3,16.2,7.6,0
11693,2024,72.9,41.2,18.0,0
11693,2025,60.4,38.6,10.6,0
11694,2022,78.7,28.5,15.6,0
11694,2023,94.0,62.9,10.3,0
11694,2024,80.2,53.1,7.5,1
11694,2025,69.5,60.3,18.6,0
11695,2022,69.8,54.2,4.4,1
11695,2023,78.4,21.7,12.5,0
11695,2024,59.2,27.0,5.5,0
11695,2025,84.8,70.8,4.1,0
11696,2022,55.2,18.0,3.7,2
11696,2023,61.0,52.7,15.8,1
11696,2024,73.9,32.4,6.7,0
11696,2025,95.9,51.7,12.2,0
11697,2022,89.5,29.3,10.9,0
11697,2023,66.1,21.2,17.6,1
11697,2024,80.8,55.6,15.8,0
11697,2025,62.0,70.7,14.5,0
11698,2022,97.9,15.0,18.2,0
11698,2023,83.9,33.9,12.5,0
11698,2024,65.8,23.4,16.6,2
11698,2025,100.0,39.8,17.4,0
11699,2022,66.8,23.0,16.5,0
11699,2023,65.7,56.9,8.8,0
11699,2024,69.3,59.6,16.5,2
11699,2025,80.8,69.6,11.4,0
11700,2022,51.6,14.0,8.2,1
11700,2023,83.8,22.7,5.7,0
11700,2024,100.0,37.2,14.5,1
11700,2025,96.6,65.2,7.5,0
11701,2022,88.9,11.3,6.8,1
11701,2023,89.7,23.4,12.7,0
11701,2024,72.1,46.9,6.6,2
11701,2025,66.6,29.2,7.7,0
11702,2022,65.1,15.2,14.7,1
11702,2023,60.8,31.9,14.1,1
11702,2024,95.8,34.0,18.7,1
11702,2025,77.7,46.0,16.4,2
11703,2022,89.0,47.8,8.2,0
11703,2023,66.4,26.9,10.4,0
11703,2024,61.9,53.3,12.2,1
11703,2025,99.3,72.0,9.2,0
11704,2022,88.3,25.2,19.7,0
11704,2023,79.2,18.5,2.6,2
11704,2024,60.9,53.6,13.6,2
11704,2025,73.6,63.8,13.1,0
11705,2022,52.8,33.8,18.8,2
11705,2023,95.6,37.4,18.2,2
11705,2024,66.5,59.3,18.5,0
11705,2025,82.6,48.8,19.8,0
11706,2022,95.2,10.2,7.9,2
11706,2023,82.4,60.5,10.8,1
11706,2024,84.9,34.7,5.4,1
11706,2025,97.5,58.4,16.7,0
11707,2022,83.3,37.7,12.3,1
11707,2023,75.8,41.7,14.4,2
11707,2024,60.9,34.3,3.1,0
11707,2025,81.3,65.0,3.1,0
11708,2022,58.7,22.3,3.3,2
11708,2023,76.1,62.9,14.9,0
11708,2024,56.1,50.0,8.6,0
11708,2025,74.4,66.5,15.5,0
11709,2022,52.7,47.2,11.3,0
11709,2023,59.5,64.4,5.5,0
11709,2024,88.4,48.6,4.1,0
11709,2025,100.0,30.8,18.7,2
11710,2022,77.1,14.4,13.8,0
11710,2023,60.6,33.9,12.9,1
11710,2024,73.1,40.0,13.0,2
11710,2025,68.7,38.9,8.5,0
11711,2022,52.3,56.3,3.8,0
11711,2023,96.3,39.7,17.8,1
11711,2024,81.0,67.1,18.6,2
11711,2025,64.6,30.8,10.4,2
11712,2022,85.8,27.4,9.6,2
11712,2023,60.7,34.0,6.0,0
11712,2024,64.9,23.9,2.2,0
11712,2025,86.4,60.4,14.6,0
11713,2022,70.5,17.1,11.0,1
11713,2023,95.4,33.3,19.1,2
11713,2024,83.6,71.1,2.8,0
11713,2025,66.3,74.5,8.1,0
11714,2022,72.8,23.1,19.7,1
11714,2023,87.4,31.7,13.2,2
11714,2024,83.8,49.0,8.3,2
11714,2025,72.9,42.3,5.6,0
11715,2022,68.5,46.3,3.2,2
11715,2023,84.4,44.4,18.6,1
11715,2024,79.9,45.6,9.2,1
11715,2025,61.0,75.9,19.0,1
11716,2022,76.3,20.9,8.3,1
11716,2023,74.3,58.9,19.0,0
11716,2024,94.1,58.4,16.6,1
11716,2025,62.9,38.1,7.9,2
11717,2022,50.0,19.2,9.7,0
11717,2023,91.9,44.9,19.0,0
11717,2024,65.1,26.0,15.4,2
11717,2025,59.0,52.0,16.5,0
11718,2022,60.6,26.9,13.3,1
11718,2023,95.0,58.5,3.1,0
11718,2024,63.2,51.8,17.5,0
11718,2025,72.9,60.0,16.0,1
11719,2022,79.3,26.3,12.3,0
11719,2023,61.1,26.8,14.5,0
11719,2024,86.0,48.8,6.2,0
11719,2025,91.4,75.2,18.7,0
11720,2022,61.1,39.8,5.9,1
11720,2023,57.1,17.0,14.1,0
11720,2024,74.3,70.2,10.6,0
11720,2025,91.0,69.7,11.9,1
11721,2022,89.0,54.2,5.7,0
11721,2023,54.3,38.6,5.3,2
11721,2024,80.8,66.8,7.9,0
11721,2025,69.9,41.0,2.5,1
11722,2022,70.0,50.1,4.2,0
11722,2023,77.9,46.6,8.6,0
11722,2024,90.3,69.6,12.9,0
11722,2025,59.4,42.8,8.3,0
11723,2022,58.2,16.2,3.3,0
11723,2023,82.1,51.9,16.4,0
11723,2024,76.2,71.3,4.8,0
11723,2025,67.6,35.3,3.0,0
11724,2022,53.1,15.1,8.3,0
11724,2023,96.4,37.5,10.4,1
11724,2024,72.4,58.0,18.1,2
11724,2025,77.2,57.8,6.5,0
11725,2022,52.4,57.0,12.6,2
11725,2023,88.0,56.5,7.0,0
11725,2024,100.0,50.6,4.2,0
11725,2025,100.0,46.1,13.5,0
11726,2022,64.9,51.8,15.5,2
11726,2023,98.6,40.4,11.8,1
11726,2024,74.6,65.8,8.1,2
11726,2025,76.1,58.0,19.8,0
11727,2022,89.9,45.4,2.6,1
11727,2023,90.5,18.3,11.9,2
11727,2024,77.8,71.5,14.0,0
11727,2025,79.0,65.7,9.6,0
11728,2022,96.5,39.1,4.4,0
11728,2023,72.1,42.6,5.2,0
11728,2024,96.4,52.0,19.0,0
11728,2025,93.3,30.3,18.3,2
11729,2022,55.1,28.2,5.2,0
11729,2023,60.1,20.5,3.1,1
11729,2024,56.8,30.8,5.1,2
11729,2025,59.2,44.7,17.8,0
11730,2022,79.0,43.6,3.8,0
11730,2023,56.2,62.5,4.9,0
11730,2024,61.5,71.4,14.7,0
11730,2025,69.2,65.6,16.7,0
11731,2022,76.6,23.4,11.8,2
11731,2023,63.5,32.1,5.5,2
11731,2024,74.0,37.4,16.5,0
11731,2025,74.5,69.9,8.7,0
11732,2022,69.0,48.7,14.1,1
11732,2023,97.1,19.2,6.5,0
11732,2024,100.0,46.7,12.0,0
11732,2025,61.0,60.1,8.1,2
11733,2022,55.3,10.8,6.2,1
11733,2023,55.1,45.7,15.1,2
11733,2024,73.6,69.1,17.6,2
11733,2025,98.4,30.4,17.7,0
11734,2022,88.4,18.6,9.9,0
11734,2023,69.5,21.2,18.4,0
11734,2024,91.0,40.5,11.4,0
11734,2025,100.0,46.5,8.4,0
11735,2022,59.3,57.8,15.7,0
11735,2023,98.8,56.0,7.0,0
11735,2024,92.0,53.9,9.3,2
11735,2025,63.0,60.1,16.4,1
11736,2022,88.1,43.3,10.8,0
11736,2023,57.4,24.5,4.3,0
11736,2024,56.4,39.7,19.2,0
11736,2025,94.2,60.3,2.2,0
11737,2022,93.0,11.7,6.4,1
11737,2023,71.7,40.5,16.5,0
11737,2024,56.2,63.8,17.2,2
11737,2025,86.2,55.3,14.2,0
11738,2022,61.2,53.3,13.0,0
11738,2023,78.6,53.3,17.0,0
11738,2024,70.3,48.9,15.4,0
11738,2025,87.4,46.8,19.6,1
11739,2022,62.5,42.8,10.3,0
11739,2023,59.6,40.9,6.9,0
11739,2024,91.1,71.7,2.1,2
11739,2025,83.4,58.5,7.9,0
11740,2022,65.2,22.6,16.9,0
11740,2023,82.6,64.1,2.6,0
11740,2024,68.8,36.4,14.4,2
11740,2025,75.0,72.5,2.8,0
11741,2022,68.0,34.6,10.6,1
11741,2023,63.4,51.2,9.6,2
11741,2024,76.2,32.1,18.9,1
11741,2025,96.6,56.0,7.8,1
11742,2022,96.6,20.1,11.6,0
11742,2023,63.0,27.9,13.2,0
11742,2024,100.0,30.1,7.2,1
11742,2025,70.8,50.5,6.5,1
11743,2022,72.6,35.7,7.2,0
11743,2023,57.3,29.1,4.3,0
11743,2024,84.2,52.7,4.1,0
11743,2025,82.0,41.6,12.7,2
11744,2022,82.6,36.1,3.8,2
11744,2023,81.3,50.3,5.5,1
11744,2024,100.0,25.0,5.1,0
11744,2025,94.5,71.0,4.5,0
11745,2022,96.3,27.9,4.5,0
11745,2023,77.7,41.8,16.4,0
11745,2024,68.5,44.3,6.4,0
11745,2025,83.0,75.5,5.9,0
11746,2022,72.4,19.5,4.3,0
11746,2023,73.0,47.3,14.6,2
11746,2024,74.3,63.4,4.5,0
11746,2025,96.4,49.4,3.0,2
11747,2022,85.6,26.8,19.9,0
11747,2023,83.4,21.6,12.2,0
11747,2024,86.0,58.0,14.6,0
11747,2025,75.4,67.3,17.8,0
11748,2022,71.0,25.7,2.0,0
11748,2023,59.8,54.8,16.5,0
11748,2024,82.8,27.0,14.4,0
11748,2025,64.2,49.5,8.0,0
11749,2022,93.9,23.8,3.0,2
11749,2023,72.5,29.8,12.0,2
11749,2024,57.0,68.5,7.5,0
11749,2025,57.6,66.8,2.7,0
11750,2022,82.5,48.3,18.8,1
11750,2023,81.9,40.7,2.8,0
11750,2024,92.0,53.1,11.0,2
11750,2025,93.5,67.3,14.9,2
11751,2022,50.1,23.3,11.4,0
11751,2023,60.5,30.6,19.7,2
11751,2024,70.6,66.2,12.9,1
11751,2025,60.5,39.4,12.5,0
11752,2022,58.6,44.0,13.4,1
11752,2023,80.4,61.9,19.5,0
11752,2024,76.9,69.6,7.9,0
11752,2025,98.8,43.2,17.1,2
11753,2022,60.7,57.5,3.5,0
11753,2023,78.2,22.9,13.8,0
11753,2024,96.4,34.1,12.4,0
11753,2025,60.4,48.1,13.4,0
11754,2022,91.8,48.0,10.0,0
11754,2023,69.0,20.5,14.7,0
11754,2024,96.3,33.1,14.0,1
11754,2025,90.2,51.8,17.3,2
11755,2022,82.3,13.7,18.4,1
11755,2023,54.8,33.6,5.7,2
11755,2024,100.0,52.7,15.4,0
11755,2025,78.2,66.6,11.8,0
11756,2022,55.2,35.0,7.3,1
11756,2023,89.3,38.4,5.4,2
11756,2024,96.6,38.6,6.3,0
11756,2025,100.0,46.4,9.3,1
11757,2022,74.3,37.0,10.7,0
11757,2023,71.9,35.8,7.7,1
11757,2024,83.0,37.9,8.8,0
11757,2025,71.7,59.2,18.4,1
11758,2022,68.9,59.8,5.4,2
11758,2023,78.4,30.7,2.8,0
11758,2024,94.6,28.0,15.4,0
11758,2025,98.5,35.4,8.1,0
11759,2022,56.3,40.3,6.6,0
11759,2023,58.9,43.8,19.1,0
11759,2024,63.8,27.3,8.6,2
11759,2025,86.1,48.5,9.5,0
11760,2022,59.7,52.7,13.0,0
11760,2023,81.9,39.9,9.1,0
11760,2024,89.8,61.1,16.9,2
11760,2025,98.7,30.3,10.1,0
11761,2022,91.6,34.6,8.9,2
11761,2023,62.8,57.2,12.3,1
11761,2024,70.0,52.1,18.7,0
11761,2025,66.2,33.7,11.6,0
11762,2022,82.7,54.2,7.6,0
11762,2023,85.5,25.3,8.1,0
11762,2024,55.2,57.6,5.6,1
11762,2025,65.4,31.6,13.3,0
11763,2022,66.1,36.9,2.5,1
11763,2023,62.4,31.0,14.4,1
11763,2024,81.5,70.8,18.1,0
11763,2025,59.4,73.0,13.7,0
11764,2022,89.7,32.0,17.2,0
11764,2023,74.9,58.7,3.5,0
11764,2024,83.5,34.0,15.2,2
11764,2025,85.3,54.0,15.6,0
11765,2022,71.6,51.4,8.1,1
11765,2023,79.7,50.2,14.6,2
11765,2024,58.7,44.4,9.8,0
11765,2025,76.0,54.8,15.0,0
11766,2022,84.1,24.5,14.6,0
11766,2023,70.1,44.2,7.4,0
11766,2024,67.2,28.8,2.5,2
11766,2025,84.6,65.8,16.0,1
11767,2022,72.9,59.7,7.3,0
11767,2023,78.1,18.6,12.4,2
11767,2024,100.0,61.6,13.3,1
11767,2025,64.7,70.0,17.9,1
11768,2022,79.6,11.7,2.5,0
11768,2023,54.0,45.2,11.6,0
11768,2024,86.1,66.6,13.4,0
11768,2025,67.0,56.4,13.0,2
11769,2022,88.7,39.4,15.7,0
11769,2023,65.4,65.8,3.1,0
11769,2024,74.3,66.9,6.1,0
11769,2025,82.3,59.7,13.5,0
11770,2022,79.3,35.7,8.1,0
11770,2023,66.9,25.6,6.7,0
11770,2024,62.5,64.2,8.8,0
11770,2025,88.0,42.3,17.6,1
11771,2022,71.2,10.3,5.8,1
11771,2023,55.3,18.8,16.4,0
11771,2024,80.8,31.8,8.5,0
11771,2025,79.9,68.7,14.0,0
11772,2022,74.6,58.7,4.6,0
11772,2023,57.6,51.8,5.0,0
11772,2024,77.7,30.3,4.4,0
11772,2025,93.3,71.3,17.2,2
11773,2022,56.4,50.5,14.6,0
11773,2023,82.4,58.4,17.9,0
11773,2024,63.5,31.1,13.2,0
11773,2025,72.3,53.8,13.6,1
11774,2022,67.4,41.3,11.5,0
11774,2023,89.1,49.9,3.1,0
11774,2024,65.9,56.2,2.6,0
11774,2025,70.2,28.7,10.9,2
11775,2022,91.8,58.0,10.9,0
11775,2023,88.2,45.0,6.0,2
11775,2024,79.3,31.7,12.6,0
11775,2025,72.7,66.3,18.2,0
11776,2022,88.0,12.7,16.1,0
11776,2023,79.5,24.3,12.2,2
11776,2024,70.9,41.8,6.7,0
11776,2025,72.6,56.2,6.3,0
11777,2022,71.9,30.9,17.0,0
11777,2023,98.0,31.2,8.6,1
11777,2024,85.9,58.8,13.1,2
11777,2025,90.1,28.3,17.9,0
11778,2022,68.6,43.9,8.6,0
11778,2023,99.4,63.5,14.7,1
11778,2024,74.5,29.5,16.4,1
11778,2025,58.1,70.8,4.7,0
11779,2022,88.5,19.3,3.4,0
11779,2023,77.1,37.0,16.8,0
11779,2024,62.2,70.8,18.2,1
11779,2025,58.6,67.3,9.3,0
11780,2022,97.6,28.0,10.8,1
11780,2023,83.6,33.5,15.3,0
11780,2024,77.4,38.1,5.5,0
11780,2025,73.5,46.1,2.3,2
11781,2022,53.5,58.8,17.4,0
11781,2023,83.5,33.0,13.8,0
11781,2024,72.7,44.3,14.3,2
11781,2025,100.0,38.6,12.4,2
11782,2022,55.2,41.9,12.1,0
11782,2023,64.3,57.6,19.5,0
11782,2024,74.4,36.3,13.3,0
11782,2025,95.8,38.6,4.5,0
11783,2022,87.3,32.6,6.8,0
11783,2023,64.2,50.2,7.0,1
11783,2024,72.3,42.3,5.8,0
11783,2025,60.3,35.4,17.6,2
11784,2022,68.2,19.0,11.4,0
11784,2023,60.6,30.4,10.6,1
11784,2024,99.1,63.7,19.8,0
11784,2025,96.3,53.5,2.7,0
11785,2022,57.9,39.4,10.1,2
11785,2023,76.1,26.1,5.9,1
11785,2024,100.0,54.7,9.7,0
11785,2025,77.2,69.9,4.9,0
11786,2022,71.5,20.0,4.6,0
11786,2023,68.9,18.9,6.8,0
11786,2024,78.6,55.2,4.2,0
11786,2025,86.1,68.8,19.1,0
11787,2022,54.3,44.2,4.3,0
11787,2023,56.9,37.4,10.4,0
11787,2024,91.9,54.7,16.0,1
11787,2025,100.0,77.8,17.2,0
11788,2022,73.6,41.2,19.3,2
11788,2023,93.8,42.4,12.0,0
11788,2024,96.7,49.0,7.6,1
11788,2025,75.2,51.5,13.5,0
11789,2022,65.8,44.4,12.7,0
11789,2023,87.5,58.2,12.6,0
11789,2024,98.7,58.0,8.4,0
11789,2025,98.5,39.3,17.8,1
11790,2022,65.3,28.3,12.0,2
11790,2023,69.5,45.5,12.9,2
11790,2024,90.3,71.7,9.8,2
11790,2025,72.7,31.4,6.2,0
11791,2022,90.9,19.4,6.0,0
11791,2023,76.9,54.7,13.4,0
11791,2024,69.0,31.6,2.2,1
11791,2025,71.2,61.6,18.8,1
11792,2022,87.6,59.7,9.8,0
11792,2023,58.5,48.0,17.5,2
11792,2024,99.7,46.0,9.8,1
11792,2025,77.3,69.6,4.1,2
11793,2022,90.5,48.6,3.9,0
11793,2023,90.5,51.5,2.0,2
11793,2024,92.4,27.9,7.2,0
11793,2025,89.9,59.6,9.8,0
11794,2022,74.0,10.7,2.4,0
11794,2023,71.2,18.8,10.2,0
11794,2024,82.9,23.9,4.3,0
11794,2025,82.8,33.4,11.7,0
11795,2022,66.8,31.6,13.1,0
11795,2023,76.2,63.3,11.1,0
11795,2024,72.5,25.7,11.3,0
11795,2025,89.1,64.1,4.9,0
11796,2022,90.1,35.4,12.8,2
11796,2023,90.3,29.8,19.6,1
11796,2024,71.4,37.8,19.6,1
11796,2025,82.0,29.1,8.3,0
11797,2022,50.5,45.0,15.1,1
11797,2023,94.3,21.0,9.9,1
11797,2024,66.8,23.7,4.5,0
11797,2025,78.7,51.4,15.3,0
11798,2022,57.3,33.9,8.2,1
11798,2023,85.0,48.7,15.7,0
11798,2024,81.2,57.3,8.8,2
11798,2025,75.0,53.4,5.2,2
11799,2022,75.7,45.4,17.4,2
11799,2023,60.6,28.5,2.9,2
11799,2024,92.2,29.2,8.6,1
11799,2025,70.3,74.6,14.1,0
11800,2022,79.5,28.7,18.0,0
11800,2023,95.7,20.5,4.9,0
11800,2024,56.9,63.4,3.7,0
11800,2025,76.1,58.7,7.4,0
11801,2022,56.5,39.6,6.6,0
11801,2023,96.1,22.6,14.5,2
11801,2024,72.3,59.9,6.3,0
11801,2025,67.7,38.2,13.2,1
11802,2022,82.5,12.1,13.8,0
11802,2023,78.6,24.1,16.5,0
11802,2024,94.2,57.0,12.9,0
11802,2025,93.6,67.6,18.6,2
11803,2022,96.8,22.3,14.5,0
11803,2023,56.8,31.8,6.4,0
11803,2024,58.9,30.1,18.9,1
11803,2025,100.0,50.6,5.4,0
11804,2022,95.9,21.0,5.3,0
11804,2023,72.0,65.2,15.4,0
11804,2024,76.9,60.3,11.3,1
11804,2025,75.2,57.9,4.9,1
11805,2022,87.3,46.1,4.1,0
11805,2023,89.5,24.3,5.0,1
11805,2024,65.6,59.2,18.7,0
11805,2025,75.9,45.3,12.6,0
11806,2022,60.2,33.5,15.1,2
11806,2023,54.7,60.3,4.3,1
11806,2024,57.7,69.2,8.8,0
11806,2025,64.5,66.4,12.0,0
11807,2022,51.4,48.4,11.2,0
11807,2023,72.8,53.2,8.7,2
11807,2024,58.1,53.3,3.7,0
11807,2025,98.2,37.8,14.3,1
11808,2022,84.2,39.4,12.8,1
11808,2023,90.1,18.8,9.6,0
11808,2024,84.6,23.5,18.7,0
11808,2025,89.4,69.9,15.6,2
11809,2022,55.4,37.0,8.6,0
11809,2023,55.3,16.8,3.0,0
11809,2024,100.0,35.6,16.4,0
11809,2025,75.4,62.1,9.9,0
11810,2022,52.5,57.0,10.5,2
11810,2023,60.2,58.2,12.6,0
11810,2024,97.0,44.3,13.9,2
11810,2025,67.4,42.3,13.0,0
11811,2022,72.4,25.5,7.1,0
11811,2023,84.5,52.7,5.2,0
11811,2024,100.0,62.2,2.5,0
11811,2025,58.2,46.3,2.2,0
11812,2022,73.4,41.1,18.0,1
11812,2023,100.0,53.3,19.9,1
11812,2024,60.8,64.3,8.4,0
11812,2025,63.4,60.0,5.8,0
11813,2022,54.2,53.2,9.2,1
11813,2023,76.9,30.1,3.9,0
11813,2024,71.7,56.9,13.3,0
11813,2025,91.9,48.1,6.1,0
11814,2022,77.4,56.4,7.7,0
11814,2023,80.4,26.9,17.4,0
11814,2024,79.5,61.4,12.2,0
11814,2025,100.0,74.6,4.4,1
11815,2022,75.9,44.1,3.7,0
11815,2023,56.0,55.5,13.8,2
11815,2024,70.5,66.3,4.9,1
11815,2025,95.0,43.5,5.5,0
11816,2022,80.2,16.2,12.8,1
11816,2023,85.3,62.8,18.4,0
11816,2024,99.2,23.9,11.7,1
11816,2025,78.8,52.2,10.4,0
11817,2022,50.9,26.1,17.5,2
11817,2023,100.0,43.7,7.3,1
11817,2024,76.8,71.5,2.6,1
11817,2025,62.2,30.3,12.0,2
11818,2022,76.3,48.5,4.4,0
11818,2023,80.8,17.2,3.1,0
11818,2024,82.1,35.1,3.7,2
11818,2025,100.0,63.3,4.0,1
11819,2022,65.3,23.7,13.8,0
11819,2023,54.2,46.5,12.5,0
11819,2024,99.1,70.3,7.8,2
11819,2025,66.7,71.7,6.4,1
11820,2022,86.0,51.8,2.0,0
11820,2023,62.3,25.7,4.9,0
11820,2024,94.8,35.6,12.4,0
11820,2025,100.0,67.4,12.0,1
11821,2022,55.1,46.5,15.3,2
11821,2023,59.6,30.6,2.6,0
11821,2024,99.4,43.4,16.3,2
11821,2025,94.5,60.4,12.5,1
11822,2022,51.9,36.3,6.9,0
11822,2023,61.2,38.8,9.8,0
11822,2024,74.8,27.0,16.4,0
11822,2025,99.0,49.7,10.7,0
11823,2022,57.3,59.6,14.7,0
11823,2023,87.3,33.1,9.3,1
11823,2024,59.0,56.7,11.8,1
11823,2025,79.9,53.3,17.0,0
11824,2022,85.0,49.7,10.9,0
11824,2023,55.6,53.4,12.1,2
11824,2024,64.8,69.2,9.6,0
11824,2025,95.5,60.5,5.4,0
11825,2022,57.8,57.4,19.5,0
11825,2023,84.5,18.1,2.4,0
11825,2024,85.8,42.3,4.2,0
11825,2025,82.5,61.8,14.8,0
11826,2022,59.7,34.0,15.3,0
11826,2023,72.5,62.6,4.8,0
11826,2024,84.8,29.0,13.4,1
11826,2025,99.8,52.0,17.9,0
11827,2022,88.3,52.8,16.4,0
11827,2023,81.7,53.9,2.1,1
11827,2024,66.0,61.6,2.7,1
11827,2025,67.9,51.1,10.4,1
11828,2022,89.1,26.9,8.3,0
11828,2023,84.4,41.3,3.7,0
11828,2024,72.2,32.1,5.5,0
11828,2025,100.0,60.1,19.0,0
11829,2022,92.7,49.3,8.6,0
11829,2023,84.7,19.6,6.0,2
11829,2024,72.7,52.0,4.9,0
11829,2025,72.3,56.8,12.6,2
11830,2022,95.1,23.2,10.4,0
11830,2023,73.8,65.8,8.1,0
11830,2024,93.4,47.0,8.6,0
11830,2025,100.0,72.4,5.6,0
11831,2022,73.6,19.5,15.4,2
11831,2023,83.8,53.4,15.5,1
11831,2024,59.1,26.0,2.6,0
11831,2025,88.8,31.4,5.9,0
11832,2022,60.3,19.6,3.1,1
11832,2023,84.7,52.9,3.6,0
11832,2024,59.9,71.8,19.2,0
11832,2025,81.3,68.5,10.2,1
11833,2022,75.0,31.2,5.6,2
11833,2023,75.7,48.2,19.4,2
11833,2024,91.3,45.7,10.6,0
11833,2025,93.7,40.4,14.3,0
11834,2022,83.9,40.8,19.2,0
11834,2023,82.8,42.5,18.7,0
11834,2024,98.4,48.9,19.4,0
11834,2025,85.1,31.2,17.1,0
11835,2022,66.7,16.1,14.6,0
11835,2023,55.3,41.0,5.8,1
11835,2024,80.7,39.9,5.3,1
11835,2025,68.4,49.3,8.3,2
11836,2022,68.6,29.5,18.2,0
11836,2023,54.9,51.6,6.4,2
11836,2024,85.8,30.9,5.8,1
11836,2025,100.0,75.1,12.4,1
11837,2022,65.6,33.5,6.2,2
11837,2023,91.1,33.0,12.4,0
11837,2024,61.1,23.1,13.7,2
11837,2025,92.2,45.8,8.4,0
11838,2022,53.8,41.3,10.2,2
11838,2023,64.9,55.9,10.4,1
11838,2024,72.3,58.6,4.2,1
11838,2025,65.0,56.7,4.0,1
11839,2022,58.9,31.8,4.7,0
11839,2023,86.0,42.3,15.6,0
11839,2024,59.6,70.1,15.8,0
11839,2025,100.0,76.3,9.7,2
11840,2022,86.9,50.2,2.5,0
11840,2023,69.6,24.3,2.2,0
11840,2024,85.2,68.7,19.3,2
11840,2025,92.0,60.4,6.1,0
11841,2022,78.5,33.9,5.0,1
11841,2023,82.2,44.1,3.5,1
11841,2024,99.0,45.8,14.6,0
11841,2025,99.8,51.9,15.1,2
11842,2022,93.9,31.6,19.3,0
11842,2023,95.0,60.8,17.2,1
11842,2024,87.9,44.8,2.4,0
11842,2025,81.1,39.0,16.6,2
11843,2022,73.4,21.4,19.4,0
11843,2023,89.5,22.6,11.5,0
11843,2024,99.3,49.7,4.9,0
11843,2025,61.7,44.2,6.2,0
11844,2022,92.1,38.9,17.1,0
11844,2023,93.3,62.5,19.4,0
11844,2024,59.2,69.8,19.2,2
11844,2025,89.0,43.3,10.9,1
11845,2022,96.7,21.0,13.1,1
11845,2023,93.4,18.8,14.0,0
11845,2024,58.0,35.6,9.6,1
11845,2025,100.0,53.3,18.9,0
11846,2022,58.3,40.1,16.7,0
11846,2023,56.0,20.9,4.4,2
11846,2024,65.9,34.3,4.4,2
11846,2025,80.7,30.1,12.1,0
11847,2022,89.1,48.8,11.6,2
11847,2023,65.3,29.5,2.3,1
11847,2024,73.7,50.5,10.2,0
11847,2025,64.3,51.0,19.1,0
11848,2022,64.0,33.9,10.0,0
11848,2023,95.8,49.3,14.1,2
11848,2024,87.7,42.5,14.7,0
11848,2025,89.8,40.5,2.5,0
11849,2022,62.0,30.5,7.0,0
11849,2023,59.5,57.2,18.9,1
11849,2024,97.6,50.1,11.2,1
11849,2025,100.0,76.8,19.6,1
11850,2022,52.6,49.3,18.1,1
11850,2023,77.9,57.3,7.1,0
11850,2024,76.1,61.1,6.8,0
11850,2025,92.9,50.1,8.4,2
11851,2022,64.5,50.2,11.2,0
11851,2023,82.3,47.5,18.1,0
11851,2024,59.0,33.3,11.0,0
11851,2025,97.0,32.7,16.1,1
11852,2022,61.5,34.9,12.4,1
11852,2023,67.6,45.1,6.1,2
11852,2024,73.2,39.5,9.6,0
11852,2025,67.4,59.5,9.4,2
11853,2022,88.8,17.5,19.9,2
11853,2023,55.8,56.3,11.9,0
11853,2024,99.8,42.0,3.4,0
11853,2025,100.0,64.3,12.3,0
11854,2022,89.7,52.6,12.2,0
11854,2023,98.2,27.9,10.6,1
11854,2024,91.5,49.3,7.8,0
11854,2025,84.5,34.2,6.5,0
11855,2022,84.6,12.1,5.7,0
11855,2023,52.7,18.0,3.6,1
11855,2024,87.9,69.5,8.8,0
11855,2025,59.5,30.2,15.0,0
11856,2022,92.6,40.2,12.4,0
11856,2023,95.5,18.9,2.3,0
11856,2024,60.5,57.7,17.0,1
11856,2025,90.1,52.5,9.2,0
11857,2022,82.1,20.4,14.6,0
11857,2023,76.4,46.2,15.7,0
11857,2024,56.2,38.7,10.6,1
11857,2025,63.0,35.6,16.3,0
11858,2022,81.6,47.0,13.0,0
11858,2023,77.9,35.1,16.3,1
11858,2024,57.2,45.5,14.3,1
11858,2025,82.3,29.9,4.9,2
11859,2022,90.8,38.2,6.3,0
11859,2023,95.2,41.7,9.6,1
11859,2024,88.5,59.4,8.8,1
11859,2025,89.3,51.9,7.6,1
11860,2022,86.9,52.2,10.3,0
11860,2023,58.9,33.4,11.4,1
11860,2024,64.1,59.4,18.4,0
11860,2025,80.8,40.1,7.4,0
11861,2022,71.6,53.2,3.0,0
11861,2023,61.3,33.6,7.6,2
11861,2024,87.6,58.8,14.9,2
11861,2025,93.1,68.2,8.9,2
11862,2022,63.0,18.2,5.5,1
11862,2023,67.5,56.1,9.0,2
11862,2024,67.4,36.5,15.0,0
11862,2025,70.9,57.8,3.7,0
11863,2022,67.5,36.1,14.5,1
11863,2023,73.7,45.3,4.4,1
11863,2024,78.2,61.4,19.6,0
11863,2025,80.8,69.6,10.0,0
11864,2022,79.6,22.5,9.0,2
11864,2023,69.0,25.5,12.5,0
11864,2024,79.2,26.2,4.6,0
11864,2025,81.8,63.3,8.0,0
11865,2022,54.6,33.8,12.3,2
11865,2023,82.7,23.5,3.2,1
11865,2024,68.4,46.2,6.6,0
11865,2025,59.8,77.2,11.0,0
11866,2022,81.1,37.9,14.1,0
11866,2023,54.8,59.6,7.6,1
11866,2024,76.2,26.4,13.3,0
11866,2025,87.3,73.1,6.5,2
11867,2022,97.9,37.9,9.8,1
11867,2023,77.2,43.0,9.6,2
11867,2024,70.3,28.9,2.6,2
11867,2025,81.1,50.8,18.9,0
11868,2022,59.4,34.2,15.6,0
11868,2023,73.5,23.0,12.6,2
11868,2024,96.9,38.8,7.8,0
11868,2025,64.0,71.9,16.9,0
11869,2022,75.4,11.7,14.7,0
11869,2023,82.3,42.2,4.5,0
11869,2024,70.0,61.1,12.2,1
11869,2025,92.8,76.4,6.7,2
11870,2022,81.9,42.9,15.1,0
11870,2023,74.8,18.0,9.6,2
11870,2024,85.7,58.0,6.6,2
11870,2025,97.8,64.5,18.5,0
11871,2022,78.8,36.9,18.4,1
11871,2023,79.8,34.9,16.8,0
11871,2024,84.8,44.0,3.7,2
11871,2025,89.9,75.3,15.6,1
11872,2022,69.4,54.4,3.5,0
11872,2023,92.7,30.2,3.9,0
11872,2024,99.3,25.7,4.9,0
11872,2025,87.3,65.2,14.4,0
11873,2022,92.6,36.6,8.9,0
11873,2023,88.2,48.0,17.2,2
11873,2024,75.3,69.2,15.4,1
11873,2025,81.3,75.1,15.8,0
11874,2022,77.4,51.5,18.8,1
11874,2023,97.6,29.2,12.7,2
11874,2024,86.1,62.1,17.4,0
11874,2025,81.9,70.4,6.6,0
11875,2022,55.9,10.0,18.5,1
11875,2023,84.5,36.4,18.9,0
11875,2024,81.6,37.7,9.0,2
11875,2025,100.0,70.2,8.0,0
11876,2022,66.4,15.4,7.4,0
11876,2023,90.7,47.1,10.7,1
11876,2024,68.6,47.5,13.9,0
11876,2025,65.7,74.3,11.1,0
11877,2022,50.6,33.7,11.5,0
11877,2023,95.5,19.8,3.1,0
11877,2024,76.3,66.5,18.1,2
11877,2025,71.0,58.1,5.1,0
11878,2022,69.4,43.4,15.0,2
11878,2023,86.7,52.0,7.5,2
11878,2024,73.9,63.4,10.5,1
11878,2025,68.3,64.9,2.1,0
11879,2022,54.2,22.9,16.7,0
11879,2023,82.3,63.9,19.3,2
11879,2024,100.0,29.3,4.2,2
11879,2025,88.0,48.7,5.5,0
11880,2022,95.5,36.6,3.3,0
11880,2023,94.6,18.7,3.4,0
11880,2024,62.5,28.2,11.9,1
11880,2025,99.7,37.4,4.9,2
11881,2022,50.1,53.5,6.0,0
11881,2023,77.0,46.1,10.1,0
11881,2024,80.1,27.0,10.7,2
11881,2025,92.4,64.6,7.2,1
11882,2022,86.3,32.8,19.7,1
11882,2023,63.6,24.0,4.0,2
11882,2024,97.3,50.1,5.4,0
11882,2025,66.1,47.2,9.7,0
11883,2022,96.2,42.4,7.2,0
11883,2023,99.8,65.0,17.0,2
11883,2024,88.4,58.4,5.2,0
11883,2025,88.6,53.6,14.9,0
11884,2022,97.0,40.6,4.3,0
11884,2023,64.1,54.7,6.8,0
11884,2024,85.8,33.5,15.3,0
11884,2025,77.0,34.8,3.6,0
11885,2022,58.0,38.8,18.3,0
11885,2023,58.6,53.3,7.8,1
11885,2024,88.6,43.1,8.0,0
11885,2025,68.5,37.7,6.2,0
11886,2022,78.8,41.9,17.7,0
11886,2023,63.9,49.8,13.5,1
11886,2024,76.8,61.4,2.8,0
11886,2025,93.1,57.3,18.5,0
11887,2022,75.4,28.3,18.8,1
11887,2023,94.3,27.0,11.9,1
11887,2024,80.3,24.1,7.7,2
11887,2025,66.8,48.0,4.9,0
11888,2022,93.1,48.5,6.7,0
11888,2023,72.6,53.6,17.8,0
11888,2024,96.6,69.1,5.7,0
11888,2025,68.7,28.9,4.7,0
11889,2022,80.5,18.8,7.9,0
11889,2023,60.4,49.1,7.4,0
11889,2024,58.8,49.1,15.3,0
11889,2025,100.0,63.9,8.9,1
11890,2022,50.5,29.4,5.7,1
11890,2023,80.9,33.6,4.6,0
11890,2024,55.6,56.9,10.9,2
11890,2025,84.0,48.4,19.1,0
11891,2022,54.8,23.0,9.5,1
11891,2023,90.3,31.1,2.7,0
11891,2024,69.0,33.0,6.9,2
11891,2025,74.0,28.6,7.9,1
11892,2022,62.1,44.6,13.1,0
11892,2023,58.0,52.7,17.6,0
11892,2024,79.0,61.6,19.4,0
11892,2025,79.0,37.0,6.2,1
11893,2022,75.9,55.7,17.4,0
11893,2023,82.5,32.6,3.7,2
11893,2024,59.3,66.7,12.1,2
11893,2025,77.3,41.6,8.2,1
11894,2022,78.4,12.1,4.2,0
11894,2023,68.0,41.9,5.5,2
11894,2024,64.2,48.5,6.8,0
11894,2025,86.6,73.0,14.9,0
11895,2022,84.5,43.5,19.8,1
11895,2023,88.5,57.3,2.6,0
11895,2024,70.6,64.7,16.4,2
11895,2025,62.3,52.4,11.2,0
11896,2022,93.9,55.4,4.1,0
11896,2023,85.5,52.2,6.2,2
11896,2024,100.0,27.5,9.7,1
11896,2025,64.5,40.5,15.0,2
11897,2022,81.5,15.1,6.3,1
11897,2023,61.9,45.2,13.5,2
11897,2024,96.6,33.2,6.9,0
11897,2025,82.4,75.1,16.8,0
11898,2022,75.6,54.7,7.5,1
11898,2023,97.2,55.8,16.8,2
11898,2024,69.6,65.9,7.8,1
11898,2025,87.2,70.1,11.9,0
11899,2022,56.9,18.8,16.2,0
11899,2023,69.9,20.6,3.7,2
11899,2024,64.3,56.9,5.0,0
11899,2025,67.2,45.1,19.2,1
11900,2022,81.7,41.3,5.3,0
11900,2023,66.3,47.7,18.1,0
11900,2024,67.0,64.9,11.3,0
11900,2025,96.3,36.1,4.0,1
11901,2022,72.7,54.3,10.6,2
11901,2023,70.7,32.2,12.1,0
11901,2024,94.1,66.5,4.8,0
11901,2025,81.0,38.2,15.8,2
11902,2022,89.1,18.0,4.1,0
11902,2023,67.8,46.8,3.9,0
11902,2024,100.0,67.2,12.3,0
11902,2025,100.0,52.3,17.0,0
11903,2022,89.5,14.1,13.1,2
11903,2023,62.7,59.5,2.8,0
11903,2024,89.9,46.9,9.9,1
11903,2025,96.7,53.3,15.0,0
11904,2022,67.4,20.8,6.7,0
11904,2023,59.2,25.9,14.5,0
11904,2024,67.9,52.5,9.1,0
11904,2025,85.6,49.5,19.4,0
11905,2022,62.1,17.4,10.7,0
11905,2023,84.3,64.9,17.3,0
11905,2024,73.8,24.3,8.3,0
11905,2025,68.3,30.2,15.3,1
11906,2022,79.4,58.9,7.9,0
11906,2023,56.0,27.1,7.1,0
11906,2024,85.0,22.7,5.2,2
11906,2025,100.0,47.9,13.5,1
11907,2022,84.1,20.9,10.6,0
11907,2023,68.2,56.3,8.5,0
11907,2024,98.3,34.7,3.0,0
11907,2025,82.8,68.9,13.9,0
11908,2022,75.4,36.5,14.3,0
11908,2023,70.7,56.3,7.8,0
11908,2024,57.5,52.7,13.9,0
11908,2025,70.5,65.8,17.8,2
11909,2022,89.3,33.0,8.3,0
11909,2023,65.0,37.1,15.0,0
11909,2024,74.8,44.7,17.2,0
11909,2025,87.9,65.2,9.9,0
11910,2022,63.6,32.1,4.8,1
11910,2023,91.5,30.6,2.7,0
11910,2024,98.1,62.5,15.3,0
11910,2025,60.5,48.7,11.4,1
11911,2022,77.6,32.4,5.2,1
11911,2023,69.3,20.1,2.2,0
11911,2024,81.6,40.3,9.7,0
11911,2025,83.7,69.1,9.7,2
11912,2022,50.5,43.4,19.5,2
11912,2023,83.6,22.6,4.5,2
11912,2024,65.4,45.5,5.4,0
11912,2025,84.3,74.3,19.2,1
11913,2022,93.0,21.6,3.7,0
11913,2023,61.7,57.3,16.7,1
11913,2024,68.0,50.2,16.9,2
11913,2025,60.6,45.8,6.0,0
11914,2022,73.6,58.6,8.5,0
11914,2023,94.3,52.1,18.4,0
11914,2024,81.2,37.9,13.5,0
11914,2025,74.4,37.7,17.1,0
11915,2022,93.5,53.9,16.8,0
11915,2023,78.0,45.6,11.3,0
11915,2024,100.0,23.8,3.2,1
11915,2025,93.5,49.4,11.7,2
11916,2022,93.7,32.2,2.5,0
11916,2023,83.6,54.8,7.9,2
11916,2024,100.0,33.9,4.3,0
11916,2025,82.7,50.9,9.6,1
11917,2022,80.7,14.0,3.7,0
11917,2023,58.9,22.2,9.2,0
11917,2024,100.0,61.7,2.6,1
11917,2025,73.6,54.2,7.7,0
11918,2022,81.9,29.3,9.2,1
11918,2023,69.8,29.3,5.9,1
11918,2024,97.5,70.2,19.3,2
11918,2025,62.8,51.4,7.2,0
11919,2022,93.3,38.2,13.0,0
11919,2023,82.5,65.2,7.0,0
11919,2024,100.0,59.6,16.3,0
11919,2025,81.7,46.9,14.3,1
11920,2022,73.7,37.8,16.2,0
11920,2023,69.7,35.8,4.9,0
11920,2024,70.8,49.7,8.3,0
11920,2025,63.4,60.3,5.6,0
11921,2022,65.7,58.8,14.7,0
11921,2023,81.7,52.6,14.2,2
11921,2024,59.1,56.9,19.6,2
11921,2025,66.4,32.8,18.2,0
11922,2022,91.3,26.0,18.9,1
11922,2023,56.9,30.0,12.4,0
11922,2024,66.6,27.0,4.7,2
11922,2025,57.7,71.6,18.8,0
11923,2022,84.5,50.7,17.7,2
11923,2023,93.3,55.5,9.4,0
11923,2024,97.2,30.8,12.0,0
11923,2025,100.0,58.0,3.8,1
11924,2022,69.4,36.4,8.7,0
11924,2023,79.4,46.6,16.5,0
11924,2024,87.5,61.4,19.6,2
11924,2025,100.0,32.7,10.7,0
11925,2022,88.2,19.6,7.1,0
11925,2023,76.0,30.1,15.9,0
11925,2024,79.5,45.5,17.4,0
11925,2025,73.6,57.3,13.4,0
11926,2022,50.6,25.3,10.7,0
11926,2023,59.4,21.5,18.1,2
11926,2024,70.9,47.4,14.2,2
11926,2025,86.6,31.0,2.0,0
11927,2022,84.3,28.2,19.5,0
11927,2023,95.3,18.2,14.8,0
11927,2024,81.6,32.9,10.7,0
11927,2025,76.4,33.5,2.3,0
11928,2022,83.2,32.3,2.8,0
11928,2023,71.3,27.8,19.4,0
11928,2024,60.2,24.7,16.3,0
11928,2025,57.7,42.9,3.7,1
11929,2022,84.0,54.6,15.5,2
11929,2023,95.7,58.1,5.1,2
11929,2024,87.5,66.1,9.0,0
11929,2025,58.8,47.6,11.1,2
11930,2022,60.5,53.9,18.3,0
11930,2023,97.9,63.6,2.9,2
11930,2024,89.1,69.9,4.4,0
11930,2025,92.9,34.2,15.9,0
11931,2022,88.7,51.2,19.9,0
11931,2023,96.3,32.8,16.0,0
11931,2024,76.1,44.5,16.0,0
11931,2025,78.1,60.8,11.5,1
11932,2022,51.1,47.9,8.2,0
11932,2023,97.5,61.0,4.5,0
11932,2024,61.3,69.9,5.3,0
11932,2025,79.1,66.5,10.0,0
11933,2022,78.8,22.0,19.3,0
11933,2023,100.0,41.4,12.9,0
11933,2024,74.2,39.3,17.6,0
11933,2025,89.6,71.3,6.4,0
11934,2022,95.7,34.8,9.1,0
11934,2023,79.9,58.8,15.2,1
11934,2024,80.6,70.7,3.2,0
11934,2025,85.0,42.4,7.0,0
11935,2022,89.3,11.5,12.2,2
11935,2023,54.5,26.7,14.6,1
11935,2024,91.5,54.0,9.8,0
11935,2025,65.8,68.5,17.6,1
11936,2022,86.8,47.4,12.5,0
11936,2023,90.9,56.1,13.7,0
11936,2024,85.1,68.2,6.9,0
11936,2025,78.6,39.2,7.9,2
11937,2022,85.2,12.5,2.7,1
11937,2023,53.4,32.4,3.4,0
11937,2024,86.1,64.7,19.3,1
11937,2025,68.7,64.4,11.9,0
11938,2022,81.7,11.7,4.2,0
11938,2023,59.1,23.7,7.6,0
11938,2024,63.6,68.5,13.4,1
11938,2025,79.2,52.8,17.5,0
11939,2022,75.4,42.0,3.2,2
11939,2023,72.5,20.7,10.2,0
11939,2024,84.3,50.8,3.2,1
11939,2025,60.1,70.3,10.3,0
11940,2022,59.3,55.1,15.0,0
11940,2023,52.7,38.5,15.9,0
11940,2024,82.2,51.3,6.9,0
11940,2025,90.7,64.5,6.8,0
11941,2022,73.2,29.9,19.8,0
11941,2023,74.6,30.6,4.1,2
11941,2024,75.4,26.5,13.6,1
11941,2025,73.6,37.8,15.3,0
11942,2022,78.2,59.1,15.9,0
11942,2023,52.8,59.6,14.0,1
11942,2024,83.6,39.3,9.5,0
11942,2025,81.0,69.5,4.1,1
11943,2022,80.0,48.2,12.3,2
11943,2023,93.5,64.4,12.6,2
11943,2024,94.8,24.0,13.7,2
11943,2025,96.2,57.0,18.7,1
11944,2022,69.8,45.0,9.9,1
11944,2023,71.2,57.5,19.3,0
11944,2024,64.9,62.1,5.9,0
11944,2025,59.0,41.8,6.6,0
11945,2022,74.2,45.2,4.3,2
11945,2023,99.3,56.5,3.4,1
11945,2024,91.1,47.8,10.4,2
11945,2025,83.8,53.1,13.4,1
11946,2022,64.3,32.1,9.1,0
11946,2023,58.3,26.4,11.9,0
11946,2024,67.7,63.7,9.2,0
11946,2025,83.1,53.1,2.8,0
11947,2022,80.0,16.7,5.1,0
11947,2023,70.1,61.7,6.8,0
11947,2024,60.0,64.2,13.4,1
11947,2025,70.1,49.1,17.6,2
11948,2022,62.3,49.1,5.3,0
11948,2023,78.2,24.3,6.1,2
11948,2024,60.0,70.6,14.9,2
11948,2025,71.3,32.3,19.2,2
11949,2022,66.5,54.1,8.4,2
11949,2023,77.8,65.9,7.8,0
11949,2024,69.3,36.5,8.5,0
11949,2025,64.7,68.6,5.1,0
11950,2022,51.2,55.7,10.9,2
11950,2023,60.8,63.6,11.8,0
11950,2024,94.6,58.0,4.8,0
11950,2025,74.3,59.0,6.0,0
11951,2022,75.9,15.2,5.6,0
11951,2023,76.0,39.5,12.9,0
11951,2024,68.3,41.7,14.8,2
11951,2025,98.0,29.1,7.5,0
11952,2022,95.1,24.3,15.8,1
11952,2023,62.7,53.2,18.4,0
11952,2024,93.8,37.2,11.3,0
11952,2025,93.8,29.7,18.4,1
11953,2022,90.2,48.5,13.3,2
11953,2023,72.1,56.4,5.5,1
11953,2024,87.9,23.4,6.6,0
11953,2025,66.6,69.8,12.6,1
11954,2022,96.5,49.8,6.1,0
11954,2023,87.2,47.0,2.1,0
11954,2024,58.7,24.2,6.7,0
11954,2025,99.6,75.2,2.9,2
11955,2022,96.0,15.0,18.2,2
11955,2023,68.5,52.0,14.4,1
11955,2024,80.9,60.2,2.5,0
11955,2025,100.0,75.4,2.9,1
11956,2022,71.6,57.4,2.5,0
11956,2023,84.5,29.9,16.3,0
11956,2024,76.7,33.6,16.1,0
11956,2025,61.1,48.5,15.3,2
11957,2022,74.5,56.8,4.7,0
11957,2023,92.2,52.2,19.8,0
11957,2024,57.0,67.6,17.2,2
11957,2025,78.7,38.9,13.6,0
11958,2022,89.5,13.4,14.2,0
11958,2023,69.5,17.2,8.9,0
11958,2024,100.0,25.6,12.3,0
11958,2025,75.9,70.1,8.2,2
11959,2022,87.6,53.6,14.9,0
11959,2023,64.3,61.9,8.0,0
11959,2024,71.0,42.4,19.1,2
11959,2025,92.1,51.3,19.4,2
11960,2022,52.7,19.5,6.6,0
11960,2023,57.0,38.1,16.8,0
11960,2024,67.8,29.8,3.8,0
11960,2025,69.5,58.9,6.6,0
11961,2022,53.2,10.8,6.7,0
11961,2023,99.2,37.4,13.2,0
11961,2024,69.1,71.2,18.5,2
11961,2025,92.2,77.7,7.3,1
11962,2022,68.9,48.7,9.7,0
11962,2023,100.0,30.9,9.0,0
11962,2024,61.7,31.9,8.8,2
11962,2025,75.5,29.8,12.4,0
11963,2022,70.7,30.9,14.1,1
11963,2023,86.9,39.0,9.2,1
11963,2024,78.8,26.0,16.5,1
11963,2025,93.5,71.4,12.6,0
11964,2022,90.4,42.5,6.9,2
11964,2023,66.4,35.0,8.7,0
11964,2024,93.6,64.8,19.3,0
11964,2025,81.1,48.6,12.8,0
11965,2022,53.7,52.4,11.0,0
11965,2023,66.8,40.8,6.4,1
11965,2024,93.5,53.8,11.6,0
11965,2025,76.2,33.5,3.5,0
11966,2022,54.5,22.9,9.2,0
11966,2023,83.1,48.6,17.6,1
11966,2024,95.8,42.5,9.8,1
11966,2025,63.9,34.7,17.2,0
11967,2022,76.1,17.7,2.7,2
11967,2023,62.5,51.4,4.5,2
11967,2024,71.2,56.2,15.2,0
11967,2025,77.4,64.0,15.4,0
11968,2022,50.3,46.1,13.6,1
11968,2023,69.6,64.1,18.6,0
11968,2024,69.9,70.5,11.5,0
11968,2025,89.6,49.7,15.1,0
11969,2022,92.2,48.9,6.9,1
11969,2023,57.6,52.9,13.1,1
11969,2024,78.2,30.7,15.9,1
11969,2025,70.8,67.1,14.6,0
11970,2022,97.4,52.2,16.6,0
11970,2023,90.0,17.9,9.3,0
11970,2024,60.7,48.2,7.1,0
11970,2025,75.2,40.5,7.0,0
11971,2022,55.3,56.7,16.5,2
11971,2023,90.3,20.2,17.4,0
11971,2024,78.4,54.9,5.7,0
11971,2025,88.6,60.4,8.7,2
11972,2022,77.6,16.0,18.6,0
11972,2023,61.3,54.3,2.2,2
11972,2024,55.6,35.6,8.3,0
11972,2025,99.3,62.6,13.0,0
11973,2022,54.4,22.5,4.6,0
11973,2023,90.5,35.6,14.3,0
11973,2024,64.2,38.5,7.3,0
11973,2025,98.4,58.2,19.0,0
11974,2022,78.5,41.1,3.3,0
11974,2023,71.7,42.1,17.6,1
11974,2024,86.6,29.5,12.8,0
11974,2025,70.6,60.3,13.1,0
11975,2022,70.1,22.0,2.3,2
11975,2023,92.0,37.4,18.3,0
11975,2024,55.4,71.2,17.3,2
11975,2025,68.7,70.3,10.1,0
11976,2022,85.6,23.8,10.7,0
11976,2023,87.0,26.9,7.2,0
11976,2024,62.9,50.4,7.9,0
11976,2025,100.0,32.4,10.6,1
11977,2022,82.5,34.0,3.4,1
11977,2023,70.3,38.8,3.4,2
11977,2024,71.8,71.7,16.7,0
11977,2025,82.6,29.6,8.8,0
11978,2022,51.7,53.8,19.6,1
11978,2023,86.8,62.7,3.6,0
11978,2024,58.3,54.4,18.9,1
11978,2025,88.8,55.0,13.7,2
11979,2022,88.5,17.2,7.5,0
11979,2023,96.0,50.2,6.8,0
11979,2024,62.1,59.2,19.2,2
11979,2025,93.3,62.5,8.1,0
11980,2022,97.2,14.0,11.5,0
11980,2023,55.8,55.3,19.2,2
11980,2024,56.4,33.4,5.7,0
11980,2025,67.7,41.1,5.3,0
11981,2022,59.8,29.6,5.9,0
11981,2023,67.8,49.1,6.2,0
11981,2024,99.3,50.3,14.7,1
11981,2025,90.3,63.2,5.1,1
11982,2022,50.5,42.9,2.7,0
11982,2023,76.3,51.0,15.0,0
11982,2024,97.0,36.9,19.3,2
11982,2025,83.1,62.2,11.8,0
11983,2022,59.3,49.8,8.5,0
11983,2023,98.3,18.8,2.6,0
11983,2024,69.8,69.1,12.3,0
11983,2025,74.3,30.4,7.9,0
11984,2022,67.1,47.7,13.7,0
11984,2023,71.4,48.3,19.2,0
11984,2024,89.0,37.9,2.4,2
11984,2025,72.6,51.9,14.4,1
11985,2022,72.3,55.9,14.1,0
11985,2023,65.1,58.7,12.7,0
11985,2024,79.4,40.3,15.1,0
11985,2025,100.0,47.4,8.7,1
11986,2022,63.9,20.8,4.2,0
11986,2023,91.7,37.1,2.1,1
11986,2024,65.5,54.8,9.2,1
11986,2025,64.4,50.6,16.5,1
11987,2022,54.4,46.2,12.6,0
11987,2023,99.5,56.3,4.7,2
11987,2024,82.4,38.0,7.7,2
11987,2025,82.2,60.9,13.9,0
11988,2022,50.3,37.2,18.7,1
11988,2023,75.7,21.2,17.5,1
11988,2024,86.8,36.5,13.4,2
11988,2025,77.2,34.1,5.9,0
11989,2022,56.2,50.2,17.6,0
11989,2023,65.3,51.0,18.6,1
11989,2024,89.3,62.2,18.4,0
11989,2025,80.3,60.1,12.2,2
11990,2022,73.0,35.9,17.7,0
11990,2023,54.3,39.8,16.3,0
11990,2024,80.4,38.8,13.1,0
11990,2025,77.9,71.8,19.7,0
11991,2022,92.2,33.3,6.4,1
11991,2023,70.8,26.7,13.2,0
11991,2024,84.2,59.4,2.5,2
11991,2025,100.0,44.9,10.1,0
11992,2022,77.2,21.2,17.0,0
11992,2023,53.9,55.6,6.2,0
11992,2024,59.9,44.4,15.5,0
11992,2025,100.0,38.2,15.7,1
11993,2022,76.5,43.6,13.4,2
11993,2023,61.6,56.8,18.1,2
11993,2024,82.3,42.0,10.1,2
11993,2025,100.0,39.6,5.8,0
11994,2022,52.2,11.2,13.7,2
11994,2023,77.8,59.4,19.1,0
11994,2024,61.5,44.4,13.3,0
11994,2025,78.9,72.4,17.8,0
11995,2022,81.4,45.2,17.6,0
11995,2023,74.5,40.7,2.1,0
11995,2024,100.0,56.9,3.4,0
11995,2025,85.6,43.6,11.9,0
11996,2022,96.3,19.9,17.4,0
11996,2023,67.6,23.5,8.9,0
11996,2024,56.0,67.9,18.0,0
11996,2025,64.9,65.2,8.3,1
11997,2022,53.4,56.8,9.5,2
11997,2023,88.0,54.2,7.8,2
11997,2024,64.1,41.3,10.0,2
11997,2025,93.8,74.9,10.3,2
11998,2022,75.8,39.4,10.7,0
11998,2023,62.9,62.8,7.1,2
11998,2024,84.4,32.6,8.9,2
11998,2025,58.0,46.6,12.9,1
11999,2022,66.1,28.8,2.2,0
11999,2023,90.2,16.3,11.9,2
11999,2024,91.0,56.6,2.3,0
11999,2025,95.5,72.9,12.9,0
12000,2022,78.2,55.9,8.8,0
12000,2023,80.0,55.9,10.3,0
12000,2024,74.6,34.7,16.6,2
12000,2025,100.0,47.3,14.1,0
12001,2022,95.6,26.6,18.7,0
12001,2023,52.9,38.5,6.4,2
12001,2024,100.0,44.8,9.2,0
12001,2025,99.3,72.5,6.0,0
12002,2022,79.1,15.2,5.2,0
12002,2023,68.1,53.9,14.0,0
12002,2024,75.2,50.7,13.8,1
12002,2025,98.2,62.4,10.9,0
12003,2022,57.1,54.7,4.6,0
12003,2023,82.3,63.1,12.2,0
12003,2024,66.1,22.5,11.2,0
12003,2025,75.7,70.7,12.2,0
12004,2022,50.2,19.1,10.1,0
12004,2023,99.0,23.8,3.5,1
12004,2024,60.2,67.4,9.4,1
12004,2025,94.1,75.1,7.7,2
12005,2022,77.0,29.8,6.9,0
12005,2023,92.2,19.1,13.9,1
12005,2024,79.8,62.7,14.1,2
12005,2025,100.0,70.3,19.5,1
12006,2022,79.1,20.5,13.4,0
12006,2023,82.1,65.1,7.4,0
12006,2024,99.2,61.3,11.6,0
12006,2025,69.9,50.3,13.4,0
12007,2022,67.4,32.7,9.4,0
12007,2023,84.4,33.0,13.5,0
12007,2024,61.8,59.2,16.7,0
12007,2025,96.4,58.9,13.4,0
12008,2022,78.4,49.0,5.1,2
12008,2023,88.7,42.8,7.8,1
12008,2024,100.0,24.6,19.3,0
12008,2025,100.0,71.8,8.5,0
12009,2022,71.5,32.6,16.9,1
12009,2023,66.0,52.4,4.5,2
12009,2024,85.4,34.6,19.7,1
12009,2025,91.6,40.9,5.8,0
12010,2022,64.1,28.3,19.3,0
12010,2023,66.0,33.2,2.9,0
12010,2024,65.3,36.0,12.4,0
12010,2025,100.0,44.0,5.2,0
12011,2022,54.9,17.0,13.6,0
12011,2023,64.3,16.6,18.2,0
12011,2024,85.0,70.8,7.4,0
12011,2025,79.9,31.7,9.2,0
12012,2022,55.8,27.7,2.8,0
12012,2023,66.4,57.8,12.4,0
12012,2024,74.6,22.2,12.9,0
12012,2025,100.0,67.0,13.1,0
12013,2022,69.0,31.0,18.4,2
12013,2023,58.1,26.7,3.7,2
12013,2024,100.0,29.5,10.5,0
12013,2025,78.3,69.7,7.3,0
12014,2022,56.7,24.4,6.4,0
12014,2023,81.8,39.7,8.1,1
12014,2024,93.8,39.9,18.9,2
12014,2025,91.6,71.4,6.5,0
12015,2022,65.0,17.2,3.5,0
12015,2023,64.0,65.2,9.4,1
12015,2024,97.4,23.0,6.8,1
12015,2025,66.8,38.0,7.2,2
12016,2022,86.3,33.7,10.2,0
12016,2023,53.6,24.7,16.7,0
12016,2024,75.1,34.4,17.0,0
12016,2025,100.0,77.4,10.7,1
12017,2022,80.4,40.6,17.1,0
12017,2023,67.4,18.3,5.0,1
12017,2024,88.6,45.8,6.8,0
12017,2025,74.5,57.1,4.9,0
12018,2022,95.1,26.5,18.6,0
12018,2023,63.8,60.4,15.6,2
12018,2024,70.4,62.5,15.8,1
12018,2025,90.6,48.2,14.4,0
12019,2022,88.2,47.9,2.2,0
12019,2023,80.2,42.5,5.8,1
12019,2024,68.9,62.7,17.7,0
12019,2025,85.0,52.4,10.7,2
12020,2022,60.5,15.6,15.4,0
12020,2023,55.3,31.5,5.9,0
12020,2024,99.1,53.2,3.2,0
12020,2025,80.6,75.9,16.9,0
12021,2022,73.1,54.1,6.2,0
12021,2023,88.2,58.0,6.0,0
12021,2024,81.9,49.3,9.2,0
12021,2025,79.3,37.3,11.8,0
12022,2022,88.1,10.9,13.3,0
12022,2023,75.3,33.6,18.7,0
12022,2024,98.8,60.4,15.6,0
12022,2025,72.2,40.5,11.5,0
12023,2022,51.6,24.6,4.6,1
12023,2023,59.7,22.0,4.5,1
12023,2024,94.3,57.5,4.4,2
12023,2025,100.0,42.3,19.8,0
12024,2022,53.6,41.4,16.6,0
12024,2023,96.1,42.2,3.6,0
12024,2024,100.0,71.6,7.5,0
12024,2025,93.7,75.3,7.8,1
12025,2022,86.5,29.7,7.7,0
12025,2023,52.6,56.1,2.1,0
12025,2024,65.7,42.3,9.8,0
12025,2025,67.8,41.5,17.4,0
12026,2022,77.9,10.7,4.0,2
12026,2023,84.0,51.9,3.1,0
12026,2024,98.3,36.0,13.7,0
12026,2025,80.9,52.0,15.9,0
12027,2022,74.0,18.3,6.4,0
12027,2023,55.1,19.3,18.3,2
12027,2024,100.0,59.4,14.3,0
12027,2025,100.0,42.7,10.6,2
12028,2022,53.5,22.7,16.4,0
12028,2023,79.3,29.0,7.8,0
12028,2024,71.7,27.2,6.9,0
12028,2025,78.1,29.6,6.7,1
12029,2022,81.3,19.3,5.3,1
12029,2023,72.6,56.0,17.8,1
12029,2024,78.8,71.0,9.1,1
12029,2025,70.6,53.7,17.7,0
12030,2022,54.0,50.3,17.9,2
12030,2023,88.7,28.8,4.4,0
12030,2024,73.2,56.2,2.7,1
12030,2025,100.0,72.6,19.4,2
12031,2022,95.4,40.9,5.8,1
12031,2023,56.7,51.1,8.9,1
12031,2024,87.8,27.0,4.3,0
12031,2025,96.9,45.9,19.0,2
12032,2022,81.1,11.5,3.6,1
12032,2023,68.3,24.3,16.5,0
12032,2024,68.7,36.9,17.5,0
12032,2025,79.7,75.7,18.6,1
12033,2022,62.4,12.0,10.3,0
12033,2023,95.5,38.6,12.1,0
12033,2024,57.4,60.6,11.1,0
12033,2025,62.9,53.4,11.7,0
12034,2022,79.1,39.3,6.4,2
12034,2023,84.1,62.7,12.4,2
12034,2024,90.3,54.6,6.7,0
12034,2025,70.7,65.9,12.5,0
12035,2022,64.1,12.0,16.8,1
12035,2023,72.4,55.8,2.1,0
12035,2024,66.3,43.1,17.5,2
12035,2025,75.6,29.0,10.0,0
12036,2022,83.5,52.5,13.0,2
12036,2023,76.4,63.8,6.6,2
12036,2024,100.0,52.2,20.0,0
12036,2025,85.3,72.4,13.1,0
12037,2022,65.8,19.7,19.5,0
12037,2023,61.2,46.2,15.9,0
12037,2024,65.6,44.5,17.8,1
12037,2025,58.3,29.8,6.7,0
12038,2022,71.2,41.4,13.6,0
12038,2023,98.6,44.8,8.4,2
12038,2024,92.3,24.2,16.7,2
12038,2025,71.9,38.4,19.6,1
12039,2022,88.3,24.5,5.8,0
12039,2023,97.2,25.7,15.3,1
12039,2024,87.3,54.5,15.4,0
12039,2025,82.1,54.6,8.3,2
12040,2022,56.5,28.4,4.6,1
12040,2023,56.3,37.6,7.7,0
12040,2024,65.5,70.3,5.0,0
12040,2025,89.3,33.6,17.9,0
12041,2022,57.4,19.4,16.9,0
12041,2023,78.1,42.9,15.8,2
12041,2024,76.0,70.9,15.7,0
12041,2025,87.7,65.0,9.2,2
12042,2022,52.5,51.0,18.3,0
12042,2023,99.5,52.6,16.6,0
12042,2024,88.1,25.9,18.3,0
12042,2025,92.1,42.7,11.0,1
12043,2022,50.8,37.0,7.1,2
12043,2023,56.3,19.1,13.7,0
12043,2024,88.0,41.9,14.3,0
12043,2025,62.8,38.5,14.7,0
12044,2022,93.0,42.6,9.0,0
12044,2023,82.3,20.9,11.3,2
12044,2024,58.4,61.3,4.0,1
12044,2025,87.0,56.5,12.8,0
12045,2022,88.5,28.7,10.4,1
12045,2023,90.9,23.0,5.4,2
12045,2024,74.3,55.6,10.9,0
12045,2025,79.6,69.9,8.3,1
12046,2022,85.3,52.4,13.8,0
12046,2023,94.5,22.5,16.5,0
12046,2024,93.1,71.0,9.4,0
12046,2025,86.1,44.0,17.0,0
12047,2022,84.8,22.1,5.1,0
12047,2023,83.8,34.5,13.4,0
12047,2024,82.7,43.3,9.7,0
12047,2025,100.0,57.3,8.8,0
12048,2022,81.1,37.5,6.1,0
12048,2023,70.8,24.4,6.4,0
12048,2024,100.0,36.0,10.2,2
12048,2025,100.0,65.1,17.1,2
12049,2022,87.5,20.7,11.9,2
12049,2023,54.1,50.7,12.3,0
12049,2024,90.0,59.9,14.8,2
12049,2025,58.9,65.7,7.2,0
12050,2022,53.5,47.0,8.8,0
12050,2023,69.4,29.0,17.3,1
12050,2024,70.2,43.1,2.9,0
12050,2025,84.6,51.4,11.2,0
12051,2022,61.7,57.4,11.6,0
12051,2023,62.1,32.5,11.9,1
12051,2024,87.0,68.9,15.7,1
12051,2025,78.8,71.7,10.1,0
12052,2022,52.5,48.3,17.2,0
12052,2023,73.7,50.4,8.1,0
12052,2024,91.4,46.8,8.1,1
12052,2025,60.7,33.9,19.4,2
12053,2022,94.0,34.3,7.8,0
12053,2023,75.4,17.2,5.5,0
12053,2024,79.6,46.5,11.9,0
12053,2025,71.9,59.6,19.1,2
12054,2022,81.1,30.1,16.0,2
12054,2023,53.5,22.3,9.9,1
12054,2024,90.5,56.8,11.1,0
12054,2025,62.3,70.1,20.0,2
12055,2022,71.3,42.1,14.9,0
12055,2023,59.6,45.0,3.8,0
12055,2024,63.1,43.2,13.0,0
12055,2025,79.8,61.6,19.0,1
12056,2022,53.1,25.7,5.5,2
12056,2023,59.7,45.0,15.9,0
12056,2024,81.1,38.7,9.5,2
12056,2025,90.9,58.9,4.6,1
12057,2022,67.3,33.3,17.1,1
12057,2023,94.1,27.4,13.5,0
12057,2024,62.7,35.5,2.2,1
12057,2025,84.4,64.4,17.0,0
12058,2022,54.3,18.5,11.6,0
12058,2023,60.5,30.5,13.2,0
12058,2024,98.6,58.2,12.1,1
12058,2025,100.0,29.4,9.0,1
12059,2022,97.9,10.1,4.4,1
12059,2023,90.9,35.7,14.9,2
12059,2024,64.6,69.5,14.3,0
12059,2025,71.2,30.4,17.5,0
12060,2022,54.3,54.9,13.1,0
12060,2023,55.1,44.2,2.8,0
12060,2024,90.2,26.9,9.4,0
12060,2025,83.4,69.5,3.9,2
12061,2022,81.7,12.3,12.7,0
12061,2023,80.3,41.6,5.7,0
12061,2024,55.6,52.9,19.0,0
12061,2025,72.8,61.9,4.8,2
12062,2022,83.2,21.8,17.0,0
12062,2023,93.8,29.4,13.0,0
12062,2024,62.4,64.4,7.6,0
12062,2025,63.2,45.8,16.2,1
12063,2022,96.0,36.4,19.4,1
12063,2023,98.9,38.3,4.6,0
12063,2024,91.0,31.0,17.1,0
12063,2025,60.3,48.3,16.6,1
12064,2022,80.3,12.2,15.7,1
12064,2023,58.7,23.5,6.9,0
12064,2024,95.6,63.6,15.9,1
12064,2025,72.1,74.2,3.4,0
12065,2022,72.8,11.1,3.9,0
12065,2023,61.5,32.1,7.5,0
12065,2024,89.8,68.8,6.6,0
12065,2025,81.6,64.0,10.6,0
12066,2022,83.9,10.6,12.2,0
12066,2023,67.8,21.4,7.4,0
12066,2024,73.1,58.9,14.5,1
12066,2025,100.0,62.0,2.1,0
12067,2022,62.2,53.8,6.1,0
12067,2023,95.8,53.8,8.4,0
12067,2024,58.6,69.3,9.1,0
12067,2025,65.1,55.2,8.6,0
12068,2022,81.8,23.2,2.2,2
12068,2023,100.0,22.6,18.9,0
12068,2024,99.8,22.2,15.7,0
12068,2025,81.9,34.2,2.1,1
12069,2022,75.3,40.0,8.3,1
12069,2023,80.0,36.3,10.0,1
12069,2024,93.0,61.6,5.9,0
12069,2025,83.9,44.4,18.5,1
12070,2022,55.7,27.8,15.1,1
12070,2023,92.7,46.8,17.5,1
12070,2024,97.5,68.9,15.3,1
12070,2025,100.0,57.5,8.4,1
12071,2022,70.2,21.5,10.6,1
12071,2023,63.1,35.6,3.1,0
12071,2024,60.7,68.2,9.6,0
12071,2025,82.7,68.1,16.4,0
12072,2022,63.3,11.7,15.5,0
12072,2023,73.0,28.7,16.1,2
12072,2024,59.8,52.2,6.9,2
12072,2025,67.1,64.9,3.8,0
12073,2022,71.0,16.0,10.3,0
12073,2023,61.1,41.8,10.6,1
12073,2024,65.8,50.1,13.2,1
12073,2025,58.5,34.1,3.7,0
12074,2022,53.5,32.0,2.7,1
12074,2023,58.1,16.2,15.4,0
12074,2024,86.5,57.0,13.5,0
12074,2025,64.7,31.8,6.0,1
12075,2022,92.3,17.3,17.1,0
12075,2023,90.2,55.6,8.3,0
12075,2024,94.2,42.7,10.6,1
12075,2025,74.4,62.7,4.3,0
12076,2022,52.8,42.7,19.5,0
12076,2023,56.2,23.5,15.1,0
12076,2024,88.1,30.5,6.3,2
12076,2025,100.0,61.0,19.1,2
12077,2022,58.4,21.9,8.9,2
12077,2023,94.0,38.1,9.7,0
12077,2024,86.3,63.1,5.0,1
12077,2025,90.0,41.7,9.7,1
12078,2022,83.5,27.1,19.5,1
12078,2023,55.5,31.7,9.8,0
12078,2024,84.0,59.3,14.6,0
12078,2025,80.7,44.1,19.6,0
12079,2022,90.2,29.1,13.2,0
12079,2023,73.1,43.8,7.1,0
12079,2024,79.5,47.6,8.2,0
12079,2025,85.4,41.8,6.3,1
12080,2022,78.2,40.5,19.0,0
12080,2023,71.7,33.7,18.1,0
12080,2024,63.0,44.9,13.5,2
12080,2025,69.6,46.9,3.4,0
12081,2022,69.8,49.2,16.2,0
12081,2023,82.2,43.0,16.7,0
12081,2024,76.8,71.4,15.5,0
12081,2025,95.5,52.7,5.1,0
12082,2022,77.6,54.5,7.1,1
12082,2023,68.9,44.7,16.6,0
12082,2024,78.9,66.7,10.0,0
12082,2025,74.7,61.2,6.4,0
12083,2022,51.5,16.0,13.6,0
12083,2023,66.0,20.7,12.7,2
12083,2024,76.6,60.2,11.3,0
12083,2025,69.8,62.2,8.2,0
12084,2022,84.5,32.5,15.9,0
12084,2023,93.9,37.5,12.2,1
12084,2024,69.3,55.0,17.6,0
12084,2025,58.7,55.8,16.9,0
12085,2022,92.0,20.1,19.0,2
12085,2023,80.2,59.8,15.3,2
12085,2024,55.3,57.2,4.5,2
12085,2025,81.5,60.6,8.6,0
12086,2022,54.6,33.8,15.5,1
12086,2023,84.8,63.3,4.4,0
12086,2024,80.6,22.5,14.2,1
12086,2025,100.0,62.9,7.9,0
12087,2022,69.0,59.1,6.2,0
12087,2023,96.8,45.5,11.8,0
12087,2024,95.2,51.7,3.6,0
12087,2025,93.6,67.7,14.5,2
12088,2022,71.0,11.2,9.3,0
12088,2023,72.4,21.8,12.8,0
12088,2024,73.9,64.3,3.6,1
12088,2025,60.0,60.8,9.9,0
12089,2022,79.1,59.1,16.1,1
12089,2023,90.8,36.4,14.8,2
12089,2024,90.7,44.3,11.7,1
12089,2025,85.5,61.2,5.5,1
12090,2022,67.1,19.0,12.6,1
12090,2023,85.9,30.4,14.2,2
12090,2024,80.4,65.0,12.1,0
12090,2025,97.8,68.1,15.6,0
12091,2022,63.1,38.6,8.8,0
12091,2023,57.4,33.9,9.1,0
12091,2024,55.2,53.8,19.0,0
12091,2025,93.2,36.6,18.4,0
12092,2022,78.8,31.7,5.3,0
12092,2023,55.4,41.2,6.4,0
12092,2024,95.3,45.1,12.2,1
12092,2025,80.4,48.9,12.0,2
12093,2022,72.1,28.8,3.4,2
12093,2023,85.4,44.9,18.5,0
12093,2024,85.5,39.9,15.9,0
12093,2025,69.0,57.5,16.3,0
12094,2022,80.9,36.0,14.4,0
12094,2023,93.7,33.7,5.0,1
12094,2024,73.8,61.2,8.6,0
12094,2025,71.4,30.1,7.9,0
12095,2022,52.9,23.5,19.8,2
12095,2023,81.5,40.8,4.0,0
12095,2024,91.3,67.6,12.0,0
12095,2025,100.0,31.6,15.9,0
12096,2022,79.4,39.2,9.3,0
12096,2023,74.0,24.5,11.5,0
12096,2024,99.9,22.6,5.0,0
12096,2025,66.1,71.3,5.7,0
12097,2022,84.0,53.8,14.5,0
12097,2023,68.2,29.7,15.0,0
12097,2024,96.4,65.0,12.0,0
12097,2025,93.3,46.9,18.3,0
12098,2022,66.0,12.4,8.7,1
12098,2023,89.7,27.2,15.1,0
12098,2024,97.7,54.5,15.1,2
12098,2025,69.6,38.3,10.3,2
12099,2022,77.4,38.9,16.9,0
12099,2023,72.6,25.1,11.5,0
12099,2024,99.4,32.4,13.3,0
12099,2025,100.0,61.8,2.8,1
12100,2022,55.0,53.5,14.4,1
12100,2023,78.8,53.4,13.7,2
12100,2024,80.5,24.9,18.3,0
12100,2025,99.2,74.2,4.5,2
12101,2022,87.4,18.0,5.4,2
12101,2023,66.3,52.4,10.7,0
12101,2024,80.1,58.4,8.2,2
12101,2025,75.7,50.6,4.5,0
12102,2022,67.0,38.2,4.8,0
12102,2023,87.6,20.8,14.9,0
12102,2024,83.8,70.6,15.5,0
12102,2025,67.0,31.2,18.1,0
12103,2022,79.8,55.5,7.6,0
12103,2023,74.8,28.5,10.2,0
12103,2024,71.4,41.6,4.5,1
12103,2025,60.7,65.9,4.2,2
12104,2022,94.6,54.0,2.2,0
12104,2023,93.9,50.8,5.0,1
12104,2024,69.6,28.1,7.0,1
12104,2025,84.2,45.6,12.2,2
12105,2022,91.5,40.5,13.2,0
12105,2023,77.4,65.3,11.9,0
12105,2024,61.8,42.3,2.6,0
12105,2025,80.3,43.1,11.4,0
12106,2022,65.1,24.0,10.1,0
12106,2023,74.5,58.7,15.9,0
12106,2024,95.7,30.5,18.3,0
12106,2025,77.1,60.2,13.9,0
12107,2022,88.4,52.4,14.8,1
12107,2023,63.7,58.7,9.0,1
12107,2024,83.5,28.5,12.7,0
12107,2025,78.0,67.7,11.8,2
12108,2022,96.7,56.0,19.5,2
12108,2023,52.5,55.1,15.2,1
12108,2024,72.5,57.1,7.0,0
12108,2025,96.5,53.8,18.0,0
12109,2022,68.8,48.4,11.7,0
12109,2023,62.9,44.8,4.9,0
12109,2024,96.0,42.4,17.0,2
12109,2025,85.9,52.7,11.5,0
12110,2022,76.7,42.7,3.4,2
12110,2023,71.7,44.0,9.0,0
12110,2024,62.6,55.5,10.8,2
12110,2025,85.1,77.1,7.0,0
12111,2022,74.3,23.1,7.3,0
12111,2023,71.8,65.8,4.3,0
12111,2024,58.7,24.7,14.8,0
12111,2025,88.7,58.4,3.0,2
12112,2022,80.3,56.7,7.1,0
12112,2023,79.3,21.1,5.8,2
12112,2024,61.3,71.5,10.1,0
12112,2025,72.0,73.9,16.1,0
12113,2022,72.6,52.7,7.4,0
12113,2023,87.8,42.3,17.7,0
12113,2024,65.7,32.7,17.6,2
12113,2025,95.9,32.5,9.3,1
12114,2022,65.3,13.2,16.9,0
12114,2023,84.5,45.4,7.4,1
12114,2024,100.0,57.1,6.7,2
12114,2025,91.8,39.0,17.6,1
12115,2022,53.3,34.5,14.1,2
12115,2023,70.6,42.4,6.4,0
12115,2024,82.8,66.8,2.5,2
12115,2025,89.8,34.3,15.5,2
12116,2022,66.6,49.9,7.6,2
12116,2023,73.1,54.6,3.8,0
12116,2024,73.0,56.1,7.2,1
12116,2025,91.0,40.4,9.8,2
12117,2022,93.9,12.6,5.9,1
12117,2023,89.9,55.1,3.1,0
12117,2024,67.6,50.0,8.0,0
12117,2025,83.4,59.4,11.0,0
12118,2022,73.0,52.6,16.3,0
12118,2023,53.2,22.6,16.1,2
12118,2024,100.0,32.3,4.9,2
12118,2025,79.9,49.0,10.4,2
12119,2022,95.3,27.7,17.6,0
12119,2023,84.4,63.5,2.9,0
12119,2024,89.0,37.9,10.7,0
12119,2025,78.0,73.0,11.0,1
12120,2022,91.2,36.6,16.9,2
12120,2023,61.4,20.8,10.9,1
12120,2024,100.0,55.6,3.8,2
12120,2025,87.1,65.4,14.4,0
12121,2022,66.0,18.2,12.2,0
12121,2023,88.0,37.0,10.4,0
12121,2024,90.8,29.4,7.2,0
12121,2025,94.7,36.9,3.4,2
12122,2022,64.1,44.4,18.5,1
12122,2023,53.7,40.8,17.2,0
12122,2024,97.7,23.6,18.9,0
12122,2025,95.8,74.7,18.9,0
12123,2022,69.3,44.5,5.1,1
12123,2023,60.5,18.6,7.8,2
12123,2024,77.5,58.0,10.6,2
12123,2025,72.2,69.9,9.3,0
12124,2022,59.3,30.3,19.4,1
12124,2023,75.8,53.7,7.3,0
12124,2024,94.8,36.5,4.2,2
12124,2025,85.4,34.1,10.4,0
12125,2022,73.4,58.5,11.2,0
12125,2023,100.0,16.2,9.4,0
12125,2024,91.5,48.2,16.2,0
12125,2025,63.8,32.9,10.9,0
12126,2022,70.0,39.8,7.5,0
12126,2023,74.8,16.2,10.8,0
12126,2024,84.3,25.1,18.2,0
12126,2025,90.2,63.3,17.5,0
12127,2022,65.6,50.5,13.8,1
12127,2023,70.1,55.7,13.7,2
12127,2024,60.0,30.7,12.8,1
12127,2025,61.8,28.3,6.1,0
12128,2022,86.4,47.5,13.1,0
12128,2023,97.0,25.2,12.8,0
12128,2024,64.4,37.9,12.2,0
12128,2025,100.0,41.7,16.5,1
12129,2022,66.5,56.6,2.8,0
12129,2023,94.8,59.9,10.2,0
12129,2024,56.3,44.7,3.0,0
12129,2025,61.8,67.6,16.3,0
12130,2022,70.9,47.3,6.2,0
12130,2023,93.2,39.5,8.6,0
12130,2024,76.6,26.8,7.9,0
12130,2025,97.8,66.7,18.9,1
12131,2022,66.4,43.9,8.1,2
12131,2023,58.9,23.8,2.9,1
12131,2024,99.4,46.3,2.7,0
12131,2025,61.2,67.8,5.9,2
12132,2022,83.9,48.4,3.6,1
12132,2023,94.9,64.6,16.3,1
12132,2024,60.8,45.2,14.1,2
12132,2025,82.4,69.3,16.0,0
12133,2022,52.5,10.4,11.6,1
12133,2023,74.5,48.1,10.5,0
12133,2024,92.8,35.9,8.5,1
12133,2025,72.1,35.8,16.6,0
12134,2022,61.2,46.9,2.0,1
12134,2023,64.6,34.6,11.3,1
12134,2024,93.0,52.7,8.7,1
12134,2025,100.0,69.5,4.8,0
12135,2022,61.0,36.9,14.8,1
12135,2023,55.8,38.0,6.8,0
12135,2024,61.0,53.0,9.5,0
12135,2025,87.7,77.8,7.2,1
12136,2022,82.5,16.3,13.0,1
12136,2023,74.1,29.6,2.2,1
12136,2024,58.8,68.7,13.8,1
12136,2025,100.0,77.7,9.4,0
12137,2022,94.6,37.9,14.9,0
12137,2023,71.4,16.9,17.1,1
12137,2024,94.4,63.5,11.3,0
12137,2025,100.0,59.5,17.6,0
12138,2022,74.4,36.3,4.4,0
12138,2023,81.4,64.3,2.6,2
12138,2024,90.2,28.7,17.9,0
12138,2025,100.0,45.2,4.1,0
12139,2022,54.3,41.3,5.3,2
12139,2023,55.0,16.2,4.2,1
12139,2024,87.4,65.3,5.1,0
12139,2025,59.8,66.1,18.2,1
12140,2022,55.0,21.7,17.3,1
12140,2023,72.8,31.4,6.8,0
12140,2024,63.7,37.3,14.7,0
12140,2025,100.0,71.1,16.2,2
12141,2022,65.9,26.1,4.8,2
12141,2023,80.2,30.0,6.1,2
12141,2024,55.5,59.0,10.6,0
12141,2025,82.1,56.9,13.5,2
12142,2022,88.9,28.0,9.6,0
12142,2023,99.0,44.8,16.1,2
12142,2024,87.6,68.0,19.8,0
12142,2025,67.2,50.5,17.6,1
12143,2022,67.4,10.2,17.3,1
12143,2023,60.0,52.7,5.6,0
12143,2024,71.2,71.9,18.3,0
12143,2025,84.4,30.6,19.8,0
12144,2022,73.4,40.6,12.2,2
12144,2023,94.4,35.9,15.7,2
12144,2024,64.8,50.2,12.8,0
12144,2025,78.3,43.4,19.9,1
12145,2022,80.3,47.7,12.9,2
12145,2023,99.6,20.7,10.5,0
12145,2024,65.3,26.5,4.8,0
12145,2025,97.5,55.0,17.2,2
12146,2022,79.7,26.0,5.6,0
12146,2023,58.9,62.2,14.2,1
12146,2024,92.6,31.6,6.4,0
12146,2025,65.9,66.8,14.6,0
12147,2022,83.6,58.7,2.8,0
12147,2023,64.0,32.3,5.2,2
12147,2024,77.5,67.9,15.0,2
12147,2025,95.1,43.8,12.6,1
12148,2022,80.4,37.7,12.0,0
12148,2023,88.0,16.0,3.7,2
12148,2024,93.6,35.2,17.5,0
12148,2025,59.2,30.6,13.4,0
12149,2022,73.1,11.5,12.4,2
12149,2023,99.8,65.8,19.3,0
12149,2024,93.2,60.2,11.9,0
12149,2025,75.1,44.8,16.5,1
12150,2022,63.7,44.1,5.9,0
12150,2023,86.3,42.3,7.9,0
12150,2024,61.6,67.9,13.9,0
12150,2025,99.9,40.5,13.3,2
12151,2022,53.9,35.6,3.6,1
12151,2023,79.3,16.3,3.0,1
12151,2024,95.6,58.4,5.8,0
12151,2025,92.1,56.9,11.6,0
12152,2022,73.3,41.2,15.9,0
12152,2023,63.5,52.3,9.0,2
12152,2024,83.8,41.1,6.5,0
12152,2025,100.0,35.8,12.6,2
12153,2022,54.6,19.2,3.8,0
12153,2023,54.0,52.6,5.1,0
12153,2024,75.1,71.7,10.2,0
12153,2025,85.9,50.5,19.4,0
12154,2022,67.2,18.6,7.9,2
12154,2023,87.0,19.5,17.3,0
12154,2024,80.1,46.1,19.6,0
12154,2025,74.2,63.8,16.8,0
12155,2022,88.1,40.1,10.0,0
12155,2023,57.3,30.6,16.6,2
12155,2024,56.9,51.7,2.8,0
12155,2025,60.2,55.2,17.6,0
12156,2022,89.1,20.8,10.8,0
12156,2023,90.8,36.5,10.1,2
12156,2024,94.9,65.8,15.2,0
12156,2025,71.1,65.6,18.8,0
12157,2022,73.6,56.5,6.6,1
12157,2023,67.8,60.6,9.6,0
12157,2024,83.2,34.4,13.7,0
12157,2025,98.1,71.1,12.9,2
12158,2022,51.0,40.8,6.2,2
12158,2023,79.8,64.1,2.3,0
12158,2024,64.7,31.8,4.9,0
12158,2025,99.3,45.2,2.7,0
12159,2022,95.9,30.0,3.1,0
12159,2023,92.2,17.2,6.4,1
12159,2024,56.6,46.0,15.0,0
12159,2025,72.0,75.2,6.6,2
12160,2022,61.0,50.8,6.1,0
12160,2023,92.2,26.0,13.5,0
12160,2024,55.9,36.1,12.1,0
12160,2025,100.0,76.8,11.1,0
12161,2022,78.2,13.0,13.6,0
12161,2023,88.2,38.7,8.4,1
12161,2024,76.9,66.3,2.3,2
12161,2025,91.4,62.9,9.7,0
12162,2022,66.1,59.1,8.6,0
12162,2023,84.2,64.8,15.9,2
12162,2024,75.7,59.6,3.6,0
12162,2025,100.0,52.3,16.1,0
12163,2022,94.7,41.2,14.8,0
12163,2023,79.9,55.7,8.0,1
12163,2024,92.1,36.6,13.3,2
12163,2025,93.1,50.9,11.5,0
12164,2022,83.9,43.4,5.8,0
12164,2023,99.3,29.6,18.3,0
12164,2024,97.1,54.9,5.4,0
12164,2025,93.3,35.3,4.5,0
12165,2022,53.8,31.0,9.4,0
12165,2023,69.5,21.1,15.4,2
12165,2024,71.5,64.2,6.0,2
12165,2025,82.1,43.1,17.6,0
12166,2022,91.1,56.3,12.4,0
12166,2023,84.8,55.4,5.4,0
12166,2024,92.0,37.8,11.8,0
12166,2025,59.5,58.2,6.2,0
12167,2022,52.6,32.0,5.6,0
12167,2023,97.1,56.3,4.8,0
12167,2024,65.1,56.3,12.6,1
12167,2025,95.6,60.7,2.2,2
12168,2022,76.3,46.3,19.2,0
12168,2023,69.3,37.1,2.5,1
12168,2024,91.7,42.7,18.7,0
12168,2025,100.0,45.6,8.0,1
12169,2022,62.4,18.0,12.3,1
12169,2023,69.4,34.1,11.0,2
12169,2024,69.1,53.6,7.5,0
12169,2025,88.4,43.7,7.6,0
12170,2022,84.8,19.7,4.4,1
12170,2023,75.5,63.9,8.1,0
12170,2024,65.3,51.1,13.4,0
12170,2025,72.9,29.6,12.7,0
12171,2022,85.9,49.1,17.4,1
12171,2023,94.9,49.7,6.0,0
12171,2024,79.4,41.4,4.9,0
12171,2025,69.4,62.9,16.5,1
12172,2022,82.0,55.7,16.5,2
12172,2023,83.2,26.8,15.1,0
12172,2024,98.6,48.4,4.5,0
12172,2025,71.2,66.6,18.2,2
12173,2022,89.2,14.2,9.2,0
12173,2023,84.7,53.6,8.4,1
12173,2024,95.3,60.2,4.7,0
12173,2025,62.4,55.6,5.2,2
12174,2022,89.7,49.2,3.7,0
12174,2023,75.4,49.5,11.6,2
12174,2024,92.2,38.2,8.8,0
12174,2025,69.2,35.3,4.7,0
12175,2022,66.7,58.1,14.2,2
12175,2023,72.4,44.8,7.9,0
12175,2024,81.4,57.6,14.2,2
12175,2025,82.0,55.0,16.4,2
12176,2022,61.4,47.2,13.3,0
12176,2023,95.9,23.6,2.2,0
12176,2024,100.0,33.1,7.1,0
12176,2025,68.9,70.7,2.5,0
12177,2022,68.8,12.7,8.4,0
12177,2023,91.1,38.8,17.1,0
12177,2024,92.6,31.5,16.6,2
12177,2025,100.0,56.5,4.9,2
12178,2022,95.5,33.3,14.2,0
12178,2023,94.5,52.9,17.8,0
12178,2024,83.2,37.4,17.6,0
12178,2025,73.7,49.1,16.5,0
12179,2022,75.1,21.7,6.4,0
12179,2023,89.5,21.1,19.5,2
12179,2024,60.0,33.3,14.9,0
12179,2025,91.3,72.9,14.5,0
12180,2022,93.0,34.2,18.5,2
12180,2023,62.6,42.9,8.2,0
12180,2024,93.9,59.0,10.1,2
12180,2025,100.0,71.2,9.8,0
12181,2022,53.2,11.2,4.1,0
12181,2023,98.5,22.2,7.2,0
12181,2024,79.1,43.4,14.7,0
12181,2025,79.5,38.0,2.7,0
12182,2022,78.9,33.7,10.3,2
12182,2023,62.8,46.7,15.0,0
12182,2024,86.9,46.5,15.2,2
12182,2025,96.3,62.0,18.5,2
12183,2022,65.5,11.0,12.1,0
12183,2023,64.8,43.1,5.7,0
12183,2024,98.9,58.0,15.9,0
12183,2025,79.9,77.8,11.1,1
12184,2022,80.2,15.3,16.7,0
12184,2023,93.6,16.6,6.0,0
12184,2024,89.4,36.5,2.1,2
12184,2025,72.9,44.4,7.1,0
12185,2022,51.0,50.4,5.3,1
12185,2023,75.0,28.6,14.9,0
12185,2024,66.9,34.3,11.0,1
12185,2025,77.6,71.5,8.7,0
12186,2022,72.0,31.5,3.4,0
12186,2023,94.1,48.9,5.8,1
12186,2024,91.8,32.4,18.7,1
12186,2025,66.9,58.1,5.7,0
12187,2022,65.2,54.7,12.4,0
12187,2023,80.5,52.6,16.8,0
12187,2024,82.1,29.0,7.2,1
12187,2025,83.7,34.6,16.4,2
12188,2022,95.7,15.1,7.8,1
12188,2023,85.7,62.0,12.4,0
12188,2024,59.7,52.5,7.1,0
12188,2025,100.0,28.9,12.4,2
12189,2022,72.2,51.9,5.8,0
12189,2023,80.4,32.3,16.6,0
12189,2024,94.3,55.8,10.7,0
12189,2025,67.7,70.6,18.5,0
12190,2022,74.6,47.7,13.3,2
12190,2023,93.8,57.1,16.9,0
12190,2024,90.4,62.2,17.3,0
12190,2025,74.3,35.5,11.5,0
12191,2022,78.3,29.4,14.9,0
12191,2023,52.9,61.7,12.0,2
12191,2024,57.3,26.7,2.4,0
12191,2025,62.9,76.8,14.9,0
12192,2022,83.3,21.3,19.9,0
12192,2023,82.3,46.9,17.7,0
12192,2024,99.0,38.4,2.9,0
12192,2025,91.5,77.1,18.8,2
12193,2022,70.2,36.2,5.6,2
12193,2023,94.1,23.5,3.0,2
12193,2024,57.1,64.3,2.2,1
12193,2025,58.0,48.1,9.6,0
12194,2022,62.0,52.6,7.4,1
12194,2023,58.6,38.2,5.2,0
12194,2024,68.0,68.7,3.6,0
12194,2025,72.2,30.8,8.4,0
12195,2022,71.9,59.2,6.1,0
12195,2023,81.8,39.2,13.5,2
12195,2024,71.9,40.5,8.8,0
12195,2025,100.0,30.1,10.1,0
12196,2022,76.0,21.4,15.8,2
12196,2023,94.6,31.6,8.3,2
12196,2024,93.5,58.4,5.0,2
12196,2025,59.8,62.9,7.3,0
12197,2022,72.6,54.3,14.2,0
12197,2023,91.2,63.0,4.1,1
12197,2024,98.5,58.3,13.8,0
12197,2025,87.9,62.5,15.1,1
12198,2022,94.7,55.0,13.6,2
12198,2023,84.3,22.5,8.5,2
12198,2024,65.0,25.9,13.8,1
12198,2025,84.3,63.4,17.0,0
12199,2022,86.3,25.5,7.7,0
12199,2023,84.5,37.2,6.8,0
12199,2024,59.0,52.4,19.2,2
12199,2025,68.9,75.5,18.0,1
12200,2022,83.0,53.7,6.9,0
12200,2023,77.9,52.7,5.1,2
12200,2024,56.5,43.5,9.6,2
12200,2025,92.9,67.6,11.1,0
12201,2022,53.8,19.0,5.0,0
12201,2023,61.4,56.4,2.4,0
12201,2024,98.4,45.8,16.7,0
12201,2025,72.6,41.1,18.6,2
12202,2022,51.6,33.2,3.2,0
12202,2023,53.3,55.4,17.1,1
12202,2024,99.9,54.9,10.0,1
12202,2025,75.4,34.8,5.2,0
12203,2022,79.8,44.6,9.0,0
12203,2023,72.4,57.7,17.6,1
12203,2024,65.2,29.5,4.2,0
12203,2025,99.6,31.1,3.8,2
12204,2022,95.6,12.8,19.4,0
12204,2023,99.9,17.1,7.3,1
12204,2024,57.0,22.9,17.5,2
12204,2025,59.9,68.2,12.1,0
12205,2022,91.2,46.9,6.3,2
12205,2023,61.0,63.1,7.3,2
12205,2024,82.0,39.8,9.4,0
12205,2025,85.3,63.4,4.7,0
12206,2022,81.8,30.5,14.8,1
12206,2023,54.3,44.0,9.5,2
12206,2024,69.8,43.9,18.0,2
12206,2025,82.2,48.8,18.5,2
12207,2022,58.4,22.3,18.4,0
12207,2023,97.8,45.1,13.7,0
12207,2024,94.8,35.1,10.6,1
12207,2025,64.2,35.0,3.5,0
12208,2022,82.2,47.5,15.6,0
12208,2023,72.2,48.3,3.6,0
12208,2024,70.0,36.7,5.3,0
12208,2025,71.5,59.5,17.2,0
12209,2022,81.8,11.3,17.4,0
12209,2023,95.9,65.4,9.8,0
12209,2024,95.1,30.7,15.0,1
12209,2025,74.3,75.1,6.0,0
12210,2022,84.0,13.4,18.1,0
12210,2023,77.8,51.4,13.8,1
12210,2024,76.1,33.1,17.4,2
12210,2025,71.7,76.3,9.1,1
12211,2022,53.9,25.8,2.7,2
12211,2023,61.7,18.0,19.9,1
12211,2024,82.2,23.7,15.7,1
12211,2025,92.5,70.8,5.0,0
12212,2022,51.8,13.5,13.5,1
12212,2023,70.7,57.4,19.0,1
12212,2024,63.0,29.5,18.2,0
12212,2025,86.4,41.8,18.9,2
12213,2022,91.5,59.1,4.0,0
12213,2023,97.1,52.2,17.4,1
12213,2024,97.5,29.3,18.0,2
12213,2025,99.4,41.5,5.3,2
12214,2022,78.8,33.8,14.7,2
12214,2023,64.2,60.3,14.5,0
12214,2024,90.9,57.6,14.4,0
12214,2025,92.3,62.8,12.3,0
12215,2022,58.0,28.0,6.3,2
12215,2023,61.9,48.7,3.9,0
12215,2024,60.2,30.6,6.4,0
12215,2025,81.4,56.5,18.5,1
12216,2022,65.4,38.0,6.1,0
12216,2023,95.7,50.4,9.8,1
12216,2024,56.8,34.1,9.9,0
12216,2025,73.1,33.8,18.6,2
12217,2022,92.0,58.4,4.1,0
12217,2023,100.0,23.7,10.6,1
12217,2024,89.7,38.9,16.6,0
12217,2025,100.0,71.6,3.1,1
12218,2022,50.8,39.7,15.4,0
12218,2023,89.5,26.8,3.7,0
12218,2024,77.2,46.0,10.1,0
12218,2025,90.6,70.0,4.8,0
12219,2022,70.6,59.5,9.0,0
12219,2023,79.8,48.2,2.7,0
12219,2024,67.5,34.7,17.2,0
12219,2025,85.1,68.6,4.4,0
12220,2022,64.0,50.4,5.4,2
12220,2023,66.0,60.5,10.2,0
12220,2024,70.7,28.8,2.4,2
12220,2025,67.1,46.3,18.6,0
12221,2022,60.7,21.7,9.4,1
12221,2023,97.2,26.8,11.5,2
12221,2024,76.8,40.3,17.7,1
12221,2025,87.0,30.4,12.4,1
12222,2022,77.4,52.4,3.4,0
12222,2023,65.2,58.6,16.5,0
12222,2024,55.0,69.2,18.5,2
12222,2025,62.5,31.5,16.5,1
12223,2022,89.9,38.6,5.4,0
12223,2023,57.7,16.3,10.7,0
12223,2024,64.9,51.5,7.4,0
12223,2025,100.0,32.9,12.8,0
12224,2022,88.8,29.3,17.1,0
12224,2023,55.1,32.2,9.2,2
12224,2024,85.9,38.5,12.7,0
12224,2025,82.3,37.6,2.2,0
12225,2022,67.5,15.2,8.3,0
12225,2023,76.4,16.8,13.2,0
12225,2024,62.3,59.5,19.8,0
12225,2025,100.0,73.8,7.0,0
12226,2022,58.2,54.7,5.1,2
12226,2023,61.4,47.7,18.1,0
12226,2024,72.7,28.1,12.1,1
12226,2025,67.7,56.4,19.9,0
12227,2022,65.0,14.9,6.6,0
12227,2023,54.4,41.6,5.5,2
12227,2024,84.5,64.9,8.4,1
12227,2025,69.1,38.0,12.4,0
12228,2022,96.6,56.7,3.4,0
12228,2023,58.0,35.3,9.0,0
12228,2024,58.7,32.9,3.2,2
12228,2025,65.9,53.1,13.8,0
12229,2022,76.0,53.5,8.2,0
12229,2023,88.4,29.5,19.5,1
12229,2024,81.8,30.6,3.9,0
12229,2025,98.8,60.0,18.1,2
12230,2022,78.5,44.6,2.5,0
12230,2023,59.2,19.6,13.8,0
12230,2024,63.9,34.6,19.1,0
12230,2025,74.7,34.0,14.7,0
12231,2022,94.2,45.5,2.6,0
12231,2023,74.6,42.4,13.8,0
12231,2024,97.0,66.8,7.2,0
12231,2025,61.1,61.8,15.1,0
12232,2022,83.0,23.6,10.1,1
12232,2023,74.9,32.9,13.1,2
12232,2024,63.3,43.0,2.4,1
12232,2025,61.4,32.9,7.0,0
12233,2022,65.1,56.1,7.4,0
12233,2023,91.9,50.9,10.1,0
12233,2024,85.7,58.3,17.9,0
12233,2025,79.7,61.0,8.6,0
12234,2022,90.6,32.2,14.7,0
12234,2023,61.2,35.0,8.4,0
12234,2024,68.4,49.5,5.6,0
12234,2025,84.1,64.9,10.3,2
12235,2022,78.3,27.8,6.4,0
12235,2023,67.9,40.7,2.9,1
12235,2024,79.2,54.6,5.9,0
12235,2025,63.3,41.8,3.5,2
12236,2022,50.5,51.7,2.9,0
12236,2023,95.9,26.7,15.3,0
12236,2024,76.2,65.1,14.5,2
12236,2025,68.6,28.2,4.8,2
12237,2022,65.8,42.2,2.7,2
12237,2023,77.3,39.7,2.4,1
12237,2024,100.0,34.4,15.2,0
12237,2025,92.1,75.4,9.6,0
12238,2022,95.5,20.7,9.7,0
12238,2023,57.9,40.6,3.1,2
12238,2024,63.6,49.9,16.4,2
12238,2025,74.9,75.8,7.3,2
12239,2022,61.7,41.9,9.6,0
12239,2023,98.4,19.6,10.0,0
12239,2024,63.2,42.8,17.9,1
12239,2025,65.7,71.3,17.0,1
12240,2022,73.4,48.0,7.9,0
12240,2023,86.0,18.6,3.3,0
12240,2024,73.2,51.2,12.0,0
12240,2025,59.6,33.8,6.9,1
12241,2022,86.8,14.9,7.6,2
12241,2023,97.9,64.1,17.9,2
12241,2024,93.9,57.0,15.3,0
12241,2025,97.8,33.4,9.0,1
12242,2022,90.7,26.9,13.7,1
12242,2023,89.0,50.0,5.4,1
12242,2024,93.7,67.3,14.0,0
12242,2025,61.2,31.3,3.1,0
12243,2022,52.6,14.2,13.8,0
12243,2023,56.1,21.6,18.0,0
12243,2024,83.4,49.2,12.4,0
12243,2025,69.1,51.2,8.1,1
12244,2022,51.4,18.2,12.1,1
12244,2023,56.2,42.8,8.0,0
12244,2024,58.3,39.1,7.2,2
12244,2025,87.6,36.4,2.1,1
12245,2022,56.9,11.7,6.5,2
12245,2023,93.1,21.0,18.1,0
12245,2024,100.0,41.4,5.2,2
12245,2025,78.7,53.7,13.4,1
12246,2022,75.8,21.2,13.0,0
12246,2023,65.0,55.0,6.1,0
12246,2024,86.5,50.5,15.9,2
12246,2025,100.0,66.4,9.9,2
12247,2022,58.7,29.9,16.3,0
12247,2023,98.3,60.5,2.2,2
12247,2024,65.6,62.0,4.7,2
12247,2025,70.3,55.7,8.8,2
12248,2022,93.8,44.1,10.6,0
12248,2023,81.0,23.4,11.8,0
12248,2024,56.5,60.6,16.2,2
12248,2025,96.0,58.4,18.3,0
12249,2022,80.8,20.0,7.7,2
12249,2023,88.2,29.6,18.0,2
12249,2024,62.8,67.8,6.8,0
12249,2025,99.4,37.7,3.3,1
12250,2022,87.6,31.8,12.4,0
12250,2023,98.5,58.0,14.0,0
12250,2024,74.6,37.7,7.3,0
12250,2025,82.4,36.2,5.1,2
12251,2022,83.7,34.7,3.7,2
12251,2023,57.5,25.5,9.9,0
12251,2024,65.1,71.2,9.4,1
12251,2025,71.3,60.6,7.1,0
12252,2022,95.4,35.3,6.0,1
12252,2023,52.6,37.9,2.7,0
12252,2024,100.0,52.9,14.4,2
12252,2025,76.5,45.9,9.0,2
12253,2022,81.1,20.8,5.9,0
12253,2023,72.2,28.9,11.3,0
12253,2024,92.6,27.4,17.9,0
12253,2025,100.0,72.8,6.2,1
12254,2022,71.5,57.4,13.0,2
12254,2023,61.1,28.2,18.5,0
12254,2024,65.7,70.9,8.9,0
12254,2025,70.3,55.6,19.1,2
12255,2022,60.6,22.0,2.2,0
12255,2023,53.1,41.3,4.1,0
12255,2024,96.4,25.8,11.6,0
12255,2025,90.2,35.0,11.0,2
12256,2022,74.8,21.1,19.7,0
12256,2023,59.6,61.7,4.6,1
12256,2024,57.0,69.5,19.8,0
12256,2025,76.0,48.5,17.3,2
12257,2022,50.3,22.1,6.0,0
12257,2023,55.2,32.2,8.6,0
12257,2024,58.5,38.6,4.2,0
12257,2025,96.7,55.6,18.4,2
12258,2022,84.9,18.5,8.9,0
12258,2023,67.4,44.9,2.7,0
12258,2024,69.6,40.5,12.4,2
12258,2025,74.0,59.2,6.6,0
12259,2022,77.1,38.3,8.9,1
12259,2023,93.8,39.0,10.5,0
12259,2024,77.9,28.0,3.4,0
12259,2025,64.6,35.9,10.8,2
12260,2022,57.6,27.3,7.2,2
12260,2023,55.2,53.0,14.8,0
12260,2024,90.5,38.7,6.6,1
12260,2025,76.7,42.0,19.0,0
12261,2022,94.1,49.7,15.4,0
12261,2023,67.4,59.6,4.2,0
12261,2024,93.3,58.2,4.5,0
12261,2025,81.3,50.4,8.5,0
12262,2022,90.7,20.6,2.5,0
12262,2023,79.4,65.7,2.9,2
12262,2024,64.2,38.9,14.9,1
12262,2025,96.0,49.6,7.9,2
12263,2022,50.3,36.1,5.7,0
12263,2023,76.7,44.2,8.6,0
12263,2024,64.4,23.0,19.7,0
12263,2025,73.7,72.9,18.2,0
12264,2022,69.6,54.0,6.6,1
12264,2023,79.4,22.2,3.4,2
12264,2024,72.0,64.5,7.9,1
12264,2025,88.4,35.8,2.2,1
12265,2022,59.0,22.1,6.0,0
12265,2023,90.4,42.0,13.2,0
12265,2024,83.9,70.8,3.6,0
12265,2025,74.4,52.1,5.1,1
12266,2022,75.5,29.3,9.8,0
12266,2023,71.9,41.9,14.9,0
12266,2024,97.0,33.6,11.5,2
12266,2025,83.7,74.6,15.2,0
12267,2022,87.9,56.8,3.7,2
12267,2023,90.7,49.8,4.9,0
12267,2024,90.2,29.7,18.0,0
12267,2025,93.5,52.3,19.3,0
12268,2022,60.8,29.1,16.8,0
12268,2023,94.3,65.8,15.0,1
12268,2024,89.0,24.6,2.9,2
12268,2025,60.1,40.9,20.0,0
12269,2022,81.1,34.6,5.8,0
12269,2023,75.6,57.3,9.4,0
12269,2024,61.8,58.5,13.3,0
12269,2025,80.2,75.8,11.8,2
12270,2022,94.3,20.5,19.8,0
12270,2023,94.5,21.1,12.7,2
12270,2024,59.1,51.5,6.0,2
12270,2025,78.6,49.6,12.1,1
12271,2022,74.5,26.6,7.9,0
12271,2023,85.7,54.8,14.0,0
12271,2024,91.8,49.4,2.7,1
12271,2025,97.3,44.1,7.0,0
12272,2022,78.6,36.9,11.9,0
12272,2023,94.8,62.6,16.0,1
12272,2024,81.7,35.1,17.0,0
12272,2025,58.6,50.6,18.5,2
12273,2022,72.0,24.4,8.8,2
12273,2023,60.2,44.8,12.6,0
12273,2024,82.6,67.1,12.5,0
12273,2025,90.2,60.6,18.2,1
12274,2022,82.7,19.7,17.2,0
12274,2023,76.0,22.5,9.6,2
12274,2024,89.4,23.8,12.7,1
12274,2025,63.0,70.0,18.5,0
12275,2022,95.5,33.6,20.0,0
12275,2023,93.0,37.1,15.3,0
12275,2024,96.0,35.2,3.2,2
12275,2025,59.1,49.5,18.1,0
12276,2022,61.0,27.6,10.6,0
12276,2023,57.3,53.2,8.3,2
12276,2024,96.5,57.3,7.2,0
12276,2025,93.5,50.3,16.5,0
12277,2022,54.6,42.7,18.2,0
12277,2023,71.8,45.5,14.3,0
12277,2024,79.6,54.1,3.1,0
12277,2025,91.8,66.0,19.8,0
12278,2022,64.1,14.6,12.0,1
12278,2023,66.4,57.6,16.9,1
12278,2024,80.5,36.1,15.0,0
12278,2025,82.7,47.1,8.0,0
12279,2022,55.4,23.8,18.5,0
12279,2023,86.7,57.3,7.5,0
12279,2024,63.6,65.5,19.6,0
12279,2025,98.3,35.0,19.7,0
12280,2022,87.1,36.1,2.8,0
12280,2023,99.6,35.1,4.3,1
12280,2024,63.2,31.1,6.2,0
12280,2025,100.0,55.8,8.6,0
12281,2022,85.2,28.3,13.8,0
12281,2023,94.8,51.8,8.6,0
12281,2024,56.6,63.8,18.9,0
12281,2025,72.9,28.7,10.6,0
12282,2022,51.4,37.4,12.0,0
12282,2023,61.2,45.0,13.3,0
12282,2024,97.4,37.9,9.7,2
12282,2025,77.2,68.1,13.4,0
12283,2022,82.2,55.5,3.6,0
12283,2023,75.7,54.2,11.0,0
12283,2024,77.7,48.4,7.9,0
12283,2025,88.7,28.6,5.6,1
12284,2022,70.9,31.1,2.7,1
12284,2023,53.5,50.7,16.1,0
12284,2024,93.4,30.0,4.2,0
12284,2025,70.6,66.8,5.1,1
12285,2022,82.2,40.7,5.0,0
12285,2023,84.1,32.6,19.6,0
12285,2024,61.9,64.4,6.6,0
12285,2025,65.4,60.2,5.4,1
12286,2022,71.5,25.2,19.4,0
12286,2023,68.9,25.9,13.3,0
12286,2024,68.1,29.8,14.3,0
12286,2025,72.3,77.3,16.7,0
12287,2022,62.2,53.4,11.8,0
12287,2023,57.8,50.4,11.8,0
12287,2024,59.2,45.5,20.0,2
12287,2025,99.7,70.4,14.4,0
12288,2022,89.1,45.2,14.8,2
12288,2023,76.2,43.9,3.6,0
12288,2024,70.4,61.0,4.1,2
12288,2025,90.5,34.0,11.1,1
12289,2022,55.2,53.7,15.1,2
12289,2023,57.4,22.4,15.6,2
12289,2024,61.8,67.2,16.1,0
12289,2025,90.7,39.0,14.8,2
12290,2022,89.4,29.4,4.1,2
12290,2023,78.2,54.0,17.0,0
12290,2024,63.1,27.7,15.8,0
12290,2025,73.7,76.7,8.7,0
12291,2022,89.5,47.5,9.4,0
12291,2023,77.1,29.0,12.0,0
12291,2024,76.7,66.4,19.9,0
12291,2025,89.1,30.1,15.4,2
12292,2022,67.0,10.5,17.1,0
12292,2023,52.7,32.2,5.7,2
12292,2024,100.0,27.1,11.1,0
12292,2025,91.6,69.0,12.1,2
12293,2022,96.0,29.2,2.8,0
12293,2023,93.3,47.0,4.0,2
12293,2024,72.9,63.1,5.9,0
12293,2025,75.7,35.6,17.9,0
12294,2022,56.9,58.7,16.0,0
12294,2023,91.3,48.6,10.8,0
12294,2024,84.7,25.3,16.1,0
12294,2025,69.8,55.0,11.4,1
12295,2022,96.1,53.5,18.6,0
12295,2023,89.4,60.9,7.1,2
12295,2024,97.4,59.4,4.1,1
12295,2025,65.9,76.6,2.9,0
12296,2022,78.4,35.0,9.9,0
12296,2023,100.0,36.2,7.5,0
12296,2024,71.8,33.0,19.4,0
12296,2025,76.9,50.9,17.9,1
12297,2022,75.8,52.9,9.7,2
12297,2023,54.6,18.7,2.3,0
12297,2024,65.8,33.2,3.7,2
12297,2025,73.0,76.6,5.9,0
12298,2022,50.4,49.5,9.1,0
12298,2023,67.7,29.9,16.4,2
12298,2024,81.2,63.9,17.4,0
12298,2025,58.4,35.2,20.0,1
12299,2022,75.5,43.3,11.6,0
12299,2023,90.9,26.0,19.1,0
12299,2024,62.0,48.6,13.8,0
12299,2025,100.0,59.6,10.6,0
12300,2022,69.9,46.7,4.4,2
12300,2023,73.5,61.3,18.5,0
12300,2024,79.7,61.7,18.1,0
12300,2025,76.4,42.9,17.8,0
12301,2022,81.3,52.2,19.3,0
12301,2023,61.0,19.1,16.7,2
12301,2024,99.2,58.8,2.1,0
12301,2025,99.2,52.2,14.9,1
12302,2022,80.9,32.0,9.5,0
12302,2023,90.4,51.0,19.0,1
12302,2024,89.0,25.0,16.1,1
12302,2025,80.3,71.6,16.5,0
12303,2022,57.5,22.9,4.0,2
12303,2023,68.1,56.7,10.4,0
12303,2024,97.5,38.1,10.2,2
12303,2025,89.5,64.7,10.9,1
12304,2022,91.5,56.0,16.3,2
12304,2023,94.6,50.6,6.0,0
12304,2024,80.3,33.7,5.2,0
12304,2025,78.5,63.0,17.4,0
12305,2022,70.6,45.0,17.0,1
12305,2023,73.8,62.2,14.0,2
12305,2024,100.0,34.8,3.1,0
12305,2025,64.7,76.5,15.0,0
12306,2022,57.3,44.3,3.9,0
12306,2023,71.1,31.9,9.1,0
12306,2024,93.5,47.5,17.1,1
12306,2025,98.4,66.1,2.6,0
12307,2022,89.6,12.4,13.4,1
12307,2023,80.4,32.8,11.9,1
12307,2024,96.2,66.3,8.8,2
12307,2025,66.8,33.3,5.8,1
12308,2022,78.7,36.4,5.0,2
12308,2023,68.3,44.8,17.1,2
12308,2024,68.1,36.3,4.0,0
12308,2025,62.3,48.2,19.4,0
12309,2022,67.5,55.5,5.5,0
12309,2023,54.2,19.0,15.0,2
12309,2024,71.9,30.1,12.0,0
12309,2025,80.3,73.1,8.7,0
12310,2022,67.2,19.0,18.5,0
12310,2023,89.5,24.7,2.6,0
12310,2024,68.5,51.2,15.8,0
12310,2025,61.1,77.2,15.3,0
12311,2022,59.6,32.3,17.0,0
12311,2023,91.9,42.1,18.1,0
12311,2024,85.5,63.3,10.2,0
12311,2025,85.2,62.8,14.2,0
12312,2022,75.8,59.8,12.4,2
12312,2023,88.5,46.6,12.7,1
12312,2024,64.4,43.0,2.4,0
12312,2025,67.6,44.7,19.3,2
12313,2022,56.3,59.4,4.9,0
12313,2023,68.8,56.4,9.5,0
12313,2024,68.1,63.0,14.6,2
12313,2025,100.0,37.7,5.8,0
12314,2022,50.6,33.0,4.1,0
12314,2023,75.3,17.1,18.1,0
12314,2024,90.1,48.7,12.4,0
12314,2025,100.0,31.7,4.4,0
12315,2022,96.4,19.8,17.7,1
12315,2023,55.8,30.1,5.4,2
12315,2024,64.4,62.9,13.8,0
12315,2025,100.0,33.1,17.4,1
12316,2022,65.0,55.4,13.2,0
12316,2023,55.2,44.3,2.1,0
12316,2024,99.8,27.4,13.7,0
12316,2025,76.9,77.3,12.2,2
12317,2022,64.0,10.1,11.5,0
12317,2023,59.7,24.1,7.5,2
12317,2024,75.4,31.2,13.3,0
12317,2025,75.2,71.4,2.3,2
12318,2022,94.4,27.4,11.3,0
12318,2023,62.7,57.7,7.9,0
12318,2024,59.2,24.1,2.9,0
12318,2025,70.8,75.9,6.7,0
12319,2022,76.2,52.7,17.1,1
12319,2023,68.2,39.8,6.7,0
12319,2024,70.0,29.6,10.5,0
12319,2025,76.6,39.2,12.2,0
12320,2022,91.9,21.4,7.2,0
12320,2023,84.3,51.1,11.8,0
12320,2024,80.3,40.7,19.2,0
12320,2025,76.8,28.2,5.3,0
12321,2022,53.4,29.2,18.1,0
12321,2023,95.0,44.6,12.1,2
12321,2024,61.2,24.7,16.0,0
12321,2025,66.5,55.6,12.8,0
12322,2022,71.6,48.8,7.5,0
12322,2023,59.2,44.2,12.3,2
12322,2024,85.7,38.6,9.7,0
12322,2025,81.2,46.1,12.7,2
12323,2022,73.9,31.5,12.2,0
12323,2023,98.9,58.4,14.2,0
12323,2024,87.3,23.6,15.1,2
12323,2025,92.6,45.7,11.9,0
12324,2022,79.3,58.0,16.6,2
12324,2023,65.0,57.6,14.3,0
12324,2024,58.0,28.7,6.6,0
12324,2025,84.4,45.7,18.9,2
12325,2022,71.4,10.9,3.3,0
12325,2023,58.4,52.5,13.4,1
12325,2024,96.3,27.2,13.0,0
12325,2025,81.3,47.3,10.0,0
12326,2022,71.8,55.2,10.6,0
12326,2023,72.5,22.8,16.0,0
12326,2024,90.4,38.3,15.0,0
12326,2025,60.0,68.8,9.5,2
12327,2022,60.3,41.6,5.9,0
12327,2023,95.8,54.0,3.1,2
12327,2024,56.9,69.9,15.0,2
12327,2025,86.8,73.7,14.5,0
12328,2022,61.6,24.3,7.1,2
12328,2023,78.4,30.9,19.2,2
12328,2024,80.5,26.3,13.7,1
12328,2025,89.0,46.8,14.0,0
12329,2022,58.2,48.7,12.1,1
12329,2023,83.3,28.9,13.6,2
12329,2024,92.5,63.4,20.0,0
12329,2025,65.9,56.7,16.4,1
12330,2022,87.9,28.0,9.6,0
12330,2023,58.3,36.9,5.5,0
12330,2024,67.6,60.5,15.6,2
12330,2025,74.9,43.8,17.8,2
12331,2022,64.9,45.8,11.4,0
12331,2023,87.7,36.9,18.6,0
12331,2024,67.9,62.8,12.0,0
12331,2025,93.5,38.6,5.9,1
12332,2022,52.7,25.4,9.7,2
12332,2023,67.8,40.9,9.6,1
12332,2024,98.8,59.4,5.1,0
12332,2025,76.0,35.9,14.4,2
12333,2022,72.6,55.2,17.2,0
12333,2023,88.6,16.9,5.8,2
12333,2024,57.6,23.3,15.8,2
12333,2025,91.1,50.4,4.6,0
12334,2022,53.1,51.4,8.0,0
12334,2023,79.0,22.6,15.3,0
12334,2024,84.4,46.3,9.2,0
12334,2025,64.4,49.4,2.1,0
12335,2022,90.8,47.2,16.7,0
12335,2023,79.8,26.7,6.0,1
12335,2024,62.4,51.7,17.4,1
12335,2025,98.8,74.0,6.6,2
12336,2022,89.6,12.8,6.6,2
12336,2023,84.7,60.2,17.9,1
12336,2024,74.5,32.4,8.3,0
12336,2025,81.2,32.1,14.0,0
12337,2022,83.8,26.0,8.4,2
12337,2023,66.9,41.5,11.7,0
12337,2024,83.6,39.9,15.9,1
12337,2025,87.4,34.6,18.5,0
12338,2022,60.7,33.8,13.7,2
12338,2023,58.7,16.1,8.9,0
12338,2024,62.9,22.5,9.1,0
12338,2025,58.5,69.6,4.8,0
12339,2022,86.1,38.4,12.2,0
12339,2023,91.4,34.2,17.2,0
12339,2024,93.4,42.1,4.3,1
12339,2025,100.0,50.8,6.7,1
12340,2022,54.1,21.8,2.3,2
12340,2023,97.2,52.3,11.5,0
12340,2024,79.1,37.4,3.0,2
12340,2025,76.4,56.8,12.4,0
12341,2022,56.8,16.7,7.1,2
12341,2023,75.7,17.4,16.4,0
12341,2024,87.7,29.5,11.6,0
12341,2025,61.8,45.6,10.7,1
12342,2022,96.9,16.9,6.2,1
12342,2023,96.5,49.0,18.7,2
12342,2024,97.6,30.1,19.1,0
12342,2025,77.2,68.6,15.6,1
12343,2022,91.1,49.8,7.5,1
12343,2023,58.5,30.2,16.2,0
12343,2024,98.7,45.3,15.0,1
12343,2025,98.5,62.2,5.8,0
12344,2022,78.2,31.2,3.5,2
12344,2023,84.3,19.9,5.5,0
12344,2024,71.8,35.9,17.6,0
12344,2025,100.0,53.7,4.8,0
12345,2022,53.2,50.8,16.3,0
12345,2023,95.3,19.5,7.7,0
12345,2024,67.5,30.8,15.0,0
12345,2025,96.1,74.6,18.2,0
12346,2022,52.4,25.9,16.2,0
12346,2023,64.2,34.9,11.7,0
12346,2024,64.5,55.3,2.1,0
12346,2025,100.0,46.4,4.5,0
12347,2022,60.1,21.5,16.1,0
12347,2023,70.3,64.4,3.7,1
12347,2024,69.3,48.1,19.5,0
12347,2025,100.0,46.6,19.5,2
12348,2022,79.6,48.1,7.3,0
12348,2023,69.8,21.1,2.6,1
12348,2024,98.6,67.1,15.4,0
12348,2025,91.4,68.6,5.4,1
12349,2022,83.8,28.8,15.2,0
12349,2023,75.8,25.3,8.0,1
12349,2024,78.9,65.0,8.7,2
12349,2025,92.6,75.8,12.8,0
12350,2022,50.5,12.4,5.0,0
12350,2023,73.5,65.4,19.5,0
12350,2024,100.0,41.3,2.8,0
12350,2025,88.9,68.3,19.1,1
12351,2022,68.2,32.9,7.4,2
12351,2023,60.7,42.1,14.0,0
12351,2024,72.2,48.8,20.0,1
12351,2025,80.5,76.2,6.3,0
12352,2022,80.3,41.5,10.6,1
12352,2023,99.7,30.8,2.4,0
12352,2024,78.8,53.3,5.9,1
12352,2025,75.0,32.5,4.5,1
12353,2022,62.2,26.6,15.6,2
12353,2023,89.3,24.7,14.5,0
12353,2024,77.3,52.3,10.8,2
12353,2025,92.3,54.6,2.0,1
12354,2022,63.6,46.2,5.7,1
12354,2023,70.3,32.9,14.2,0
12354,2024,100.0,71.3,2.2,2
12354,2025,68.7,44.0,12.5,0
12355,2022,65.3,12.6,4.9,2
12355,2023,76.9,29.5,12.5,1
12355,2024,80.2,53.2,16.2,0
12355,2025,60.7,66.0,17.7,2
12356,2022,96.6,22.1,9.8,0
12356,2023,67.0,55.0,12.9,0
12356,2024,57.6,38.8,11.6,2
12356,2025,69.7,36.2,11.7,0
12357,2022,69.2,17.0,9.0,1
12357,2023,63.6,56.9,16.2,1
12357,2024,62.4,33.8,8.1,0
12357,2025,81.8,39.0,12.7,0
12358,2022,88.2,54.1,10.2,0
12358,2023,86.3,34.2,8.2,0
12358,2024,75.4,71.5,8.6,2
12358,2025,63.4,41.5,9.8,1
12359,2022,95.8,43.0,9.3,2
12359,2023,68.7,25.7,14.8,0
12359,2024,60.0,31.6,12.2,0
12359,2025,73.7,68.4,11.2,0
12360,2022,83.5,56.3,5.1,0
12360,2023,64.6,60.7,10.5,0
12360,2024,63.8,63.7,10.7,1
12360,2025,70.2,57.2,14.7,0
12361,2022,76.5,15.7,9.9,2
12361,2023,94.5,32.9,11.4,0
12361,2024,61.3,36.1,9.2,0
12361,2025,64.4,40.5,19.6,0
12362,2022,70.6,58.7,17.4,0
12362,2023,58.5,23.5,2.8,0
12362,2024,100.0,45.5,17.4,1
12362,2025,99.7,74.3,8.6,0
12363,2022,53.1,13.0,8.0,2
12363,2023,96.0,53.3,3.7,2
12363,2024,68.7,52.5,18.3,2
12363,2025,73.0,46.0,17.8,1
12364,2022,66.2,56.9,18.8,0
12364,2023,55.9,32.8,15.9,0
12364,2024,92.4,31.4,3.9,0
12364,2025,66.3,64.2,2.5,2
12365,2022,60.0,26.6,18.4,0
12365,2023,89.4,30.3,11.9,0
12365,2024,57.9,68.6,6.3,1
12365,2025,73.6,43.4,3.6,0
12366,2022,76.9,38.7,4.6,0
12366,2023,58.1,48.7,4.8,0
12366,2024,75.4,46.3,13.5,2
12366,2025,74.5,43.6,6.6,1
12367,2022,65.4,37.1,7.5,2
12367,2023,65.5,36.0,12.8,1
12367,2024,71.3,23.8,16.2,1
12367,2025,76.3,43.4,9.2,0
12368,2022,56.2,39.3,2.7,1
12368,2023,62.5,16.6,13.7,0
12368,2024,98.7,54.5,14.3,0
12368,2025,100.0,29.6,8.1,0
12369,2022,97.6,38.1,2.0,0
12369,2023,75.5,19.0,12.3,0
12369,2024,61.5,64.4,15.9,0
12369,2025,90.3,73.5,5.9,2
12370,2022,95.0,40.7,11.2,2
12370,2023,54.0,22.3,14.6,0
12370,2024,56.1,67.2,12.6,2
12370,2025,86.9,64.4,15.9,0
12371,2022,51.9,54.0,9.3,2
12371,2023,71.3,39.2,17.7,2
12371,2024,73.1,43.1,7.7,0
12371,2025,62.3,57.6,4.8,1
12372,2022,85.8,32.8,16.1,1
12372,2023,57.7,24.5,2.2,0
12372,2024,68.1,63.3,19.1,0
12372,2025,92.4,37.5,3.3,0
12373,2022,79.7,47.3,16.2,0
12373,2023,75.2,60.5,4.2,0
12373,2024,57.3,48.5,7.1,0
12373,2025,94.1,40.7,12.8,0
12374,2022,89.6,11.1,4.5,0
12374,2023,57.4,48.7,3.8,0
12374,2024,100.0,49.7,18.8,2
12374,2025,74.2,62.6,15.0,0
12375,2022,70.4,57.6,4.2,0
12375,2023,72.4,38.6,11.3,1
12375,2024,85.4,55.6,17.0,2
12375,2025,85.0,35.1,3.6,0
12376,2022,76.9,17.0,16.6,2
12376,2023,90.0,40.7,17.2,0
12376,2024,99.5,51.3,8.1,1
12376,2025,96.9,77.2,19.9,0
12377,2022,84.6,38.4,9.1,2
12377,2023,54.9,61.9,18.2,1
12377,2024,66.9,61.4,18.2,0
12377,2025,62.5,73.0,14.8,0
12378,2022,91.0,52.9,2.0,0
12378,2023,83.8,43.1,14.3,2
12378,2024,56.6,22.0,3.7,0
12378,2025,92.2,50.8,2.7,0
12379,2022,66.2,21.0,5.2,0
12379,2023,78.6,51.7,11.2,1
12379,2024,82.8,31.9,10.3,0
12379,2025,65.3,51.7,9.0,1
12380,2022,69.1,11.2,11.6,0
12380,2023,73.0,20.5,6.8,0
12380,2024,84.5,41.6,7.6,0
12380,2025,100.0,64.5,5.8,0
12381,2022,79.5,43.7,10.1,2
12381,2023,85.3,37.4,14.9,0
12381,2024,86.9,31.5,11.2,0
12381,2025,61.6,43.3,17.3,0
12382,2022,64.4,34.7,10.8,1
12382,2023,71.8,63.4,5.6,1
12382,2024,76.3,54.0,11.2,0
12382,2025,97.9,34.4,8.7,0
12383,2022,75.2,50.2,10.9,0
12383,2023,91.6,52.1,3.8,0
12383,2024,98.5,66.4,16.0,1
12383,2025,90.9,58.6,8.2,0
12384,2022,55.4,25.5,2.3,0
12384,2023,62.1,58.4,12.2,0
12384,2024,94.7,50.9,14.3,2
12384,2025,84.6,63.1,3.3,0
12385,2022,74.8,33.5,8.7,2
12385,2023,99.0,56.2,10.6,0
12385,2024,72.7,53.3,11.0,1
12385,2025,59.5,72.5,2.6,1
12386,2022,62.2,27.5,13.4,2
12386,2023,66.2,58.4,3.7,0
12386,2024,79.6,61.4,8.3,2
12386,2025,57.8,46.5,11.1,0
12387,2022,97.4,53.8,15.5,0
12387,2023,55.5,45.6,8.6,2
12387,2024,66.1,40.6,16.8,2
12387,2025,89.8,41.8,15.9,0
12388,2022,96.9,14.4,9.3,0
12388,2023,77.1,20.6,17.8,1
12388,2024,71.4,61.2,19.3,0
12388,2025,65.3,47.3,6.9,2
12389,2022,93.4,36.2,16.8,1
12389,2023,54.9,57.7,7.1,1
12389,2024,58.4,54.7,14.3,2
12389,2025,60.6,75.1,14.0,1
12390,2022,72.4,36.2,16.2,0
12390,2023,97.2,21.6,5.9,1
12390,2024,81.7,39.4,18.8,0
12390,2025,74.5,34.9,9.7,0
12391,2022,61.4,47.4,2.0,0
12391,2023,77.2,39.3,15.9,1
12391,2024,76.2,24.9,18.8,2
12391,2025,62.0,28.8,19.4,0
12392,2022,50.3,12.8,8.5,0
12392,2023,81.1,49.6,2.4,0
12392,2024,96.2,32.1,8.2,0
12392,2025,86.7,66.9,17.9,0
12393,2022,65.7,35.7,17.2,0
12393,2023,59.9,45.0,8.8,2
12393,2024,90.5,30.5,4.8,0
12393,2025,91.2,71.9,13.6,0
12394,2022,90.7,33.6,14.0,2
12394,2023,99.7,36.6,13.4,2
12394,2024,60.4,61.8,4.7,0
12394,2025,70.2,29.6,16.8,0
12395,2022,66.5,35.9,2.7,1
12395,2023,78.3,52.0,19.5,2
12395,2024,57.6,61.8,18.2,0
12395,2025,70.7,35.8,19.9,0
12396,2022,88.1,29.5,12.8,0
12396,2023,54.8,32.0,12.9,1
12396,2024,94.3,71.6,8.9,2
12396,2025,66.4,64.8,4.0,0
12397,2022,64.6,31.3,15.6,2
12397,2023,87.0,26.7,10.8,0
12397,2024,91.7,30.7,8.6,1
12397,2025,67.6,77.7,17.8,2
12398,2022,69.5,39.2,2.0,0
12398,2023,64.1,52.2,10.6,1
12398,2024,79.6,29.9,13.7,0
12398,2025,88.8,65.4,2.1,0
12399,2022,63.0,22.0,15.1,1
12399,2023,74.7,54.1,5.0,1
12399,2024,80.7,67.7,17.2,2
12399,2025,77.6,47.4,15.8,2
12400,2022,74.7,55.2,4.5,0
12400,2023,59.4,39.2,12.3,0
12400,2024,56.9,62.4,15.6,0
12400,2025,60.5,50.7,2.5,1
12401,2022,96.7,17.2,11.8,0
12401,2023,56.0,49.4,2.9,0
12401,2024,73.5,38.3,13.2,0
12401,2025,95.5,31.8,17.9,0
12402,2022,90.8,42.6,9.1,2
12402,2023,65.4,44.9,9.8,0
12402,2024,85.7,68.5,19.6,0
12402,2025,92.3,32.4,10.2,1
12403,2022,94.0,31.5,7.1,2
12403,2023,95.2,27.6,19.9,0
12403,2024,75.9,46.2,14.3,0
12403,2025,83.5,70.1,12.5,0
12404,2022,88.4,57.1,13.9,2
12404,2023,81.2,35.0,16.2,1
12404,2024,72.1,53.0,2.7,1
12404,2025,100.0,39.8,5.6,1
12405,2022,97.9,48.1,2.7,0
12405,2023,97.3,61.3,7.4,0
12405,2024,71.6,45.8,15.7,0
12405,2025,69.1,71.6,9.3,0
12406,2022,73.7,59.2,14.5,2
12406,2023,90.2,46.4,7.5,2
12406,2024,68.0,50.0,19.7,0
12406,2025,77.0,47.1,3.6,2
12407,2022,57.3,49.3,12.4,2
12407,2023,86.2,56.7,12.8,1
12407,2024,90.4,22.5,15.1,0
12407,2025,81.3,40.6,2.2,1
12408,2022,85.4,11.6,6.7,0
12408,2023,83.4,54.8,10.0,0
12408,2024,99.6,30.9,11.5,0
12408,2025,85.7,33.4,3.2,0
12409,2022,67.1,49.9,16.7,1
12409,2023,87.5,44.7,4.4,0
12409,2024,57.7,29.7,12.4,0
12409,2025,80.4,70.2,7.9,0
12410,2022,96.4,30.3,11.0,1
12410,2023,86.3,34.6,2.8,0
12410,2024,100.0,54.6,17.2,0
12410,2025,76.4,29.8,7.0,1
12411,2022,68.9,26.8,7.2,2
12411,2023,55.4,19.9,9.7,0
12411,2024,72.3,58.8,6.8,0
12411,2025,64.3,41.7,12.5,0
12412,2022,69.0,51.8,17.6,0
12412,2023,52.6,36.9,10.0,0
12412,2024,76.0,66.3,4.0,1
12412,2025,100.0,39.1,17.8,0
12413,2022,86.6,42.6,11.4,0
12413,2023,64.1,63.2,19.3,0
12413,2024,68.0,41.7,17.7,1
12413,2025,72.3,35.9,17.6,1
12414,2022,54.4,37.7,4.2,1
12414,2023,100.0,37.6,11.4,1
12414,2024,87.1,47.3,17.2,1
12414,2025,92.9,51.8,16.2,1
12415,2022,83.3,23.3,11.4,0
12415,2023,74.8,41.7,19.9,1
12415,2024,94.2,29.4,18.5,0
12415,2025,68.9,57.1,9.6,0
12416,2022,68.6,31.9,6.3,0
12416,2023,68.1,64.6,8.8,0
12416,2024,100.0,26.7,7.1,1
12416,2025,59.4,65.6,13.7,0
12417,2022,53.6,27.5,14.7,2
12417,2023,98.4,50.9,4.5,1
12417,2024,88.0,69.9,7.2,2
12417,2025,88.0,72.9,18.8,0
12418,2022,89.3,15.7,13.5,1
12418,2023,96.5,59.8,14.6,1
12418,2024,98.0,41.5,2.9,2
12418,2025,100.0,31.5,9.5,0
12419,2022,90.3,20.4,19.1,0
12419,2023,58.3,17.4,16.2,0
12419,2024,85.5,29.0,16.1,0
12419,2025,81.1,51.4,18.1,0
12420,2022,87.5,57.3,5.7,2
12420,2023,98.3,56.5,19.7,2
12420,2024,72.5,48.6,10.0,0
12420,2025,93.7,44.2,17.2,0
12421,2022,60.2,11.4,7.5,0
12421,2023,72.7,18.9,13.7,1
12421,2024,89.7,58.6,3.1,0
12421,2025,61.7,55.2,19.3,0
12422,2022,91.4,16.1,4.1,1
12422,2023,96.5,59.1,14.4,0
12422,2024,96.9,47.9,2.1,0
12422,2025,57.5,69.9,11.2,0
12423,2022,88.6,48.9,7.8,0
12423,2023,95.6,32.7,6.2,0
12423,2024,100.0,57.1,14.9,1
12423,2025,59.1,77.6,10.0,2
12424,2022,77.1,47.4,7.7,0
12424,2023,94.8,29.2,10.1,1
12424,2024,90.1,51.6,7.7,0
12424,2025,98.5,49.6,9.6,0
12425,2022,83.5,25.0,5.0,1
12425,2023,53.7,30.2,18.6,0
12425,2024,97.2,45.0,9.6,0
12425,2025,87.2,43.5,10.4,0
12426,2022,61.9,17.4,15.1,0
12426,2023,85.1,53.8,4.2,0
12426,2024,79.7,36.7,5.5,0
12426,2025,91.9,46.7,4.7,0
12427,2022,72.7,55.2,10.6,2
12427,2023,57.4,49.1,12.6,0
12427,2024,98.8,68.4,14.9,0
12427,2025,90.3,58.1,19.0,0
12428,2022,84.3,27.8,3.6,1
12428,2023,89.3,27.1,14.1,0
12428,2024,79.6,63.3,15.6,0
12428,2025,91.8,50.4,14.0,0
12429,2022,60.2,42.5,17.4,0
12429,2023,75.0,53.1,11.4,1
12429,2024,88.2,34.3,16.7,0
12429,2025,96.1,76.8,3.3,0
12430,2022,96.5,21.8,13.5,1
12430,2023,93.8,53.9,18.9,0
12430,2024,57.0,29.6,10.2,2
12430,2025,66.0,76.7,4.2,0
12431,2022,82.6,22.6,8.5,0
12431,2023,56.4,41.8,17.3,0
12431,2024,100.0,40.4,4.3,0
12431,2025,80.1,73.2,11.5,1
12432,2022,82.9,36.1,17.4,2
12432,2023,54.8,49.6,16.2,1
12432,2024,75.7,33.0,11.2,0
12432,2025,69.0,75.3,13.2,2
12433,2022,55.0,27.8,7.0,0
12433,2023,84.8,21.0,18.8,0
12433,2024,100.0,32.9,2.6,1
12433,2025,72.1,37.7,8.6,0
12434,2022,94.6,15.4,9.1,0
12434,2023,52.6,40.6,16.0,0
12434,2024,86.8,37.6,10.5,2
12434,2025,83.0,52.7,17.4,1
12435,2022,67.7,14.0,7.1,0
12435,2023,72.5,45.4,5.2,0
12435,2024,83.8,53.6,6.4,1
12435,2025,84.3,40.7,5.1,0
12436,2022,74.4,38.5,8.1,0
12436,2023,99.7,31.2,6.4,0
12436,2024,91.9,29.8,13.1,0
12436,2025,66.1,62.0,2.2,1
12437,2022,94.0,51.8,11.1,2
12437,2023,76.1,23.7,9.1,2
12437,2024,55.7,66.4,8.0,0
12437,2025,95.2,57.9,3.4,2
12438,2022,66.9,48.7,15.1,1
12438,2023,100.0,50.7,8.5,0
12438,2024,81.1,66.2,18.9,2
12438,2025,70.5,31.0,19.1,1
12439,2022,86.1,59.3,12.3,0
12439,2023,65.9,60.0,8.3,0
12439,2024,56.2,24.2,9.2,1
12439,2025,62.1,40.6,7.2,1
12440,2022,81.5,36.8,14.3,2
12440,2023,62.8,58.8,11.6,0
12440,2024,66.4,37.6,9.6,0
12440,2025,64.6,30.5,11.4,1
12441,2022,62.3,49.0,4.2,0
12441,2023,89.0,37.7,13.9,0
12441,2024,79.7,60.1,11.3,1
12441,2025,67.9,44.3,13.1,0
12442,2022,61.9,50.9,7.0,2
12442,2023,70.7,34.1,15.4,0
12442,2024,100.0,45.8,10.6,0
12442,2025,65.8,74.9,3.8,1
12443,2022,88.5,17.4,14.0,0
12443,2023,94.1,45.1,4.0,0
12443,2024,100.0,62.7,3.1,2
12443,2025,86.5,62.6,15.4,0
12444,2022,54.8,31.3,10.5,2
12444,2023,53.6,56.1,2.5,0
12444,2024,76.3,46.0,11.2,0
12444,2025,74.3,60.2,18.1,0
12445,2022,91.4,26.8,3.7,0
12445,2023,81.2,18.9,8.2,0
12445,2024,95.5,32.2,16.9,0
12445,2025,84.9,51.4,6.6,0
12446,2022,60.9,54.7,4.0,0
12446,2023,62.1,22.6,10.0,0
12446,2024,74.0,37.8,17.6,2
12446,2025,58.9,44.5,7.8,2
12447,2022,73.9,48.9,17.1,1
12447,2023,65.6,43.2,4.0,2
12447,2024,57.2,42.8,9.3,0
12447,2025,80.3,31.1,10.8,0
12448,2022,80.8,58.5,9.1,0
12448,2023,57.3,56.4,18.0,2
12448,2024,84.2,24.8,7.6,2
12448,2025,100.0,30.3,17.6,0
12449,2022,68.1,22.6,17.0,0
12449,2023,99.6,18.5,16.0,0
12449,2024,92.5,59.1,6.6,2
12449,2025,58.0,38.3,8.6,0
12450,2022,95.4,54.1,12.1,0
12450,2023,77.0,46.5,4.7,2
12450,2024,83.8,46.3,9.8,0
12450,2025,86.7,33.6,2.1,0
12451,2022,68.8,16.5,5.9,2
12451,2023,73.8,22.1,17.7,0
12451,2024,79.9,32.6,2.2,0
12451,2025,100.0,33.2,8.7,0
12452,2022,60.5,26.0,18.7,0
12452,2023,96.4,56.6,16.2,0
12452,2024,100.0,29.3,4.7,1
12452,2025,77.9,43.0,7.5,0
12453,2022,61.9,32.5,15.1,0
12453,2023,74.7,46.7,11.9,0
12453,2024,59.9,33.9,16.3,0
12453,2025,96.9,58.7,5.0,0
12454,2022,65.1,19.2,8.6,0
12454,2023,67.1,47.4,15.6,0
12454,2024,87.3,61.4,9.4,1
12454,2025,84.4,29.2,14.0,1
12455,2022,78.1,56.8,5.5,0
12455,2023,75.8,51.6,13.7,1
12455,2024,76.6,69.5,5.1,1
12455,2025,72.7,41.2,15.7,0
12456,2022,63.6,56.9,11.8,2
12456,2023,100.0,38.7,9.7,2
12456,2024,74.3,29.6,3.3,0
12456,2025,81.8,64.9,14.0,2
12457,2022,69.1,44.7,5.4,0
12457,2023,87.4,62.1,4.2,0
12457,2024,63.3,37.2,4.8,1
12457,2025,60.0,59.5,5.3,1
12458,2022,96.8,58.0,14.3,2
12458,2023,78.2,59.6,10.8,0
12458,2024,81.4,63.1,10.4,0
12458,2025,79.9,71.9,10.3,0
12459,2022,52.4,52.2,9.4,0
12459,2023,85.0,35.0,11.3,1
12459,2024,82.2,22.8,4.9,0
12459,2025,64.3,77.4,7.1,0
12460,2022,75.1,48.7,3.8,0
12460,2023,63.7,27.3,17.1,0
12460,2024,85.7,59.4,20.0,0
12460,2025,89.6,46.2,14.7,0
12461,2022,64.2,22.3,2.9,0
12461,2023,57.0,44.3,10.5,0
12461,2024,93.3,22.5,2.1,1
12461,2025,88.0,76.8,7.0,1
12462,2022,79.0,57.1,3.4,0
12462,2023,81.2,55.5,9.6,0
12462,2024,89.5,24.7,9.8,1
12462,2025,68.5,31.7,5.2,0
12463,2022,69.5,42.4,16.9,0
12463,2023,63.1,56.0,15.8,1
12463,2024,58.4,24.7,16.9,0
12463,2025,100.0,56.2,11.8,0
12464,2022,52.2,45.0,2.1,0
12464,2023,54.7,24.2,18.6,2
12464,2024,70.5,30.8,18.5,2
12464,2025,72.8,74.6,11.8,0
12465,2022,51.9,30.1,18.3,0
12465,2023,89.3,29.7,6.8,0
12465,2024,60.6,24.3,11.3,0
12465,2025,61.7,29.8,14.4,0
12466,2022,54.2,22.9,11.1,1
12466,2023,83.4,47.0,17.3,1
12466,2024,63.1,52.3,11.8,1
12466,2025,85.3,39.3,5.0,1
12467,2022,59.6,47.1,16.9,2
12467,2023,92.7,39.1,14.7,1
12467,2024,64.0,62.0,11.2,2
12467,2025,78.1,74.2,11.0,0
12468,2022,76.5,21.9,14.4,0
12468,2023,94.7,38.4,14.0,1
12468,2024,65.3,24.7,6.7,1
12468,2025,87.3,66.1,15.5,0
12469,2022,51.5,26.1,17.4,0
12469,2023,89.7,48.6,6.3,0
12469,2024,80.3,41.1,10.1,0
12469,2025,100.0,35.1,7.5,0
12470,2022,87.2,10.4,5.2,0
12470,2023,71.7,48.0,3.7,2
12470,2024,75.0,68.7,16.9,2
12470,2025,57.8,73.2,6.1,2
12471,2022,90.2,57.0,13.3,2
12471,2023,91.2,50.4,9.9,0
12471,2024,82.3,43.5,11.1,0
12471,2025,75.5,54.3,11.6,0
12472,2022,88.6,46.3,13.1,1
12472,2023,81.8,30.9,16.3,0
12472,2024,64.1,31.6,5.2,0
12472,2025,69.1,31.4,7.6,2
12473,2022,79.1,33.8,4.0,0
12473,2023,85.0,20.6,14.5,0
12473,2024,60.4,45.0,7.6,1
12473,2025,97.8,68.6,16.3,2
12474,2022,74.2,17.7,15.1,1
12474,2023,62.1,22.0,2.8,0
12474,2024,82.1,34.3,3.8,1
12474,2025,99.6,32.2,12.8,0
12475,2022,52.6,28.2,14.6,0
12475,2023,63.1,46.4,8.7,1
12475,2024,82.0,45.6,5.6,1
12475,2025,57.6,64.0,4.9,2
12476,2022,58.6,16.0,6.3,0
12476,2023,63.9,33.0,5.0,0
12476,2024,97.4,42.8,7.8,1
12476,2025,82.7,51.0,10.8,1
12477,2022,80.3,13.4,14.2,0
12477,2023,52.6,19.2,17.6,2
12477,2024,73.6,26.2,15.0,0
12477,2025,79.0,35.0,13.7,0
12478,2022,90.3,10.0,16.2,0
12478,2023,61.8,31.1,18.3,0
12478,2024,58.1,42.6,6.1,0
12478,2025,97.1,55.4,13.2,0
12479,2022,60.2,11.4,2.7,0
12479,2023,85.7,38.3,19.8,2
12479,2024,59.4,68.9,17.4,0
12479,2025,89.8,65.6,8.6,2
12480,2022,70.3,26.1,13.1,0
12480,2023,97.0,42.3,11.8,0
12480,2024,64.6,56.9,17.2,0
12480,2025,60.7,35.7,10.6,0
12481,2022,75.6,13.6,4.4,2
12481,2023,96.5,46.9,10.6,0
12481,2024,64.8,58.9,4.1,2
12481,2025,97.6,53.7,16.5,0
12482,2022,66.3,44.8,5.0,0
12482,2023,57.3,52.0,8.6,0
12482,2024,83.3,54.2,3.9,0
12482,2025,82.6,74.8,8.8,1
12483,2022,90.2,36.8,19.3,0
12483,2023,57.4,18.8,18.7,0
12483,2024,86.0,50.3,12.1,0
12483,2025,87.3,60.0,13.5,0
12484,2022,97.8,27.0,8.3,0
12484,2023,68.2,39.6,5.8,0
12484,2024,57.1,60.5,7.0,2
12484,2025,77.2,63.9,3.4,2
12485,2022,72.3,18.9,10.0,1
12485,2023,70.2,27.9,3.5,0
12485,2024,85.3,50.5,8.7,0
12485,2025,70.3,47.5,17.3,0
12486,2022,58.8,47.5,9.0,0
12486,2023,74.2,21.1,9.8,1
12486,2024,89.9,38.3,11.5,0
12486,2025,100.0,46.4,7.7,0
12487,2022,81.9,31.5,3.5,0
12487,2023,70.6,54.3,15.7,0
12487,2024,90.8,22.9,6.3,0
12487,2025,66.6,35.2,4.6,2
12488,2022,86.1,37.6,3.6,2
12488,2023,75.6,40.3,14.2,0
12488,2024,68.0,69.6,2.3,1
12488,2025,90.7,30.8,12.7,0
12489,2022,70.0,24.8,8.3,0
12489,2023,82.3,54.9,11.1,2
12489,2024,86.9,70.1,18.3,1
12489,2025,76.4,77.7,2.0,1
12490,2022,97.3,24.6,13.4,0
12490,2023,74.4,45.8,18.1,1
12490,2024,100.0,69.9,6.4,0
12490,2025,68.8,76.9,4.1,0
12491,2022,58.0,15.9,9.0,0
12491,2023,82.8,33.7,19.1,0
12491,2024,81.3,58.7,12.5,0
12491,2025,83.4,56.0,19.0,2
12492,2022,97.8,38.8,6.9,0
12492,2023,52.6,37.5,15.0,1
12492,2024,76.8,64.2,7.0,1
12492,2025,72.2,31.2,11.3,0
12493,2022,70.5,21.5,18.3,0
12493,2023,97.5,51.2,3.6,1
12493,2024,93.8,63.0,7.3,0
12493,2025,67.2,76.5,8.4,0
12494,2022,83.8,24.8,3.1,0
12494,2023,80.3,27.0,6.3,1
12494,2024,74.6,34.9,3.1,0
12494,2025,73.9,40.5,7.3,0
12495,2022,78.7,33.8,2.5,2
12495,2023,75.0,30.2,2.7,2
12495,2024,81.4,29.0,6.2,0
12495,2025,94.6,30.7,8.8,0
12496,2022,96.4,22.8,9.2,0
12496,2023,72.2,56.9,8.3,0
12496,2024,75.5,64.2,11.2,2
12496,2025,97.9,57.6,18.4,0
12497,2022,56.2,29.8,10.2,1
12497,2023,90.9,29.3,3.8,2
12497,2024,73.8,24.0,14.3,0
12497,2025,77.4,77.5,19.2,0
12498,2022,64.2,29.1,5.5,2
12498,2023,58.4,34.6,5.5,0
12498,2024,90.8,41.9,6.5,0
12498,2025,100.0,66.8,2.9,0
12499,2022,74.1,42.9,16.5,0
12499,2023,61.7,63.2,8.9,1
12499,2024,69.9,25.7,15.9,2
12499,2025,61.6,76.0,13.3,0
12500,2022,89.9,39.5,4.0,0
12500,2023,77.5,62.5,11.8,0
12500,2024,100.0,60.2,14.9,0
12500,2025,94.6,77.3,2.9,0
